365,132,-689,-506,-283,32,616,-67,-93,-460,-278,4
377,-64,-785,-460,4,192,584,-181,-61,-506,0,193
391,8,-689,-494,8,1,584,-75,-69,-480,33,25
391,322,-785,-510,-299,17,592,207,-65,-512,-255,2
3055,130,-777,-379,-32,-218,3184,87,-131,-366,-63,-223
2663,66,-273,-764,288,305,2904,-267,317,-764,320,1
373,624,1843,-2000,8,2248,-4684,485,2371,-1792,1,2128
-4757,592,1905,-1983,532,5152,-4758,1813,2375,-2004,1082,5144
-3545,1852,-241,-3816,2568,8194,-3382,1893,321,-3823,2304,8192
-3735,1312,-1777,-5120,278,9577,-3488,693,-1477,-7952,16,10625
-5781,864,-2015,-6111,3074,3,-5560,693,-1463,-6144,2880,32
-5561,-256,-293,-7679,938,73,-5082,-8397,1437,-5476,-13464,18767
-7319,202,-273,-7020,3296,528,-2870,-6169,863,-2243,-12741,19243
-6501,4364,-1329,-7151,1186,208,-2020,-3421,1705,-2393,-12540,16319
-5399,5224,2839,1160,514,12032,-1372,-2443,4081,1092,-13175,12699
1459,0,1999,-6135,5120,11298,2130,907,3295,-625,-8649,11715
2983,906,2347,453,34,6409,5054,861,4045,483,-5200,7234
1071,6688,2801,-3407,4105,12608,1100,6341,2367,-3072,4640,12555
4601,3848,2775,-3032,16,12393,5066,1061,3733,-2944,1217,12380
8563,4744,5897,-1408,13,21776,9080,4021,3981,-1405,101,21800
13511,262,1777,64,2844,21539,13194,-297,4675,-1388,2,20780
16763,144,10207,8738,4356,16401,17336,-255,10875,9222,4498,13377
19079,8050,2903,10305,2233,-3567,19066,9753,5389,14208,2621,-4271
8583,9216,1831,4610,2817,-19327,846,9269,2375,4362,3362,-20416
-14439,-220,-2305,-14175,8578,32,-15252,6741,-1445,-12287,8198,589
503,-160,-6047,-16383,67,6,856,-3,-4293,-15320,513,585
-15833,3856,2269,-15968,2088,644,-15780,3981,3435,-16354,1808,64
1003,-118,10255,-12031,-2304,13469,1360,-187,6477,-12288,-2271,12912
4519,-182,10127,-6880,16,14907,5860,-329,10555,-6909,2,14848
12731,4142,10195,-6136,2688,16460,12904,757,10559,-6720,2304,16450
9067,350,6353,1688,4562,12400,9446,395,6925,1722,4416,12306
13163,404,6485,2531,4110,12419,12912,205,6973,0,4290,12328
17223,4488,2907,4226,6148,8712,17228,4791,2619,4240,6151,6785
16745,4360,2795,6736,2716,20,16974,4277,3419,6656,2370,513
13425,3922,2003,6146,226,-9194,13454,3773,323,6453,2,-10240
8559,5922,-2321,642,807,-19804,4680,-313,-3497,19,792,-20448
-14725,928,2967,-15744,3266,-19035,-11020,37,4971,-9409,-68,-17873
-22079,8320,-4841,-16112,8260,-1452,-18920,-9143,843,-13958,-4898,1793
-7285,3856,10579,-12287,1032,72,-6754,3765,11327,-12028,1114,32
1899,2944,14159,-7872,7681,56,2776,1735,14795,-7935,7436,165
8809,772,10127,-1444,4514,291,12450,855,10565,-1024,4608,248
9639,-192,6995,273,32,12290,9884,-331,7483,400,65,12290
12835,2896,6383,8419,2048,8225,12872,1973,6525,8744,2144,8771
12983,5888,3823,8470,1825,33,13164,5829,2523,8218,8322,32
10473,5010,2127,8236,8468,-6048,10650,4981,2491,1168,8716,-6399
9579,7184,-2319,1,5171,-7143,9800,7113,-1589,3,5441,-7671
8591,4034,-6449,961,1192,-12288,9172,3837,-5701,527,260,-16316
5479,896,-4809,-15892,1024,-16183,4820,717,-4265,-16312,1345,-16252
-6653,32,-1313,-16320,6400,-8182,-7576,25,-675,-15992,6860,-7168
-3481,6112,6009,-24058,4122,4416,-3184,6021,6611,-24028,84,4472
-15065,-60,13079,-16120,16392,16526,-9968,1693,18449,-10168,16436,20742
-3421,2308,18135,-10239,11045,14596,-372,6185,21531,-9745,-800,14935
1031,3972,10487,-8064,16720,0,2674,4021,8127,-7904,16388,930
8571,-246,7055,4633,4,17,8778,-331,6603,4870,164,68
11635,-108,3617,592,-10222,1040,11854,523,4163,11214,-9234,10989
14191,3938,1779,2176,4098,4496,16168,5757,3033,11122,6006,4107
13977,5028,-33,6912,1424,322,16260,7243,1257,7072,9190,-129
13193,6436,-2113,4353,4160,-8188,13384,6381,-1477,5728,4132,-8192
8615,5120,-4399,17,26,-12158,12510,4869,-3225,1544,2056,-12100
3943,2624,-3741,-19664,6274,104,4056,2377,-3479,-18271,5249,3
511,3152,-4865,-11680,2054,640,656,2277,-1243,-15323,2818,2090
-12953,4928,8047,-14272,160,202,-12920,5061,8907,-14248,1065,1036
-7737,2328,10079,-20423,260,12169,-7532,533,11347,-20220,784,9728
-4241,336,14159,1280,64,18177,1278,3555,14787,-15506,11351,20177
3505,-232,15127,-9470,0,11289,5208,4029,16015,-7154,6076,16348
2833,6088,10195,-8124,2050,16896,8786,3799,11091,-8168,2048,16960
11847,800,3291,10480,8520,640,12168,3847,3423,8289,8214,512
8681,3940,1751,9259,-3996,67,8808,3775,3535,9437,-4082,1602
9079,4616,2387,1096,2048,516,9304,4165,2939,38,2208,84
8711,4368,-2063,2638,1056,144,9296,3853,-1563,2560,1024,66
8577,5952,-2353,-10272,8,-8064,8848,5829,-1725,-10428,8,-8134
3567,4820,-1329,-11263,532,-10214,3676,4547,-1589,-11904,524,-9852
4591,32,-2197,-8031,32,-6592,586,-203,-1725,-7636,4176,-6326
-2933,2944,1753,-12252,4246,292,-3248,2445,2431,-12092,4098,324
-3665,840,8295,-6299,208,4372,-3186,1573,8925,-6143,32,4104
2151,1796,10959,22,6192,8553,982,3255,13923,-15093,15441,11956
1383,9014,9937,-16333,8204,8328,1630,8901,10607,-15998,577,12402
1383,4352,5839,-14300,13317,2076,1736,4053,6739,-13824,13333,2568
2919,32,5903,3,0,771,2672,-201,7551,2371,1545,576
10679,408,3567,8209,-8062,160,10824,-331,4157,5126,-11384,156
8811,536,1743,4228,0,4869,8824,757,4155,4121,12,4689
5555,3840,987,17,88,128,5786,4547,2367,497,1027,-2032
8855,4496,-45,1,5321,-6784,8996,4541,547,17,5472,-6824
3511,5920,-1089,-6400,8320,-7791,3724,6215,-683,-6551,8513,-7808
2599,4870,-1327,-8024,11297,-4975,2700,4917,-693,-4352,11272,-4856
363,-232,-301,-11256,138,-5408,1228,3637,315,-11241,8,-4080
1013,2052,10127,-10236,324,4354,1194,-329,9023,-11708,545,4481
1963,-248,2131,872,0,9501,3878,6589,3827,-9072,9514,10354
679,8848,1935,-10208,2153,5120,558,12745,-579,-8856,8930,13282
361,7970,4815,-16350,10241,9816,360,7373,8969,-15222,28229,14773
1473,5888,10199,2924,5125,88,776,6069,11015,64,4168,1536
11239,2002,6483,66,-6016,2132,11148,-201,7131,8197,-6395,1048
10089,540,3793,328,6,6160,10344,631,2363,305,519,6214
9579,5664,1849,2117,4120,1026,9332,5943,-1151,898,4352,576
5739,-246,-253,1,2688,518,5736,-331,359,656,2152,456
4455,5892,-2305,-8060,8200,-8146,4938,5821,-1657,-7872,8331,-6464
1641,5640,-1235,-6016,8464,-8183,1890,5505,-1669,-5370,10240,-5439
1417,3858,-1769,-10986,266,-8182,1610,4853,-1013,-10816,40,-8184
4455,3840,-1265,-8172,8803,-8187,4720,1205,-541,-8192,8869,-7130
643,554,1871,-10016,580,-5632,584,-75,2459,-10176,136,-5760
-2409,-240,5839,576,1588,4288,-2488,2613,6759,346,40,4100
1135,1556,5903,534,9606,8196,1162,1727,4925,552,9248,8710
365,4970,3847,2017,4624,16898,-4838,5733,6979,529,4176,16452
9643,8962,11775,326,1,16832,10574,11033,14657,-8648,12814,17043
1047,1876,14039,-14233,192,3208,590,2245,11067,-16347,2879,4356
-19705,8132,10341,-15840,9476,17420,-19832,8389,11151,-12142,9088,2
3943,6,5907,2194,280,12426,9308,4853,7519,2688,1548,4112
-1431,9238,6351,1046,2065,128,-536,8893,2523,8194,256,64
4073,4560,2791,9242,-4040,3072,8856,3829,2651,8777,-3903,130
5255,-252,1747,1481,1032,5124,8618,2451,3097,5654,6242,-219
5483,1856,1885,268,6414,64,8308,3123,1913,4400,6067,726
4039,4960,-945,2836,1605,706,8588,5345,1633,2929,3431,937
8583,-148,-5937,32,6656,-939,8906,7417,-1125,1862,-1270,-536
8623,6160,-5745,-10172,11521,-4064,8784,7337,-827,-1428,-808,-2057
2795,4416,-1837,-3328,13377,-2941,7620,6663,-935,-3276,-2585,-2800
1319,4096,-1837,264,11284,-4080,6818,5803,-1121,-5551,-5038,-3646
2559,-232,-303,15,9744,-3550,2400,637,1179,-11330,-16681,-2887
621,4096,7903,2112,8308,8204,1324,-1923,10193,-12430,353,9218
3943,4992,8975,-7952,20,9402,9024,6239,9337,-7626,17227,11330
4461,316,4819,290,5124,17088,7784,6961,6483,-13117,24287,17655
-7817,268,10719,-16804,10949,17514,-2272,5941,11725,-16044,32470,20357
921,8010,10799,16512,1600,9216,4234,8509,12147,22053,-12020,7672
14695,5892,2863,2048,1282,-31736,12896,16567,2493,256,320,-24547
-663,3872,2319,2,4123,21,1098,759,2507,2600,4096,1033
-1689,548,-2609,1192,1042,17440,-1440,-329,-3163,1025,1318,16488
4683,1920,-6375,556,4874,-7758,4820,2021,-5567,547,4363,-7077
2191,4418,-2353,-15996,114,4608,1432,4301,-1189,-16032,192,5688
487,3868,-751,-7872,3,-3120,656,4409,-1733,-7728,65,-2047
3965,4864,-2161,-4092,8192,2064,4312,4789,-1373,-3694,9377,2160
3575,3856,-2285,68,10918,2345,3720,3765,-1593,128,10773,2323
4523,384,1751,0,8454,34,1132,-197,2381,0,8272,1026
487,-108,6383,2465,482,10472,1120,-315,8579,2567,2816,10914
9585,4448,16751,4,3648,14596,9886,5313,15803,32,384,14345
9703,7984,8225,2210,6923,9544,6852,14719,-6697,-13010,29845,11620
-7721,4096,9999,2050,7562,17538,-7332,5005,11509,-16650,32767,19591
-7769,5380,1743,528,12529,432,1112,6045,9139,18012,-5082,7692
16859,784,6321,386,1536,53,15182,1829,-4789,0,2,1036
10151,2082,2005,4370,1161,16418,9040,1781,4573,4385,1152,18464
-2585,22,-3375,116,4224,192,-2468,-107,-3123,1026,1041,8
2471,4898,-2201,1029,1537,8225,2888,4795,-581,132,5120,8360
4459,3840,-2289,-12272,4,2053,4690,4097,-1675,-11258,1204,2121
4455,4868,-2225,-3071,10369,-2815,4920,4951,-1597,-3072,10241,-2942
999,4096,-1841,335,5216,-3808,1136,3829,-1365,0,5120,-3581
4523,4064,1887,160,9,-7936,4880,3831,3435,138,72,-8174
1257,-248,2783,8245,616,706,2672,1213,3391,1921,0,776
401,4930,6111,20,13061,3459,620,4791,6715,32,13444,8288
8585,1824,12017,128,8704,3845,10872,-287,11407,48,8256,4754
9135,7218,11983,8704,5378,16736,-1462,2037,2595,8192,4623,16388
-7559,4096,10191,2144,7083,20996,-468,5537,12873,-14052,32767,22804
983,8002,10359,18948,-16024,154,9112,10157,10881,21812,-18093,-236
8969,1824,2411,4240,2096,8196,8808,1725,2749,4164,8963,9536
439,1922,2767,-15093,0,10753,648,229,3007,-15231,16644,10343
2535,136,1839,-14816,15556,6928,2888,-269,2685,-14799,14336,6271
4527,-256,-1293,-17386,6241,4752,5200,-285,-1605,0,6184,4304
377,3536,-2351,-20431,4096,2560,586,3769,-1361,-20328,4298,2088
361,2642,-1841,-16122,69,322,640,2485,-1155,-16253,1028,280
3447,4360,-2185,-8158,18745,1092,3724,4565,-1717,-8186,18582,1060
1163,4640,2279,656,8784,140,1608,4505,2901,896,8536,146
4471,1184,3033,196,4361,4288,5192,693,3451,0,4344,4512
9775,1856,6479,-12271,8192,2069,5112,-131,9101,-15050,8580,7173
8871,3860,3833,677,292,481,9890,-2267,4793,-13215,15249,13540
-2953,5458,4879,1058,6673,16515,-3504,6325,6379,1600,5128,17051
3439,9088,9959,2050,17432,12804,4066,9917,8461,2048,16577,12608
367,11584,6111,10140,2,96,3020,10891,7439,10217,-223,-51
1639,5400,-1809,65,5184,-1519,1652,4989,-1059,36,5703,-1728
679,2840,2075,2,5130,513,1674,1853,3451,92,5092,2104
625,3856,-1283,1026,0,10,970,4341,-609,68,9,-256
369,928,-1777,-26112,3650,0,4740,2953,-1439,-281,3485,-1066
769,8320,-6321,-32752,8544,0,4674,9119,-379,-8616,9577,2091
3143,2350,-4905,-22266,1224,-4064,3828,6621,2493,-5797,4041,-362
745,5894,1999,-16110,24,-5094,3200,5719,3233,-6396,2860,-993
683,4512,2393,-8127,2132,-5072,3726,4719,2897,-6338,2743,-802
1895,836,2417,-7495,2116,515,4358,3409,3241,-6407,2312,891
5487,3882,1775,-10239,837,2059,6550,3603,3523,-10179,5514,2133
9191,3856,-2337,517,7584,2560,7090,4243,689,-11650,8109,2617
9319,516,-2221,2214,66,2305,8792,-325,-1733,2,9240,2626
1383,5260,1935,312,21,64,1388,3781,2875,69,3154,1041
887,1812,10991,-1984,-8156,3603,4468,2211,12225,-1735,497,4519
999,8276,10471,-4030,9226,7316,2034,9201,11233,-3028,10212,7525
2439,12368,6351,-13045,14346,138,8514,11757,9473,-8802,14614,9047
-7813,-248,4957,-13279,132,200,162,4085,9275,-4156,15413,9049
-3543,4260,1759,-16319,8716,9344,-2488,4291,2875,-13564,10368,9792
-3455,4912,6159,-12286,4399,1025,-1400,4471,6523,-12031,5150,545
1639,1352,2287,40,12650,5136,2376,1013,2875,832,11803,5120
8733,5888,1833,2112,5664,2332,8856,6197,2379,2080,524,2052
4603,6348,-305,768,2102,-1672,4728,-327,321,778,2305,-1918
3175,4628,-3247,1024,13505,-7680,3154,4277,-2693,896,13385,-7679
2407,3904,-2293,-6656,1024,-6062,2440,3783,-1597,-6472,1034,-7808
955,-256,-1037,-7988,4179,-7664,664,223,77,-8192,4121,-8160
423,-218,6161,-8192,9480,548,638,-279,6907,-8063,9728,592
4487,5120,2961,-11191,160,3170,5192,4789,3467,-11228,548,3302
871,8,3791,22,8336,13648,3164,6499,6979,-15858,25436,14448
-7317,14176,1847,-5180,11888,4376,-2448,13781,7681,-5532,13078,5581
-7321,9504,2311,-10240,518,9220,-7592,8901,3517,-10656,2577,9860
553,4360,3163,2054,2248,320,2648,4021,2625,2052,2113,45
551,820,2075,4232,-6380,4,788,375,2459,5120,-7168,257
8561,-254,5879,136,-14832,0,8776,-323,6637,320,193,528
-813,1922,1887,-7416,913,12598,-886,1781,2523,-7486,7,12544
2609,4226,1747,-9206,4736,65,3144,3801,2683,-9470,4096,64
6071,4352,1783,96,8,128,6104,4285,2503,132,2116,4576
4845,3880,1745,-9968,2248,1536,4944,3845,1853,-9853,2580,1600
4719,3848,-47,-8156,1052,-354,4692,5765,319,-8006,1322,-499
1903,4884,-1839,-7094,3072,-2928,1624,3813,-1475,-7103,2945,-3072
3943,3886,-1951,-8096,576,48,3784,-297,2363,-8022,514,64
463,1156,3919,-6131,1666,3,736,1109,4415,-6144,1600,5
881,-176,6909,-5600,2054,1074,2662,2157,7627,-5598,6880,7935
8689,8240,4831,-8160,12608,8194,12428,10733,5885,-7729,14093,8989
-5005,128,-8317,16,18337,133,-1948,15881,605,-10290,23193,5606
-7649,-112,6897,-14334,12321,8200,-5674,4841,9167,-12183,27281,11345
2503,6688,4047,4,20552,25,2856,6843,4667,384,21287,515
1527,4408,3951,1032,0,3670,1672,4149,4429,160,3346,3682
4455,262,2099,-13822,-4048,51,2728,-263,3169,-14190,-3712,144
-633,2836,2269,-5987,8848,19076,-1432,3061,2899,-4599,9418,20873
871,1412,1841,-9920,8704,46,1096,1221,2365,-10235,8748,140
1415,5024,1751,32,4296,256,1912,3769,2723,226,3736,7
5071,5386,1767,-14304,368,6177,5020,4939,2363,-14320,1283,5380
4467,4944,-295,-10480,538,3072,4692,4985,635,-8044,80,3081
4473,5438,783,-4070,11265,0,4936,4867,1621,-3832,11456,200
3497,-126,1743,-4859,1264,1,3656,-265,2363,-5086,1240,35
3977,-174,1999,2067,704,118,4168,-11,3549,2192,80,6
369,256,3351,1792,2132,2225,584,-315,4443,2,1792,2148
4343,1288,5999,0,2,4106,584,1725,6459,4618,6,4110
4553,-184,5151,1100,9280,1029,8190,6363,5125,-8618,11833,9406
2439,12032,5845,-12146,4184,320,6520,14735,6583,-9959,22190,7109
-7721,8320,2415,-11260,12312,2308,-5612,7649,6439,-9933,27629,11021
1895,1156,4311,1024,26625,130,616,697,4507,2052,26128,648
359,2454,1743,512,-2998,7184,-1328,2229,2365,132,-2558,48
1415,5248,1819,-7440,4290,280,1634,-329,3515,-4582,4112,1064
359,-114,1793,-3752,8193,2,584,-123,2367,-4090,9730,-1023
5579,1834,2415,322,5213,49,984,1207,2875,0,657,276
361,4878,-137,-20032,16,-2432,584,3765,447,-20096,1066,-978
881,4228,-3595,-20320,8896,2416,824,5685,-2997,-20350,10376,2090
3689,3860,2257,-14272,2179,256,752,3961,3131,-13245,2513,149
3883,-218,3929,-7551,3592,0,586,443,4435,-8143,3136,64
4627,3882,3815,2624,399,6165,4962,4347,5777,-8761,7633,6552
5223,112,3791,2208,3329,544,7962,4375,5157,-9585,12141,9903
4455,12304,5841,-7991,3,6225,6552,13143,8051,-8291,20148,6599
-5257,3328,6159,-11496,8712,24,-4372,6923,8775,-7610,24154,8580
411,7316,3295,8192,1810,320,584,7765,4553,8320,1089,68
2027,4000,-3735,6032,4,817,652,3765,-3461,6202,0,700
2407,5920,-5417,-16382,282,1040,-632,-331,-4797,-14848,1700,132
1143,3840,-6313,-12155,1196,5258,1096,3765,-5829,-13310,1034,4612
4839,4402,-1441,-18944,4241,15305,5162,4317,-449,-19200,1,15244
5503,4748,-191,-8123,21,2176,5088,4489,335,-7520,8728,2170
4459,2816,-167,-6128,12931,-1488,5550,2949,317,-6014,12291,-1757
511,2432,2011,-8128,1115,207,4696,2815,2503,-8171,1,0
4519,5152,2039,3169,3072,1152,4736,5113,2365,3598,2078,1172
395,2948,4109,3920,9824,68,776,3233,4879,5066,9218,192
615,10216,1871,6665,384,4097,3434,11177,7771,-8507,18518,5468
-6273,3328,10067,-224,4160,7500,-7480,6965,10619,1061,4128,6192
-5601,36,3795,2066,8592,3457,-3384,1719,3411,1284,10371,1314
-895,276,2287,1057,9,-4095,2792,3969,2635,2184,2353,-1917
6009,1792,1751,2198,5120,4579,1614,-317,2763,91,7752,-1020
1169,4008,-1067,4352,8193,-2872,920,3767,-1149,2054,8258,-2976
383,1828,-1323,-8143,1093,646,592,2877,-699,-13296,1076,96
379,512,-1903,-21744,113,17,648,3845,-1397,-21935,-1151,1090
487,-248,913,-24445,1408,1034,588,-203,1419,-24512,192,2089
1447,-180,3235,-26620,4640,4168,2142,-291,3005,-27760,4808,4117
4455,4866,4311,-14294,8320,176,4692,5301,5027,-13824,8243,47
1017,8048,5917,-10780,137,4244,4066,10499,6135,-11178,16295,6028
-4757,6930,9039,-9087,4617,392,-4308,7145,10071,-7646,22187,9584
-5617,9988,6697,3344,18443,2573,600,8005,6637,3072,19468,3216
2599,5896,1759,2177,14370,908,2824,3839,3519,2300,33,155
4487,160,1745,64,1605,739,4720,3061,3261,8,425,36
4967,4774,2691,1412,10561,-4032,5200,3925,3403,2202,13333,-3824
4463,-94,-1833,-24368,8208,272,4754,-183,-1221,-24575,8800,80
4479,-230,-6157,-27616,2048,852,4712,-261,-5651,-27572,2616,1096
4521,1792,-3949,-24504,51,1344,842,695,-2747,-23743,1,1576
2517,896,4249,-15872,13888,18,2688,829,5445,-14302,120,838
2151,284,2561,-8192,2080,4128,2456,4125,2435,-13176,1056,4132
1391,4,-2051,-15357,4864,6677,840,-267,-1667,-14846,4416,6758
759,10536,6511,578,13344,7200,4120,10491,10413,-8609,14246,6969
-7561,10176,6707,-7824,16449,513,-3092,10173,7147,-6569,20074,5796
-2713,2184,1747,-5056,3220,342,-2404,-11,2503,24,2240,3432
2023,5170,1879,768,12824,448,650,4889,2469,609,13379,361
889,292,3827,-9692,268,418,652,437,4493,-9967,64,1156
1383,712,3791,-6944,3140,1024,2062,3835,4411,-7138,2858,1024
631,4528,2035,20,0,560,1128,4749,2687,66,2049,257
3147,4482,2017,-17328,2118,5121,4696,5847,2363,-17264,1124,5156
4607,784,-2257,-13800,3424,770,4760,373,-1605,-12272,8,648
5075,2306,-2289,-8124,1028,1345,5192,2277,-1715,-8191,1032,4
873,1044,-2321,-5016,4626,132,584,701,-2909,-5245,4224,354
2003,256,-301,6,8240,16,2120,517,379,292,8210,36
873,2832,1803,2595,12352,1280,840,2805,2751,4298,12293,945
-5721,52,3919,4738,11473,6210,-888,4407,6341,-11671,12049,7690
363,4384,7121,2504,8224,2313,1124,7515,8507,-12769,12573,7334
-7321,10004,5839,-5614,8212,258,-4142,11233,5513,-3788,6768,4077
393,1028,6121,-16376,12292,4416,840,8119,6463,-16122,12331,5156
359,3910,6863,-15147,32,4276,1416,3787,8067,-14066,0,4681
2479,4916,1751,144,640,37,2796,4951,4475,1408,2568,1931
-3221,2160,1813,273,4753,1058,-2604,3277,3039,1024,4372,67
1435,768,-6385,1025,4096,33,1618,711,-5829,1552,4352,128
6791,2084,-5417,515,176,2144,6792,1941,-4409,524,129,2312
4455,4148,2015,-6040,-4992,2,4702,4413,-687,-5084,-5519,280
4775,3904,207,-1662,-2876,-1228,5486,4049,579,1,-2551,-1502
5483,-256,-2293,-3072,4608,-2048,5756,2839,-1707,-3840,8218,-1975
3951,2210,-1841,71,8512,307,4328,1989,-1157,34,8705,512
1639,2176,1775,1144,4098,3111,1640,2197,2383,654,4121,3333
619,784,4815,5249,1032,448,872,1081,5639,6177,1184,512
455,1870,5871,7234,2889,2048,1418,6173,6185,-9054,10979,6432
979,9858,8559,4242,2513,263,4234,10361,9473,-9790,10751,5400
-5589,9324,6993,-14336,384,2180,-4718,8101,8059,-16088,1153,3584
-1641,4052,2397,-13696,16842,3712,-1320,3767,2635,-15869,4897,6944
-4761,1362,4593,-9458,9374,5378,872,1591,4891,-10088,9748,4096
-6007,-244,1759,1282,4233,389,-7576,4035,2507,43,145,2
5519,3842,2037,1040,26,260,4856,-187,2531,521,798,2069
367,3200,2911,4240,5,4161,6834,3065,3649,4355,3308,-857
399,0,1941,3,136,2148,5626,4771,3001,166,2457,-1813
5111,-256,2263,-17272,-2144,1801,5638,3787,3535,-714,-2309,-2098
953,4770,-1897,-14126,4097,32,5430,4605,2045,45,-2084,-1446
871,4864,-557,-9470,4889,1290,5136,5199,2281,-1387,-2865,-503
363,1802,1759,-7039,8213,524,632,1595,2367,-6992,8350,208
4615,1824,-289,-5088,8706,2400,4950,1717,459,-5086,8900,2560
4459,-256,1745,2176,5703,2048,1834,-331,2399,2121,5440,2068
747,-218,1743,328,16,1802,840,3765,2531,32,8,75
439,-224,6927,2048,513,8320,872,-307,7803,2088,588,10240
871,152,11683,832,2056,8980,5500,6741,12567,-9126,19103,12928
1447,-248,5399,1,401,5256,8642,19363,5629,-7645,18580,4353
-7033,10008,-969,-12288,4122,-3515,-8924,10427,-12611,-10561,19238,541
-7767,4864,4861,-12256,14606,24,-7446,5439,2363,-12125,13576,515
2577,384,3295,6336,4657,94,1032,4873,2387,6224,4198,4169
879,-240,-2539,34,1030,2370,1144,695,-1317,3614,128,2176
2475,3012,-1889,128,1792,782,3016,3033,-1605,0,51,76
1401,5396,-2353,-18155,1156,2171,1612,5053,-1197,-18400,5121,640
4455,6064,-1197,-10998,40,3268,3368,5829,-703,-10944,174,3072
1983,3972,103,-5612,13069,2,2120,4021,319,-5630,12705,24
1513,5898,-2337,3,8704,-3070,1248,5829,-1733,0,8768,-3072
3527,1848,-1645,0,6240,-7162,3944,1737,-597,65,6161,-7142
447,184,2719,5123,2128,80,720,-323,2429,4368,2052,140
409,0,4913,832,256,3,1624,117,5515,513,1203,98
2919,1180,4321,656,10753,9154,4746,4179,4031,-11792,10940,10238
2545,8454,1749,5610,1415,10373,5794,11637,12871,-9737,18371,10894
-5269,8994,7139,-14016,10241,5220,-1890,9019,9691,-13253,28972,8195
-7257,3848,3987,276,10272,4130,-7542,4277,4411,898,8228,4202
-7317,7498,1839,9,3138,6025,-6320,4825,3475,5120,328,1620
3175,-224,2167,528,40,3593,3864,-71,3407,264,2119,1538
-1111,4864,2271,136,2596,161,640,3903,2379,-12800,2696,577
1447,3968,-4143,2056,3332,-2046,1612,2551,-3739,2049,8,16
1391,40,1807,-23512,4113,9154,1704,-163,2683,-23934,4104,8238
5481,1280,-801,-11136,19,4617,5064,1343,-447,-11248,1347,4608
4519,1804,-965,-3903,12464,-1723,4712,1829,-653,-4095,12401,-2669
4843,1096,-177,11,9536,-4859,4942,761,383,192,9226,-4942
1401,-176,3023,286,4364,9,912,-171,3427,324,3348,194
423,656,5855,4329,4097,6832,840,-315,6463,4112,8,7201
743,-128,7007,2112,9040,1,3406,7159,7695,-9072,13063,6609
1655,12272,2959,-10872,9888,681,3404,14681,3495,-9060,10357,41
-2165,800,5839,-15230,16800,788,-2180,5495,8249,-13621,18581,4966
-7283,3848,2779,8,13316,2222,-7342,3797,2397,520,13318,2561
1007,3878,-3247,128,5792,2058,1096,181,-3221,284,4660,2256
-5639,4352,-1975,516,1141,3204,-1336,4301,-5025,1592,3112,1536
871,4544,-3361,-13976,1027,64,716,4809,-2757,24,608,1104
615,1202,1757,1152,3088,650,616,1845,2371,800,2352,176
2671,3862,1755,12,-8184,8576,2648,3847,2367,-17388,-6839,8263
5227,4106,1169,-6896,1104,1055,5704,3909,2453,-6528,0,521
4475,4100,-2209,0,13507,-4086,4938,3765,-1705,1356,13458,-5086
367,1862,1743,1,13313,-2784,916,1847,2779,0,12834,-2032
2153,1122,3535,5410,2,3072,2260,951,6467,6168,272,2192
4487,-220,4823,140,2308,5128,4684,705,5581,2,2178,4888
3567,576,2321,2180,8454,779,2728,1853,2427,528,8205,262
8695,7968,10087,-14319,4,21,8696,10043,11269,-14450,17766,8227
-7833,2834,10015,204,9228,1034,-6640,6777,10593,-10719,29872,9348
-7809,3840,4055,517,546,3268,-2976,3797,4667,1090,3186,4130
513,24,-2127,2144,8,532,1098,-307,-1539,2080,-1499,17
391,3840,-2351,50,-15552,81,7754,5159,1717,1542,-33,2221
2121,1956,1889,163,608,5,1612,1717,2403,4,2048,8
977,304,3497,1154,2072,9412,946,-331,3839,512,3532,9222
617,1924,-2225,-18144,1670,516,1064,1845,-1705,-18092,2,1
423,3842,-2295,-8182,16770,48,600,3893,-1277,-8191,17416,128
423,3970,-287,-8165,13504,-4032,584,4085,899,-8112,13452,-3904
615,4360,1759,-8192,1440,392,1608,3901,2523,-7935,819,1032
443,4640,2903,0,568,2049,596,4029,3427,3,524,128
939,4224,6439,-11000,288,8194,1098,4025,6979,-11062,774,8192
5623,-128,10063,-12190,18,11427,5712,-203,9659,-11754,308,8230
1031,6080,4053,-11900,12584,8708,3620,7919,5169,-10437,14264,8593
1383,8898,6103,144,13319,2084,1530,12235,8823,-11006,16914,2684
-7729,-222,9351,-15360,16417,8224,-7352,-133,2505,-16063,7728,7528
-7145,6912,2255,5144,2582,32,-6576,6965,2373,5120,1697,552
-3479,5392,-6425,613,2050,3106,-3444,5081,-5605,1156,133,3088
903,5428,-4383,376,2048,177,1618,4917,-3609,545,2081,10
2727,1342,1879,5328,448,14352,2652,699,2379,5284,512,12836
4593,128,1743,48,577,4484,4972,-247,2363,-12800,1220,4660
363,2,-305,-5084,528,776,1320,-329,347,-4639,584,548
4469,4580,-1581,-5112,9095,72,4680,4535,-1715,-5376,8848,120
431,1056,-1133,370,10500,263,4170,813,-449,2048,10254,1048
2567,1810,3417,18,5124,2256,2984,1845,2371,1105,5120,1332
1959,1922,5839,1056,4160,4352,2632,1717,6095,900,4376,4228
393,2304,2017,4896,8227,4620,612,2485,2731,4659,8198,0
-3049,8896,5583,4148,1056,1154,7232,9851,6559,-12156,15218,7493
-6805,10498,1763,7236,11928,10305,-3262,9821,10459,-16990,32767,10680
-7805,-126,2053,-5611,12624,8450,-7384,4153,2371,-5088,10850,5274
-6137,1792,2899,8780,-11732,3,608,1909,2911,8712,-15208,90
8999,1864,2383,4679,-7872,14,8800,1845,2411,4160,-7672,3912
4749,4064,3279,3093,515,6672,5196,3797,5755,2883,4608,5376
521,3076,1807,-18432,1089,2048,1098,2805,843,-20412,176,512
655,3860,2431,16,293,4649,738,207,3393,168,258,4641
391,-128,-7601,-28576,512,1568,716,-267,-7265,-28270,32,1348
2727,3848,-1005,-16352,13834,4099,3168,-323,-1217,-16384,13456,4097
2615,-168,2057,-8155,17556,-4094,2520,1273,2429,-7548,17437,-3832
1389,-96,5343,-9662,4240,0,1744,-331,5593,-9440,4388,96
2409,-96,2911,2090,323,8256,2190,-63,3391,302,654,9233
3401,584,5839,2098,10243,2416,5450,4029,8583,260,11296,4112
4455,10026,8993,584,16800,4000,4222,14583,10043,-15846,23265,8010
-7807,8720,10191,-14301,16384,8,-6034,8875,10671,-12563,27685,6916
-7801,1924,5907,2240,5318,6145,-6488,1141,6079,2752,4273,16
-4641,4874,-5377,11536,-8064,2568,-4372,4795,-4725,10657,-8064,3360
-1933,832,2105,4107,-15488,8505,9148,821,3019,2196,-12280,8224
-7505,-62,2035,528,1312,16390,-7334,-325,2555,-24128,82,16896
1455,896,2011,-18274,10274,18454,1608,693,2779,-18320,10274,18432
3479,3904,2767,-11840,2048,531,3904,4281,2389,-10222,1072,33
4599,4418,-1969,-6847,153,1064,4744,4165,-1599,-6655,3100,1041
5231,3904,-4017,-8144,2050,28,4720,3775,-3639,-8190,2834,0
487,3912,1747,1698,10248,258,592,3925,2449,32,10320,844
2087,1026,2067,8208,8,896,2376,1223,3501,8224,560,1
743,266,2479,2304,6536,3331,876,213,2875,2184,7184,3074
363,-250,2403,3139,7938,10944,616,-331,2891,2740,8073,10261
-2441,9026,9495,6465,8360,12307,6904,11153,10075,-9132,13180,11894
-4757,8256,1743,139,14533,88,-5272,7625,11037,-14703,32767,12568
-3607,6934,4863,81,2160,6428,-434,7493,9587,9408,1133,6033
903,-186,2539,18,-3584,666,1416,-97,2875,66,-7680,1027
2423,4012,2267,3072,4896,10916,2138,-199,2401,2081,5832,13058
375,1280,2127,1,5160,64,7406,1635,2111,457,13645,1313
359,786,-1229,2048,10624,16681,5996,2649,1973,2457,10450,-1195
475,-120,-1585,-20304,964,8208,1098,5143,-1345,-20287,1028,9411
871,4104,-749,-16381,8288,4360,1238,4085,-445,-15576,8864,4403
4599,3840,2095,-7902,8706,-2975,4744,989,2491,-7872,8848,-3198
359,1280,335,0,10304,-4061,744,1237,1019,135,10688,-4080
427,1558,2003,1040,167,2064,776,1271,3067,1034,1281,2602
1001,1088,3241,4120,6276,330,1128,1175,3931,5569,6160,184
431,1636,1743,360,159,898,3226,373,2905,1056,16,80
4775,272,6351,1536,9269,12424,8798,-267,7485,32,10312,13856
3519,11520,7583,52,17312,1025,3092,11825,8495,-12749,24338,9925
-7283,482,9935,-8064,4672,11265,-7036,5549,11455,-3916,20923,11328
-4631,1232,3831,18689,-14336,2056,-3000,1833,3531,19136,-15168,841
5559,7968,4031,2726,-7804,-5456,4856,701,2491,1820,1024,2240
-2965,-248,2271,-19431,16512,2146,-2486,255,2923,-19454,16512,1
-7001,260,-2213,1808,17496,3096,-6840,-131,-1533,1155,17413,3584
399,5012,-6385,-19760,1360,6560,1108,4485,-5827,-19808,138,5136
4971,3840,-49,-14272,528,734,5704,969,-197,-14189,34,418
6567,3448,-2097,-8140,12834,1,4684,3277,-1685,-8142,13057,198
5479,1824,-1329,-8160,13584,1096,5704,2233,-609,-8191,13384,1107
359,10,-297,-6652,904,2337,680,709,405,-6624,162,2544
1975,2304,4567,1588,8192,4496,2258,-325,6459,1578,9286,920
571,7960,12147,552,8224,528,672,8955,14779,-9281,13802,4731
-1661,64,2745,3312,6404,-6864,6514,16021,7063,-13200,15106,-2786
-2313,2176,5903,-18112,97,4102,-1068,2325,6491,-17628,224,6961
619,-246,5939,-3071,4232,8192,1864,-139,7277,-2544,4292,552
-5273,1792,-1489,32,8902,4674,590,4089,573,65,8416,7329
13161,3936,1751,4560,18510,709,9416,1093,2369,384,16532,4147
427,4364,1873,3296,160,-5088,-1414,4661,3663,2328,711,-3551
-9865,2146,1935,-1980,4124,1164,-5560,183,4491,-2652,6240,1216
-1303,1024,1825,-14039,1096,24,-1328,1233,2851,-13818,1041,56
4489,3904,-2349,-15864,3184,1024,4744,3829,-1719,-16284,6,454
4871,4364,355,-6011,261,0,4968,4285,929,-5840,0,1350
4977,3872,1759,17,2048,256,5196,775,2393,1056,2082,18
3433,266,2319,12,135,0,3424,-75,2365,3968,512,13
1141,48,5911,298,132,2048,1180,-129,6999,64,153,160
-4757,10240,7975,128,10882,800,576,11483,9591,-6385,14789,5849
367,8964,5395,-15296,16480,1282,720,13147,7425,-13399,15583,-553
-4245,768,3151,-16256,11276,76,-4534,3791,2747,-13820,9217,20
883,4136,1761,2240,299,513,-7094,-323,2365,3073,7200,5128
-6793,536,1743,5153,6144,2050,-6580,2745,2363,35,1473,2082
6503,2114,2023,2988,1572,64,3160,-329,2427,2569,2608,96
4537,3848,2099,-4847,140,336,4714,3771,2363,-6092,146,1408
2919,4360,-1257,-12224,82,776,2898,-75,-1589,-11776,1538,8
439,400,-4401,-14194,-7420,-3823,844,-43,-3707,-14293,-8187,-4096
2407,-214,3827,-6143,100,96,2654,413,4667,-6056,260,1043
423,-236,2581,0,13922,2114,776,-19,3155,12,13958,940
975,-256,6927,4388,133,259,586,-327,7515,4164,146,140
8679,7042,2767,1088,15616,8584,9548,8005,2499,1600,16964,8579
391,12036,1757,136,4638,1024,-3444,13301,2645,-21246,5810,1545
-15449,2432,1743,-7164,14819,13064,-15474,1877,2369,-6136,10280,12291
359,1292,2263,11458,3337,1928,1576,1221,2381,10448,1797,204
9831,4866,1873,72,196,1024,9304,-279,2427,195,1024,0
2511,1794,1895,-28600,8268,4484,-3390,1733,2523,-24480,13068,4104
2439,1804,1817,0,2432,-5887,1004,1813,2395,258,2572,-5624
4553,768,155,-17736,48,12313,5828,1589,2371,-16359,133,10259
5523,4952,-937,-11470,777,-1469,5714,4291,-69,-8190,280,-2045
4971,4352,-1951,-3959,642,-1001,5452,3767,-1413,-3583,512,-1019
4459,4136,-2085,2256,17,-7808,4908,3845,-1473,3097,530,-7936
831,768,1871,145,512,516,586,-263,2379,128,0,1096
1203,-52,5791,2342,8292,5938,2672,-315,5867,2068,8384,6144
5525,392,4845,-12220,2,8192,6414,9115,6033,-11832,17064,8136
-6809,8372,1801,-13686,20484,7296,1370,14635,4497,-14205,21342,-817
-5719,1288,2639,-16333,6170,2129,-7096,-91,3003,-15350,4932,6248
367,1300,3919,3977,8208,533,904,197,2509,4130,8194,514
-5657,128,-6193,6656,1,4432,-5560,181,-5293,6161,20,4240
-1497,1280,-5417,2208,-16124,8464,-1128,1213,-4933,2048,-16363,8224
1455,48,-1829,256,-14124,2609,2640,359,-1061,16,-13656,3076
3689,386,1883,32,-3027,4224,3960,279,2395,24,16,840
623,3984,-1829,-2936,166,-2048,664,3785,-957,-2424,66,-2008
3943,800,-2157,277,332,34,4178,857,-1461,36,6,2
2547,0,1805,1666,2052,1024,2772,-71,2651,1344,2051,546
1593,5640,5071,16,1350,177,1928,5577,5443,21,1309,18
491,152,1879,6025,0,514,594,693,2383,66,449,161
-5463,10944,7425,4240,18464,132,2032,11707,7095,-12220,18665,11185
-6801,-256,6873,65,0,11272,-4928,6903,9731,-15263,27201,11469
-3223,1282,4127,640,8704,8220,-3246,583,4415,2577,8320,8722
487,538,2287,416,8448,4384,952,565,2875,320,8577,4096
4533,34,3375,6176,2053,37,4784,-65,3389,7010,2218,3715
3663,-204,2295,2440,40,6,3850,-297,2373,2064,664,196
3495,960,1759,4104,1162,4115,4046,711,2123,1,1553,1163
5231,3144,143,-20000,3328,645,5206,3781,571,-20423,16,514
487,-254,-2353,-26784,4249,176,596,-67,-1669,-27119,4096,32
1511,-254,-5127,-28480,8704,2304,1748,-327,-4797,-28668,11116,2260
3479,720,-4143,-31103,8200,34,3660,181,-3765,-24064,8832,1
653,256,2007,-16383,17408,0,876,-73,2375,-15872,17949,6
367,1360,2335,-16124,534,4257,600,1473,3387,-15872,64,4124
2041,324,1761,-12118,6402,8192,2260,1781,3903,-12247,4894,8234
5095,276,6001,-14192,6338,8201,5324,-195,6715,-13751,4706,8457
-1149,7952,3843,2825,4192,1452,454,12143,6531,-9838,6397,5417
-5017,7940,5873,5121,4481,8244,-1532,7329,7477,-16765,20843,9244
-7447,3872,10039,715,704,257,776,3845,10587,1600,929,13
1383,3928,5839,9,5136,2356,1616,3829,2491,1267,4422,3086
1383,2304,2767,104,4700,516,1608,1881,3355,257,2570,640
8999,3968,1765,4388,-13917,9224,9680,4291,3455,4136,-13744,8736
715,4928,2783,2057,6342,13353,668,3765,3395,721,6688,12457
-1483,384,2255,-18414,12289,12484,-1336,583,2763,-19932,13312,12289
533,780,-3877,-20416,1040,8194,776,233,-3263,-20320,1473,6848
4599,1024,-4399,-16256,6164,6275,5200,739,-3765,-16240,5124,6145
1007,4008,2023,-6752,3725,2130,1352,3893,2621,-6112,8,1205
615,34,719,-6904,2802,80,840,-11,1485,-6140,2581,8
423,16,-427,53,320,32,594,-305,2363,2,512,381
2431,-192,2275,3137,5076,66,2632,-327,2915,3074,4105,57
1957,112,4055,4170,4808,6276,2120,-171,4499,4100,5652,6096
939,586,2303,4132,9477,2208,992,-323,2933,4192,10770,2050
367,12800,11507,3648,17281,780,4060,13793,12701,-7683,19581,10602
-7227,8770,2519,0,8194,6180,220,13815,5689,-12034,26046,6550
-6777,4528,6435,-12223,20536,8198,-6532,4405,6523,-12286,19019,8192
2663,290,5999,4096,1096,6148,3288,2005,6511,2096,1224,6209
1383,-240,2011,8208,-14272,74,2038,-203,2635,8320,-14200,18
4979,1792,2355,1299,-19374,256,5386,1223,3131,392,-18416,10276
3433,-120,2891,0,2402,8338,2672,-315,3419,52,3458,10242
1417,2,2199,-18174,10716,10832,882,381,2555,-19200,10820,10310
881,4322,1761,-24576,2945,6852,1096,3781,2555,-24928,3498,6738
1511,3840,-6429,-22496,10562,6432,1616,5333,-5797,-22071,10257,6180
377,4866,1871,-12008,16936,1122,588,4901,2653,-12270,18530,136
3743,3872,2383,-6008,1,512,3696,3769,2891,-6009,2096,512
1431,-216,2063,-7600,76,531,1866,5049,2375,-7020,557,641
1583,2944,1951,467,4556,2573,1620,2749,2411,1042,4184,2640
2795,-256,7379,1096,38,4120,4684,701,7491,22,512,4930
8685,1804,13015,4257,12289,1616,5336,3005,9021,4352,12320,512
2415,4736,6351,272,110,10320,2698,3893,6539,-11376,3619,10496
-7573,1410,13007,-7130,24704,10504,-970,7411,13843,-3139,27276,14727
391,9222,3795,4102,256,-2848,6066,11695,7859,12916,-330,-802
363,4,1879,2644,5380,4880,788,-11,2379,2574,5452,4864
359,5320,1743,800,517,5218,632,4805,2363,617,168,6147
429,-222,-1293,145,6272,113,584,2261,-165,13,5137,136
841,3840,1819,2328,3394,4865,668,3861,2363,2193,3120,4619
2407,4864,-2337,-13306,3072,32,2632,4839,-1727,-13248,3155,61
1257,-232,-2861,-8576,16,-936,1432,-175,-2479,-8258,0,-976
5559,5972,2007,-3578,312,-2428,5750,6683,2653,-3692,312,-2550
5551,3840,1809,485,4377,131,5704,3773,2619,512,4128,16
5127,320,2863,589,74,2064,4680,453,3649,645,2,2227
5863,1282,3919,3616,4388,1027,6060,949,4939,3104,4692,1040
8679,904,2331,6,10948,8224,9328,729,2907,1,12849,8196
375,8196,6289,2497,6786,5257,4422,8951,4175,-9185,23710,13004
-7833,8002,3995,580,7697,8489,-224,11903,5185,-8275,24580,9536
-7761,7072,6935,-9055,8400,4612,-2476,6963,9685,462,12596,6390
10767,-256,4815,2560,-7886,258,8778,2949,2687,1108,-3960,289
-2197,5932,1793,1072,8730,14604,-1464,6301,2365,544,8196,13312
503,260,2067,338,1600,288,872,181,2619,19,526,513
873,-246,-2161,273,1026,7,1324,-331,-957,112,1172,32
1131,4872,-2095,-7168,4170,-1792,1232,4789,-1461,-6646,4144,-2035
359,4938,-737,-4032,1028,-2944,592,5109,-1733,-4086,560,-3070
807,2340,-369,-5632,4096,-4480,978,2357,2547,-6080,5440,-4544
4743,-124,3423,-6073,1024,2211,4984,-185,2375,-6008,1286,2096
4627,3082,3871,-10107,3331,610,4968,3453,4439,-11646,8249,652
1591,2848,1743,-13245,10259,1054,1518,2389,2375,-13248,10560,1537
823,3920,1999,132,6547,10400,584,5869,4475,-5998,6656,8230
359,7968,5847,-6752,290,2976,2146,11231,7757,-6975,15237,7005
-3589,8114,5871,-8048,8336,5137,-3440,8135,6587,-7646,12171,4673
-7829,3090,6491,4942,16418,1290,-6520,3051,6875,4609,16401,1314
775,290,1907,106,4160,516,-1192,297,4667,37,96,438
1095,768,-1061,-5836,147,64,1712,233,-437,-5375,32,132
3439,4,2901,16,328,36,3656,-283,3389,1280,1024,704
8743,3872,-1711,-11512,8318,4096,9288,3781,-1133,-11807,8885,4145
691,264,-2347,-16200,2054,355,912,-11,-1461,-16320,520,2
1383,4112,-4221,-16384,5636,1024,1784,3897,-3589,-16382,5328,1122
4841,2816,1743,-15360,5216,265,4888,2901,2651,-13820,5714,526
359,848,4967,-8192,1312,1026,712,885,5563,-11840,65,4160
3687,2304,1945,-16330,96,2576,3664,2143,2855,-17140,781,2124
-7625,12032,3567,5632,10258,2610,-2990,12211,4271,-18191,30629,11544
-7321,4496,-1613,2176,644,8306,-7214,7651,2037,-13094,21177,8881
-7705,4746,5857,2392,8368,577,-7280,4029,6499,2328,2832,38
489,1088,5903,522,18469,5376,2634,1207,6459,128,18466,5248
4723,792,2295,192,13568,4096,5336,725,2879,45,8992,4096
9447,1792,1807,9,65,0,9800,215,3067,768,1,1284
8811,1072,1747,2162,11,384,9172,-295,2367,2128,512,256
8583,4864,523,104,6240,272,8776,5309,2365,268,7057,800
1403,516,-1505,-19775,576,6176,1628,383,-1209,-19960,1041,5324
1419,-246,-4373,-22528,8466,256,2760,753,-3781,-22462,8456,18
877,4930,-1025,-14080,14336,12,634,4829,-451,-13293,14628,560
2667,-170,1747,-8171,49,-2544,2776,-331,2371,-8190,66,-2816
377,-224,4147,-11112,6279,2049,648,-297,4451,-11136,6154,265
4663,536,2289,-13535,8192,422,5092,279,2497,-14016,8199,290
1151,978,2287,170,4288,5168,1646,-307,3583,650,4791,5316
903,7946,5873,918,8736,4701,590,7865,6501,880,8232,4384
-6797,-238,2939,-7098,4176,832,-6582,5889,3387,-5886,1154,2380
2433,3378,1809,1408,0,418,2902,2881,2523,1280,778,2342
2411,1344,2335,0,74,2448,584,3767,7101,-7407,1540,1052
1593,264,2383,-6700,8704,271,1784,313,2407,8,8193,1569
391,4932,2267,2448,520,2212,1240,3957,2977,2048,1187,2305
4491,5392,-985,-14044,4244,128,4856,4917,395,-14208,4436,516
4729,4934,1819,-12160,2736,64,5384,4437,1339,-12288,256,136
3431,384,47,-10712,4,2097,3416,181,833,-11119,256,1940
4459,1792,-1201,-8048,16,-1344,4808,1721,-449,-7547,14483,-2039
487,260,531,-6590,284,513,3656,565,1213,-6648,1024,409
919,-68,273,1424,13384,516,1240,5489,2105,-8687,14137,4999
-6693,8992,3533,-6656,12320,4608,-1726,9647,4421,-6038,14619,4523
-6935,8068,6611,-16126,12290,2058,-5528,8127,7229,-9646,12417,64
439,4004,2269,-14299,16414,1,2000,3807,3135,-14071,16388,524
-5737,1282,1811,-16640,5128,4101,-5040,1341,3919,264,4352,4098
-2679,4160,2383,-20476,2755,6146,620,3769,2749,-20340,772,6726
423,768,1781,513,2064,4099,5638,3311,5009,935,11208,5899
3025,516,1879,5380,5126,170,2650,3771,2383,6308,4641,2
8809,3840,1743,525,-10233,4112,8800,3767,-1363,1280,-10208,4290
8617,4120,-683,-2048,64,53,8776,3969,-197,-2816,552,1026
4777,4256,-1893,-3544,4236,1376,4714,3959,-1397,-3582,4130,1280
3691,2304,-2327,2412,32,-2036,4180,1919,-1729,2112,16,-1984
1451,156,1807,128,72,896,1736,185,2747,273,74,1024
359,134,1743,516,1040,1544,676,5435,941,-12122,7919,3991
-7577,1000,5327,1032,9505,64,-1188,6351,6495,-13110,11388,5588
-7689,8072,7891,-13184,12836,2061,1348,10211,8833,-12460,13220,2481
-7801,3098,3985,-7708,1282,2116,-7016,1909,4925,-7968,340,4480
1511,514,5841,-8648,-4079,3156,9356,253,8155,-7806,-3575,4294
-2189,4,6863,282,2048,5400,-1844,-229,6603,516,2624,5672
2479,1956,4815,65,13,4178,776,-11,6027,68,2444,1284
8615,4020,2647,264,2075,4740,8792,4057,3259,128,2571,3849
2663,3994,2769,-13271,323,0,2640,4789,3581,-13695,4128,9366
3483,3842,1769,-15704,81,4902,3800,3901,2363,-14294,184,4624
4563,4552,591,-8088,13,144,4744,3767,1367,-7936,26,6
5095,3010,799,-5420,1424,1,5202,2883,1443,-5595,1428,833
1783,-252,3791,1026,2048,1154,1866,-203,4683,403,2441,132
2415,2834,6863,38,8244,2308,2516,8239,7595,-8242,13903,6599
-7769,12080,5967,514,12290,4813,-354,12401,6363,-6219,14429,4425
-7701,4232,3827,-11712,11392,2850,-7576,2295,5051,0,11285,2304
-7701,2564,1749,1212,322,1032,-6880,3037,7675,546,1296,1603
-3577,3340,6497,4,7688,1096,-3506,3435,6717,549,6737,144
8871,4864,3795,1539,4672,6148,9100,3927,4795,2564,6144,1104
8607,400,2003,410,1536,5124,8780,-321,2499,5,1125,1025
-2703,3912,-2321,456,12288,2468,-2444,-331,-1213,1041,12754,616
2919,5976,1855,1046,327,1,2716,5911,2491,76,1,64
1721,-56,2263,519,1024,5256,1608,-1,2369,68,1025,4421
1077,-176,-1577,-20479,514,256,1104,261,-1029,-20222,604,192
4969,4352,-1263,-15744,166,-3824,5260,3809,-563,-15344,17,-3816
365,304,79,-5615,778,-3447,968,205,2387,-5496,528,-4000
695,138,1811,-8151,32,517,968,-323,2371,-7996,17,713
2919,-190,2143,-9208,417,2304,2640,69,3683,-8696,52,2192
959,-256,3995,2208,8356,6728,650,-267,4411,2084,8192,6240
567,8016,6225,1032,11400,2081,4828,9745,8919,-8161,12186,6064
-7161,11020,2265,-13916,4103,2049,-1338,10475,6543,-13669,22239,3470
-3729,24,6877,-8176,6016,4164,-3452,-327,7483,-8023,5121,4100
359,800,3055,2096,4096,2455,604,217,3653,1028,4689,2048
2695,1316,-1245,4553,-8104,3858,2888,1207,-451,4240,-8175,3345
9447,4,207,1680,-7867,2432,9544,-55,621,269,-8071,3072
871,3968,1745,-11519,6264,0,4690,3781,2363,-11768,6912,18
4493,3912,1783,-14656,128,-448,4680,4039,-453,-14744,32,-448
379,4992,-2289,-15168,39,1056,584,5051,-1657,-15103,0,160
743,5636,-2135,-11633,2562,138,856,5561,-1663,-12279,2576,257
871,5892,1795,-7132,4112,1040,1178,5981,2491,-7116,4230,1080
4473,-188,1751,-5212,256,260,4978,-253,2555,-8175,32,368
4967,6180,1743,-6912,1088,138,5034,5849,2949,-7087,1024,11
4631,5132,1755,-8032,2571,0,4730,5045,2387,-7910,2064,264
4591,5120,1939,-7058,8233,0,4936,4821,2399,-7007,8578,2764
4975,3874,4877,-7168,704,272,5448,3829,5439,-7160,0,258
1991,4688,4943,-7103,7681,2049,2488,4343,5711,-8184,6921,2080
4537,3904,2065,-5627,6220,56,4752,453,2555,-5568,6817,192
4463,2832,3873,-4448,1024,1034,4694,2741,4765,-4604,1540,1048
4871,3972,6351,-11208,50,6147,4690,4149,7017,-12160,1408,6193
2567,130,4947,-15343,4640,3467,888,1983,4607,-15140,5124,3666
-7001,13028,2767,60,4224,4449,-6552,11967,5435,336,4401,4278
1513,544,2899,-16383,14402,4161,1904,-195,4651,-16344,14552,4352
2089,4112,3183,1793,3133,48,2154,3917,3547,0,2368,64
2411,5280,-2337,3106,-5070,2,2668,5315,-1731,3338,-6144,3608
3689,5892,-6065,1185,46,-6400,3672,6353,-5669,41,404,-6513
6503,5136,-2161,1344,176,-7168,7152,4929,-1437,1025,1024,-6952
4525,4112,-2073,-3054,4188,-7167,5196,4229,-1201,-3068,4144,-7092
4327,4224,-1841,-4064,4105,-3872,4204,3765,-1093,-4592,4200,-3932
1383,3842,-2839,2336,264,-3962,1104,1979,-2117,2048,64,-3999
-3735,1088,1743,2322,2113,3078,-46,735,5149,-8987,2273,3463
631,1154,5857,1024,4352,6146,2698,937,7013,-11115,5080,7335
2539,1828,4909,129,1044,13336,1648,3957,-693,32,1670,12497
1711,8000,4977,1158,0,13321,8214,8403,5713,-12756,20255,15374
-7103,4914,3921,2308,332,9377,-4292,5963,5981,-13175,28812,16115
-5749,8704,6351,8493,2322,5192,-5156,7933,6465,8192,533,16
-17009,9552,1999,8202,8470,-15741,-10648,2253,2403,8192,2176,-24064
-3473,4994,1743,-14316,1536,624,602,-329,2555,-14335,769,1
501,1056,-1069,4364,4736,20048,792,1721,-571,4634,4641,17920
3003,4114,-4141,24,384,-7163,2768,4277,-3251,8,0,-7799
4473,-232,-2337,-20350,1180,4688,4692,-39,-3829,-20472,4098,4096
697,4362,-4101,-13310,2881,-3931,1132,4309,-3389,-12800,2120,20
745,4008,-2189,-5568,2304,36,968,3765,-1157,-5488,2054,-2512
3119,4002,2001,-8160,8552,0,3400,3973,2373,-8093,8192,784
943,1860,3295,833,1380,3112,1106,1781,3965,672,2048,3156
4759,-184,2323,72,3102,2,5196,-203,2891,1,3240,416
439,64,3281,-9214,612,8320,1096,245,3403,-9151,790,8736
2487,-256,4405,-9726,8784,14976,2764,4085,6499,-9216,8230,15008
2617,132,6355,2376,4228,1092,2644,7925,6847,2142,4096,4214
-7509,8576,10863,745,5380,1280,-7256,9203,11087,68,2081,288
-2841,8196,4047,128,0,134,-2456,2789,5219,528,1024,528
2413,5890,2945,584,8,-8951,984,949,2913,529,97,-6016
2411,2320,-1185,2206,1553,5,3660,-107,-421,2112,1540,406
2289,-128,-189,1412,4104,10000,1256,725,507,289,4096,389
4487,4876,-1829,-11582,1041,1090,4856,5065,-1105,-11774,736,1281
423,770,-2225,-19455,60,-1991,608,763,-1693,-19067,4096,-1952
365,6530,-3713,-19360,278,-2879,780,6645,-3267,-19456,268,-2928
527,4040,-2301,-12156,8321,-2920,4760,5721,889,-3877,-6950,-2383
3687,4928,-301,-7536,10276,-1999,3854,4897,1955,-5440,-5845,-561
751,-192,2255,-11712,9252,60,594,271,2881,-11775,8896,14
2551,-254,3283,-10744,7234,4481,2888,85,4091,-10607,7169,4868
5495,-256,6111,-12144,8193,12296,5450,-329,6971,-11263,8580,12996
583,4948,8031,2,10410,15361,6978,6121,8367,-10177,16074,15308
2475,8208,9941,3722,4106,8344,2032,7835,10437,-8212,23010,12382
641,3200,10963,132,8192,4737,1190,7909,11609,5371,8681,6265
551,2,3819,320,4294,768,720,-63,4939,146,4097,21
397,3968,2031,1632,-3483,5556,608,3841,3387,2049,-3639,5344
407,1824,2845,4064,129,8193,592,2165,3005,32,276,8449
679,64,-1057,342,6657,6164,2640,-73,-575,521,6784,5927
1383,6208,87,330,2084,546,1644,6089,347,2,2076,8
363,6208,-305,-3576,6192,-4094,590,5829,319,-3904,6848,-5728
4525,3840,-1837,-3742,5266,-5485,4816,3765,-1713,-4088,5120,0
4583,4042,-1073,16,8448,1281,4778,4095,-473,65,8321,1024
5419,808,-401,68,9216,889,5580,731,307,6,10368,40
455,-256,3919,-8174,192,6672,584,-323,4479,-8062,1088,7136
551,3872,10831,386,10,10450,5554,4273,11765,-12041,21919,12112
1767,4934,1835,-13806,9728,2065,7906,13665,1763,-14140,26057,6454
-18327,5892,-5421,-15328,53,4100,-10344,4925,-2615,-5146,13364,4643
-7177,2100,1807,2312,9,3208,-6894,1989,2379,2088,1108,3078
487,0,2813,2632,-15528,192,714,-321,3527,3136,-11680,1153
2695,3936,2769,4128,-12288,2376,8788,3957,2363,4128,-11998,149
1423,654,-639,1027,2052,512,1672,3773,2523,1048,2624,132
2795,4096,2791,2628,1169,2562,2888,4221,3395,2130,1656,2304
2439,-222,-1327,256,3088,-1527,3464,-263,-709,64,2500,-1535
4535,7060,-2201,149,1540,-4095,4940,6999,-1589,256,1552,-3928
4713,5696,1751,1028,580,-7878,4988,3791,2475,1028,529,-8120
5607,3856,2143,2304,5256,-6142,5848,3821,2691,2308,5470,-5959
4457,3842,2791,0,6148,2112,5204,1781,3461,88,8342,2132
4839,1024,2767,138,404,1664,5128,951,3593,108,480,1536
8583,1792,6351,512,4,8781,10440,2485,7003,18,2,8330
-6473,8020,1909,2,4200,4354,2718,10859,4535,-9475,24101,7989
-7753,2,6359,139,21760,11856,-636,7693,9425,445,20970,11449
-5497,2372,1751,3072,1537,1056,2694,6311,4043,7245,14504,3421
359,306,2031,2080,4096,-3688,-2984,449,-2437,2050,4260,-2999
487,896,-5377,192,1354,0,1098,773,-4281,1040,128,-1408
1031,386,-5369,8192,-14068,3077,1292,-195,-4677,8221,-15360,2320
3015,3842,-5425,-8684,-16383,1624,664,3777,-4531,-9871,-16128,18
391,4992,-1381,-15819,2688,84,2474,5297,689,-5077,-9261,-1265
1899,5122,2143,-14336,3144,134,2116,5653,3555,-6424,-4565,2324
473,4618,1871,-16254,1924,4120,3440,4537,4965,-8312,-2406,4478
455,1280,2535,-15835,5632,4096,2940,1079,5571,-9101,-8850,6903
2151,3904,6355,-14302,4112,12546,4702,3945,7237,-8186,5249,12674
8809,-208,7967,-7680,4256,16424,8776,4025,8907,-8172,6570,18342
9097,-150,5931,-4016,2562,13531,3212,245,6591,-3996,4615,16515
8841,9138,10159,13440,6536,8230,12234,10515,12101,15713,2302,9671
11757,8132,1819,16707,11396,1560,12114,2873,2467,5220,9908,8
8615,3360,2937,-11236,8207,48,1736,2769,2667,-12224,10784,2048
391,3592,-1309,-8156,21514,4096,610,-195,-1093,72,20240,4164
393,3904,-2287,-10675,11075,520,1364,4893,-1683,-10463,16677,392
2919,4160,-2351,-12127,2,512,2704,3989,-1677,-12248,4305,200
359,3840,-1839,-14704,4118,-2462,650,3781,-1155,-14302,5408,-2534
1895,4296,-605,-8062,6666,-3840,2188,4279,-1733,-7751,6226,-3576
399,1288,-2337,-6136,4228,512,594,1229,-1667,-6094,4133,16
903,2692,-1809,1036,4864,1064,858,3781,-965,768,4889,1028
1679,3848,2399,2637,4300,800,1616,4201,2367,2224,4106,880
4707,834,3427,272,65,2318,5736,713,4033,264,36,2180
5503,-58,3793,-11120,1344,9446,5704,-203,4635,-12026,1248,9488
5023,2310,3799,-12288,8724,14368,4872,2469,4667,-12223,9384,10
1431,4356,7921,-9970,4352,13570,3402,5183,10583,-9469,21701,16474
361,328,10993,195,4456,12288,4480,6817,14013,4020,14593,11227
-2711,7942,1747,5448,5221,-3376,6606,9877,7683,13848,-2324,-2681
-2183,1034,3799,1184,8224,1039,-1464,773,4587,512,0,1433
-3473,768,2771,12,1968,2200,-3000,693,3477,18,71,2176
1447,3192,-305,2241,11301,4098,1624,2749,447,2317,11316,4147
1439,-256,-1925,21,2188,835,1612,-167,-1517,36,1536,832
4483,1746,-2289,-9338,520,9,5234,1669,-1507,-9073,1072,40
1771,3850,-2095,-6074,2052,641,2152,3829,-1525,-6008,2324,1042
1847,6784,-2343,-4087,12,640,1608,6839,-901,-4094,0,550
873,7054,-2155,-2468,4384,-5982,660,6589,-1605,-2552,4104,-5934
927,4096,1775,-6016,413,-5088,844,3959,-1061,-6111,162,-5114
1451,4360,1745,-6138,897,11,1632,4283,3195,-6016,27,74
5097,5894,-1681,-5794,5705,1560,4680,5949,-961,-6071,9,1604
4599,3860,2767,-10150,4389,4232,4968,3781,3581,-9700,4917,4368
9591,612,8007,-10942,6424,102,9816,181,6475,-11260,6408,10
1263,280,6877,0,7200,14352,712,189,7005,5,176,14464
491,6246,8537,832,28,11652,792,6463,9183,325,1,11280
1447,6,7913,105,4288,10312,2030,7199,9059,728,21066,14540
-1161,8416,5859,8208,2568,-2007,7396,11307,6625,13901,-5073,-1748
617,3208,3119,256,8192,8,5348,7047,3775,3693,9485,-3079
391,2892,-127,2736,9312,1792,722,2883,507,3156,9088,1812
375,518,-2221,2280,1064,1030,5622,3413,631,2192,969,-531
1127,4142,-1841,44,0,544,1160,4053,-1077,-8416,64,98
711,5408,-2223,-8120,2588,-1984,848,5349,-1571,-7031,2528,-2030
3431,6034,-2025,-4096,1233,-4032,3660,6343,-1717,-4092,520,-3962
1255,4608,-1711,-6064,384,1,776,4565,-1221,-6075,64,128
1537,4394,1775,8,137,2064,1610,4311,2377,680,64,2080
4459,3872,2423,0,82,451,5128,4801,3259,20,263,4160
6291,4000,5999,98,1666,5680,4728,3771,6971,256,5,5696
8659,-256,10959,1100,97,8745,8876,-307,11607,1090,36,8705
4727,-182,1753,419,66,8960,4680,-327,2363,368,261,8976
1543,3978,1763,-3302,1091,8544,1822,4659,6563,-853,17338,13563
-4565,8640,6383,832,5320,5640,3854,9097,8119,10935,4380,4985
-4675,516,3007,8193,2064,644,4312,10653,3799,9610,2667,-3552
-2705,578,1747,2083,315,162,-4984,2789,2419,0,836,1153
2423,1302,-1201,96,1105,2054,2696,1991,-581,140,770,2440
4465,1816,-2345,-9726,1,-5880,4808,1749,-2677,-9084,1121,-5066
5479,3872,-1793,-2044,2668,-5624,5720,3767,-1117,-2030,2628,-5836
663,5416,-1321,800,-2016,-3801,584,5365,-685,676,-2013,-3696
711,4100,1775,2116,-1960,-4096,648,4537,2435,2051,-3836,-3968
363,4048,1791,520,-2388,2112,626,4283,2397,263,-2046,2153
4585,3904,2915,82,144,4112,2208,4039,3159,384,145,4482
4523,2116,3793,2330,1348,8258,4992,1781,4415,2060,5,8192
8873,1188,5863,2054,4096,12442,8780,3831,6491,2120,4360,12288
3435,4962,1743,2106,370,8256,2760,4861,2621,2186,0,8204
-6537,-236,4831,218,544,8192,178,5937,6197,-3345,16501,12469
8663,8024,5863,12297,-15699,512,5808,9261,6891,12966,-6511,-146
363,66,4823,4140,32,4356,4146,8773,5427,5002,7394,-2735
-4625,5412,3799,798,4116,280,3192,6033,4641,1703,4382,-2907
2419,-240,-1737,2080,7264,-3562,3890,3899,93,3229,-1014,-2162
873,780,-1321,-3328,2400,-2940,744,733,479,-3999,2593,-3063
4507,3878,-297,-3949,1313,68,4688,3781,-1113,-4096,1060,8
1839,5964,-1329,-3760,2066,-5756,4650,6677,1251,-2924,-1140,-537
871,-128,2607,-8188,9,266,758,-329,3131,-6137,32,966
1511,6210,3025,-16037,776,3,1838,5829,3919,-16121,532,2
4531,3968,3471,-15086,4404,512,4680,3775,2363,-14848,4512,512
4463,1284,1743,-8192,1280,5120,5450,1277,2367,-8190,2308,5152
2419,900,3379,-8128,1092,8192,2482,837,4475,-8191,1178,8452
8563,788,7905,-7132,2178,8262,8778,981,8715,-6895,2304,8210
1959,8096,6383,-7615,2704,10304,8688,10939,8131,-7324,20061,10658
-3189,2690,11983,-16206,8370,337,-2000,6665,12877,-6469,32767,13977
391,4870,6111,1106,4673,3680,842,3773,6467,2088,4482,3120
871,-188,1775,4736,5312,2209,2154,-69,2571,5161,6181,4118
2407,906,2787,6413,2196,267,2906,743,3539,6156,2340,130
4967,-254,-1265,2832,425,283,5192,-203,-691,2211,288,24
4551,3842,-2351,1219,774,-2763,4696,3941,-1733,1032,520,-3008
747,3848,-1581,-3936,3097,-4094,840,3767,-867,-4091,2049,-4071
423,4752,-2193,-4052,40,-8127,584,4349,-1581,-4092,3200,-8154
3113,4000,-2225,-3775,4,-6912,724,3769,-1603,-2910,99,-7932
871,4882,-1553,9,5378,-2941,1128,5013,-933,276,4163,9
489,3840,1747,742,5656,520,758,3869,2491,1042,8216,580
423,3888,1745,1314,2571,1103,588,4021,3355,1578,2141,257
719,2196,2787,513,2195,64,840,1789,3435,516,14,70
631,1956,2791,704,1536,5736,1130,1719,3037,661,1699,5928
377,904,3855,64,6,8816,584,933,4567,24,32,8978
3273,8,8983,352,18,13836,3656,-71,9725,34,2086,13856
9167,3972,10961,-10999,132,12804,2676,3803,3653,-11232,1,12378
487,52,7889,-14590,26643,16390,932,6355,9337,-14360,31337,16589
-7633,136,10065,3200,1923,24,622,693,10583,0,2114,388
935,4176,1839,17,784,192,584,3843,2383,308,1056,512
1899,-180,4055,4124,1456,0,1992,-327,3019,4368,1568,264
619,3840,-1329,3410,212,512,696,1479,2401,3648,256,1218
4487,4610,-2193,2048,2096,80,4682,4805,-677,2464,2066,4
4527,6952,-1447,16,3340,-6580,4682,6969,-1701,3,3073,-6656
5231,5892,-1805,-3652,2204,-7294,4786,6325,-961,-3582,2060,-7652
4471,4096,-1713,-8173,4096,-2048,4940,5513,-1137,-4320,5497,-3312
1575,4068,-2353,-6400,1805,-3828,4688,3805,-1729,-6656,538,-4078
4535,4884,2319,-7778,2596,4,4688,4797,2939,-7968,2732,132
4863,3852,1903,-8154,0,0,4744,3777,2377,-8192,356,258
487,-252,6143,-6423,4258,16,728,-323,7659,-8187,4180,80
1913,3844,10199,-16316,4144,260,2632,4441,10827,-15787,4944,260
559,2848,3987,-30199,6096,259,3100,2843,6223,-24607,32767,18640
-3737,1996,2007,512,5120,240,-1876,3543,4221,2019,5295,13290
-4439,6144,5457,1048,8353,386,4152,7243,10083,9917,7472,4773
895,852,1743,532,6304,2497,5370,5521,3861,8718,-2404,2226
2459,3248,3191,65,5200,16,7342,3251,3709,4847,6331,-792
683,3978,-2335,2088,4608,-1528,1164,-35,-1217,2186,4133,-1916
423,4640,-2065,1332,3969,-1856,682,4577,-1281,1288,16,-1752
615,3938,-2265,1082,1297,-4080,652,4053,-1729,1184,1060,-4096
873,6160,-1249,76,132,-4021,872,6079,-549,228,130,-4024
3047,6118,-2337,5,1032,-8128,2700,5877,-1667,32,1304,-8157
487,4608,1815,-10172,678,-8093,656,4541,3387,-10048,32,-7664
403,778,3431,-13167,4112,2212,912,757,4155,-14048,28,128
363,126,3745,-22528,1554,4120,1608,4853,2399,-22393,2088,4550
-6773,-208,5975,-15359,2184,12288,-6306,185,6987,-14592,329,12672
1387,512,18197,-2040,2180,17443,5720,2021,18793,-1335,4439,20958
2703,4096,14097,2186,1569,21588,9000,5171,15367,3705,4762,21636
8843,2956,5839,16578,8464,2588,9832,2741,6481,17096,8192,836
9831,3888,3297,320,356,-3899,8992,3877,2363,178,645,-3838
8555,1816,2015,226,5830,25152,8852,-327,2491,0,5792,21062
1457,48,-2267,4152,2072,523,2250,-147,-1665,4096,1248,1674
3559,5648,-2345,1498,264,1249,3728,5821,-1459,1,385,36
3431,7002,-2095,66,620,-5082,3114,6839,-1411,8,552,-5024
4515,6008,-2317,-8160,4097,-7023,4680,5877,-1707,-8110,4429,-4066
4531,4436,-1577,512,2471,-6892,4720,5813,-1525,1024,2112,-6960
4503,3844,-2097,128,602,-6080,2440,3769,-1413,112,1032,-6011
879,4864,-1217,512,1287,545,1232,4793,-645,36,1216,856
-3031,4608,3887,-19544,8614,4609,-2392,4557,2531,-19401,8204,6244
-6801,8,1777,1194,5339,9254,-6454,1365,2719,69,6144,10265
-3737,912,13087,4128,0,13825,-2634,1769,14135,-2711,6824,13759
-3737,1394,3919,19,2352,32,-7174,11101,10247,-3923,11612,10059
369,-256,1857,2192,1120,8322,874,573,3395,227,1305,8704
8623,-64,3985,1100,3328,5128,9324,197,2387,1024,40,6188
9837,-186,2515,896,24,1251,10072,-283,2557,192,1024,1412
10151,4972,1811,925,6753,5936,9934,4551,2557,521,65,5926
8743,3968,-1313,7,4458,148,8912,4119,-709,2976,5634,-2048
3463,7964,-2333,1024,3650,-7988,3720,7871,-1669,1216,3241,-8056
4591,6996,-2019,-15311,2077,-8094,4942,6967,-1477,-16320,2320,-8187
4973,4164,-2207,-16375,8496,-5790,5120,3847,-961,-16298,9240,-5983
-2009,1552,213,-16384,8212,-4864,-2428,955,895,-12800,8330,-4848
-3349,5916,4315,-14334,12624,3072,-4342,6069,4411,-16015,13312,4355
-4697,10048,6025,-21502,8404,10317,-972,-1983,8109,-21901,11089,11643
-3735,12096,14031,1088,7450,16466,-1086,-591,16299,-11005,14270,16159
-6735,8040,5917,-3360,3137,12321,-2008,7533,6903,-4111,6638,12753
1977,3866,12521,-8172,2643,98,1704,3773,11583,-8162,1102,0
4775,804,9973,2208,2232,3586,7122,-251,7995,3605,2064,7520
2663,1870,5839,6226,-10096,5784,2120,565,6539,7184,-11110,516
9769,2,4047,8192,196,2088,8936,-163,3717,8242,516,4
9063,660,1813,1038,4769,552,9042,-315,4603,264,4242,513
8681,3842,1847,4486,7168,3120,8862,3769,3387,4098,7713,3281
2837,3852,2281,2070,2200,514,2792,4057,2885,2240,2124,306
2775,5894,2019,24,1025,49,3144,5863,2655,152,328,2
1401,696,-2289,34,96,-6614,1624,-295,-1477,-5624,915,-7168
4471,5120,-1777,-3008,2566,-4736,4984,4793,-677,-3072,2048,-4845
1495,4008,-775,-5052,5128,-7902,1304,3775,-175,-5104,5131,-7779
2471,2,1775,-8691,6403,100,2644,-331,2943,-9152,6664,2196
433,-160,3023,-11744,528,4640,-2228,4507,3771,-12122,396,8192
2935,60,4313,-15999,2067,13056,2638,105,5025,-14400,656,13026
359,7942,6287,-9471,16,8565,384,10397,3073,-9073,10804,10038
-7681,768,7163,-12896,512,9796,-1220,4865,10329,-12246,18707,11921
399,4104,10191,2850,64,352,1608,3773,10555,3776,0,162
5513,256,5907,10253,-10078,3600,4936,-267,6461,10400,522,1312
10607,4352,6229,3072,160,8516,10872,3893,6467,2710,296,6338
2477,2964,3855,4,1093,641,2796,2887,4429,16,768,640
3751,3872,1747,3200,6154,296,3670,4001,2427,3112,6412,4
2201,3906,-681,4,2272,-3456,2384,3849,-171,164,2443,-3070
2407,5952,-1009,196,3201,-6390,2644,5817,-421,257,3417,-6524
463,5698,-1585,-7504,65,-7148,680,5649,-1205,-7419,90,-7031
1039,5896,2279,-7168,5264,-3480,1200,5301,2933,-7128,5382,-3648
767,4118,1775,-7936,2080,-5980,872,4021,-691,-7680,2180,-5814
359,3856,-1265,-7417,2141,-4032,776,1337,-449,-7380,2048,-3581
423,10,-809,-5076,322,144,616,245,-69,-4992,9,140
-2625,288,2009,-7159,34,4900,-2346,245,2875,-7640,9,5120
1543,-248,3791,-9968,6363,10753,1610,-327,4475,-9824,7249,11008
853,-176,12367,-11662,3072,13705,4552,5353,14461,-9893,15887,14336
1543,7938,5855,-15744,2128,12800,1198,7763,8375,-15497,25689,13409
1387,4932,6991,0,2050,0,712,4793,6595,109,1348,854
1931,256,7473,2,2048,560,8784,775,-1219,2213,5137,642
8967,-126,3819,0,35,416,8826,-331,4543,1536,72,257
2919,272,2095,70,5257,2252,2646,-327,2367,13,4352,2048
3291,4358,-265,2318,4890,-1023,3698,4797,-581,2434,4113,-1232
4231,6402,-993,113,321,-1920,4466,6423,-225,128,6,-1952
2449,5970,-1329,64,256,-7167,2660,6013,-781,80,513,-7384
1527,5896,-2225,-4312,6164,-8141,1640,5877,-1397,-4320,6146,-8096
959,6032,-2349,-6880,5120,-7168,1288,5849,-1733,-7032,4769,-7165
999,3842,-2215,-8124,4098,-7852,1420,3789,-689,-8185,4174,-7846
871,4360,-1201,-8192,4353,-6960,744,3765,-653,-7944,4099,-7128
873,324,1875,-4071,2210,-3734,1098,181,2515,-3773,2577,-3838
-3735,-176,1807,-7038,578,137,-3452,-135,2619,-7872,1232,1040
-4185,4172,5839,-14160,6280,9730,812,3861,6493,-15295,6168,9986
745,6146,7961,-12608,1048,13656,1796,-1807,11075,-12322,12554,16829
1391,7972,6903,-4044,1056,13572,4892,9245,8087,-2162,5513,15441
-7765,-168,6111,-15482,6234,14080,-2982,5045,10887,-8706,22562,14153
1711,4424,6351,17,4360,3072,2210,3863,6541,1187,4131,2112
8551,3874,3007,356,1931,1288,3280,117,3553,257,1728,1096
8867,4020,2825,3089,801,3368,8776,4117,3515,3099,199,3400
8635,4640,1743,0,6,2944,8912,4335,2363,9,5160,2050
3449,3840,-2351,889,194,0,3402,3893,-1061,1024,45,26
3469,5984,-1759,40,512,-3936,2698,6101,-917,32,544,-3744
1975,6308,-2333,16,1825,-6144,2120,6229,-1621,132,1280,-6096
1511,5888,-1321,2120,528,-7168,1740,5853,-661,2088,522,-7872
4615,4072,-1325,3075,1537,-4276,5744,3925,-621,3200,21,-8088
527,3842,-2065,1096,1288,-4015,602,2149,-1377,1096,1169,-3982
1513,-112,2895,1508,1592,-4082,1866,-323,3595,2048,1644,-4096
479,1152,2511,1024,4104,0,608,949,3439,1024,4096,320
439,792,8023,1162,4105,8194,722,693,8635,1026,4146,8193
1463,6152,12367,844,5509,11528,600,5847,14701,514,4194,8198
2295,0,8415,-5108,3401,9248,3426,4839,11431,-5552,8548,15341
891,8096,11247,-8175,177,8770,4862,8927,11927,-7893,19949,12606
1767,4320,9935,0,2052,10320,2858,4085,10619,270,851,8576
2987,3586,3919,4620,4768,656,2632,-57,4415,5282,8492,4104
10607,3992,4009,4706,41,161,9034,4305,4443,4624,38,576
8759,4174,1769,4162,208,3120,8776,3765,2433,4226,3584,3073
9063,3930,-1303,2700,5187,1160,9292,3837,-517,2608,5320,1120
8599,3840,-1313,1096,1296,-3712,8780,5081,-693,1216,1026,-3824
2699,3870,-1833,17,3203,-7676,2680,3873,-1213,2,2144,-7875
1399,5890,-2085,-2048,2765,-8192,1704,6293,-1733,-1767,3072,-8186
503,6608,-1793,-3434,67,-5368,4748,6713,-1221,2,456,-5951
369,4568,-1777,-7135,4482,-7126,976,4293,-965,-7167,4100,-7166
1547,1792,-1247,-7134,4116,-6095,1626,1737,-709,-7616,4229,-7536
369,524,2799,-7344,4372,209,586,461,3409,-7424,4372,418
503,-128,2259,68,1669,4103,590,233,2909,1424,34,1048
681,320,6191,1028,6272,8466,588,325,6461,1288,6148,8340
371,434,4559,1109,4146,8225,1898,1717,5515,460,5270,8258
2503,-176,8655,-10752,1034,8320,3432,5029,10591,-10437,14853,12781
359,-34,10447,-7423,162,9818,594,6137,12145,-6933,19220,11917
-5521,4480,6395,1418,2596,32,722,4671,9177,2600,11322,8385
4967,-96,3599,534,-856,4480,6022,3957,6709,3295,-869,4814
8587,3872,3535,2050,5920,267,8792,4289,4427,2084,6787,3145
1319,3840,2047,1608,8228,392,2730,3773,2523,1672,8197,2060
8999,4098,-1167,69,2060,512,8842,3769,-703,257,2184,259
8759,6276,-2321,5,4188,224,8992,6077,-443,194,4098,0
2425,6274,-2097,-7616,5378,-4820,2720,6247,-1475,-7072,5120,-5120
559,6666,-2319,-3964,611,-6643,584,6725,-1713,-4054,514,-6656
359,5890,-1709,-6112,1376,-7680,588,5061,-1125,-7168,1857,-8125
1515,1488,-1197,3,768,-4096,1688,1221,-627,0,737,-4096
423,922,2831,-8448,4098,48,720,705,3393,-8640,4105,4
361,-124,2775,-12128,9364,4697,586,-323,3533,-11616,44,5149
941,3876,5887,518,289,9778,704,4165,7611,721,512,12304
1093,4,9999,2576,8552,10496,3828,2343,11175,-8959,11367,16339
1127,260,10287,2051,259,8734,4316,6609,11567,-6138,18224,14793
407,772,8183,-4074,136,8450,722,6891,9081,-3069,16902,12980
2407,3852,10191,0,4128,8289,2632,4405,10669,48,4161,7224
-7789,4032,2135,514,1889,-6128,-5942,4917,6469,2080,2056,-13142
3239,3844,2255,4160,0,12728,3554,3773,2907,4736,545,12288
2535,604,1743,3139,3118,1216,2700,695,2379,2126,8208,11
855,-256,-1969,4,8384,6157,2632,-289,-1397,-14552,9248,6353
491,-156,-2157,-14198,34,1626,648,-279,-1515,-13296,496,1304
1001,6920,-753,-9200,6153,96,1290,6901,-165,-8832,6172,0
3945,5912,-2193,-4092,8512,-5567,3824,5847,-1693,-4024,8486,-5756
4047,4104,-817,-6128,8770,-4068,4192,3949,-165,-6136,8194,-6346
489,1792,-975,32,8477,-6063,720,1783,-1685,256,8193,-6136
1137,5898,2321,6,8194,576,1336,5877,3195,4,8192,1120
1511,4928,3831,-9656,2048,8196,1762,5045,4543,-9856,2568,8712
3481,788,3891,-11900,2562,12320,616,1237,4735,0,8230,14428
1411,6464,6697,24,8336,10754,5316,8405,3177,-8981,11533,15566
2543,4374,7215,-14329,0,8227,3234,11729,8049,-14840,28168,10985
-13423,512,9957,-15334,31672,16927,-8490,-841,13541,-11794,31083,16991
873,5120,3811,16531,12,6,3796,5411,8391,18669,-11756,3343
8967,3852,2327,625,-13183,5458,-7448,3769,15163,96,273,5441
1579,2330,1879,96,16,8464,1640,2101,2427,98,580,8352
367,-256,-1329,2097,9232,8201,656,3701,-1717,2048,9472,8192
2439,4352,-2097,5,4304,4178,2734,4409,-1409,514,4416,1861
2151,4992,-305,-2775,2177,0,2186,5061,319,-2560,2142,1808
1639,6144,-1201,144,224,-3584,1912,6149,-693,284,35,-3996
423,5890,-1261,2240,194,-7959,670,6359,-669,2118,41,-8191
3431,4224,-1305,768,1036,-7079,3664,4089,-1107,8,1350,-7144
-5511,288,1919,4130,8265,96,-5476,185,2631,4140,8976,96
-4745,-204,4309,5248,8200,1030,724,271,4667,4804,8193,33
1385,5924,7157,4687,320,16684,616,6169,8507,4608,2054,16520
455,8512,12559,5408,2560,11330,6976,12723,11043,-2715,3838,14972
-6163,-236,12009,-20919,2903,18972,-1040,5823,12781,-20474,32767,20789
1383,3840,11511,8192,1032,544,6890,5765,12047,14952,-9257,7435
8615,1840,4451,8294,-6519,1030,626,277,11133,8321,4,196
8555,2544,3847,18,1540,-6136,5912,-169,5695,14,17,-3966
8691,3872,1967,64,48,8448,8776,3767,3021,136,33,9218
1383,3976,-157,69,5506,4128,1960,3781,315,912,5128,4160
2435,5072,-1759,72,49,64,2634,4805,-1221,321,36,768
1449,-56,-1261,128,1040,33,1676,-159,-709,35,4096,0
363,6016,-2349,-5888,5120,-3640,600,6073,-1411,-6144,5392,-3567
367,1442,-2281,-11772,8864,-3544,618,743,-1539,-12288,8450,-4095
-2865,0,1751,-10232,8708,64,-3472,-139,2619,-10159,8836,128
871,1152,3279,-12199,5184,8200,720,1783,3387,-11252,5136,8389
359,2816,9999,-17788,2560,12321,594,2773,12867,-17868,4201,13312
-5255,1928,5911,384,4368,18449,-5268,-323,4435,2,2080,17537
1783,1796,15103,2055,1296,16420,1624,1717,15711,98,2184,16416
9369,7744,11135,9352,4160,9344,9800,8035,11337,10376,3883,8653
8559,2762,3887,9315,4193,3217,8794,2533,4411,8770,4100,2324
8647,3842,2399,1152,112,2594,8778,3767,3003,588,4544,-1952
8871,4372,735,4112,1024,8712,9100,4881,359,3077,105,8704
8571,5924,-689,1122,320,3073,9296,5957,-1733,1089,642,3073
-663,3862,-1511,261,1028,2848,-436,3981,-885,-8176,1185,2332
2547,6400,-1457,-8063,4361,-6364,2720,6325,-829,-8186,818,-6482
463,-248,-1713,-7070,6690,-7167,634,7221,-1541,-8064,6208,-7118
3479,5440,-1457,-12496,2056,-7882,3656,4921,-665,-12288,2048,-8124
423,640,-1039,-14300,450,-6000,1800,693,-451,-14092,532,-5880
383,-252,3023,-13520,320,2144,636,213,3487,-13824,256,2048
-913,6400,5839,8,2048,8195,-1304,5879,6611,-17917,2051,8260
-4213,8128,9939,720,38,9858,-4152,8421,10901,0,5632,16402
3111,392,5847,1344,336,10753,4432,7249,6925,236,1818,11231
-4553,3968,5911,-4320,3488,0,-4408,2943,7515,-7112,3464,11
2859,3872,5891,8196,4201,408,-2216,701,7515,8464,1556,1032
11047,3866,3887,2373,3045,4308,9816,3765,4515,130,3081,4108
11023,1814,1903,6261,-4016,0,11178,3889,3389,6016,-4089,824
8561,5396,2545,4098,17,26272,9040,-331,2589,1060,38,24609
9063,4368,1767,288,263,-4088,9038,4117,-1987,4,74,-3711
8583,6434,-1565,80,2690,2328,3564,6367,-1009,256,2181,513
871,-144,-2321,-9716,-5374,1088,842,-299,-1729,-9694,-5114,1030
2415,6848,-1823,-7028,592,-7096,1728,6665,-1073,-6140,768,-7872
4455,4418,-1319,2049,7553,-6653,4680,4023,-661,2054,34,-6464
3639,2068,1909,4165,1027,8,3872,1717,3403,4132,15,528
1015,-254,2769,3220,5785,3185,968,-273,3437,3584,5773,3353
383,20,5839,5,6400,545,796,85,6607,11,6663,661
3815,3914,4439,640,296,6209,4172,99,6511,2116,544,8292
359,864,8091,44,2864,13633,2870,6139,9757,-10127,15980,13677
-7425,7974,10963,-11776,277,10756,-2958,6939,11711,-8908,26695,11209
-7767,-248,6897,-12029,4608,2181,-1184,8105,9553,-4281,11986,11307
10631,6150,6931,-7354,5456,9335,10952,-331,6959,-7616,9,8588
807,-240,4179,544,64,9396,1096,-75,4411,832,80,8328
1587,-256,5841,6961,66,384,-1192,2825,5971,24,1033,1035
10633,5144,1759,101,-6100,34,10920,3893,2365,396,-4031,17
8843,3908,2319,2569,5797,4096,9946,4021,2561,2180,4101,4486
1931,6080,1743,516,896,2084,2200,6069,2389,1056,0,2048
3177,-192,-1305,64,2792,-7934,3242,6069,-825,459,2134,-8095
5239,4224,-293,-1536,8992,-7680,5368,4021,363,-1504,8993,-7679
393,1360,-261,2436,1024,-8160,632,1285,317,2574,16,-7488
743,768,1823,2294,3856,-11840,776,1767,2625,2178,8288,-12126
-2605,-88,2959,512,864,12,-3256,697,2367,65,384,5
-5489,1888,5845,-9970,2177,6240,-362,1921,7457,-10462,3815,7198
-6809,1856,2127,-16368,4864,10240,-1082,2679,5183,-14252,8126,11660
-7191,4100,9951,-15792,15536,14465,-1604,4375,12691,-13091,16121,14299
1455,3136,6355,-11184,396,2892,2220,3947,10217,-2593,11117,10940
423,-188,6095,-10998,384,256,906,189,6483,-11000,264,401
8567,3970,6613,4292,-6144,4640,8872,3765,6701,4182,-5630,5142
8875,3968,2137,4614,4121,2124,9144,4021,2435,4612,4488,2432
8747,3856,2513,4160,2057,592,8816,3777,2939,4420,769,145
9195,3840,-385,2577,4130,0,8814,3781,85,2318,342,136
2695,6464,-2271,-987,272,-6109,2632,5815,-1669,-760,4,-6527
4493,5904,-2225,1677,3880,-6112,4808,6341,-1733,1600,3843,-5824
391,1344,-1817,32,4377,-7936,584,1209,-661,32,4160,-7522
495,208,2779,675,8194,32,768,-61,3147,2,8225,132
-5377,88,3791,66,1556,42,-5296,-267,4827,5,1796,672
391,260,5857,16,7680,8448,3006,2375,7811,-12332,8077,9904
1643,8100,6655,-11520,1608,10555,2978,9281,10553,-10839,15043,11342
-2585,3840,9939,-15807,4744,11024,-2472,4909,10661,-13879,23964,11304
-6197,2508,7025,34,384,10240,856,-319,6461,546,1034,9488
4527,-88,3791,1344,-2934,4,4776,1253,3931,658,-4090,2384
8817,-190,3791,4864,-2552,2080,9032,-299,2779,6152,-2880,133
8881,4896,1767,4626,2625,5380,9108,4949,2819,4520,4168,5712
2855,4160,1751,3076,99,53,2952,4099,-101,65,7,170
369,7024,-2129,114,513,0,1096,6965,-1569,265,177,182
625,-224,-2321,1048,4096,-6624,632,-299,-1477,258,4102,-6636
687,1824,-2341,-3454,4288,-8152,872,1717,-701,-4082,4608,-7920
1895,304,2991,515,333,-4024,1640,-107,3391,544,256,-4096
451,50,5843,-10738,7564,1248,616,-327,6471,-11216,7458,2052
2667,3968,7075,208,1060,9096,2122,3829,10235,329,256,8800
375,8072,8949,387,8821,9408,6970,10297,9675,-9805,17225,11444
-6233,1412,5843,-16350,2953,10496,-2864,6749,7301,-12540,26667,15024
395,4258,5895,4514,6274,576,1614,3785,6459,6169,4660,1026
921,1800,1887,6170,2880,533,788,1853,2365,6180,2595,324
9607,1792,1893,6400,-8160,17,9800,1965,2637,6212,-8186,32
2419,3976,2547,4168,1024,1102,2648,3851,3135,4168,1064,1156
2791,6560,-1329,1636,4292,2434,2632,6389,-581,1314,5443,2308
565,4864,-1263,-8190,0,232,696,4789,-709,-8166,4000,0
1671,1840,-155,-4095,5126,-5631,1886,1893,473,-3936,4624,-5423
359,1908,-1289,-3572,160,-3948,584,1717,-357,-3806,80,-4095
503,1870,-1137,1088,5296,1025,776,1721,-657,1024,5120,1172
-3139,1796,-945,2062,4738,2340,-2928,1591,-149,2176,4709,2563
375,784,1815,194,587,8226,584,693,4425,0,1344,9280
3561,4352,4315,16,260,10536,3660,4277,4987,0,642,11264
2407,1924,8049,256,6208,19530,2652,3805,9679,795,5632,19498
1385,1984,5979,-12284,128,10252,5494,10983,6195,-10260,23228,14521
-7495,4928,6867,-10686,712,10784,-3098,4707,8601,-9126,23930,15033
2663,6084,5879,272,1040,4613,746,5813,6523,184,248,3968
8623,5632,1809,13080,2212,1091,8934,5695,2445,12418,832,320
2153,5952,2097,538,1286,2220,2376,3773,3411,256,1308,4102
387,4104,-1183,259,6164,1296,716,4101,2367,2,6150,1706
739,3840,-2097,-12286,8192,3264,1114,3837,-1733,-11456,8453,3076
4471,3872,-2345,-8192,9,5,4698,3793,-1357,-8048,200,385
503,4236,-1301,-3950,2449,-5304,656,4071,-645,-3822,2062,-5519
427,2864,1903,2200,3616,-4087,-3732,2465,2403,2188,288,128
-4761,2378,1999,4145,2980,1,-4492,1877,2401,4480,2820,36
367,2064,3919,1537,1169,8385,592,1791,4443,1424,256,8218
2411,878,275,4096,332,8805,2638,-199,5259,4169,2050,9281
359,2306,8159,2102,4138,16584,6428,3767,9781,-9923,15085,17686
935,2408,11487,-3584,2818,10756,5516,4023,12457,-2384,14561,15420
2423,5908,12233,594,2441,5449,6950,6829,12815,6284,7244,7509
-3637,1792,4571,37,3456,384,8256,7661,9365,12024,3255,534
-395,6040,5201,12435,256,8197,8674,6911,5581,12142,658,-3783
565,5892,-1329,1540,134,-4848,6546,5819,1951,2908,2690,-4278
359,4456,-2333,512,4656,2564,6206,4571,2211,3471,5396,-5533
1495,3842,-1293,-16336,8288,50,5626,4657,1623,-2005,8166,-3431
3499,4160,-2223,-12152,1112,1,4158,4467,1815,-3552,688,-3628
447,3938,-1813,-6140,448,-3056,3120,4693,1987,-4414,-3870,-2209
359,4128,1889,2114,2049,-2366,716,4035,2379,2561,1188,-2556
1137,680,-817,170,2134,257,1164,3829,-133,512,2080,272
455,496,2007,4098,0,291,648,377,4531,4120,88,537
1985,128,6289,640,400,11408,600,-325,7229,2,2050,11844
-3187,8,5845,4163,8742,8977,4786,8785,9799,-8835,12330,13055
-7833,7936,8495,4,4293,13408,-1816,7469,9403,-15276,31749,13683
-3061,-28,8817,192,86,2049,-1142,4131,9439,7216,-1580,6896
1903,6400,3811,10506,-10207,1029,684,-281,4421,10240,-9190,1352
2983,-192,3931,5813,512,4176,8440,7941,4043,4564,-8034,-371
2551,4936,3165,5668,1040,64,3176,3771,3547,5248,65,1156
2921,3842,-1713,51,2178,578,3146,3781,-1717,260,2629,516
1047,3840,-2349,-10170,3144,1032,1104,3797,-935,-9951,3076,1072
2809,3984,-753,-8190,-841,262,2888,3765,2391,-7637,-1856,0
747,2328,1873,-3680,5,-4592,744,1877,2367,-4048,1040,-4471
1971,-244,2263,2,1136,772,2120,1019,3403,257,1028,2116
1799,370,1751,128,3475,4161,1880,-75,2607,1282,2,4890
-4053,2328,6457,1065,7713,12425,-4246,2345,7485,1152,133,12321
959,1430,6099,512,1856,10560,3508,2671,8061,-6440,1576,15928
-2929,7968,10639,536,4512,12424,5070,9029,12503,-8062,16492,14941
-1353,3848,12063,12,8228,778,-100,4689,13179,2089,7567,11457
2699,4074,1923,10292,-4047,193,7654,4867,6891,10988,-2904,1591
9575,2,5651,140,-5072,2336,9036,-305,5845,640,2,2243
1723,32,2863,4870,1168,8725,1552,4023,2523,4644,4960,8878
1425,3852,325,134,4,906,1608,3841,827,82,526,796
1259,3848,-203,-9407,4896,82,1672,3829,315,-9574,4131,-5500
367,832,-35,-8160,5136,-8170,972,759,323,-8062,4224,-7904
493,3328,1877,-8186,4164,-4083,584,3767,2381,-7674,4105,-3877
-3665,-120,2897,-10238,8192,4128,-3472,-25,3487,-10715,9153,4097
361,3872,5841,-16358,0,12896,1168,3765,7419,-15360,368,12421
8743,1344,9947,-11132,1190,16384,8776,4917,10639,-11192,1571,16420
1825,8064,6479,-14456,6532,17668,1678,7781,8237,-15009,32526,18366
-5785,54,5895,8192,8224,0,862,6623,9249,9551,-3994,8588
977,834,1743,12673,4169,6145,1096,951,2491,9284,4600,6160
5031,3440,3903,4,5168,2118,4688,693,2683,130,4096,129
-2265,3840,1423,1572,546,128,-2614,101,2373,640,65,39
6599,644,2001,2048,568,20706,5488,4873,2719,144,304,20636
2951,2580,1807,5,4,-3872,3168,3775,2395,642,4,-3839
2155,6098,-801,-10112,7681,257,4680,5813,-189,-10176,6530,194
4487,1874,2067,-12832,-3920,-8152,4792,1719,2379,-12968,-3568,-8168
503,3860,2791,-6008,2064,-7166,616,2233,3519,-5888,2184,-7168
439,-252,2035,-8120,9344,3089,586,-323,2699,-8128,9482,106
1135,776,6151,-16127,1024,8320,1858,1225,6491,-15488,1153,8613
1259,4980,2771,-12968,4304,12506,1114,-263,6461,-8151,4104,13170
4565,6176,7891,-12022,1288,12804,4682,5317,8561,-12032,360,12356
2447,1286,10193,244,2048,13096,3264,3853,10875,1975,12896,13468
1597,7744,7061,8304,97,106,6742,7447,7767,8292,-796,1977
1463,3980,2071,5250,6,5184,1674,3897,4411,5330,564,5164
619,-252,2255,1296,195,4178,912,75,2895,1314,384,4361