614,-272,72,-495,24,16,4878,-8101,659,-366,30,-110
622,-108,12,-504,-256,18,4892,-8095,601,-390,-111,28
746,2,64,-951,-253,69,4900,-8067,611,-416,-87,62
682,-152,-8,-507,-252,25,4942,-8211,623,-434,-109,73
750,-106,-60,-959,-102,0,5002,-8079,559,-447,-107,82
814,-88,-8,-958,-191,32,5030,-8149,645,-441,-167,99
760,-80,0,-941,-120,16,5006,-8201,589,-430,-107,14
808,-84,-70,-931,-127,7,4970,-8127,549,-434,-82,1
678,-86,24,-511,-189,17,4940,-8135,605,-403,-57,-11
742,-88,10,-906,-184,2,5012,-8193,623,-392,-36,0
744,-88,-70,-476,-256,2,5002,-8169,679,-408,-40,17
742,-248,-40,-474,-240,20,4974,-8161,619,-395,-87,13
634,-212,-24,-475,1,4,4954,-8259,665,-479,34,15
614,5736,30,-761,-112,7,4802,-8471,907,-571,-103,-57
-878,-16,956,-1780,280,-704,4590,-8027,1173,-652,-593,-234
-314,-236,990,-2987,14,-1530,3832,-7417,1595,-946,-1646,-228
2032,-278,2040,-4082,2325,2,2634,-7397,2227,-1360,-16,615
840,-276,1468,-5968,3080,2343,4840,-6915,1721,-1889,5156,2535
-5014,3882,648,-7968,5169,9232,-3422,-9463,541,-3561,-1204,9824
-8978,3848,988,-8060,2724,13824,-3806,-12171,1035,-2132,-215,14240
-8562,1776,-2082,-9213,3206,1066,-7664,-12129,-1697,-1220,2638,13812
-8450,894,-2114,4,170,2818,-4164,-11821,-2255,-226,1308,15697
-9074,3816,-5412,-6432,276,106,-3620,-11765,-4173,-6286,-4931,21153
-7928,5992,-3984,-7984,134,4,-1390,-8181,-3523,-2866,-7151,21165
-270,3996,-3780,-7892,4550,0,228,-2765,-1803,-2740,-3649,17983
-1428,-272,-6144,-7160,3206,16397,1490,415,-3819,-2628,-9461,16269
-1424,-8,-5186,-8188,4610,13840,3268,-295,-3691,-3720,-9988,16212
2738,-252,-3622,-6124,3245,12592,3324,-725,-2271,-1629,-4310,13454
2664,3816,-1864,-6142,9235,15440,3932,-3905,-1607,-2212,-28,16144
6830,3820,-6184,2176,897,18828,7618,-5081,2973,528,2738,20352
6998,3816,448,8320,525,20683,10608,-1565,1939,9203,388,20022
23676,-262,2328,513,1024,9958,24432,10071,3209,7014,8173,10994
15474,10096,-1896,6292,96,128,19398,14985,483,14570,8983,-16804
-1170,560,-1992,-16378,8450,512,-1010,2339,1625,-3740,29371,-17989
-15256,3914,-3910,-14064,9504,1154,-4002,9531,-7955,-3805,6410,-11895
-9482,3972,6972,651,8292,1153,-7204,-287,6583,476,-2629,8759
6886,-176,-456,-7993,0,12416,7596,9309,-1135,-3290,17384,13422
1134,4842,2712,-6131,4152,8211,5826,7327,2931,518,14152,8342
10858,72,-1596,1025,2304,2,13060,8103,-857,5169,7203,2537
7806,3832,-5768,1545,298,1745,10986,3931,-3033,1675,5156,1475
8808,1784,-8208,-5550,4324,-1661,8430,6413,-7325,-227,12022,-3094
2694,2194,-8264,-4027,4173,-5688,4956,2305,-7449,-4121,4943,-4750
-5530,4336,-6984,-11188,4161,-3072,-3058,3777,-6319,-11259,5520,-2647
-5370,7970,-1472,-14108,4113,-1024,-4384,8401,-1291,-15049,8277,-466
-21914,5244,2544,-14316,5892,2113,-12142,5351,2979,-12810,14349,4059
-9306,488,-2084,-15722,11412,9241,-4164,11269,7243,-7905,14732,9561
-372,-104,7096,-16112,384,5632,5142,6151,6149,-13748,2001,5165
15094,954,10296,1152,16995,14272,11710,12635,8323,762,18187,12028
7270,4352,228,4864,65,5896,11258,6145,1689,13164,7571,5094
11528,5998,-2098,2050,4096,-4096,10890,6087,-2697,9789,5249,-4484
6774,788,-6142,3096,144,-9596,7198,2883,-5627,7271,1344,-9590
1086,1392,-8804,5376,5656,-9143,5118,1471,-6497,5274,-9302,-9042
-150,424,-4904,-11760,4140,1103,3474,899,-4203,-3785,-10495,-6033
-6498,104,2360,-15853,4712,488,-6450,-5257,4401,-11850,-10557,5458
-9624,7944,6648,-23872,1624,512,-4416,-865,8097,-18888,11834,9486
-9560,8168,10328,-12192,4128,11328,-1456,9497,10459,-10082,14532,14764
-1146,4874,-2120,-12275,1032,9476,-224,13033,9365,-12024,17418,9851
-1226,1288,-2120,770,2316,12419,2360,5363,4537,-3273,7495,12444
2968,-272,1176,3715,4548,6168,6798,4577,1127,8578,5613,7322
6760,-216,-2084,8,513,0,8040,4541,-149,6515,7015,82
6802,4008,-1608,4337,2057,256,10066,6485,-3563,4093,2821,-2538
8230,4392,-4676,1280,2,4628,8222,5077,-4511,1535,896,-3665
6792,2792,-6216,-14336,6274,160,7378,3109,-5077,-440,-1853,-6590
1126,-20,-5512,-16119,8192,1344,5290,1073,-5499,-3860,-1430,-6646
-6298,-8,-1060,-10847,516,1042,-2118,-3999,-47,-11559,2785,2180
-1434,-184,6074,-24311,1089,152,-452,2385,6029,-21041,19431,4675
-17498,3944,-4148,-13566,6928,9234,-11464,11129,2699,-7469,15426,14212
-8502,2802,2734,-16355,4009,8641,-5946,8179,4393,-12326,19492,10317
-1176,1290,5176,-3968,8368,9528,1420,9879,5347,-3458,9024,10149
2792,3816,-1984,-5119,32,9474,2774,9613,-1235,-3208,2094,7855
1646,6,-2120,280,512,4258,6478,4657,-1389,4675,5947,6048
7078,-270,-6144,17,129,640,7694,4093,-5497,10352,-624,1925
6894,232,-4792,1664,-5864,2864,9634,4725,-4767,9607,-5060,-239
10616,4048,-1736,4625,-4608,5,10938,5337,-3715,4528,-3217,-4135
7796,2162,-2076,-5566,0,384,7652,3171,-5023,-151,4230,-5339
1790,2792,-6952,-12272,2360,76,6434,3671,-7155,-2176,2913,-5847
-1240,3944,-9532,-15732,1672,537,3422,4425,-9189,-6791,1862,-6620
656,296,-8262,-12280,10112,516,1050,3481,-7121,-9435,-2527,-7315
-9456,3824,-3048,-15616,4358,789,-3374,-2539,-2117,-15977,-4594,-2294
-7528,6506,704,-32768,2051,3,-3694,-1695,1023,-31554,12460,3699
-15430,7978,8216,-16320,8224,13312,-12484,-4827,10149,-14071,8320,14144
-7768,8426,14288,192,12292,8624,-4176,11697,13965,1561,13155,14561
-1306,7928,7416,-7808,6160,17940,5222,9151,9177,-4163,6900,19895
6802,9024,4696,1284,13363,9766,8142,9175,4215,3037,13022,12004
7058,808,-1968,8192,1,2125,8216,5993,-945,9454,3156,6210
7286,-150,-2880,9308,-6008,-1402,9558,4877,-2215,10142,-1798,-1673
7270,750,-2114,516,-3996,2064,9352,5027,-5779,8208,-1256,-5998
9374,4332,-1592,2048,-4010,9,9180,5445,-6249,2597,-3788,-7818
7438,4594,-1096,-4976,167,4282,7562,4643,-7257,-715,-3614,-9087
118,234,-8264,-12025,518,4636,4172,2641,-7829,-3416,-3703,-10724
678,-216,-7952,-16128,2053,6152,2120,921,-6127,-5859,-5763,-9676
-7542,-188,-1660,-16379,2178,1280,-3322,-4109,-585,-6113,-5767,-4197
618,1870,-1048,-16384,320,1282,1426,2567,-187,-15635,1645,1363
-9620,248,8634,-13308,195,10372,-9990,1561,10197,-12329,9385,10958
-9364,13680,2500,-15199,7185,8733,-796,16153,3327,-16025,16368,10728
-8074,2872,3802,-15184,12546,1032,-3468,7267,6581,-11975,14192,10049
-1282,5656,4154,-8184,9888,8588,4256,5667,4119,-1784,9707,11197
3014,2176,-72,2048,2312,136,5804,3643,895,2478,6784,6457
7130,1898,-1864,4610,1152,310,7446,2659,-2035,7889,1458,2091
7792,1786,-1528,5522,582,9600,8530,2455,-4507,4765,-55,-369
7014,-246,-5936,-3573,2122,448,8832,3063,-4713,-3831,318,-2431
-1050,1552,-1918,-8154,137,2562,4598,3991,-5619,-5601,-2809,-4453
-1220,6890,-6184,-8175,5542,256,2666,7481,-6419,-6539,-2847,-3469
-5906,4840,-5128,-12144,17,272,2812,4485,-4421,-9578,-3715,-2460
-1366,6008,-840,-14263,641,616,-820,-1095,1871,-13078,2111,-158
-1416,3820,6080,-24557,4164,10,-2504,-2809,7195,-19810,12793,6553
-9622,1000,12728,-8380,8,10498,-4006,4503,13659,934,18050,10999
-9338,744,8952,-7122,8,12560,-4036,9719,9453,-6471,18310,14068
-1162,8210,6136,-6828,384,8449,3286,8861,6357,-4742,18180,10323
-1168,2410,3258,-7032,8386,288,3368,7831,3069,-413,11607,8047
-922,4504,-2088,4500,66,4622,5790,5613,-143,4581,800,5521
3270,2232,-3988,4372,258,258,6458,2717,-3555,5322,2332,1558
2680,-22,-3144,4377,2081,-4085,6320,2325,-3105,7196,2131,-3987
1134,4074,-4582,68,512,4122,6712,6507,-4417,2418,584,-1357
1142,6888,-7340,-6780,705,267,5068,7413,-6517,-3042,606,-1847
-586,4888,-6160,-14077,2080,24,3616,5387,-5563,-4668,2347,-4346
-1074,4072,-6144,-14816,1076,392,3604,4445,-5187,-4156,1327,-5182
-1366,620,-5998,-12792,6346,-4031,2746,2969,-4447,-4874,-612,-3777
774,240,-4040,-13884,4640,8,1118,597,-3401,-8659,-2158,-362
102,5372,-1976,-16236,401,4136,-166,-313,-793,-15997,4843,4463
-1338,1256,2314,-23483,4498,6196,-1504,1781,2393,-19152,13343,6765
-9074,7960,5048,-15792,4129,9296,-4266,10067,5279,-10873,13027,9562
-7962,9016,4156,-15104,5376,9060,-5500,9403,5437,-10249,12905,8875
-7578,6264,4024,-10240,256,192,-2696,6607,5487,-1226,6980,8035
878,4396,1032,6336,8,1088,1800,4565,1691,6845,-136,5588
-1434,3084,-1062,549,2227,80,3654,3331,-905,7716,-6065,3191
366,-216,-1720,4096,-8894,3084,6922,3079,-1529,5980,-7962,-639
188,746,-2600,2148,-1407,4104,6344,3559,-2681,3312,-189,-3866
646,88,-2120,574,32,2594,4942,4071,-4099,572,302,-1402
-664,3944,-3912,-3830,1042,64,3516,4089,-3803,-3980,1349,-746
-534,240,-4052,-7038,2816,32,1684,1733,-3345,-5512,-1016,2122
1270,-16,-1256,-19688,336,5132,1426,313,-149,-18319,11003,6534
-6490,4848,1026,-19964,4651,11329,-2188,-1369,1697,-18668,16253,11960
-664,5676,10680,-7952,512,10739,4180,9291,12139,-7838,21026,15568
1130,-280,6088,-11578,101,11137,1512,8193,7433,-9663,25205,15789
6938,2426,7160,2049,258,10377,7060,11165,6563,2832,17210,11442
-1410,8428,4,2464,9796,5538,5916,10603,489,8306,11414,5703
1274,5026,-6950,8330,672,1281,5254,7501,-6585,12279,259,-3012
-1146,2544,-2096,6403,1325,256,4844,3749,-4639,6256,-7117,-4117
104,-152,-5664,4678,-11004,8,4440,2253,-5713,6910,-11437,-3296
-394,8,-6212,-5805,113,2602,4028,4119,-5897,-1212,-10598,-1570
-838,328,-5832,-8000,144,27,4382,2735,-5567,-5825,547,-2833
-410,3880,-7744,-12159,2883,1539,1658,4765,-6251,-4128,-418,-4329
-1398,-264,-4168,-15640,34,-2557,-824,1401,-4635,-5481,-7869,-2190
-6538,4200,-3496,-15935,4104,2125,-2840,-1261,-2071,-9624,-3634,4352
-7546,3952,762,-12591,256,8712,-5562,-4061,2679,-12467,870,12107
26,364,11048,-15616,2115,8513,1166,2957,11211,-13441,10927,14080
-1418,248,190,-12032,5696,16896,-344,1265,2661,-11634,14628,19360
990,8620,16824,-7542,7200,16912,7164,11803,16281,-5375,24761,16402
1672,-72,6092,-8176,9281,8195,5778,8415,7173,-2004,25449,10977
3222,552,2,420,10245,16,5550,4783,583,7148,9354,7997
7334,2282,-3624,12800,1116,2084,8864,3563,-2761,13550,-3464,2123
9382,4712,-4804,16705,-15486,6274,9262,6023,-4827,17451,-13886,-1253
7152,6896,-2018,2064,-14331,8708,8188,7581,-5897,5804,-13059,-1431
-1370,800,-5704,-12023,2229,3077,5258,4841,-5453,-2843,-1300,-5234
-918,4920,-8256,-11704,706,6161,3004,5203,-6971,-1282,3204,-8569
614,872,-6850,-16319,6432,2176,1160,2995,-6043,-6091,-1808,-6146
-810,1004,-5774,-8128,2561,0,488,3361,-4483,-7106,-4953,-3818
-218,750,-6088,-7668,3092,-1718,-372,903,-4325,-7739,-5344,-1253
-1428,1084,1984,-15350,3072,1089,-1292,-2941,3461,-10833,471,4303
-906,106,4160,-20988,2072,4224,1902,3023,5435,-16859,11422,6191
-1034,2024,10892,-16128,2338,1280,-1534,2337,8629,-13983,17235,5678
-9626,-112,6456,-20343,2,9361,-4572,4795,9295,-19193,18278,9413
-1314,-260,-1544,-6206,14345,16,1936,6523,10575,-5749,14852,12668
-1434,-80,1240,-892,1626,2570,2678,4771,1071,332,17210,10701
6758,7086,-40,4961,41,4624,9004,7409,-187,13314,250,7319
7018,5976,-2116,1103,-6908,1073,8222,6213,-2597,8992,196,-417
6762,-148,-1608,4233,0,1667,6976,5817,-3253,4429,-1684,-744
668,4104,-2112,188,32,594,5910,6165,-4705,3414,-64,-3479
818,4906,-2116,-7164,7688,678,5460,5395,-5427,-836,-175,-3526
-1298,3952,-6668,-5878,5124,416,4206,5185,-6321,-4379,-966,-4304
-1434,682,-6192,-7616,130,730,2954,3885,-6015,-6670,-3487,-4996
-22,-278,-5446,-16384,2258,11,190,-237,-4147,-10532,-158,-2757
-5256,264,-1960,-16370,0,1,-4172,1487,-1713,-14960,9504,-1549
-7706,552,2088,-7868,2592,516,-6846,2497,1219,-8393,6320,2147
-8858,9960,15418,-14520,9381,8649,-9250,-1673,17527,-10149,8074,8744
630,18,7872,-11904,8469,12416,1236,4505,7631,-11212,14168,12654
-1304,2280,4856,-8184,6756,10752,4480,6481,4543,-7170,15261,10647
6908,-240,-1860,134,19,1058,6706,7553,4215,463,16455,10611
6760,4872,-264,193,20,5810,7934,5177,-519,5814,6985,7388
9446,5944,-1524,6161,2112,128,9514,7293,-2383,7613,3106,1747
8070,5866,-1724,21,513,906,8670,6963,-3875,3985,3628,-3347
7280,5416,-1480,33,2050,-6624,7404,5769,-4583,-253,3848,-6392
1126,3926,-5192,-11760,4184,-8176,5298,4179,-5335,-3320,4634,-7328
-1390,252,-5960,-10720,2067,-4924,2580,2863,-5909,-9039,2140,-4666
-908,4096,-6184,-11200,4114,-3325,-700,-533,-4861,-8027,-3393,-2010
-4682,-120,-4132,-15776,5505,800,-1732,-7,-3335,-5529,322,1043
-8590,264,-198,-16341,833,4116,-4310,2931,2273,-8296,3381,4574
-8276,7920,3004,-12656,27,5440,-2944,10729,3771,-13444,8614,5242
-6938,394,-2056,-16378,1061,169,-5202,2473,2725,-14114,3740,11725
1638,362,9722,-7631,4704,2049,3330,6381,10353,-6899,13744,10236
614,5000,3000,-6075,20737,0,5298,7717,2791,-5705,23877,10050
1774,5870,8,4144,11267,8192,6706,6191,-101,4824,11164,7829
7848,5996,-1856,0,1554,69,8110,6785,-715,7237,5715,2072
6764,4088,-4168,5280,1344,772,8016,6323,-3947,7280,1196,-2466
6918,4840,-6200,0,1350,1424,6956,4721,-4957,3306,2034,-6295
1134,1944,-8184,-13016,6356,1331,5534,3413,-7783,-1373,-2647,-4070
682,1576,-8768,-12252,1542,48,4940,3757,-6625,-3597,-6784,-3674
-1306,-268,-5992,-15342,0,20,2562,633,-5823,-6505,-7846,-3529
-1410,890,-2086,-15102,528,2576,-306,-2075,35,-6368,-3761,-1035
-5208,-278,-1304,-15855,4259,1154,-4032,2995,389,-10122,8094,-453
-9432,4024,-1348,-20156,4426,257,-6726,4223,-1163,-17771,12516,591
-17650,744,3274,-19416,8965,292,-12098,2903,5995,-16040,8672,5687
-8212,-272,-832,-16351,2128,2603,-5264,4169,3137,-12868,7610,11084
-1362,1064,5248,-11903,404,1088,3932,5873,5309,-10612,12401,9310
-4922,3888,-928,2,16458,33,2834,3661,1143,-4425,16318,8533
1130,3824,-1992,2720,276,84,5180,4779,-39,3073,8961,5290
618,4784,-1496,1216,68,68,5200,4909,-573,5885,4223,984
6760,3828,-2048,4296,4099,105,7302,6227,-2015,7509,-2902,-1821
7310,4424,-3464,-3070,24,-3320,7578,5147,-3509,-1232,4039,-3400
870,1256,-6728,-6783,4636,-3548,4998,3753,-6299,-6732,-1325,-3498
-378,506,-6202,-9214,0,-4058,4062,2757,-6091,-8850,1908,-3569
-1146,-142,-7912,-16384,6144,-3056,-1336,-329,-7243,-8049,-762,-2833
-8954,2280,-2096,-7988,2088,-3259,-6988,-1409,887,-8267,2864,24
-8570,906,4024,-24575,312,513,-6904,565,4813,-22334,10276,4951
-15882,10172,10176,-16320,4112,12481,-11400,-453,11287,-11170,5015,13140
118,3704,-1830,-6013,0,14396,402,7677,5695,-2103,8838,14360
-762,2424,4344,-6140,2060,1536,4052,3599,4879,-5566,10265,11788
6822,-280,2872,3233,7052,0,7084,3073,2663,3939,6725,8658
8810,4072,-2120,10500,101,2056,8938,6399,-141,10196,5093,6349
6758,6252,-3400,9362,103,132,7982,6409,-3367,9522,139,62
6758,4846,-3144,2084,1280,3072,7934,6841,-2907,2521,3642,-4810
624,3816,-5796,-9850,1088,2562,6504,4309,-4787,-1761,3158,-5687
-1432,3816,-5928,-9664,264,8,4372,4219,-5369,-1300,-94,-6229
-362,3818,-6216,-8192,4424,7,3930,4211,-4511,-2268,-2584,-5567
-858,4072,-5574,-7924,4104,545,3154,4047,-5509,-5869,-1329,-5438
174,-248,-6152,-6008,776,-4352,464,205,-4205,-5137,-3504,-4226
-1374,3848,-4168,-12284,1543,4,-1260,-3031,-2909,-9715,-3923,880
-5386,-260,452,-20356,288,6672,-3704,-4095,2455,-18329,3501,6996
-9546,6410,6076,-20416,1736,8196,-4154,-1237,6859,-19759,10432,9984
-9104,5384,8152,-12276,1024,8226,-9018,7647,9351,-12947,10370,12897
-9586,4840,11194,-11455,8257,12448,-2810,6355,11141,-8867,12206,13251
-1400,2924,-840,-3724,8472,12803,950,2737,5031,-2849,11257,13148
2314,1016,3132,1793,9,709,6598,2457,3213,4148,7789,11276
7306,3816,-2120,5288,80,7200,8626,4405,105,5550,5470,6963
8176,4328,-2104,2464,8373,452,8390,6377,-1843,2429,8609,3295
7912,3816,-72,-3968,2086,-496,7880,6009,-4271,-681,6161,-470
910,3944,-1592,-11991,4867,546,6610,5613,-4787,-476,4869,-3727
738,3830,-6976,-17800,12,149,4970,5023,-6131,-1354,-46,-5804
-1424,1864,-5940,-22272,11264,272,2696,1709,-5755,-1097,-4466,-7456
-7062,5352,-5276,-24576,12545,596,-1348,-2445,-3937,-4840,-2,-3035
-6494,4330,-1480,-14846,8801,1090,-2898,-613,-1465,-10564,8878,1374
-9330,2288,-3760,-13016,6213,4736,-4558,3917,-1981,-13425,7589,4896
-9624,4840,-2108,-22607,4544,20,-9246,5217,1655,-22609,12726,4350
-14200,2040,-1144,-12153,4224,5137,-8598,2875,1479,-10155,4037,8604
-5522,364,6442,-12288,5444,12328,-1140,2615,6447,-12031,7517,12227
-378,-184,4536,-7403,1280,0,3920,1951,5291,-5655,10248,11536
1000,-20,482,528,8257,10564,4956,1991,1157,984,7518,10958
6822,4060,-40,1026,2050,5196,7570,5545,-155,5389,6838,7069
6758,5384,-2036,1028,6,536,7540,5657,-651,3373,6028,2503
7830,5416,-1146,133,2328,4242,8030,7395,-1269,4125,3766,-2196
6802,6400,-1830,3200,528,1748,6804,6373,-4003,2855,3554,-6536
102,4464,-5054,-12260,0,1284,4436,4437,-4473,-1685,160,-6791
618,3816,-5798,-16256,3756,1052,5106,3783,-4707,-3593,-3972,-6645
684,2352,-5500,-12128,6420,529,684,-1543,-5143,-3126,-2061,-5234
-5108,2024,-2950,-7933,6149,-1908,-4454,-2155,-2619,-6092,-456,-1076
-392,-264,-2104,-15612,16,112,-402,3527,-1775,-15553,9086,2373
-17392,4330,1986,-20190,12416,2178,-11744,5053,3967,-16968,12554,2877
-16688,-244,-1968,-11898,4481,580,-10002,2403,4615,-8673,3276,7913
-890,1896,-1920,1601,4227,12672,-366,3255,4551,-14742,7317,12483
2678,238,4064,32,0,10374,3528,3517,4435,-7557,10596,10451
1774,-136,-2102,64,7235,8226,3296,777,681,1590,6896,9069
6922,4716,-1198,2312,2068,0,7548,5143,863,7473,2042,5020
8454,6938,-1960,1345,4952,2309,8468,7221,163,5348,5336,-551
7032,4840,-1952,257,128,162,7598,5357,-5129,1780,5417,-3976
678,3854,-1854,1154,10242,529,6322,5213,-5249,1254,-843,-5670
782,4392,-5776,-15832,9344,260,4900,4613,-5701,-4327,-5143,-5657
622,760,-6026,-14303,8720,17,1654,1039,-4741,-8740,-6122,-3639
1702,-278,-6184,-14048,2,76,1682,17,-5151,-9976,397,-1741
-8986,5120,-744,-15280,3073,4619,-4938,-2041,-445,-11502,4152,4757
-9618,-262,3650,-15808,9240,32,-8932,1269,4499,-15996,11598,4422
-17114,-24,7356,-13768,3736,8196,-10332,2239,7567,-13127,7798,8419
-9080,316,6212,-8182,768,128,-6930,681,5651,-8179,3789,15743
1642,2024,8152,0,6152,1043,2824,2657,8311,-7215,8179,15409
1658,2848,5352,4,8196,259,6126,3141,5405,-2175,12934,12920
6806,3816,3130,32,10315,8832,7370,4261,3191,2624,11859,8556
7366,4712,-2112,4816,1556,4768,7736,5017,-161,4882,3256,4471
7094,5864,-2116,392,133,3172,8204,6151,-1119,3162,2471,-1225
8182,5864,-3896,659,4160,32,8392,6105,-2855,480,6003,-4970
-1418,3948,-4608,-19694,1986,1025,4684,3767,-4497,-3214,5798,-6188
-392,1900,-4652,-15616,546,651,3788,2595,-4571,-2253,407,-6234
668,570,-6200,-16256,4,3521,536,649,-4603,-5125,264,-3975
-1114,3948,-5912,-8060,140,1690,-168,-897,-4315,-7220,1187,90
-5506,254,-3608,-16379,4357,1216,-3568,525,-3535,-12654,4790,3745
-9114,-256,784,-14719,5248,993,-4996,279,1095,-14851,7676,7267
-8986,-280,2920,-16191,3456,6464,-8690,3365,4959,-15449,11390,7469
-13530,538,5336,-16384,4716,2311,-9448,2497,5365,-12739,6777,8457
-7546,1912,-1864,-8128,778,1160,-1670,1921,7833,-6911,4959,11748
-1398,690,2616,705,2562,9139,3680,1803,4707,-1225,7915,11323
7040,3058,-1576,1153,9352,8807,8010,3953,3581,3879,10929,9641
6770,3838,-1992,596,2081,835,7188,5113,575,4059,10587,3811
6766,5024,-1608,3334,2505,2049,6866,5011,-1593,3642,2607,2565
7534,6482,-2120,664,256,4738,7670,6661,-2357,4814,1323,-1549
7114,4328,-4166,616,264,3592,7724,5727,-3281,488,4734,-4548
742,4348,-6156,2,705,1064,6038,4717,-4783,-143,694,-4778
620,876,-6070,-10159,384,257,4748,3955,-5927,-1487,892,-5995
2166,-246,-6088,-5823,144,-5943,2448,2109,-5791,-6037,1325,-5213
-5006,3304,-5910,-8175,192,-4078,-1808,-629,-4691,-8181,2875,-2622
-7562,-16,-3300,-15340,1536,516,-2832,235,-2079,-13747,6159,1793
-9594,76,3044,-18416,4112,1604,-7318,5153,2645,-17514,13290,1716
-17752,-278,-1962,400,8192,552,-11964,-295,-423,-16854,6986,3121
-8232,3824,-2104,60,13853,10504,-4520,4199,4415,-4268,-1376,10584
-1304,3060,-326,6185,4616,144,1020,3575,3889,-8718,5072,8891
-1346,-24,-1978,1761,65,198,4720,271,2803,2780,5217,9670
7286,408,-1062,3266,2310,4130,7888,4991,941,7832,3697,7614
8370,3892,572,6232,6346,264,8418,5291,-3591,6112,6965,2114
8118,5944,-1094,2084,1351,2090,8172,7225,-3117,2685,9750,-1501
110,6124,-1088,1376,1089,-6062,6598,6233,-4875,1265,5669,-4660
-338,3872,-5352,-15924,2144,-6648,4704,4931,-5271,-1256,2252,-6459
-402,4440,-6212,-16348,9153,-7120,3944,4507,-5993,-7041,-3014,-5084
-302,4840,-6168,-15854,8225,-3840,-268,-861,-5449,-10515,-2680,-3493
-6846,3834,-1960,-16381,535,-3973,-2752,-973,-1207,-8261,2053,-2273
-5126,6984,-1694,-27484,1026,2252,-2870,-1465,-861,-19337,9976,4471
-8984,1400,7168,-16320,2100,8384,-7678,2609,7799,-13178,10118,8284
-8586,6156,-984,-8907,8551,8192,-6824,6577,1023,-9690,9553,8829
-7258,5352,4088,-8175,5142,203,-2810,5161,4641,-7548,6866,6927
-1162,40,2040,1040,32,4397,-92,1179,2161,1607,2021,6613
134,-260,2132,4357,-2527,4099,4330,2187,2007,5202,-584,6106
6758,5352,8,10257,-3943,208,7168,5903,321,10767,-2747,2459
6974,-132,-2098,4896,768,4104,10890,8279,-1957,7571,6706,-3512
7280,4574,-4080,-4480,160,768,7842,4751,-3611,-474,4751,-3424
644,4336,-6216,-8056,4097,1088,6158,4567,-5729,-3450,3936,-6188
-1304,792,-6212,-8000,1025,-6768,2772,3479,-5845,-3782,1093,-6178
-1206,1512,-6212,-7936,7616,-4088,-112,1719,-5913,-8024,-112,-3783
682,896,-4104,-15356,0,-3600,648,641,-2899,-11507,718,-261
-4986,1772,-1346,-12976,86,4837,-4798,-1815,-851,-13167,308,6172
-9578,4944,6436,-16236,8,8193,-6168,5927,6897,-11430,10105,9243
-8204,7922,2384,-15742,4098,11310,-3856,8915,3177,-13803,12865,11372
-7048,936,2544,-16366,8768,8257,-1386,3441,6589,-8942,14350,10934
-1306,-260,2234,-7804,2562,8328,84,1951,2467,-6361,10454,8260
682,744,2176,-5632,163,188,1868,1333,2373,-648,1966,6236
110,872,-8,5352,772,136,5354,1321,867,8598,-9555,7684
8294,748,-552,4096,-4733,160,8414,5607,-651,6890,-4458,2286
9062,308,-2072,2081,171,4097,9844,8189,-1617,1369,2686,-2316
7784,6900,-4072,256,3108,208,8124,7491,-3429,-1,200,-3348
-922,56,-4800,-11847,5145,1538,6300,5393,-4745,-2593,5436,-6803
-1306,3976,-9026,-12204,4116,2376,2790,4077,-6371,-1888,3945,-8145
678,504,-8120,-8128,6278,659,416,1707,-7537,-3193,-1117,-5255
-1386,-24,-8246,-7124,2691,-4095,-1222,795,-6433,-5275,-5042,-3117
-6208,3848,-2120,-15743,6208,456,-2006,-1423,287,-10787,-1277,4393
-5530,3836,-2052,-16024,2064,8264,-3056,-1203,-389,-16518,2929,8791
-5450,4984,8412,-23455,6214,9746,-2364,-443,8881,-21510,16572,12212
-6962,1400,11200,-12282,2304,8210,-6592,6363,10763,-9432,18168,10655
-8602,3064,8002,-15104,4416,12292,-3648,4069,8651,-13778,12384,12902
-66,368,8392,-6143,289,1352,494,3155,7691,-4516,12530,9242
1638,60,3038,222,400,3587,2180,701,3115,4995,-1488,8093
2918,2060,-1800,10309,576,2048,6382,2619,-347,11976,-9753,6334
7574,3888,-2088,2688,2208,200,8696,5641,-845,11182,-5230,248
494,5696,-4872,648,512,2562,6812,5673,-4721,8404,-6659,-1251
630,5872,-3624,-13520,1330,1607,5848,6217,-3343,-1672,1923,-2690
158,5866,-6216,-15808,5712,1242,4538,6141,-4653,-4279,5611,-5123
902,3824,-4532,-16382,4160,397,2532,4969,-4173,-6810,4332,-6889
646,1784,-4040,-16356,1732,-6140,1014,3673,-3125,-10602,4119,-5364
-1402,4864,-428,-16256,4360,-3064,-1492,-829,-163,-11398,5139,-2699
-5520,5424,1976,-13308,1027,280,-3928,-2347,1595,-13658,11593,1022
-4438,5452,192,-24436,80,2338,-2342,-3105,1483,-22227,17536,7142
-9530,232,4152,-20412,8836,9780,-8192,1057,5429,-18210,14943,9601
-9574,5192,4096,-11498,8192,8371,-8374,5561,3787,-10997,8212,9242
-9592,1258,5072,-14205,4164,40,-5126,1131,5673,-13303,5720,10362
-146,108,8234,-7120,1664,11840,520,1365,8207,-6329,2115,12035
-370,280,-2040,-5872,48,1024,4810,1403,4553,-1088,6786,9198
880,112,1688,772,142,50,6174,2405,1363,4248,6294,7092
6822,5900,-2064,47,11,12,7558,6433,353,6066,2785,3119
7052,5864,-3136,0,2569,5330,7446,6245,-3013,3956,-393,-524
714,4026,-4164,532,19,112,6274,6425,-4195,358,1206,-4105
-922,4074,-4136,-5110,290,-4864,5252,5195,-4225,-903,1271,-4942
-1432,4588,-6152,-4096,576,-7292,3090,4557,-5257,-3910,650,-5149
744,10,-3976,-7151,6549,-8175,708,2073,-3567,-6404,-1399,-3612
-5650,5424,-2070,-7804,6356,292,-1368,-563,-721,-7989,-841,650
-1422,-248,-1080,-14295,4104,160,-652,1581,-173,-13766,5004,3393
-8474,5012,-2120,-12160,8328,324,-8250,-2221,10377,-8547,9373,10012
-9394,168,4284,-13824,6404,13316,150,7055,5059,-13520,15541,13218
-9626,6440,6104,-16384,1180,8,-4200,7081,6723,-15020,19105,7989
-6938,4072,-1980,-12288,2185,2056,-1164,4157,5519,-3081,6524,7929
-1390,-242,4024,2836,4257,16,4508,2743,3937,4571,-3223,8151
6966,-132,-2120,4394,138,280,7844,3031,973,6441,990,2499
7610,-202,-928,4996,2148,5120,7586,3223,-1203,5173,6232,-456
6870,5102,-3976,212,707,4484,6894,4977,-3335,681,9138,-671
-1366,-188,-3766,-11968,1668,272,5314,5227,-3815,-722,3633,176
640,6376,-6180,-12032,2496,9,5170,6479,-5047,-1757,2398,-2485
-1150,5880,-8134,-7924,2176,-3819,3096,6359,-6961,-5045,2689,-3848
-1422,4036,-5044,-13392,721,-7104,2698,5295,-5083,-8814,2029,-4310
-1290,-276,-2008,-12238,280,-3837,-1444,383,-1627,-9804,1055,-2543
-5274,748,-2050,-7676,73,-2950,-2046,1139,-177,-7842,5077,-454
-5014,128,-2040,-14560,68,2129,-2846,723,-925,-14884,8454,2410
-9368,4204,5204,-11199,4582,8850,-6080,-329,6843,-10591,8473,8840
-7566,1902,3296,-12128,5259,133,-6340,7913,2769,-12661,13735,7451
-8474,-14,4024,-10176,8833,6504,-5714,5865,4789,-9151,8289,7700
-1114,18,4224,-7056,4356,12,-528,2605,4447,-6383,5109,9014
-1050,-148,2044,-3968,1553,936,4018,99,2817,-3744,8133,9183
654,768,384,-3962,12352,1028,6564,867,1425,-2843,12726,9115
-906,1772,-2112,67,10432,1216,6660,2557,337,2682,11538,7888
8814,5864,-1096,4611,838,2561,9054,7705,-555,5529,4662,3323
7292,6760,-5186,-8155,4160,1604,9254,7231,-4799,-367,4225,-2261
7630,748,-6214,-7150,266,-6012,7446,5853,-4969,-649,4971,-4928
-1170,5352,-10046,-7999,338,-8192,3952,5573,-8027,-1572,2177,-7716
-1434,776,-7112,-8191,6528,-8192,2962,3475,-6093,-6031,-485,-7226
-1430,-128,-6214,-13754,0,-6656,-1602,291,-5469,-9412,3311,-6453
-5528,5480,-5896,-12288,128,-4094,-5786,-2967,-5493,-12272,2049,-2332
-8310,4100,-1064,-14696,2144,3584,-5052,-889,573,-15677,2779,3304
-9498,168,506,-24504,2056,4656,-8588,-8825,2245,-20278,6828,8094
-6006,304,10174,-7934,384,12290,-5588,1789,9681,-6448,5509,12607
-1306,6120,7100,-16356,16,2339,44,6587,7767,-9432,10019,11461
-410,3816,6200,-10240,6170,8192,446,5223,5699,-626,6344,8644
-922,-280,498,1565,1028,2051,3692,2479,787,10519,-7900,6662
6766,812,-2050,1312,64,5,7226,3829,949,8989,-7343,1033
6784,5908,-2120,2063,42,1280,6582,5929,-1413,3192,10690,-2903
1768,3816,-4660,3104,2080,11,6294,6289,-4559,2934,2192,-2153
-1384,-206,-5192,-4088,4488,-5920,4616,6107,-4329,-3305,5324,-4950
-1386,4984,-6148,-7168,5312,-7112,4748,5115,-4605,-4576,5427,-4975
-694,3816,-6088,-7904,256,-8056,3572,4219,-5679,-6572,2130,-5399
1734,746,-5192,-12256,2577,-6774,2126,1843,-4195,-8187,2193,-3971
-1434,-248,-4030,-7679,10,-7220,182,99,-3931,-5273,371,-3034
-4250,4808,-4740,-11776,35,-3046,-2634,-399,-4371,-11753,6847,-695
-6682,-24,-2104,-10165,2852,4,-6366,-3697,-1225,-10160,3399,2697
-9200,40,3008,-20350,272,6532,-5362,-165,3979,-18701,5931,6945
-17418,1292,7682,-12160,120,10752,-10146,1945,1809,-12927,5061,10788
-8086,-274,6456,-15358,3136,1041,-5598,601,6833,-14096,7221,13722
842,3992,9288,-7134,5169,4098,2686,4075,8987,-3972,5886,13287
-346,1130,4056,801,1029,18,4866,1331,4001,1452,3242,10997
7028,3944,-1844,2074,528,4226,9234,4547,3211,7508,656,6865
6856,4328,-1972,297,66,2048,9132,5917,-711,6008,6113,2120
7530,6128,-2120,3467,1536,1031,9928,6909,-1667,3345,6067,-400
6838,6444,-5108,256,5803,-4084,7954,6589,-4747,1001,5612,-3384
1126,5132,-6180,-6616,6468,-7804,6128,5045,-5795,-474,6559,-7413
-330,4428,-7040,-7920,3344,-8116,3886,4569,-6663,-2338,3775,-6763
1190,2152,-8200,-4864,641,-7616,1410,3197,-8411,-4964,2399,-6433
-1386,-280,-7494,-6972,4224,-4979,-378,-223,-5933,-6661,-1645,-4427
-5514,3958,-1864,-14272,8232,-3276,-2540,-1913,-1491,-9439,-1590,-645
-7322,5876,-1862,-22520,520,2316,-3144,-1179,-1017,-17231,4151,2582
-6742,-24,4028,-22388,40,2859,-6326,3419,4475,-17708,8988,2780
-15448,6376,4036,-14078,1412,66,-11360,-1283,3645,-13589,4872,6001
-7408,4328,6148,-16380,272,256,-5864,-3397,6941,-12036,617,12387
1096,4396,7816,-7912,6276,4642,2844,-533,7979,-7614,6853,13873
1854,1066,5054,-7871,10,4480,6402,1941,4909,-3081,11672,12643
6982,-264,-2112,-7671,2816,2056,7994,6653,5039,-319,11094,9805
6828,3816,-2118,4102,4133,1041,7182,5225,1799,4639,4862,4784
6782,3824,-200,8352,3028,353,8300,6159,-291,8258,4655,15
6924,4088,-2056,1970,4096,-2046,7496,5695,-2155,3845,4797,-2036
822,3816,-6200,-8108,2368,-4094,6104,5133,-5539,-2697,3726,-4049
6854,4152,-5956,-7424,145,-7650,7378,5297,-4787,-2912,2252,-5979
2702,-88,-8228,32,4928,-12091,3818,3119,-7243,545,-2868,-9805
-1078,4342,-6144,-3712,4106,-7664,-1258,-1691,-5469,-3542,-9004,-6136
-2810,2888,-1980,-12160,7176,-3520,-2400,-1541,-1997,-12074,-75,-2142
-9598,9260,1144,-12256,3275,4416,-8972,-3237,2079,-11334,3926,4954
-17810,-248,6072,-17664,7,6152,-10502,2149,6279,-17866,9418,6259
-17818,8,-904,-17147,151,1090,-9562,949,8201,-15743,8094,8278
-9626,2544,-1352,-10972,2048,1096,-4064,-1653,4539,-8747,2588,13866
2710,3976,-1000,-7035,4166,2274,4310,-1477,6125,-6152,5426,15988
7526,-248,-1096,-9103,100,7,7288,1657,2743,-897,13486,11023
-68,3824,-1922,384,4192,10,4558,5011,1575,751,12218,8802
7826,6122,-2120,5648,512,2177,8040,6591,-2207,8158,3543,1948
-248,6376,-4160,2832,1184,832,6738,6473,-3523,2527,1139,-1225
6906,5972,-6216,-7632,2640,5,6850,6181,-4607,-1551,3301,-4254
-806,3816,-5944,-6448,201,-6080,4372,4971,-5401,-4650,2315,-5810
-82,3832,-5958,-8192,4148,-5950,4678,4475,-4979,-8255,5027,-4437
-1434,-148,-8168,-6654,609,-6904,938,2385,-6591,-5760,4356,-4829
-1288,-142,-5952,-6142,4,-4069,296,1847,-5981,-6218,372,-3742
-5496,5034,-7676,-11389,1162,-2015,-3470,-557,-5999,-10540,1419,-1189
-6898,5354,-1076,-12032,6672,52,-6902,-2199,-175,-9180,-136,805
-7920,8496,2008,-24555,4610,3844,-8510,-2989,3009,-22058,4894,4616
-16510,4460,-1632,-14336,1540,13312,-10118,-3829,8165,-9135,1838,14969
-1422,396,-1540,-14142,1169,66,1012,2099,10887,-9494,10357,16192
102,1368,-1976,-8159,131,2071,4562,1317,5633,-1421,10679,14929
9384,42,-1608,5632,4224,2048,9456,1999,3723,5854,7239,14680
7804,4952,-2098,144,570,3074,9970,5689,1527,8837,2872,6854
7260,6392,-1824,52,292,2090,9478,6729,-1895,8171,4706,1774
7962,7534,-4104,4868,6155,512,8598,7697,-3569,5872,6646,-2545
7014,5864,-6200,3205,2904,34,7210,6737,-5339,3188,6995,-4799
806,5888,-6168,81,1024,-7990,7002,5617,-6713,-11,4625,-6656
-626,3880,-8224,-4832,2064,-7808,4596,4857,-6467,-5136,2114,-6163
-830,3912,-8184,-6912,224,-6656,1382,4151,-7959,-6455,2494,-6615
-410,274,-9792,-6010,1292,-8064,260,2363,-7539,-5487,3295,-6456
-3994,-210,-8098,-7915,3200,-7933,-1904,1921,-8015,-7626,-957,-4600
-9076,1080,-7622,-11248,2082,-5072,-3744,3127,-7123,-9105,-4916,-4746
-7386,8504,-3636,-20432,8449,-1792,-5496,-1459,-2807,-18770,-4420,-774
-9608,234,-2086,-24480,2114,0,-8982,-6633,4985,-21924,2454,6737
-9362,4758,-2016,-14080,9440,1408,-4382,-2333,14139,-4800,92,14011
-722,1772,-2086,-11730,4128,2311,836,-2865,1561,-11649,4126,19856
9350,3832,8314,576,4365,6144,8700,2753,7395,2093,13747,13932
7132,-118,3130,6912,1673,18,9506,2813,2835,7201,4044,11042
11046,5872,1980,8193,330,2716,10916,6411,1909,9214,717,6384
9834,5002,-1572,3118,1312,288,10510,7843,-1687,6838,3988,84
8324,5934,-4168,2048,1224,-7164,8534,7091,-3929,3419,5594,-2635
8046,6960,-5126,2564,2082,-6648,8070,7391,-4629,3691,3507,-4659
7022,3864,-5686,16,536,-7867,7080,5845,-5639,1491,2823,-7385
-346,4106,-7112,-3964,4616,-8191,3802,5407,-7041,-2741,-627,-7599
2796,818,-5556,-7936,3,-8170,3780,3671,-5371,-7169,1123,-8113
-1170,-248,-5640,-12071,4609,-8062,-1002,-527,-5435,-8534,4965,-7326
-8408,4332,-6788,-13942,2053,-6103,-3650,-1937,-6749,-14666,3833,-1430
-9498,8890,-2440,-20480,0,-3292,-8386,-449,-1507,-19525,8364,-2923
-9626,5900,-2064,-28274,1249,1052,-9804,-2253,-2217,-25754,8919,-1161
-16098,4656,-2120,-11008,72,128,-11088,-1071,10001,-10414,-3450,9455
-7672,4848,4708,-6074,-948,4864,-3364,-1285,3541,-4870,-1208,14705
762,3884,-2120,-9672,784,5153,5556,-327,5207,-506,1080,15483
7590,3944,-2086,68,138,2625,7860,3923,4597,8643,6589,10328
7142,3826,-1656,265,128,2085,8674,5375,1271,8980,2427,5858
8818,6632,-1508,4114,576,144,10054,6741,-1843,6043,5158,491
6830,-280,-6056,2128,2121,-1791,8586,6183,-3571,3491,3565,-1877
6768,6160,-6064,1536,9,-6784,7352,6265,-5363,1357,1601,-4919
6782,3882,-7656,-6790,327,-7128,5986,4417,-5723,-2687,-140,-6682
3176,4840,-6208,-6848,5144,-7102,3094,4847,-6475,-7070,-1039,-6372
-1434,-16,-6076,-12209,467,-6142,722,1895,-5669,-10489,2978,-6066
-4994,4490,-2104,-11636,4120,-7928,-2866,-1753,-1861,-8264,4832,-4953
-5010,5480,-2994,-12056,4366,-1920,-4418,111,-2993,-10698,6292,-237
-9552,7944,-2018,-20205,2,4240,-9386,-949,-819,-17877,10181,5605
-8410,-248,1994,-20336,529,450,-8552,1657,3819,-18092,10835,7261
-8346,2472,-2120,-7533,5648,161,-7812,3065,3213,-7608,5533,11610
-7962,746,-2120,0,1449,6529,-54,2003,6911,2110,-5317,15761
7110,3176,-2120,512,4266,4096,10260,9847,5395,4294,8577,12000
8934,4138,1384,1357,2858,4608,9100,5009,1273,7709,3070,5260
8810,3820,-1094,9218,4181,161,10616,5471,-1155,9161,-495,27
7782,4328,-4164,0,1568,452,8070,5347,-4125,4839,1429,-3231
1002,5430,-6016,-5606,2049,-5248,6694,5423,-6137,-1109,3260,-5399
-1434,4074,-5944,-4768,3194,-8168,4340,4893,-5887,-4691,2897,-5784
-1370,4504,-6080,-8060,34,-8159,3506,4573,-5735,-4073,-24,-6562
700,3824,-6104,-8191,512,-8192,1096,3837,-6089,-8567,2701,-5549
-1352,-272,-4168,-15872,5192,-5120,-264,2289,-3219,-12757,5704,-4965
-8598,5864,-2040,-11696,5392,-3326,-4042,-625,-259,-11278,5372,-1965
-922,1872,-1340,-22260,594,4,32,2719,-87,-23032,12711,1967
-15728,306,-1462,-19435,1029,8387,-11618,-7527,-303,-18098,8031,11596
-7514,-280,6462,-12288,2570,14592,-1226,2011,6833,-8938,7031,16055
-762,5416,-2118,-20959,1064,11010,-1220,6871,3837,-20749,17538,11137
-1178,3896,-1832,-4072,656,2067,-174,5333,6373,-766,3858,10243
638,4458,-1606,448,640,4098,4912,4389,1641,4924,-1956,6121
648,308,-2104,594,10,1669,4680,2599,2241,2947,2161,3636
1282,16,-1064,4361,2560,72,5576,2375,-873,5051,2761,2151
-1360,4584,-2044,93,5123,1160,5340,5727,-1009,1732,5624,1245
-260,5098,-1744,-11004,7169,1024,6024,5927,-1871,-3012,8088,977
646,5996,-3968,-6896,4433,64,5100,6215,-3381,-457,6664,78
-920,6922,-5950,-3968,513,-2552,4378,7303,-4469,-154,3143,-2528
-394,3858,-4086,-3669,896,-4042,4478,6365,-4139,-3236,929,-3386
-1042,4336,-4664,-6139,352,-4096,3558,4431,-4591,-4858,769,-4029
750,1264,-6216,64,2465,-3616,1284,3445,-4599,-3826,-1039,-3042
-150,2024,-3780,-6144,1664,-3516,-192,2363,-3139,-6127,1883,-1392
-5362,1258,-664,-11262,2738,842,-3898,1207,-469,-11303,7356,1308
-8462,2284,-2112,-19895,129,26,-7522,3097,6863,-16662,18105,2562
-7494,2604,-1608,-32383,2562,544,-2754,2383,-1721,-28680,18864,3156
-15738,3952,-2120,-8062,1040,36,-9682,5813,-1241,-4802,1771,10622
-914,3816,1976,-14304,2065,4144,-446,4297,2265,-12540,10662,7458
-662,-278,2056,-15304,4174,132,-356,-373,2055,-1855,4485,8505
1194,38,2072,44,191,26,6282,2839,1529,10326,-7040,7993
7270,4328,1224,924,2116,3207,9466,6103,1571,8552,-3770,3598
6758,4864,-2116,2121,1123,0,6954,5503,-1225,3154,1204,-935
1258,4996,-4164,913,781,-4028,6412,5151,-3439,768,3057,-2744
656,4872,-5572,-3840,147,-7900,4708,4923,-4643,-697,3712,-4121
-922,3864,-5152,-4080,128,-8048,3572,5123,-5107,-1890,917,-5503
1170,4168,-4116,-7128,1057,-5808,1238,4077,-3715,-4425,999,-5254
-270,872,-1976,-1791,197,-5592,-130,3645,-1929,-1742,76,-5443
-5722,2124,-3590,-6048,3976,-4078,-1482,2161,-3519,-5160,-230,-1926
-4930,-24,-3778,-12284,4112,1376,-2446,405,-2507,-8741,-1673,1570
-896,-272,-3044,-11774,2136,512,-928,999,-2965,-11848,3762,2688
-9554,-226,2232,-12416,4144,1324,-5452,2075,2743,-12629,6155,3945
-9112,2860,2664,-19456,1,3585,-5768,2841,3809,-18692,11400,3643
-9472,264,6788,-8192,2560,164,-7896,607,7713,-7155,3179,8870
-18058,1000,-1608,-7870,256,4096,-902,1771,3445,-6693,3720,12366
-1422,2042,4,-6880,2,534,3802,2157,4331,-6012,9023,11080
1542,184,-1176,40,8256,643,6012,2567,2813,3112,8037,8683
6902,4040,-1144,9,6402,5528,6826,4609,-405,4824,6352,5425
7418,-280,-2088,2321,577,2688,7560,6151,-1317,3197,3623,2521
1390,4464,-3906,64,68,-5080,6610,5625,-2427,2114,1096,-802
-266,4328,-3912,1024,1346,-3958,5740,5533,-3815,1477,4061,-3866
2668,4984,-4852,1024,517,-5110,3796,5795,-4299,890,421,-4833
1894,5136,-5960,-5952,329,2177,2676,5849,-4321,-1905,999,-4984
910,3836,-5816,-4092,658,1024,1534,4403,-4227,-2710,909,-5155
102,808,-5940,-7934,4,583,130,3161,-4357,-4650,1075,-4442
-5236,-280,-3136,-11678,257,-2012,-2128,1167,-2619,-10740,6944,-1774
-5428,5146,-5610,-12286,140,-1530,-3126,191,-4609,-10104,5970,-234
-9114,1324,-2616,-16256,3225,33,-4706,3795,-1877,-14767,7706,739
-9242,-208,-2120,-20474,8330,2346,-9452,1717,-1493,-20450,11969,3137
-8058,3816,-1992,-15771,280,1856,-7502,-1595,1371,-11885,2659,8543
1134,1264,2556,-4030,4123,2232,2304,2151,2863,-3965,-2566,11571
-1398,788,-2100,-8032,130,768,2414,1773,373,-7636,7709,11258
-1050,2746,1992,384,2666,2305,4230,3085,1809,4632,2126,6742
7656,5900,1468,4107,11840,2340,7562,7387,1515,5291,-163,2611
6758,4076,-2072,1024,32,1169,7566,6395,-1375,1328,2307,-1083
774,3950,-4162,-3904,2053,65,5136,5637,-3251,-590,2331,-3047
680,5896,-3518,64,1290,-6893,6032,6937,-3777,430,1648,-4968
-1392,6000,-6184,168,2688,-8184,4420,5991,-4883,95,-1504,-6952
-914,3996,-6076,-3568,306,-13760,2870,3933,-5871,-3572,-1730,-8682
-6536,3822,-5862,-3571,528,-6799,-2516,-2623,-4931,-3508,-5043,-6621
-1426,240,-3520,4,1600,-6072,-328,361,-2515,-12183,-1603,-1337
-9554,1256,6098,-16104,786,8200,-8098,-6435,6449,-15137,7684,9019
-7316,8646,7640,-15872,2,11360,-6968,-1011,8697,-14652,12410,11478
-9616,4,2076,-13307,648,12452,-8042,3105,1791,-13914,10651,14803
-6538,3816,-1888,-14332,7168,162,-1854,5629,8479,-9798,7143,12717
106,-268,4052,-6328,5129,2336,2488,2581,4709,-1681,5369,11405
710,236,-2114,2594,2,514,5718,721,1611,4001,-277,10752
7146,-278,-824,2080,2560,6436,8232,2783,-425,6839,2974,6758
6758,5872,-2120,3328,8193,2336,10080,7499,-1845,2621,8290,2957
7206,6380,-1800,2052,5612,54,9102,6999,-2253,4142,5506,602
7014,6210,-5662,1144,2112,320,8198,6645,-4365,1828,7023,-3747
614,4522,-6198,-7543,4232,-4800,6192,6029,-5001,-56,4244,-4672
424,3950,-6088,-5870,0,-5628,4662,5563,-5789,-1265,1322,-5344
1908,5352,-8264,-6079,33,-7934,2752,5545,-7781,-6164,1297,-6362
-402,1846,-8480,-12027,132,-6008,-102,3083,-6219,-11683,699,-5916
-9362,3818,-1688,-15864,4,-4584,-6246,-2375,165,-14136,1400,-36
-5178,4904,210,-23928,2048,258,-4864,-3817,-41,-23481,11880,4035
-8986,5888,8250,-14332,4672,11489,-6920,-631,9323,-8899,7842,12062
-8546,4856,6200,-7148,2081,68,-3798,4749,6025,-5527,10129,14369
664,6890,1982,-15360,6145,2325,2426,7653,4739,-7899,7325,14327
-1432,4842,2104,8,5380,2020,1416,7693,4057,496,6361,10207
1128,4376,1040,65,66,625,5896,4509,583,6041,117,6573
7014,744,-548,8466,1120,68,7858,2971,-187,8797,-2814,3003
7462,5872,-696,4646,1634,289,10828,7285,-191,6473,2364,106
6950,4026,-1056,4416,2560,2704,8502,6967,-4587,5876,-511,-1638
7784,4604,-6152,1227,3333,-6636,7580,6717,-5019,3124,3703,-6362
7016,6000,-6212,3073,131,-8184,7172,6747,-5243,3303,42,-6741
614,4072,-8104,41,139,-14296,5214,5633,-7561,-256,-1526,-8778
-1398,4202,-7202,-8174,1824,-14832,2848,4039,-6249,-7766,-2267,-8625
1830,-264,-5618,-8058,2064,-15354,1878,2349,-5301,-6897,-245,-9042
-6544,5870,-6208,-7612,4432,-8029,-2110,-1159,-6065,-7778,-1383,-6141
-4890,5672,-2632,-12271,1092,-4972,-4644,-2295,-2913,-11943,1680,-598
-8950,10076,-5192,-15039,7904,258,-4542,-2127,-4279,-15065,-200,3275
-9626,8040,3256,-24064,1169,2211,-8288,-3911,3675,-22045,3318,7727
-9624,3896,8124,-15872,3601,10318,-8336,-2691,9931,-14497,3214,10794
-3212,1000,-584,-4040,-7424,18704,-1764,155,7329,-4905,-607,18890
2798,1870,-1544,258,5248,4512,6734,2575,8877,-5020,6281,14719
8054,920,-2088,16,64,8586,9572,1113,4929,1665,10246,13076
7782,-232,1986,5136,4364,1105,8162,4083,1971,5971,4220,9641
7926,3944,-70,274,496,5792,10506,6233,687,6844,2626,5628
10478,6414,-1864,5704,4137,2100,10580,6737,-1333,5565,4358,1922
10488,6378,-5446,4358,4208,-4032,10426,7933,-3455,5277,4241,-2833
6812,4338,-4920,1052,5168,-6614,8986,6849,-4347,1569,5201,-6811
1646,3900,-6216,-6144,1026,-9164,5806,5769,-5489,-1048,5356,-9090
2686,4412,-6216,-7672,0,-9696,3492,5335,-6097,-3716,4838,-9689
-1306,-150,-8128,-15603,62,-10644,-450,1965,-6463,-9678,8570,-8326
-4722,6504,-10056,-15079,4914,-3928,-4982,-299,-10643,-11399,6829,-3568
-15602,8168,-5892,-15806,8275,256,-10636,-1353,-4687,-16001,-1508,2309
-8306,1806,-1974,-24064,0,18,-7352,1735,-23,-20762,-425,4589
-9496,826,7642,-8035,64,130,-7452,-4779,9983,-6024,-7828,12435
1930,304,6096,-7919,3264,2048,3924,-4031,8437,-5598,298,19242
6888,3946,-2096,2,3121,653,13708,1073,9825,4762,10608,18230
6958,-118,4032,8504,2321,5376,8592,2089,4631,9701,2123,13359
8390,1784,1342,8968,16,286,12842,4191,1761,14180,669,8146
6824,6000,-2072,3120,2049,1160,12426,6463,-911,7706,6239,3690
7270,-116,-3618,4161,32,-1152,13842,8503,-3449,7199,3961,-470
6846,4342,-4936,4098,64,-7160,12294,6577,-4817,5658,2550,-5335
9062,3952,-7092,2,2533,-8184,9674,4383,-6611,2979,2465,-8175
7026,1080,-7232,1568,128,-14332,6856,3869,-7325,1455,2228,-9017
-402,1066,-8216,-3952,1037,-15928,3896,3193,-8037,-1998,4089,-9755
-1400,3836,-9972,-15583,16,-13279,-564,4117,-10261,-13426,7486,-8676
-8986,1082,-5160,-19918,4,-13312,-4402,6451,-4717,-19316,19187,-9128
-8594,850,-10224,-27644,7248,-16384,-2230,8417,-12061,-26893,32107,-13242
-9594,3912,-2102,-24056,1320,-10228,-5486,-2553,-18527,-19504,3135,-9853
-7386,2740,-1608,-5484,-16319,8,-5914,-10095,-7901,-3351,-17760,2472
1126,1032,-2116,-7932,-1984,4194,5946,1661,7469,-4310,-919,14757
-1398,3816,-1670,-8112,2305,576,3296,4469,2297,-1188,-1394,17399
7470,3932,-2056,-13951,824,5522,6924,4689,4845,-4988,10559,13619
6786,6892,2300,5256,264,451,11504,7207,2975,5665,1390,10360
6808,5928,2112,4232,12,217,11410,7137,2915,4424,4137,4260
7398,4904,-1800,1366,109,2,11862,6961,-855,7542,-65,-99
7030,4072,-3912,8192,2088,2,11112,7311,-2395,8177,-1815,-4111
9190,3848,-5902,4115,642,-8157,9228,6653,-5469,6132,-1317,-7773
2282,4104,-7496,2048,1283,-12275,6518,4711,-6541,2399,1997,-9667
2918,314,-9224,-4087,2210,-8064,4074,3841,-9039,-4657,2586,-7617
748,3816,-11464,-14268,1179,-14079,336,4541,-8231,-13098,4746,-9064
-9490,752,-2012,-11398,9666,-14766,-5394,2763,-8443,-9996,9355,-10849
-16916,552,-6736,-16192,1600,-9853,-10728,745,-5489,-14954,6034,-8407
-17768,3850,-1924,-19184,2617,96,-11318,-2967,1595,-15642,1661,-1170
-8090,328,-492,-13615,-6912,200,-8644,-12835,507,-10016,-7826,13901
-338,-272,-2096,8704,-15360,400,4514,2275,7729,12655,-10317,19662
9866,4152,-558,-8191,0,1482,8472,5623,3309,-3114,14990,13250
8326,5890,-1348,528,344,2113,11122,7303,1505,6699,4631,10289
9054,3888,-2038,288,3272,1032,10218,6483,73,6629,3592,5174
7062,5910,-1084,516,91,1160,11718,7405,-1007,4751,5458,1155
7408,7212,-4158,366,4873,-1400,11646,8077,-3395,4003,4722,-1472
6758,6380,-5050,256,136,-5116,10932,7467,-4827,3992,2073,-5199
7750,4016,-6212,1688,192,-8192,8694,6023,-6137,1796,1473,-8311
1800,3816,-6194,-4919,320,-10176,6448,4575,-6157,-1008,1608,-9814
886,1276,-8260,-7963,3713,277,4590,3313,-7743,-5944,3124,-9504
616,1772,-8104,-12184,2756,-7647,946,2617,-8289,-10113,2830,-7724
-5486,4872,-6212,-11192,2,-6510,-3954,-153,-4881,-10799,2497,-4298
-7494,4842,-1864,-12286,4497,-4223,-7282,-1001,429,-10083,5994,328
-7238,250,-3336,-21872,968,512,-2704,4647,-3299,-22192,9076,2734
-15510,2840,8794,-4832,146,8336,-8916,3417,3891,-3608,-915,8569
-1386,84,4536,-15318,832,8,-1384,3579,4587,-12173,9939,8952
630,1064,4864,-8188,6154,1240,2078,1003,4789,-3310,6259,9375
998,40,3912,32,545,1077,6664,2865,4045,4456,1689,9169
7792,4328,-1992,3078,2562,4160,7914,6575,3219,3741,2957,5647
7786,3978,-2056,2113,1152,2320,7992,5987,849,3916,5339,3285
8422,6890,-8,2337,2048,288,8752,7251,-177,3219,6714,1199
6894,5876,-3108,3140,4740,12,7916,6647,-3039,3667,4455,8
6934,4272,-4086,3074,272,-3838,8244,6799,-3319,3668,1412,-2264
6902,4084,-5824,294,1285,-8189,7412,6285,-5071,2084,1359,-4163
2674,5512,-7742,-3248,1058,-5463,5912,5709,-6781,-181,1293,-5509
3184,4344,-7656,-3566,640,-6776,3424,4419,-7355,-2771,985,-6862
-6766,1010,-6120,-14138,2852,-7647,-2862,933,-5245,-9975,3604,-4958
-7428,-16,-2080,-16383,512,-5116,-3020,415,-1619,-16522,11599,-438
-9498,20,-1730,-22528,7436,305,-7406,5593,-1553,-16859,16100,360
-8090,828,-1836,-32126,6145,193,-8726,2513,-3811,-24769,13389,893
-8978,40,-1862,-6910,1824,32,-8156,983,4675,-3805,-3511,9942
1574,552,-2120,-8189,529,8,1452,1113,2749,-8165,7232,10719
-502,-280,3776,-11576,1312,64,3742,811,3815,-1929,7860,9976
6760,5608,4682,1925,52,1536,7282,6181,4849,4225,3019,9461
7898,3816,56,4704,4358,160,8566,5827,187,5339,4339,5041
8644,-274,-1606,1028,1186,130,8666,7937,-1429,5745,3044,695
8806,-260,-3912,803,4110,-1952,8962,7985,-3085,4792,-1817,-959
7814,3824,-6216,576,4288,-7653,7938,6355,-5083,4515,-2847,-5850
694,4464,-6088,353,1429,-8176,5124,4497,-6181,629,-2610,-7110
2662,4096,-8008,-4072,38,-8119,4214,4097,-6443,-4306,754,-6700
-1318,-116,-7936,-8184,32,-6008,930,2049,-7157,-7479,3129,-5785
-7290,-52,-5688,-12080,1040,-6631,-3760,-55,-5225,-11630,3164,-4087
-9082,-214,-2114,-15872,64,77,-7764,261,1189,-12911,4566,345
-8502,-278,-4022,-20471,8208,1026,-3194,5463,-3809,-21570,8609,1062
-15770,3882,3790,-7993,2913,264,-10262,-2087,-447,-3954,-2194,13162
-1274,-24,-1760,-16384,17,513,1044,2757,6309,-13161,12689,10767
1258,680,-2054,-14192,1024,518,1012,1699,3593,-4733,14800,9994
-346,-88,-2116,73,68,128,6066,3291,1829,8657,171,8660
6770,6824,634,352,4608,4748,9156,8311,885,9483,-1102,4635
7070,5396,-568,5152,1037,512,7264,5849,-669,5814,3606,356
6758,3836,-3842,208,5120,1605,6968,6177,-3913,2448,7737,-2390
-370,6994,-5958,1058,4100,-3931,6006,7281,-4471,1435,6285,-2858
806,7786,-6008,1160,772,-8157,5950,8151,-6125,1215,3804,-4636
-346,5880,-5704,-3838,1028,-7062,4546,6409,-5511,-1948,1137,-6864
-1172,3820,-6056,-3263,4117,-12286,3044,3929,-5789,-3341,-1670,-8350
760,-232,-6656,-4094,192,-13030,1470,1939,-6631,-4075,1576,-8845
-1238,-146,-6136,-5093,6155,-8188,-546,305,-5965,-4988,-1216,-5749
-9594,1928,-2056,-10112,6195,4,-4502,-4337,-2799,-8753,-482,1482
-7528,7688,-1056,-12286,3091,2066,-6600,1,-291,-11860,3640,2381
-7290,776,-1756,-23936,2049,97,-3584,3093,5207,-22804,10641,5767
-9610,776,-1094,-21928,34,1289,-5844,2921,4103,-18521,7369,11561
870,1272,-1188,-11834,138,12,1262,3719,6021,-11516,9641,9881
-1290,880,-2114,-15544,2432,658,3046,1341,1801,-5491,14389,10238
-1274,828,952,129,4224,146,4640,3091,983,1695,6159,8262
806,3816,-808,674,792,32,5672,4789,-829,4913,1731,5067
-152,5992,-1096,2625,1,292,5960,7505,-1187,2915,1750,2142
7350,5884,-3650,514,320,-1007,7806,7749,-3791,719,4781,-1163
614,6734,-6184,-5568,2624,-3904,5758,6839,-5335,-1283,2145,-3424
-376,3816,-5760,-4000,4608,-7395,4324,5895,-5475,-2131,-3746,-5317
-1114,5000,-6216,-5888,5121,-7807,3106,5091,-5515,-4386,-377,-5829
-146,-24,-4040,-7136,1032,-8188,-386,1883,-3281,-7885,4575,-5073
-7054,368,-3334,-12224,3394,-3422,-2478,645,-3523,-11501,11653,-1159
-7098,5420,-2048,-11102,4693,1025,-5934,-213,-2033,-11184,6783,3451
-6362,4336,-1336,-24554,18,5184,-2168,-1587,-1271,-22123,8987,8409
-7314,7912,2490,-8187,68,4104,-1284,8839,1591,-9682,9772,7200
-9370,4616,1504,-24051,4176,1025,-3618,4239,1741,-15993,14504,5686
-8314,3824,-1752,-9966,1180,4096,-1582,4251,4313,-680,2733,7376
-986,-238,962,2257,704,5184,3842,2073,1501,3049,-1950,5713
904,744,1344,6152,3259,1538,5986,1349,1669,7363,-97,3664
-396,4412,-68,172,517,4232,5794,5479,-115,8413,-2579,4605
7014,108,-2824,1267,97,256,9272,8975,-2925,5018,1713,125
6790,7528,-4136,8,1220,-3280,6686,7697,-3013,-26,5302,-3331
1134,6424,-3656,0,128,-7099,6470,6567,-3699,1210,1030,-4865
614,3888,-5154,-1974,3104,-7524,5236,4939,-5067,-283,-1057,-6515
2966,3904,-6078,-1880,2097,-7167,3448,4139,-5171,-2133,-2045,-6970
-1432,1328,-6216,4,1925,-6888,2756,3487,-4571,-3949,-2152,-6280
-312,1802,-6216,-6114,1029,-7422,-552,2891,-6033,-5904,-2355,-6273
-9474,5448,-1096,-10992,2,-3838,-8120,-2241,-637,-9096,431,-2404
-8598,360,-1780,-16384,3200,64,-4136,1403,-3953,-16144,4108,650
-17250,1784,-1864,-20480,30,8705,-10634,-5059,4941,-18943,4147,10408
-9494,-238,-2070,-6272,1024,136,-4274,3267,10019,-5163,5440,11969
622,-160,-1848,-15976,69,4164,1034,2047,2845,-14124,8943,12907
-922,-20,4648,-10184,1106,78,3560,767,4507,-1203,3057,10899
952,-144,-1984,6438,1552,4716,5488,2885,2071,7045,1840,6372
6886,7272,-1960,88,1125,5120,9268,8529,1879,6666,1751,5620
-130,5864,-1510,512,4393,512,6940,7603,-1505,2863,4689,1382
648,5868,-4168,1488,4162,32,6564,6487,-3629,1558,5947,-772
1126,6202,-5172,1258,6228,-3544,6230,6199,-5323,1202,6294,-3575
-922,3834,-7978,-4852,0,-4052,4410,5925,-6407,-345,451,-3913
-408,5352,-8244,-6630,16,-4200,3740,5649,-6461,-2401,2512,-4260
2730,1804,-6088,-4307,5133,-4989,3792,3071,-5891,-4135,-452,-4724
-1234,248,-7070,-5048,6169,-4832,826,2367,-6369,-4908,-1856,-4182
-8310,-208,-2116,-14205,4488,-6528,-4586,311,-2135,-10211,5397,-2410
-8342,1968,2528,-24286,2280,-2011,-2910,3341,1883,-21197,16458,-1102
-9306,4094,-1862,-32374,224,64,-10516,-4797,-1873,-28521,17567,546
-17794,1964,2206,-9144,1440,1,-10688,-4933,3519,-8076,1374,8654
-1362,1784,7424,-14208,1088,2501,-556,3105,7635,-6045,1367,11747
-244,3976,4568,-8154,1040,142,4212,4091,4399,-3550,5037,9255
-792,882,188,4,2387,788,5008,1761,441,7070,-1878,8938
7960,6938,602,8212,72,2057,8300,7325,603,10493,-3441,2720
7526,3896,-3132,5232,2448,1137,7680,6479,-2747,7507,-492,-596
6806,5106,-3976,4115,775,0,6812,5717,-4053,4076,3084,-3269
-888,3890,-5192,2376,672,-4064,5388,5973,-4881,2423,2349,-2648
174,5864,-6856,1166,100,-7680,4298,6955,-6291,1279,202,-4283
-1426,3820,-7078,33,2736,-5622,2796,6047,-6371,-1928,-343,-5513
1382,4658,-7102,2304,1050,-5888,2504,4649,-6817,-5475,-186,-5795
1158,1000,-6212,640,297,-5100,1534,3213,-5961,-6429,-3923,-4739
-1394,808,-5314,2052,1300,-7055,-412,1177,-5105,-9019,-2493,-2797
-5466,4328,-2104,-14320,1028,129,-3048,-3635,-4659,-13820,3614,1240
-8602,10728,-2888,-16320,65,4,-6756,-1143,-1845,-13333,4272,2659
-9570,-222,6844,-14208,4112,4160,-9336,1041,7045,-14267,4429,5766
-8594,-212,-1464,-23540,642,7745,-6396,1455,6563,-20147,10689,7712
-6802,3916,-2056,-9943,5154,544,-2878,-2099,8195,-8331,4757,11500
-1370,3054,-1736,322,8328,4096,3880,-49,1491,-11349,9140,15906
-264,2920,-584,-7976,15428,2712,3562,2741,3145,-4421,14691,10778
6758,5980,-2016,560,6209,2852,6504,6233,3629,3954,6023,6733
6942,3852,-1330,20,9286,2816,8374,5303,-1607,4364,-727,2620
358,5124,-1598,134,1024,2080,6474,5397,-1483,2735,1049,-1053
-778,5898,-4038,5153,0,-3476,5348,6345,-2629,5539,996,-3600
-1386,4138,-5700,1285,4616,-5104,4102,5871,-3823,3145,-1731,-4419
-1034,5176,-4134,1408,18,-4004,3212,5273,-4581,1602,-2850,-4052
1638,2282,-5190,-3536,-2416,-7424,1976,3489,-3329,-768,-1665,-5271
-1306,-248,-6070,-7666,1041,-2752,-562,1885,-4805,-5665,-686,-2394
-5368,794,-3652,-11262,384,128,-2438,715,-2591,-8449,1506,398
-8582,5932,-2104,-12244,66,1024,-3752,-215,-1561,-11617,4619,3918
-7578,-116,1016,-22365,520,768,-4022,5711,2019,-18161,11386,3057
-9598,3822,-2120,-24311,8262,1040,-7514,4627,3677,-18561,14479,3565
-9498,4842,-1864,-14332,6273,3976,-8292,-1303,323,-13718,5736,8487
-1178,1258,-1480,-4964,896,68,1720,-1519,5811,-2793,2101,11359
1640,-216,-1864,2880,1024,128,2694,273,1299,3820,630,10881
1638,560,-1952,9231,0,72,6502,3411,833,11978,-6154,8513
6822,-248,-1000,8202,4149,18,9036,8565,-949,8018,-2157,4192
-330,5712,-3896,66,4168,107,6922,7955,-3545,5405,-1500,-104
234,4840,-4612,2,1024,-4084,6314,7347,-4629,84,1159,-3758
614,5356,-4872,-4026,768,-6067,4736,5253,-4477,-3293,752,-6041
652,4330,-5176,-4048,2272,-8149,5758,5827,-4891,-1140,-743,-5459
-1306,4860,-5444,-2814,2818,-4984,1878,6191,-6071,-3360,-936,-4981
1654,3818,-3600,-9840,134,-8167,2440,5527,-3277,-9338,3899,-5590
-6522,8,-2120,-7935,4108,-4862,-2182,867,-1995,-7594,5299,-4654
-5498,-270,-1604,-8182,396,-3319,-2754,461,-1715,-6935,3150,-2673
-4750,3330,1538,-14288,65,2592,-2366,-321,1029,-13048,2228,2876
-1026,7992,3004,-20347,40,4228,-2044,-1475,3659,-19352,11669,4921
-6806,-20,1976,-23547,6161,741,-6908,1953,2487,-17409,14845,8167
-9562,4072,4280,-10998,0,3746,-4682,4903,4371,-10920,10203,8280
-8018,-144,2506,-11764,513,98,-1614,2097,2635,-8413,4607,8483
1192,4852,2232,828,1092,1544,2104,-1003,2225,2015,-1679,9682
7814,6122,4028,17476,265,8,12632,1531,4553,16912,-6237,9507
8298,5912,-834,1035,64,40,8644,7201,-811,5336,878,722
236,3890,-4144,2080,2176,-2800,6516,5291,-3353,2164,6528,-2715
-362,4588,-6142,324,306,-4015,5948,6029,-6087,2018,5121,-3567
-1402,4322,-7464,-4096,328,-8188,3328,5861,-6929,-2327,183,-8076
-1350,5430,-6212,-6044,24,-7151,3884,5967,-6181,-5605,2124,-7270
-1428,402,-7748,-6014,516,-12008,794,3429,-6643,-5803,2479,-8921
-5258,5498,-4136,49,768,-7678,-2300,-595,-3755,-6328,711,-7134
-8052,5878,-4134,-8152,528,-4000,-3532,-1539,-4231,-8370,975,-2273
-8598,7064,-4542,-16078,85,832,-3866,-1049,-4187,-13136,945,1098
-7064,10,-1600,-20447,37,64,-2688,273,-1431,-17329,5516,2805
-9608,6696,-2104,-24288,2914,2066,-5876,-1293,79,-21356,11646,3368
-16466,4874,-1992,-16280,2144,5152,-9616,-2655,2595,-12759,5513,6014
-8090,80,-2072,-6016,928,33,-3542,499,4797,-6104,-676,11543
746,-184,-1016,-14772,3338,1024,2662,2239,3093,-8370,4207,12051
1958,744,-1992,-9790,84,526,2592,1169,2053,-1135,6331,9098
-1402,1850,632,388,1195,4113,4614,3769,577,9149,-3315,6580
-872,-272,66,6336,1024,29,6768,8871,-81,7270,-4894,2875
7142,4594,-4048,26,5340,108,7152,6673,-2913,2499,129,-2262
742,3880,-5576,-5755,2057,-4032,4644,4809,-4003,-175,2706,-3780
1136,4846,-4744,-2752,196,-3504,5364,5853,-4909,-35,1058,-3267
-920,5160,-6086,-3840,2096,-7360,3608,5865,-5531,-3416,2500,-5212
1774,4208,-5694,-10111,60,-8192,1826,4203,-5489,-10523,10268,-6934
-7540,-216,-6200,-7936,578,-8095,-3204,947,-5961,-7355,3960,-5364
-9114,-152,-2120,-10240,1028,-2688,-5748,-4281,-2937,-9906,815,439
-9584,-200,-2888,-12219,513,384,-4552,339,-2367,-12545,1056,4043
-8704,746,184,-16376,4560,4328,-4092,6515,-239,-14675,4863,4243
-9622,-16,4060,-15854,3,3720,-8938,2139,3877,-10108,2949,4516
-9226,2832,-1608,-16019,2,719,-3590,-1175,835,-15456,4077,9853
1142,3876,4344,-8190,0,69,2708,-91,4453,-6246,853,10298
8806,4968,-1840,1064,75,144,12840,-5909,6835,2104,6832,14602
-1432,4368,-1724,1536,66,3,5100,4517,3297,2208,5111,9439
742,3888,-2104,8260,4354,672,6238,5575,1,10635,-2150,4861
8422,-152,58,2371,3452,0,8702,8123,-19,6070,462,1037
6886,-88,-3846,2182,16,-3580,7030,6719,-2993,2042,3584,-2270
1126,6028,-5572,-5882,80,-8175,5608,6483,-5417,-339,2547,-5100
-1298,4348,-5700,-6088,2560,-7167,3790,5721,-4443,-1604,-1565,-6624
-1006,4140,-5942,-7384,34,-6383,3010,4817,-3615,-3411,-1701,-6175
160,2296,-5960,-4411,2640,-4591,624,3171,-3899,-159,-4728,-4381
-5260,-280,-4936,-4304,1025,-1742,-1842,971,-2569,-4435,-2561,-1278
-5514,3820,200,-12216,1028,2664,-4518,-1713,1671,-9253,1746,2911
2750,-244,-1456,-20472,432,6340,3132,-577,1577,-19341,9406,6884
-9294,2064,968,-11904,300,9880,-3804,9671,4415,-11822,11269,9461
-8542,1834,-2006,-22456,20,1541,-6328,3185,2337,-17183,15694,6099
-1148,-22,-2070,-6656,6208,0,-172,4635,6145,-4191,7127,8047
1162,2032,1468,2242,1028,4099,4100,-1325,3075,4537,-1907,7597
6766,48,-1352,12801,-9195,4484,8728,4387,2309,14411,-8159,4201
7078,5960,-1096,8336,3140,3105,7588,6265,-1223,9342,-4118,-990
-378,4970,-3516,425,4372,2329,5860,5121,-3237,4993,-497,-5249
-1398,3816,-4036,-3435,1540,-8059,4306,5283,-3201,-231,1943,-7101
-1296,4520,-5176,-3935,104,-8063,3008,4597,-4701,-334,-76,-7979
646,1784,-5124,-5376,3072,-7087,518,2763,-4907,-5611,-427,-6718
-7290,890,-5960,-6120,2081,-7552,-2114,1351,-5029,-5965,-671,-3312
-1402,752,-6212,-10178,40,-4093,-450,647,-6031,-9001,639,-940
-7014,5996,-4162,-16109,2392,2328,-2574,-1977,-2647,-14492,-1028,6672
-5528,3976,4034,-24304,5858,38,-3420,-3293,4801,-19826,6216,7902
-9610,4378,6168,-16376,8202,10912,-6298,-3319,5905,-14906,9860,11188
-9308,8108,6264,-16096,8510,576,-3772,-1699,6829,-15293,9340,14397
-7546,-280,9144,-14782,3840,13840,-2564,3955,9889,-14292,12256,13807
-9618,1800,7464,-7936,557,585,-2584,2815,7261,-7245,10360,12247
-1434,-84,-1478,128,-6863,2225,2586,1403,3403,2897,-780,11899
-4470,3304,2112,2128,-3760,6152,7080,3575,2735,10957,-3792,7048
7144,4872,258,8579,8449,768,8374,5721,433,12678,-809,613
7112,4392,-1800,6690,9216,-2654,7346,4663,-2935,7732,-636,-2398
1158,816,-3576,1288,420,-3951,5444,3475,-3899,1522,4826,-3835
1770,5898,-6088,2048,4102,-5054,6096,6413,-4987,2341,4968,-5375
-1398,4872,-9150,-11920,522,-7152,3794,5035,-6633,-236,643,-6048
-1016,3850,-8344,-14077,0,-6110,3072,5631,-6373,-5002,250,-6128
-1050,488,-5584,-6142,-6016,-6652,78,1657,-6037,-1752,-6623,-4354
-4934,6962,-5830,-8359,6,532,-1708,-853,-3605,-8896,-6580,1139
-4506,4840,-2030,-13662,716,4168,-1694,-435,-1169,-13474,-991,4418
-6090,4268,760,-16247,128,4163,-1804,-2405,725,-14217,5705,8131
-9466,-280,6080,-16116,224,171,-3780,2939,7691,-16143,11233,10018
-9594,-280,-2046,-16192,4490,529,-2634,7699,8657,-13039,13369,8703
-9226,776,-1480,-8088,576,3155,-1478,1307,7951,-4750,6432,12102
1256,-280,-1952,42,4096,4101,5348,787,4041,2412,6875,12269
6790,808,-2080,1924,3594,2176,8224,3935,3981,8471,4043,10249
7446,5034,-1096,9104,2560,4136,8188,5967,-1059,12412,-1894,7289
6902,880,-3060,8192,1221,520,10974,9619,-2549,8910,1700,272
7786,7144,-3368,4376,512,-4096,8352,7241,-3259,4977,3876,-3462
8310,6952,-4424,1682,536,-5516,8434,6937,-4505,3752,925,-5539
6790,4140,-5958,1794,88,-8183,6830,5443,-5927,1564,1576,-8403
-1432,4436,-7044,-3584,4377,-8959,3858,4313,-7079,-2354,-3828,-8635
-1434,1836,-7976,-3824,4353,-8192,2780,3209,-7037,-3913,-2857,-8145
-1358,504,-4932,-5104,4256,-8190,122,399,-4713,-4831,-3048,-7939
-7246,4136,-6080,-7934,548,-5880,-3064,-2023,-3547,-6142,-7351,-1185
-5464,4924,2540,-16256,1088,1028,-3080,-655,2785,-13382,410,3494
-4496,2422,4240,-24439,482,6,-2442,-2223,5033,-20588,9358,4417
-7536,6396,-2110,-12287,0,13096,-5814,-359,5673,-12396,6964,15148
-8570,8,-1862,-16249,1163,0,-1894,4945,7405,-11804,11693,13099
-9218,4408,-2084,-16110,3651,4,-3030,4749,3961,-6652,11161,10857
-856,3880,3562,1050,6160,64,1982,3883,3551,4406,-2664,9919
874,-240,954,1570,2049,5176,6184,3773,771,11563,-4767,5090
6762,5996,-1992,7185,1188,576,8958,7967,-2025,7471,21,705
6764,3900,-5688,2602,2322,4194,7014,4653,-4305,2652,-1757,-3583
614,4584,-6216,-7612,1573,224,6170,4635,-4549,-3536,2430,-6082
902,4844,-5960,-3179,868,-6880,4954,4773,-5061,-939,4721,-6667
-1426,4362,-5990,-3583,5057,-6109,3396,4511,-5947,-4000,-2138,-5672
-1434,-276,-6200,-8064,4608,-8048,-1272,-279,-4837,-6926,-1298,-2800
-7192,5480,-2120,-4051,2536,-4076,-3312,-115,-2791,-3812,-398,-2292
-5334,5358,212,-11263,6657,4376,-4160,-419,675,-11631,-32,5625
-5398,856,3514,-24256,128,6176,-4710,-3935,4315,-22655,9237,6744
-8538,11520,-1598,-11952,450,12434,-2400,271,7421,-11651,9749,12762
-9624,2280,6680,-16372,3538,272,-4852,2659,7005,-14681,11408,12090
-1144,1838,-1606,-12282,6824,1032,-594,3597,7497,-3299,7851,9536
2696,3884,3392,1856,0,16,3756,-187,4101,6683,-3422,8342
8046,-188,1480,7944,260,131,8182,5925,949,7719,-89,4021
6876,5896,-3142,1842,71,2097,6690,6257,-2399,3757,8430,-2106
-854,4892,-2754,161,5504,2,4902,5535,-2701,2675,5846,-3581
762,5738,-5440,-4880,1316,-5100,5390,5977,-4327,-188,1187,-4900
-826,3830,-6212,-4096,2624,-6264,3256,4313,-5287,-3605,-1312,-6070
-266,104,-5928,-8006,2048,-7006,64,2189,-4195,-4652,-2080,-4866
-1434,776,-4104,-7888,1120,-3516,-1240,603,-3067,-6016,-738,-2043
-5434,-182,-2118,-10367,280,1200,-2146,-159,-2059,-10563,316,4337
-1416,-276,956,-19835,9,4610,-966,-123,1667,-17593,4205,7943
-7274,-270,-1380,-15289,1540,8721,-2714,1447,3487,-15780,10760,10746
-9306,-248,8640,-16384,4314,8616,-3282,4175,8715,-13317,14710,9195
-1434,4090,-1864,-6109,3664,608,-616,5477,8085,-5695,11906,9730
-1050,2024,-2022,-7104,5121,640,1288,2187,3327,-483,7702,8898
806,456,1088,8812,-1383,1923,5394,1163,1479,11399,-1419,6033
8806,-280,-1984,9736,386,1057,8718,8135,-1637,9233,-339,1130
7302,5352,-3592,192,5188,1162,7300,5761,-4503,1756,-433,-2793
616,3976,-5160,304,18,-4571,5678,5407,-4683,942,2240,-4725
-1114,3944,-6184,-7680,1024,-7040,3458,4711,-6003,-556,1355,-6316
-1374,3864,-5704,-6967,4148,-5848,2722,3985,-5655,-4410,-1645,-5026
-580,-214,-6152,-5632,2081,-3823,722,1989,-4939,-4441,-1177,-3700
-232,1906,-6056,-5632,2560,-3168,280,2475,-6135,-5216,-819,-2830
-838,-280,-4168,-12190,0,192,-952,163,-3393,-9609,-3090,924
-5402,3820,-1770,-11168,2304,4305,-870,-1047,-73,-10996,-4435,4421
-7576,5096,6072,-10720,5,8337,-7030,-3001,3353,-8614,14,10028
-9072,-160,-1726,-16190,592,9733,-4502,2217,9453,-13708,9261,9766
-9362,5384,-2052,-6656,8466,1208,-2550,5757,12653,-6225,11702,9709
630,840,4840,-7127,281,258,928,943,4705,-2661,9031,8758
1374,-232,-1952,4108,280,3168,5584,1601,2175,4596,4353,7565
6792,4460,-2056,2048,1538,3106,6956,4929,-1811,6999,3581,2987
-154,3912,-2112,291,2343,816,6584,5077,-3439,5345,-482,727
-374,5864,-4776,1548,48,-1272,6258,5965,-4327,1467,2804,-1302
-1012,4080,-5124,-4544,169,-4088,5378,5441,-4673,-297,4541,-3076
-1176,5288,-5430,-6653,2,-4032,3938,5611,-4803,-2407,1113,-3173
-1432,5132,-6682,-7671,2906,-3692,1476,5603,-6337,-6599,-11,-3076
-1176,168,-3912,-11902,2048,-4095,-1108,489,-2293,-10340,2162,-3073
-7066,1000,-1660,-8141,1538,-2543,-2910,895,-1675,-7737,1731,3
166,-276,-1512,-22003,6408,1806,166,2197,-721,-21835,8719,3979
-9530,8616,2492,-24255,8262,4142,-5740,-2551,2865,-21443,16104,6493
-7290,1784,-2114,-3936,0,9881,-7612,3197,4893,-3798,5467,10076
-9114,744,-1062,-7936,8,14560,-3114,951,5541,-3359,-241,14707
2410,3880,-2116,2,4352,2128,6562,6087,4327,3921,5449,10307
7814,3888,-776,5888,32,4676,7978,4801,-499,8311,-756,6576
7918,4430,-1542,132,5331,1025,8754,6563,-1643,8994,-2266,1394
6822,6896,-3944,4504,320,5152,9248,7237,-3635,5320,2595,-3066
7786,5864,-6204,2066,2393,2084,7916,6973,-5067,2666,2392,-5243
1670,5516,-6202,70,768,-7166,6382,5559,-5215,411,976,-7063
-1098,3816,-5832,-2279,2309,-8032,4110,4325,-5787,-2420,2965,-7770
806,1644,-7880,-5567,128,-7980,1842,3825,-7861,-4481,1951,-6898
-122,-218,-6216,-7414,2122,-6112,428,1813,-5905,-6374,-578,-5525
-4982,1776,-6072,-16384,1031,-4863,-3008,-2581,-5879,-16401,3475,106
-9290,-184,-2116,-15100,5633,540,-5270,457,-2729,-14693,5630,808
-17560,-240,8384,-14336,29,2056,-9886,1889,8973,-14031,8944,3288
-16230,3816,-2104,-15724,770,4616,-10710,-3613,5031,-9296,473,8718
970,2024,-2120,-8124,72,1060,2066,2021,1525,-4247,3702,11560
7150,-16,-1992,-8029,522,2048,8378,4223,3761,-1863,12645,10825
8078,3816,824,1040,3464,4642,8384,4727,461,5520,3220,6846
7146,5868,-2120,8225,4160,452,9190,6519,-2333,8039,-1072,1708
6846,4392,-3816,4360,4704,472,8318,7621,-3777,4250,86,-1799
6760,6008,-5696,1030,148,34,6864,6921,-4515,893,363,-4026
-902,6536,-3944,-3795,268,-6139,5634,6603,-3971,-529,-1692,-4936
-1432,4460,-5704,-4023,2614,-6395,4022,5391,-4407,-2737,75,-6301
616,4082,-6152,-7999,641,-6847,1214,4749,-5601,-6002,1850,-6138
-290,810,-3630,-7799,1749,-8192,-330,3685,-3427,-6749,1808,-5357
-5306,748,-532,-10080,112,-5856,-4920,873,-433,-10345,4720,-1299
-9084,-264,-2096,-16284,4098,18,-5234,133,1027,-16244,14890,1576
774,4620,-896,-28138,4624,3,912,-3391,-3053,-25632,14549,6863
-9110,7962,4560,-5879,2560,8884,-4622,10761,6037,-610,2722,8746
-8402,5608,-3992,-16123,328,5382,-3598,5779,-1445,-12277,7224,7667
-7898,-248,3588,-5304,6216,1284,-912,4523,4049,-3340,-1471,8071
-602,-14,-1096,4355,64,1349,5438,-959,2209,8061,-4459,6246
8904,5482,2512,2728,-3716,4394,9074,5877,2863,7747,-503,4832
6758,6636,-2632,6168,1,2080,8068,6949,-2603,6169,2542,2098
7014,7408,-3576,2192,1216,4305,7410,7307,-3597,3029,5923,-1979
-210,5956,-4422,192,4098,10,6254,6725,-4275,17,6413,-3496
998,3818,-2114,-5632,4539,-4606,5242,6025,-4209,-1397,4938,-4166
-914,3986,-5240,-6112,1034,-6086,4326,5605,-4329,-2133,3212,-4679
-1428,4480,-5768,-4974,4096,-8032,3396,6079,-4567,-5012,6004,-4945
776,3912,-5952,-14304,4391,-3708,1968,5279,-5677,-9936,7129,-3647
998,4204,-6216,-7125,608,-4092,1614,4771,-5781,-6810,4601,-4155
-1428,748,-6166,-8105,2054,-3975,1278,3865,-4973,-4906,-1979,-3215
-62,592,-5168,-7286,0,-2001,-202,1643,-4077,-5977,-5309,-1232
-5498,328,28,-8064,3075,232,-2480,425,463,-6362,-4259,1464
838,830,2248,-15999,4356,4112,1226,1635,2253,-14576,6842,4463
-9242,1824,7744,-10080,5124,6688,-4672,4013,8483,-7712,7310,7934
-9338,6904,-2096,-8178,1059,6661,-3842,7431,1477,-8424,9214,7816
-7554,3948,-1864,-6068,4137,40,-1180,4881,6881,-4950,4009,9028
-1330,4268,4168,267,1680,1024,5380,3177,4093,5061,1512,6668
7480,-150,-1542,1130,56,4369,7762,3669,-437,8031,-884,4613
7862,4904,-1884,65,11,1190,7728,5495,-1645,7085,377,1723
7662,4846,-3912,49,2596,2624,7778,7019,-3827,4873,2766,-1573
712,3946,-5192,2638,2816,2051,6846,6867,-5027,2457,3975,-4294
-730,5946,-6152,260,2592,-5487,5340,6953,-5407,421,2814,-5310
-1408,6382,-5574,68,4352,-8157,3740,6363,-5415,108,-242,-6226
-986,4112,-6152,-8169,5252,-8064,3138,5387,-5171,-4318,-217,-6370
614,744,-6200,-8158,146,-6606,650,2963,-4985,-8003,1649,-6227
-648,-216,-4164,-6768,1298,-8191,-330,2133,-4109,-6940,1710,-3759
-6536,-214,-4136,-10870,3865,-5376,-2006,1447,-3627,-11054,4154,-930
-5526,-88,-2632,-16118,5634,1352,-3596,-25,-2423,-12281,5705,2214
-8038,3880,-1928,-15328,656,4864,-3800,-2663,109,-12796,3775,7362
-1426,1000,-2092,-16272,4418,8483,-590,1821,5891,-13070,7352,11121
-1306,2538,2050,-23599,16,5463,30,10821,2361,-20737,17524,6887
-9018,248,3080,-16320,2130,7881,-8950,167,3971,-14720,13292,8469
-5778,2346,5996,-6512,42,64,-1144,1915,6115,674,1853,10531
618,-184,3772,5377,2433,1027,4626,2301,2855,5600,2242,9416
7304,4372,1034,5145,2048,6276,7930,4919,1487,7090,2583,6939
6766,4396,-2102,112,6160,2608,6910,5691,-2037,4223,6450,3442
7110,7088,-3654,5126,4282,513,8586,7521,-3695,5313,5556,347
7330,7560,-6210,16,4160,1300,7328,7641,-4711,2571,4038,-2277
-266,7400,-5192,17,512,16,6392,7519,-5275,1215,1298,-4138
678,5880,-4872,-3583,4290,20,5750,6195,-4883,-591,-266,-5830
-1152,4912,-6072,-3328,314,-7680,3758,5057,-4911,-3398,455,-7644
-1434,4016,-6088,-7152,596,-8063,3318,3953,-4891,-6472,833,-6496
2166,760,-6216,-6828,1056,-6586,2150,3011,-6153,-6585,1501,-6362
-808,826,-5636,-10116,1,-7167,-1082,325,-4169,-8859,-2433,-4254
-9362,-280,-40,-12252,3604,-3968,-5288,665,273,-10472,123,-182
-642,-116,-1952,-21497,2054,68,-1190,277,-829,-22023,12263,1134
-17232,8626,2556,-14304,515,8416,-9508,-2601,2889,-13843,10831,9781
-8444,-214,5224,-9919,42,9523,-4040,8083,5661,-9740,10225,9253
-8826,4090,-1928,-15781,6146,48,-2696,6729,681,-14369,7584,9411
-392,1768,-2120,-7552,16,1024,1398,1009,4601,-1735,1205,9722
-410,-280,1122,3330,408,0,4900,1443,1437,8335,-6973,8399
6858,1258,-2118,8706,37,741,8020,4077,521,10753,-5220,4598
616,3880,-2112,5782,100,1168,6696,5959,-1719,5784,1816,1029
7270,6184,-3144,4258,0,1280,7516,7597,-3331,3830,3868,-2500
-1256,5864,-5144,329,37,2433,6046,6621,-4623,182,2958,-4270
-1402,6450,-5536,-8160,216,546,5248,6483,-4523,-1569,613,-5208
-1426,3888,-4152,-8152,3641,19,4014,5441,-4023,-3769,-146,-6132
1264,4362,-4088,-12128,0,-4964,2256,4261,-4207,-10654,2073,-4686
-1306,232,-1790,-14166,657,-3540,-1426,199,-933,-12003,6454,-1833
-6042,-238,-4296,-9597,8747,-2800,-1446,2517,-2265,-9820,10468,-104
-5258,-20,-4168,260,12292,785,-1510,2573,-3435,-15295,12292,2194
-1176,-210,-3952,-23782,13377,3344,-198,2407,-3377,-24194,13887,3674
-7574,-278,4120,-12288,578,4136,-6928,2555,5503,-10176,9645,7496
-9610,1032,-64,-11868,1288,2834,-4578,6143,499,-10651,10476,8001
-7968,236,3064,-12288,1028,6179,-3522,4583,3949,-7967,4647,7414
-1400,4106,-1848,152,1032,7192,-422,4403,4217,978,1387,7065
-1432,2864,1276,2244,9348,2048,3106,2989,1009,3934,-3067,6374
-1290,292,-2088,6210,-3037,4624,5182,2635,741,7135,-587,4814
6782,4584,-2118,2688,1228,1408,7580,4911,-1209,10654,-1900,4015
7494,3050,-836,4768,33,2050,7418,6983,-4925,5580,1647,-572
-392,3956,-5090,580,1504,-3755,6524,4931,-5059,2468,1861,-3482
2726,3836,-1960,-7720,4353,-7534,5532,6177,-6025,-837,4462,-5524
636,5864,-8232,-7110,2849,-7648,4990,6851,-6643,-2882,2533,-5366
-1162,-262,-8820,-7696,752,-6975,3428,5695,-6289,-2746,-3733,-6029
1766,4376,-6184,-16376,33,-6112,2558,4721,-5055,-7831,-2925,-5549
138,-174,-4116,-15799,-2892,-4992,186,1941,-3323,-9313,-2957,-4289
-1334,748,-2104,-13808,-3063,257,-828,1271,-1763,-8773,-2019,-1503
-1392,-276,-1864,-13304,3329,192,-1248,807,-41,-13664,4079,777
-810,4328,-2118,-20448,0,1041,-422,-1477,145,-20397,12974,3795
-9358,12312,4160,-16183,2,2160,-8526,-2973,4977,-14312,10870,7529
-7062,-276,2682,-11659,8452,8324,-7300,6295,3305,-10210,10313,8603
-9522,5106,-1736,-15163,8232,8493,-5286,4771,3495,-14101,8480,8565
-7578,-146,4680,-7910,81,1188,-1072,2591,5503,-3728,4231,9670
2674,-262,1988,1184,1030,13,3150,867,2367,1315,806,9248
1648,-176,2194,6378,2134,396,6916,2295,2337,6531,2462,9328
-5702,4840,-2120,8731,38,5168,6778,5417,-287,10068,252,5173
7110,4840,-1480,0,12290,36,7856,7039,-2139,6879,-1268,338
440,3960,-1480,2176,6912,-3071,6754,6225,-3427,3155,8,-3113
1274,5912,-6216,1536,2,-8000,5484,6101,-5267,1714,-252,-4675
-1430,-272,-5338,-5584,-1886,-8061,3988,5793,-5159,-1355,-1543,-4459
-1234,3840,-6080,-5596,48,-7616,2920,5417,-5407,-4773,-108,-4111
-858,3852,-6080,-6907,1312,-3998,1624,4247,-4913,-6361,-695,-3793
-1302,804,-4104,-7584,1025,-2622,744,3165,-3503,-6703,-2264,-2526
-1010,794,-2120,-7424,1158,-3712,-1006,1037,-1547,-7363,-311,-1434
-5010,-232,-1608,-15091,289,106,-2748,29,-393,-10362,4350,1625
-1434,1896,480,-16106,214,1806,136,2511,527,-12723,1519,6166
-9484,268,10202,-7166,1424,8464,-8050,3837,5763,-6818,1940,9323
-1418,-22,8274,-21884,5650,1284,-2244,2891,8265,-16670,14683,9379
-7442,5888,-1288,-7867,10836,8,-1638,5839,9767,-6817,15251,9158
1194,194,4056,-3438,32,64,1764,3455,4005,-1372,5572,9566
-922,2302,476,36,4497,1352,4554,2507,1679,3068,5567,7409
660,2800,-2118,266,6,1369,6416,3271,-517,4845,4758,5810
7504,5032,-1702,5129,4128,2050,7574,7151,-1727,5026,5998,2753
7558,4890,-4138,40,2368,-1022,7676,6977,-3733,3418,4108,-561
1702,4384,-6100,8,4,-4096,6410,5523,-4411,185,4388,-2390
1686,5340,-5944,12,3968,-4032,6188,5915,-4899,1034,3938,-3636
166,4076,-5636,-5628,1056,-8044,4214,6247,-5367,-1385,964,-5823
1630,3880,-6020,-4472,1029,-6910,2678,5859,-5599,-4472,1299,-6317
-626,1784,-5048,-4078,2835,-7672,-498,2945,-4883,-3024,-1643,-6272
-1146,2280,-3998,-5497,2668,-4095,-1218,2975,-3679,-5730,-4302,-3711
-4506,48,-1528,-15918,5636,5,-4166,-493,285,-8910,54,646
-1418,752,-2024,-15836,6305,3072,1678,779,-1775,-15418,6749,3443
-7994,8186,1984,-20960,9286,8216,-3606,225,3953,-16379,11389,8955
-7544,8040,2936,-16384,4400,1196,-2878,10103,2417,-11760,12789,5182
-9444,234,-320,-14946,2,5160,-5178,1837,2565,-13328,8206,7222
-1046,504,4024,1073,-1972,528,1818,2663,4165,1354,-328,6797
-1338,-258,1978,1252,42,514,5326,2077,2639,4516,562,6829
-922,3946,216,1088,20,4097,4802,4781,-67,5791,1040,5101
-526,4332,-1960,0,2560,2056,5692,5949,-1173,4942,2925,2379
-8,6168,-2120,160,1,585,6408,7069,-1655,2947,3526,550
-406,5882,-4144,413,275,-2687,5870,7203,-3665,2016,2755,-2304
870,4154,-5176,-1022,41,-4600,5192,6199,-4903,-377,2064,-4545
-1050,3818,-5960,-4094,5,-6136,3798,5421,-4725,-3331,745,-5664
1394,4276,-5896,-5354,224,-5220,2458,5161,-4861,-5110,798,-5206
-1306,1800,-5474,-3560,4144,-6118,-530,1767,-4437,-3712,-2097,-4706
-4504,3820,-2052,16,153,1097,-2282,-659,-651,-10601,942,1394
-378,3866,-2000,580,265,2130,-248,-1305,-935,-21760,13648,4251
-9306,746,4696,-12544,544,8200,-4854,1587,5379,-11483,10620,8465
-9306,9000,900,-11648,1668,4104,-5256,9075,611,-8864,9880,5822
-9620,4330,1984,-16046,576,2,-4666,5341,2853,-10882,5403,5905
-1162,2120,-2096,-8188,306,4326,14,2085,2991,-813,92,6583
1190,-22,-2094,192,2592,4689,5116,2371,1965,4000,2622,6217
6758,4846,2092,5712,525,4608,6538,5715,1957,5481,1879,5853
7798,-152,-2006,324,4355,648,8028,6487,-2135,4230,4763,2382
358,5928,-3880,624,1,4258,6886,6713,-3187,584,4176,-149
-730,4104,-3524,258,3584,568,5760,5761,-3557,330,3704,-3320
702,5504,-5688,-5600,64,-4864,5158,5853,-4251,-1230,1086,-5005
1190,3888,-4676,-6624,4161,-7040,2612,5355,-4423,-4741,-2913,-4406
886,3816,-5320,-6010,129,-8187,1062,4095,-3053,-5243,273,-5178
-218,1002,-3652,-6080,217,-3488,-44,3971,-3417,-5790,448,-3255
-4346,-272,-3272,-11736,1556,144,-2262,-79,-1803,-12029,-80,1538
-4498,1274,4056,128,2418,2082,-1342,1497,4383,-16294,8752,2861
-9484,3898,-1864,320,2057,8193,-7450,-2451,4875,-5370,6895,11902
-1386,776,-1800,-12503,4136,4110,-1416,7493,4599,-12316,13838,7865
-922,3842,-2096,-6052,199,7168,-602,4813,3867,-4332,8524,7180
646,240,-1164,1153,5778,356,2204,2923,1749,3550,-2876,6946
638,874,-1544,4360,-6399,5280,5338,3177,639,7004,-6360,5616
6886,-264,-840,4816,-4062,2072,7108,4307,-1227,4922,-3024,2234
-1434,3826,440,0,1321,324,5622,4961,-3207,1442,5008,454
-3434,776,-1608,4,2048,2076,5664,5609,-3411,2472,3802,-1106
-136,3848,-2120,134,1383,-1948,4694,5045,-4051,194,1572,-1659
630,6094,-1844,3,1168,-4095,5120,6897,-4415,105,3841,-3229
2670,-202,-6120,-6096,64,-3831,3048,6799,-4871,-2106,-306,-3666
2814,4410,-5894,-7424,1441,-7584,2826,5665,-3201,-5601,-426,-4567
1126,1288,-1536,-8060,97,-6654,1416,3563,-1435,-7568,3184,-4518
-1294,1256,-2114,-15824,8292,-7406,1636,3729,-1869,-9876,9525,-4351
-1434,1784,-5138,-8158,4096,-4089,-52,2833,-4541,-6950,6126,-3125
-8594,6576,-6064,-6912,144,26,-3890,-1655,-4959,-6937,-134,921
-7492,90,-4934,-15152,128,2049,-3158,465,-4109,-15793,4920,3063
-8730,3996,-1028,-23487,8171,1353,-7640,-1993,-617,-18583,8190,3996
-7536,3824,3264,-23007,5376,614,-6878,-1175,3605,-18518,7147,5146
-6936,4080,6360,-15231,768,1024,-6464,-2191,6663,-9731,545,9950
-986,-152,5636,-12796,2564,4384,626,-39,5215,-4573,2864,12709
-402,1768,4408,1024,5,2276,3864,2071,4849,1901,4029,11721
-186,4332,384,8548,32,4648,6300,5067,807,12838,-2868,7442
7026,4616,-1092,8784,528,2656,7130,5883,-841,8806,-3539,2634
906,4840,-2080,4225,0,80,6050,5271,-1689,4328,1325,-1392
934,4904,-3816,32,4100,-2027,5668,5869,-3895,2530,6337,-2168
522,6012,-6088,25,2176,-3064,4764,6369,-5477,367,3170,-2604
-550,5948,-6076,-6332,704,-7128,3712,6329,-5779,-2534,1940,-4388
2228,4648,-5990,-6078,2216,-8176,2536,4683,-4839,-6357,2661,-5361
-1242,-216,-5400,-7098,545,-8000,-186,1761,-4055,-6309,408,-4749
-5530,4488,-2120,-7168,6660,-3743,-2956,-279,-1907,-5187,-960,137
-7578,7528,-2120,-10156,2144,9,-2988,-223,-2191,-9364,2650,4190
-8858,-278,968,-20421,1352,5378,-2506,3799,2359,-18202,8791,5965
-8824,488,-2120,-16125,4178,6528,-6886,3161,8793,-12686,12444,8190
-7414,492,-1096,-16318,322,66,-3258,2211,4855,-14060,9735,11707
1774,-184,-1538,-6029,5120,2896,3016,2491,5899,-48,4892,10924
6784,5416,-1066,713,2113,4258,6840,5739,3099,5181,3539,6332
6774,4846,-1736,6508,0,2560,6988,6081,-1007,7660,1398,2408
1400,4872,-2984,6144,201,2912,5522,7055,-2761,6629,-50,-1275
-274,3924,-3116,2180,5196,896,6064,4575,-2967,2352,-251,-2134
6762,4846,-4022,1028,1060,0,6948,5177,-3329,1548,1706,-3586
622,4712,-4832,0,587,-6048,4918,5891,-4861,297,2606,-4725
-874,5872,-6048,-7964,136,-8064,3330,6017,-5625,-2989,3445,-5072
1646,4616,-6116,-8064,2308,-8192,1996,4953,-6189,-4796,6448,-6083
-1142,-4,-6212,-7163,36,-5606,382,1921,-5681,-4871,3620,-5314
-1354,-14,-6208,-10912,2880,-3447,-736,1281,-6171,-8690,3160,-3047
-4706,4394,-4856,-16382,4,81,-3588,-1737,-4091,-12234,5154,-523
-8538,8706,-836,-16347,98,340,-3690,-1047,-357,-13899,6748,1376
-7270,976,-1848,-22429,210,1168,-3748,529,-311,-21951,9350,2049
-9014,5888,6584,-6138,1155,4,-8554,33,8223,-3873,-2702,9737
-1414,744,4024,-8160,580,4880,-46,3531,4479,-4095,-1046,12947
6808,-274,7096,176,6336,8210,9522,979,7019,764,8167,12587
6838,3832,1000,18,4,6156,6964,6019,1329,2983,6469,6934
6950,4328,-1606,1080,4112,2144,8030,5679,-707,5246,4390,2983
8358,4340,-2120,164,4376,32,8530,5757,-2135,4178,4423,1017
7912,6504,-4024,2584,353,-3828,8044,6931,-4027,2750,3301,-1778
1288,4360,-6132,9,672,-7215,6748,6891,-5173,1407,677,-4285
680,3892,-6204,-1727,582,-8176,4910,6537,-5497,-2050,578,-6237
-1276,4088,-5392,-6134,2049,-7674,3414,5137,-4145,-6238,2399,-7349
234,1806,-3768,17,36,-6647,514,2811,-3687,-7426,4069,-6115
-6806,2064,-3592,-5678,3030,-7678,-1392,2629,-3551,-5768,3075,-3284
-8342,1264,-2632,-7668,3371,-3456,-3632,1587,-2235,-7820,4195,137
-1288,1778,-1752,-16128,82,2084,92,2701,-2855,-15747,8513,2313
-8474,-248,976,-16247,195,4353,-6390,1107,1791,-14387,9391,5071
-9370,520,4064,-11576,16,1026,-5252,4101,4549,-9084,7982,5548