3583,2858,-2529,2514,4448,-7424,8088,-11076,-2527,2774,13599,-4322
7823,2640,-2757,154,4097,-6520,8294,-11892,-1683,3081,14823,-4429
3407,1068,-2421,3073,3080,-4751,8102,-11770,-1863,3358,15540,-4755
3119,2288,-4451,1090,2051,-5248,7726,-11678,-1813,3475,14440,-5277
2629,3868,-4981,57,4116,-5884,7614,-10522,-1903,3431,12737,-5797
3711,4140,-5061,1,3586,-5951,7852,-10428,-1651,3169,11941,-5720
3127,-2786,-4717,79,4272,-8190,7688,-10030,-1539,2323,13046,-6067
2609,-2884,-3997,384,5011,-6560,7236,-9954,-851,900,13216,-6423
1989,4124,-901,8,772,-7100,6686,-10102,-155,42,9822,-4804
2655,4380,187,4362,13,-6522,7384,-9444,777,-275,10119,-4496
1859,-2900,-1005,3224,3361,-7136,7048,-9274,723,-539,11746,-5076
1643,3660,-951,2311,2594,-6078,6646,-9628,1109,-687,11116,-4507
1679,3166,-1013,1424,1040,-6624,6936,-11518,1245,-578,11668,-4442
1765,3176,-451,3128,392,-3866,7106,-10182,497,-88,11680,-3758
1895,3380,-451,4384,1098,-7159,6984,-10508,279,-59,11270,-2883
3119,3198,-1005,1113,2052,-7678,7956,-10830,-67,1461,12001,-2542
3151,3220,-1023,2184,6184,-6870,7764,-11240,-433,2238,14742,-2727
2737,3152,-3045,2325,6182,-7596,7324,-10530,-623,2429,14442,-2455
2491,4220,-997,2209,4618,-4050,7104,-9842,-305,2918,12885,-3229
3637,3358,-901,3110,5667,-7919,6942,-10118,-411,3706,13952,-4851
2111,-2908,-3787,2244,4096,-7168,6742,-10372,-617,3643,13284,-4972
2671,-2530,31,214,6664,-3966,7570,-9884,51,2039,15149,-3877
1585,-2996,-233,1024,4100,-3004,6154,-10172,439,1849,12226,-2878
1595,-2784,79,640,8482,-3966,6206,-8284,1461,2725,9625,-3230
-451,-2834,1109,84,9152,-7672,5216,-8926,2891,3788,13564,-2200
-7627,3410,-1009,597,17410,144,1476,-10576,2603,4995,18036,1713
-4291,-2434,-989,576,1602,3074,-1748,-10290,597,4766,15732,8221
-3981,-2494,-959,2688,836,11589,-2268,-8950,-307,2893,11863,12396
-4305,-2948,-5109,32,4130,12289,-2644,-7934,-1461,150,-3165,13952
951,-2910,-4077,3426,2880,14101,1878,-5692,-2771,-815,-653,16500
1607,-1952,-6849,1074,4226,18496,3768,-3180,-4547,-5960,-1359,17090
3703,-2496,-4869,5376,1033,9032,4232,-2018,-3881,-11497,-622,13001
1327,-2884,-3885,1317,256,8704,4078,-2224,-2687,-15229,-628,8901
239,-4324,-1983,12288,3212,577,3346,-1964,-493,-19328,3163,7213
-337,-13124,17979,131,8960,2081,8470,-20950,32292,-30806,18868,9335
-465,-2452,-509,284,8275,4360,2124,122,-875,-10259,7889,-2093
-8599,-2980,-965,0,304,133,-1398,234,1795,-2838,-266,-4484
-7919,-6936,3499,2154,1281,522,-38,-2572,3879,2565,1780,-3146
49,-5604,2307,5166,2531,293,3416,-2482,3519,5970,3991,-3639
-463,-6948,-1729,8325,3459,1286,2100,-3988,2091,8525,3348,-2620
1659,-6884,-5,8752,136,4993,2354,-4738,275,9034,2607,-8642
2111,-7140,-517,384,-3072,4368,2642,-4680,-219,8475,-808,-11091
1079,-8404,-769,1111,-7663,4160,1686,-6686,425,7604,-1371,-12033
1871,-2972,-249,1284,-5048,2850,2698,-7332,-1345,7523,-140,-13710
-207,-3044,657,66,10306,100,6538,-8194,481,7643,12760,-14882
-367,2692,1627,6158,12325,520,4156,-11698,-1687,6811,13018,-15964
-4335,-2492,2311,5066,8335,12305,5488,-13610,-513,4992,8657,-16827
-2735,-1712,509,128,7552,2060,6064,-13626,-765,4311,16457,-12979
-337,1120,-761,1315,8720,499,6116,-12110,-2143,3238,14744,-6791
739,1254,59,294,8199,-4058,7476,-11982,-1193,1822,12275,-2440
1071,1052,-709,2090,2180,-3572,8146,-11458,-2101,3108,11271,-3228
9117,3204,-1667,4108,1440,-7320,9754,-11150,-909,4385,9895,-4254
7859,-3028,-3293,544,2306,-3824,8194,-11112,-659,5075,10452,-2862
8315,-2528,-3971,4865,6163,-4096,8866,-10810,-819,4774,6136,-4120
7729,-2020,-821,536,116,-6109,8578,-9746,19,2463,8672,-5997
3759,4446,-373,472,4128,-7936,7574,-10056,471,1364,7580,-5765
3759,4308,315,902,1029,-7980,7790,-10148,915,897,9354,-5379
3439,-3040,-365,520,16,-6138,7990,-9248,1159,620,9776,-4949
2607,4748,-1,130,5,-5888,7612,-9610,555,143,10366,-5374
3189,4124,-3,0,2648,-8174,7736,-9616,577,129,12480,-5798
2831,3366,41,4993,4100,-8139,7272,-10980,511,-14,14436,-5279
2137,3100,-581,4,1920,-5566,6782,-10326,99,138,14200,-4218
2743,-3040,-453,512,8,-7422,7358,-11378,163,1630,11066,-3219
3649,3612,-477,2092,4098,-7612,8026,-10932,273,2226,12371,-3310
9263,3420,-605,2568,5792,-5072,7516,-11658,-1647,3280,12515,-4064
2631,3804,-579,2756,386,-8188,7882,-10656,-131,3179,8910,-4610
3029,3100,-2937,2112,64,-7924,7438,-10534,-503,2859,10760,-5857
2641,3616,-691,2688,1363,-8128,7282,-10844,-147,2947,10196,-6058
2677,3376,-481,2658,298,-8095,7824,-11052,-7,2827,10785,-5371
2879,3388,-1029,2565,2128,-8192,7654,-11194,-161,2671,11407,-5250
2647,-2972,-771,1796,3097,-8040,7764,-9488,373,1739,11825,-5484
2607,-3040,-689,1040,2176,-6136,7278,-9316,343,1699,10508,-5798
2911,4132,91,1031,2177,-7936,7440,-9904,787,1604,10464,-5910
2607,4396,-773,1154,4608,-7120,7118,-10088,211,1731,12930,-6973
1583,4124,-443,128,3584,-7037,6102,-9856,309,1012,11636,-7048
-241,4198,-959,876,2561,-7088,4652,-10390,191,867,10905,-6531
1697,3678,39,10,3874,-8190,3140,-10060,1111,-13,12160,-3741
-399,-3042,-449,1096,11265,256,-18,-10900,301,-877,11041,3255
-8529,-2900,-1029,-2798,1112,530,-1630,-10854,263,-769,9190,8944
-4561,3966,-897,-4086,4741,288,-1788,-9184,59,-1206,5889,11674
-2335,-2484,-517,-3965,2209,13473,-406,-7474,527,-2314,2684,13883
-7887,-980,515,-5599,4245,16418,384,-7460,-765,-4463,4643,17947
-8591,-1476,-5109,-7680,2688,17517,838,-7692,-1291,-5612,-5380,18521
-415,-2784,-2565,-3967,-3451,4064,1724,-4476,-1013,-3398,-2494,16858
567,-2836,-2309,-3582,-7680,5120,3752,-2918,-1121,-2006,-2247,13043
3653,-2514,-5117,-4083,9,530,4468,-254,-1889,-3866,-1722,8710
2995,-1952,-6917,3124,264,4247,3872,230,-1513,-9280,-505,7407
2743,-1982,-6085,546,262,3,3466,-12,-1209,-12397,4130,3965
-303,-2088,-4993,257,4168,776,1340,-1068,-2269,-15417,5181,2964
7801,-3044,31738,1024,16384,10526,14974,31584,32292,-21183,19726,10196
-3451,-10720,2683,696,8192,76,-4034,-3852,2637,-11133,6106,1976
-327,-2014,7,124,-5624,66,2466,-182,4375,-557,-695,-1410
751,-6772,1147,56,1672,1024,1426,-1306,2995,740,1695,-1100
-465,-6078,-893,4327,2089,0,3152,-1758,1655,5670,1693,-5339
63,-5092,83,1024,2114,6232,2724,-3272,1245,5804,-965,-10121
-397,-6110,27,4200,545,2174,2616,-3958,1279,6433,-5410,-12760
687,-7802,1307,4116,-2816,288,3330,-5814,2515,6276,-1898,-14783
-6353,-2488,37,4616,2084,16386,2588,-7582,875,6781,2834,-15381
1095,-3026,-997,4416,1024,256,3844,-7388,1505,8346,8105,-17730
-8129,-3042,-1025,8452,8273,2154,3850,-10924,-53,9147,8284,-17227
-6455,-2008,379,8270,7498,14594,3814,-13940,939,9154,7512,-18011
-427,-1680,311,1098,5152,6794,4202,-13770,709,6951,7294,-16418
1919,1222,-941,1044,4096,65,6588,-13074,-671,3352,5345,-9405
-465,1062,-997,256,647,-7165,6020,-12336,-235,3072,4604,-6672
2095,3164,-1019,0,3072,-7162,7892,-11142,259,1519,4559,-7340
4087,3260,-453,5016,9472,-8191,7616,-11160,-463,-187,9662,-7412
3663,3292,-1027,4612,1352,-6094,7032,-11216,-579,-560,5924,-5102
7729,3136,267,2,6226,-5375,8286,-10954,915,100,6217,-5187
3631,-2932,251,400,4608,-5992,7576,-11938,1733,254,7482,-5740
7823,-3044,1245,192,261,-6902,8814,-10186,2001,648,9833,-6687
7815,-2908,-385,264,3672,-8183,9264,-10732,1137,444,12314,-6982
7839,5380,75,5782,2712,-7420,9078,-9034,787,-375,11164,-7275
4595,-2244,-893,5307,1700,-7647,8434,-10614,-585,-943,9253,-7070
8847,-2756,11,4786,108,-7832,9316,-10312,1065,-1397,12798,-5794
981,-2504,-5123,4482,16920,-6910,11370,-8898,-3743,-3919,18452,-4828
3735,-2708,-353,4112,3188,-7680,7968,-9408,551,-1450,11429,-5381
4463,4316,-1025,2048,5377,-5760,7888,-9996,647,-1889,14131,-5615
3833,3172,-1011,2337,4700,-7902,7266,-10560,705,-1661,13716,-5147
4169,4268,29,1561,4304,-7677,8072,-10188,445,-2013,12456,-4650
4287,4252,-765,3584,2624,-7647,7838,-10426,179,-268,10938,-4434
3695,2894,-2033,514,4352,-8064,8276,-11686,-703,407,12829,-3693
7983,3384,-2049,416,4352,-7672,8352,-10854,-815,931,14812,-3578
3631,3104,-2401,1608,5664,-8131,7706,-10986,-1175,1816,14179,-3937
4181,3622,-2717,2321,4228,-4574,6908,-10648,-1393,2318,14440,-4401
3695,3232,-2949,720,4224,-7516,6916,-10834,-1203,1722,12505,-3314
3797,-2532,-2949,513,2055,-4062,7346,-10600,-549,1839,10630,-2933
8315,-3040,-1023,421,2306,-4096,8554,-10166,559,1924,12294,-3638
3895,-2530,-901,1665,5894,-3547,7582,-9858,653,1834,7915,-3445
3759,5160,-245,54,288,-7142,7854,-9210,1469,2016,9221,-4511
2099,4586,-517,256,536,-7046,6732,-9388,1019,2374,9954,-4252
1207,-2914,1277,2177,80,-3382,5762,-9208,1959,2447,9939,-3286
-207,4330,1539,2080,8450,-6226,4298,-10308,2219,2605,12911,-1964
67,3628,-1005,133,12289,8,738,-10422,2231,2397,12740,2370
-7633,4636,-691,1096,32,6215,-1030,-9594,1667,1679,10526,7950
-1465,-2008,587,66,1,2370,-992,-8088,871,137,8300,12179
-2095,-2688,-925,-3328,4194,12320,-890,-7562,69,-2042,5243,12797
-2255,-986,-61,-6132,272,15373,-1544,-6144,-3017,-3667,-803,14427
-7473,-2608,-2341,156,4100,68,1358,-6844,-1813,-2903,-817,15270
-465,-7542,-2805,1122,4352,17482,4348,-5096,-1799,-4731,-632,17534
353,-4004,-3813,4,48,5128,2946,-2314,-3313,-6747,-96,12998
1725,-4440,-4099,6177,384,8288,2830,-1384,-2781,-9949,-2180,10708
511,-3042,-4613,2064,192,5186,3228,-490,-1999,-13498,1342,7220
559,-2212,-2765,14976,513,1280,3140,-698,-1947,-17926,4976,3435
-25041,1180,12831,-13600,8256,1025,-5030,-10442,-13597,1958,785,6543
-7377,-6434,6139,16,396,4164,-3780,-2682,-157,-4969,-1298,-1569
-433,-1632,1533,257,-8192,4608,2178,714,3665,816,-6560,-3270
1635,-7138,-5,1564,32,1040,3534,-2110,3213,1953,365,-4759
-235,-4452,19,1537,1792,8208,4212,-1846,2733,1706,2074,-6169
1095,-3024,161,28,2,2181,2046,-2656,2513,4391,-138,-10154
-8455,-2948,1095,3141,-4052,347,326,-3772,2229,4580,-4628,-12100
599,-2908,-451,2314,-3900,3074,3398,-5206,4151,3485,-1370,-13387
-209,-3044,-517,4138,20,1172,2686,-7098,3135,4460,225,-12876
-7633,-1988,1049,1028,1076,3072,3136,-7056,2763,4607,4318,-13757
-3675,-2276,1299,1088,128,2952,4996,-9280,2453,5272,3800,-12157
-5071,3484,-997,4097,4230,5184,3784,-9090,1783,3968,4362,-11194
-4489,-2874,-227,644,261,4358,4390,-9034,1435,2533,3433,-12076
-459,3108,403,552,33,3748,4460,-10012,923,470,2338,-12448
591,1060,-751,2369,802,1560,5484,-10454,1839,-1256,1913,-10344
1311,1052,-3,5192,516,0,6040,-12640,2877,-2539,4326,-7844
1871,-228,-981,4352,4735,-5886,6636,-10536,1453,-2112,6157,-5780
2095,1070,-693,4688,257,-7743,6576,-11448,927,-1374,8446,-5604
2643,3228,193,4874,280,-7319,7506,-11198,757,-1028,8662,-5237
2609,3100,-381,4228,5160,-4725,4808,-11118,803,-862,5782,-4503
3631,3100,-1021,64,19,-4859,7784,-10638,757,-53,8747,-4562
7815,4002,-253,32,1026,-7935,8314,-10396,325,126,11310,-4333
8303,3180,-947,335,36,-8124,8928,-10598,367,361,10400,-4555
8369,3214,-963,256,32,-8174,8930,-10704,73,301,10534,-5109
7727,3678,-371,128,2338,-7936,9368,-10820,167,479,11722,-4670
7929,-2948,-517,165,4304,-4351,9442,-10090,107,289,12619,-4430
8243,5156,-517,5322,4368,-5998,8956,-9256,-137,-71,12653,-5483
7857,-2766,-513,5140,2052,-5100,8674,-10086,349,-372,11279,-5017
8277,3356,-987,6707,5328,-4854,8862,-10580,323,-11,13871,-4877
7727,4652,-509,7442,2056,-7667,8528,-9864,285,-536,14530,-4364
3603,4366,-355,5889,4237,-7128,8154,-9796,-195,173,13601,-4652
3393,3618,-989,32,1600,-7599,7930,-10424,465,43,12158,-4545
2807,3152,-517,336,2600,-8074,7854,-11042,175,401,11856,-4329
3639,-3044,-1029,4,2562,-4784,7968,-9160,-185,389,11807,-4102
2751,-3038,-1467,32,2352,-8096,7728,-11014,-847,1129,10666,-3996
3187,3236,-1491,1312,8193,-5616,7770,-11224,-869,1264,12536,-4085
3903,3100,-1531,772,4178,-7332,7508,-10784,-885,781,12325,-3078
3631,3408,-965,192,2373,-4076,7346,-10156,-345,777,11599,-3564
3689,3356,-1029,257,80,-6903,7018,-10028,-297,921,10095,-4737
3925,3138,-429,256,0,-7007,7066,-10326,157,960,8433,-4960
3891,4146,-149,512,0,-6525,7474,-10260,497,1592,8529,-4165
7735,3194,-949,1328,1026,-6822,8214,-11242,51,1847,9909,-4170
3183,-1890,-769,548,1033,-7936,7714,-9540,787,640,9731,-4883
2415,-3024,-769,256,293,-7152,7142,-9138,1031,318,6231,-4383
2867,4204,-449,160,6657,-3823,7466,-10130,1487,165,6743,-3735
2607,4382,135,6144,338,-4056,7358,-9622,1225,-781,8728,-3362
1969,-2836,19,4096,906,-3064,6480,-9160,1353,-597,9064,-3001
1599,-2976,1467,3395,8320,-3980,6306,-9362,2109,-533,9483,-2552
-273,4284,-1009,3122,8896,-5628,4682,-9954,2841,-518,10985,-1040
-337,3356,283,512,12970,386,2662,-10824,2965,763,13956,1880
-199,4190,1579,32,3203,4417,1304,-10320,2475,382,11901,7867
-2243,3868,-739,0,1030,1064,-964,-10566,385,475,9519,11444
-3151,1330,47,-896,290,12864,-388,-9574,-485,-1016,5475,13000
-2635,-2776,-747,2371,66,14470,-1706,-8044,-3345,-5048,-802,15568
-173,-1762,-3669,128,64,4352,2708,-7294,-1921,-3609,-5895,15763
2111,-2020,-3045,2,1042,16400,2744,-5620,-2451,-5539,-6754,19079
1601,-7072,-2557,906,-3520,6712,2720,-1156,-1421,-5293,-984,13980
1583,-6098,-3071,1282,275,10498,2480,-1782,-1329,-5813,-3500,11295
-425,-3028,-4929,6305,2281,10408,2824,-68,-701,-8795,-1683,10422
-181,-1824,-4549,268,0,2306,3138,158,-1137,-11336,260,7191
1585,-2780,-3077,1345,195,524,3370,-1314,-621,-16668,1340,4822
9013,-2788,-131,13316,-6112,-9726,11422,8320,2359,12705,-1939,-7970
2395,-974,-461,146,-3840,48,3132,1992,5251,749,-199,-2618
-145,-3012,-485,905,-6144,2180,4498,1130,4223,1206,-916,-1146
2735,-2660,1053,102,2744,4193,2960,-210,3577,1354,2865,-2612
3259,-2436,-513,2184,2080,68,3734,-764,2335,2922,2716,-6305
561,-5058,-1027,3,-1504,5971,1648,-2778,1963,4163,-1605,-10241
1585,-5060,335,132,-6890,4374,1544,-3528,2843,4483,-3169,-12023
563,-6884,1819,16,-5824,322,3238,-5014,2211,5294,-1624,-13905
-335,-9170,-869,4105,2853,12816,4214,-6768,2327,5178,3170,-17105
79,-2912,191,5476,3600,14392,4756,-9022,1537,6006,3994,-18510
583,1472,-857,6289,128,1,3436,-11468,837,7283,5829,-16789
-4369,-2724,-1005,4228,315,14532,4856,-12570,2225,7238,3864,-17891
-7053,98,-1005,4130,829,10368,3718,-14084,1627,4252,3878,-18223
-139,1084,-349,1108,1826,262,4636,-13372,1587,1661,1957,-11675
559,-604,13,144,1358,65,5758,-10704,815,561,1356,-6157
-17,64,-1,6163,140,-8026,6986,-10140,825,-497,4857,-4941
-465,4256,-413,7200,6416,-7408,6798,-10046,285,-164,7911,-6547
2111,3752,-945,6272,1045,-8127,6854,-9660,-171,-1948,8889,-5757
4147,3102,123,4272,128,-7136,7942,-11176,737,-2645,5914,-4397
8305,3886,61,4740,1040,-8156,8978,-10524,1601,-2054,9511,-3518
8787,3108,-515,5387,5240,-4008,9226,-10420,1209,-2232,14368,-4020
7831,3214,-861,8224,16400,-6131,8770,-11234,983,-802,16743,-5749
3503,3934,-701,128,4672,-5760,8338,-10720,1197,853,12923,-5248
8239,4316,-705,528,804,-5375,8790,-10022,347,1630,13074,-5314
8383,5294,-869,1024,512,-7664,8800,-9332,185,1229,11988,-5564
3503,-3000,-677,141,144,-7088,8218,-10390,-27,1186,9290,-4996
2617,4132,-941,66,586,-7935,7806,-9674,861,1039,9961,-5109
7727,-2980,-1027,4226,2148,-8192,8316,-9278,555,-369,10422,-6169
2623,4160,-1027,4360,64,-8168,7368,-10012,1173,-639,8200,-5342
3119,3100,-209,4645,1800,-4410,7768,-10034,1567,-462,10297,-4358
1903,3122,-165,4704,4183,-3942,7532,-11280,1229,-85,12350,-3634
3265,-2820,157,4618,1171,-3952,7924,-8844,667,-26,11906,-3461
2631,4670,-893,99,3096,-4748,7236,-9988,83,153,11270,-4260
2607,3132,-705,32,8408,-5616,7598,-10696,-23,615,12670,-4608
2871,3134,-1405,388,5392,-5619,7408,-11164,-577,398,13573,-4211
3767,3132,-801,531,8232,-4850,7402,-10290,-293,402,12230,-4179
3759,3868,-735,2,8192,-7920,7300,-10168,-147,676,11748,-4058
3631,3116,-869,1227,2336,-7162,7368,-10406,197,1457,10570,-4644
2807,3380,-869,2048,2432,-6598,7512,-11070,385,2089,10686,-4364
3707,-2978,-869,2060,2050,-3967,7844,-10394,413,2087,11245,-3905
3695,-2784,-5,642,1072,-4096,7558,-10034,657,1726,9413,-4125
3631,-3020,-5,1058,8402,-6847,7288,-9270,1039,1649,8702,-4247
3759,4446,59,2,8384,-4080,7302,-9972,1127,1646,10065,-4085
2231,4400,125,1344,2162,-4014,6916,-9508,729,1384,10675,-4017
1583,-2428,263,0,8207,-4092,6204,-8898,1109,886,8376,-4121
943,3612,1275,4,2164,-3832,5570,-9924,1951,597,7079,-3687
2097,-3010,-805,0,8448,-4015,3814,-9278,3013,69,8578,-1212
-97,3552,657,272,8192,2259,1130,-10444,3449,462,9728,3152
-1467,4192,1805,518,3204,64,-358,-10078,3215,550,11472,8629
-6605,3688,65,-767,8196,14336,-2168,-9714,835,-400,9259,14751
-4541,-2980,1099,332,5064,13601,-1766,-8806,-1427,-2867,5703,15377
-4305,-3042,-891,516,1410,13957,-932,-10318,659,-3531,-3205,17054
765,-2832,-637,1024,4,16393,2876,-6234,-309,-895,-1667,18872
851,-2768,-4213,1156,768,17409,2902,-4784,-803,-1545,-2927,20765
-193,-3810,-2309,496,-3840,1376,3636,-1562,-1047,-838,-592,14149
3953,-1980,-4865,49,-1888,4357,4770,336,-1109,-2101,-1897,12591
8771,-3012,-6047,1,32,8460,5758,2126,-1251,-4396,35,9449
7999,-3044,-5125,8208,2053,5513,5392,2634,-1807,-7980,2221,5915
5183,-796,-5125,4102,4211,8,5970,1684,-1537,-12189,5442,1872
-449,-1860,-2901,2,9280,7198,3312,182,-1585,-18000,9917,-797
1087,-930,3977,16526,4120,1092,-142,3482,-12315,28924,-3764,-15156
1615,-724,4095,1824,2177,0,2600,3752,6429,2198,2790,-8760
-463,-2980,-893,-3448,512,4972,1702,2710,2543,-2983,1705,-2184
-457,-2996,223,20,2082,519,986,540,3305,1285,2928,-3352
2611,-1504,2309,384,41,532,2090,-1348,3657,3085,-94,-5551
1663,-4896,59,33,643,2264,2460,-1532,2753,4593,-5367,-5952
1587,-4964,-963,312,-1968,7414,2924,-2202,3623,4569,-1069,-8692
1617,-5988,2429,138,-3964,1312,2306,-4164,3179,5973,-2584,-10492
599,-8468,1019,3232,0,4100,2866,-5080,2023,7212,-1377,-11565
-6025,-2272,-965,4114,-1526,4656,2942,-6384,1531,6375,-133,-11901
-7953,-2532,1355,6148,768,3856,2108,-7854,1869,6450,1019,-12508
-7629,-1954,1707,6150,1640,3299,1624,-7942,2277,6152,1956,-12622
-6453,-3008,-1013,16,1280,15,2190,-7932,1925,5258,3383,-14374
-8049,-3044,-1029,528,16,2053,2246,-9094,1685,5118,2969,-13775
-6321,2208,-1013,1099,1552,3168,3394,-10040,1675,3620,6027,-13178
-463,1064,11,0,1413,-12282,4626,-10140,1145,3399,6143,-12145
-355,2332,-945,456,1217,-11967,5300,-12190,627,2494,5933,-10694
469,1756,787,1476,1028,-13286,6114,-11836,1267,1461,3871,-8831
991,1388,-499,274,16,-8158,6084,-10744,781,604,138,-7722
2675,3116,-885,10,128,-7424,7488,-11360,1595,271,4705,-7217
3713,3356,-453,460,1353,-7802,7412,-10450,1143,399,9637,-7255
3151,4134,-1015,320,16,-7677,7754,-10334,1085,290,9389,-6643
3473,4276,7,1,1036,-7512,8142,-10200,897,393,10048,-6448
7855,-2846,625,10,688,-7870,8598,-10738,1221,348,9897,-5566
7729,-2490,929,128,192,-8045,8900,-10460,1575,175,10463,-5165
7759,5408,571,79,2592,-8176,8782,-9144,1279,42,12126,-5967
7733,5154,573,5336,3106,-8184,8588,-9358,1419,-620,11528,-5356
7791,-2868,155,4544,4301,-7902,8488,-9434,605,-683,13528,-4995
7747,-2660,-5,5252,6440,-7616,8146,-8978,159,-172,14349,-5462
3663,4576,-469,197,4704,-7835,7482,-9914,415,227,13023,-5301
2095,3834,-165,16,3412,-8127,6818,-10412,289,321,11491,-5289
3657,3212,-863,16,8307,-5629,6832,-11138,133,87,10599,-5334
3631,2656,-673,155,1538,-8047,6822,-9728,-99,323,10080,-4818
2101,4126,-963,258,1384,-4094,6820,-10472,-215,387,9646,-3765
2677,3428,-869,1056,8456,-7663,7306,-10890,-273,1064,10312,-3525
3697,3748,-899,520,8202,-8116,7302,-10732,-275,954,11120,-2750
2863,3228,-987,19,2115,-7136,7678,-10920,395,1653,11113,-2871
2161,4134,-643,2128,705,-7272,6902,-10370,75,2315,9863,-3176
3653,4176,-511,2569,256,-3680,7266,-10030,321,2651,10033,-3757
4401,3486,-981,2074,148,-7636,6916,-10148,39,3472,9327,-4354
3731,-3002,-1405,3086,80,-4094,7168,-11384,-123,3600,9388,-3884
3639,4636,-885,2059,2052,-4076,7074,-9780,-251,3144,10137,-3994
4041,5280,-869,260,16,-3536,6044,-8950,239,1371,7874,-3237
1585,-3044,251,106,5650,-3952,6336,-9548,1509,993,5716,-3473
2227,-2972,1535,1024,7424,-8096,6788,-9144,2339,1052,8188,-4424
1071,-3044,1347,160,8449,-4348,5860,-8850,2143,1250,10533,-4198
-445,4128,-1029,8,8756,-7787,4496,-9698,2617,1920,10958,-2548
1627,4164,-1027,2112,8201,41,2900,-9274,2585,2184,13352,256
-457,4196,77,2154,12333,3012,1098,-9874,2733,2726,12433,4277
-1313,4124,1019,128,11784,3601,-800,-9530,1511,2981,11581,8180
-2513,-2228,-771,1312,5408,264,-1864,-7746,483,1273,7405,10605
-4549,-2954,1531,-1912,4864,12288,-2778,-9036,-2599,-1555,4187,13699
-2445,-482,-1005,-1787,8195,0,-1398,-7230,-3009,-1841,-5403,16313
-1391,-3038,-4539,112,4170,16559,82,-4616,-2607,-3819,-1654,20266
-401,-2768,-3055,2306,20,16519,3486,-1438,-1719,-1958,-2564,16558
559,-3410,-3077,34,-6042,4112,3670,-1352,-1829,-5047,-4262,13152
7729,-2682,-2245,66,246,3150,3918,-418,-337,-8068,-1648,11916
4039,-1740,-497,6954,294,5128,4618,364,595,-9330,1590,7168
3895,-2720,-513,4113,3601,96,4540,1244,5,-11345,4193,4025
3763,-2622,-997,514,6224,160,2242,182,-1643,-17391,7949,3391
2423,3868,123,6176,11283,2,5808,13336,2185,-19,13278,-8831
-335,-2844,-703,-2016,-1771,544,504,3302,2515,-2161,-465,-3001
307,-932,1091,-3802,4113,2372,600,1752,2765,-2063,4092,-1250
-399,-2980,77,288,576,2689,2296,52,3313,562,2797,-1337
111,-6096,1131,2432,1804,2338,1820,-1892,2815,3239,1641,-4923
-441,-6852,1119,2240,-3904,2564,750,-2252,2299,3365,-3988,-5519
931,-6852,-959,512,-8188,1708,1574,-3098,3969,4915,-8039,-6535
-401,-6628,-957,4608,-7295,388,3154,-3814,3893,4910,-846,-9935
-209,-6112,-965,6688,-6120,4168,2078,-4374,2969,6446,-1517,-11785
-5961,-2004,-997,134,-6810,4150,2876,-5424,2341,6400,-2632,-12213
-7503,-380,19,1472,-3239,266,1574,-6566,2771,5396,-3145,-11785
-6461,-2468,-1009,3785,-6076,2,2174,-6824,3859,4013,-1152,-13236
73,-2526,2403,4,9,2,2764,-6858,3473,3298,487,-13562
-6529,-1764,1307,258,224,1028,2504,-8026,3393,2302,490,-13172
-379,-2532,2043,204,1793,144,3692,-8666,3057,357,3985,-12299
-443,2848,1531,3776,4128,27,4256,-9616,3195,-371,4394,-11027
-175,1586,1563,5120,2505,-11888,4616,-9866,2301,-445,6338,-9728
559,2284,1029,5536,100,-12224,5556,-10154,2331,-664,4741,-8837
567,3228,1523,4880,528,-12032,6080,-10898,2185,-1184,4662,-8860
2311,3500,-261,4270,2290,-12764,6968,-11046,2313,-792,7427,-8625
2879,3134,-227,5632,2058,-8192,7508,-10978,1535,-280,10594,-7849
2619,3392,-511,36,3076,-8176,7466,-10504,995,72,11752,-6992
2825,3372,299,33,2368,-7160,7862,-10574,1033,423,11036,-6664
7729,3172,739,394,2116,-8125,8366,-10762,1279,926,11417,-6066
7983,-2400,261,129,2696,-8187,8602,-11394,939,1265,12149,-5769
3923,-3044,-453,32,4544,-6843,7232,-9898,191,1895,13406,-6654
3703,-2908,-5,37,9304,-6832,8010,-9884,429,887,11452,-6357
3665,4382,-1,473,5129,-6080,7794,-9646,699,1167,13444,-6141
3647,4636,11,1104,5144,-8046,7468,-9768,487,1255,13525,-5637
3647,4732,-5,177,4101,-7675,7170,-9598,949,1165,12317,-6230
3631,4220,-885,1040,2676,-8172,6950,-9724,673,1166,10864,-6678
3631,4540,-1001,516,2500,-6366,6756,-9898,669,659,10684,-6310
4147,3676,-193,3968,8320,-5628,6768,-9978,315,-203,10354,-5369
1751,3812,-253,37,8882,-8000,6538,-10558,353,216,9249,-4880
1819,3100,-509,4962,9794,-8060,6604,-10056,257,-158,9829,-4411
1657,3166,-1005,0,8448,-4062,6864,-10388,281,597,8587,-3803
2735,3102,-195,544,8453,-8036,7282,-10398,329,672,11071,-3377
3905,3756,-1003,152,8512,-8191,7596,-10424,475,1292,10590,-3493
3663,3742,-643,521,2113,-4480,7522,-10550,307,1564,10270,-4495
3631,3938,-1025,648,6,-8188,7466,-10576,671,2004,9498,-5137
3727,3166,-3,2212,1140,-8192,7298,-10610,567,2329,9300,-5284
2743,3888,43,2176,608,-7019,7412,-10548,837,2760,9084,-4900
3775,-3032,123,2178,145,-7935,7398,-9746,865,2449,8812,-4872
4223,5668,507,1152,8272,-5600,7044,-8952,1339,1253,8540,-5234
3827,5148,1083,258,56,-4352,6860,-9008,1623,389,7460,-4297
2127,-3010,1771,40,7736,-3840,6882,-9144,2289,106,7913,-3687
633,-3012,-895,288,8480,-7663,5686,-9236,3143,325,9595,-3323
-319,3100,-949,610,8194,-7676,4568,-10608,3921,1255,13214,-1271
-443,4124,-1009,2,11355,3073,2156,-10454,4167,1664,11556,3782
-8465,3324,1109,66,2848,0,144,-9932,3069,2247,10995,8470
-8593,-1948,-517,0,284,1036,90,-8872,2517,1843,8527,11587
-3007,-444,-805,33,6220,192,-542,-7262,281,329,5997,12943
-2385,-2240,-1,4208,3592,14881,-1116,-8976,-25,-2789,-2994,16255
-7471,-2690,-897,4225,2577,16656,922,-4652,-665,-2255,-1619,17303
119,-4560,-833,2336,-511,16386,1276,-2408,-443,-1133,-444,16048
-449,-6112,-949,2048,-3837,5138,2492,-2088,-479,-448,-2964,13308
1999,-2978,-987,258,-3056,4245,4224,-200,-263,-3210,-2992,12817
4223,-2916,-3789,129,83,8498,4690,954,-761,-6268,303,8949
4943,100,-4577,22,520,5408,5394,1768,-545,-10054,2577,5888
3663,-2656,-299,336,6144,3216,4336,416,-367,-15189,6827,3265
24135,-1940,31738,528,16898,4757,24124,31584,32292,-27316,29228,7654
-2477,-1954,-769,2948,5175,1184,-2654,-1210,1017,-11461,2732,404
-8609,-2788,-435,0,-2974,353,-546,-1268,2855,-965,-2396,-5821
1711,-2780,-997,4,22,4115,3092,-540,3785,405,1330,-3675
2115,-6620,651,3210,19,6480,3140,-2656,3385,3446,4126,-9629
-391,-6748,125,515,2057,584,1332,-3934,733,4579,-2292,-11434
-373,-6980,3137,0,2176,256,2366,-5102,3759,4459,141,-12019
-465,-8996,2107,5282,64,2128,764,-7220,2839,5347,-431,-12598
-8625,-2788,2203,6144,1157,128,1454,-7704,2993,6911,1615,-12423
-2001,-1806,-1029,272,48,72,5878,-6158,5197,6817,3947,-11547
-6609,-2836,-773,1777,4160,8580,2220,-7936,1821,6187,4472,-7878
-8129,-1452,123,160,82,258,1702,-7170,945,4140,3197,-7872
-193,-2708,-965,2320,129,225,2320,-8052,923,2938,1908,-7970
-463,-1920,-1013,2064,4,34,2984,-8260,1263,2324,2884,-8136
687,-2900,779,2057,4493,1040,3232,-9262,1505,2353,4579,-8957
915,3102,571,2048,3329,-9688,3526,-10120,1117,2894,8211,-9168
1861,2594,315,2672,2240,-8192,3946,-9494,1067,2680,7301,-7542
-449,2618,-517,24,36,-8192,4808,-9610,1081,2110,6102,-7267
815,2462,-469,1184,1424,-8076,5378,-9954,1151,2020,5473,-8076
1671,3102,-833,1313,0,-11240,6356,-10300,1501,1401,5831,-8609
1679,3704,-767,83,6816,-11198,6910,-10784,1387,1089,6940,-8613
3123,3236,511,536,8370,-10808,7752,-11074,895,901,8479,-8234
2655,3120,-1029,536,1544,-8164,8138,-11234,795,778,10069,-8114
3375,-2936,-197,40,8352,-8127,8150,-9074,291,280,11695,-7788
3125,-3038,-453,5128,8836,-7640,8074,-10296,795,-887,9838,-6351
7727,3612,387,4361,8712,-8188,8480,-9748,941,-727,12095,-5966
2865,3616,125,4196,4611,-7600,8006,-9662,627,-884,12750,-5232
1905,3690,1533,4368,4880,-6880,8018,-9668,-89,-1132,12965,-4852
1907,3726,-513,4322,5708,-7935,7372,-10382,421,-763,13801,-5223
1655,3682,-255,4369,5376,-7679,6956,-10144,457,-1288,13538,-4535
1879,3612,-239,4149,4290,-8064,7036,-10682,459,-744,12980,-4691
2111,3300,-1029,4192,8192,-4092,6958,-10642,123,-667,10519,-3848
2543,3356,-645,5122,8992,-8000,7158,-9718,-147,-963,9971,-3329
2623,3264,-773,6400,8194,-7038,7372,-11112,-81,71,9302,-2887
2737,3676,-803,540,8713,-7136,7464,-10848,-267,585,12865,-2606
2707,3260,-965,550,8192,-6283,7392,-10428,-187,984,11382,-2178
3645,3362,-353,1284,3088,-3950,7492,-9972,15,1314,11393,-2737
1855,3424,-509,1344,3114,-3380,7184,-10120,-293,1375,11508,-3254
2111,3676,-501,1096,1024,-3416,7054,-10462,123,1925,9325,-3330
2607,-3044,-5,2176,1536,-3478,7752,-11140,655,1961,9887,-3174
3759,-2772,59,70,8902,-4088,7496,-9050,679,1567,9976,-3795
2609,4444,331,1290,788,-4092,7200,-10120,1289,1292,8134,-3597
2815,3740,1027,16,8225,-3055,7448,-9420,1693,1536,8849,-3015
2623,3230,403,1793,8193,-3573,6984,-9948,1297,2084,9909,-3284
2359,3388,1019,720,9897,-3552,6946,-9456,1849,2038,10329,-3250
833,3144,1323,263,10304,-3584,5544,-9770,2485,2523,12094,-2416
583,3114,-773,2688,12364,88,3982,-10292,3379,3018,13974,674
-7369,3120,-261,2696,13700,5456,1278,-10534,3295,3846,13601,5780
-8583,-2962,13,2440,2444,2432,-6,-8988,2583,3975,12152,10857
-3479,-1636,-317,1301,928,48,-562,-7912,955,2906,9091,12654
-3469,-2180,-1781,1,4106,13448,-994,-6798,-1423,-234,2991,13684
-205,-736,-2051,32,1024,14344,1458,-6500,-879,48,-2506,14620
-433,-2976,-3013,0,4296,16384,572,-2198,-3113,-3441,-2261,19228
-461,-3002,-3261,627,-424,4370,2866,-930,-2635,-4034,-448,14107
3631,-2724,-5123,0,292,9492,4428,-826,-2161,-5815,-3213,10373
3887,-2944,-4325,1856,244,8704,4404,410,-1673,-10649,437,8476
-175,-1988,-4037,180,17,0,4004,32,-847,-13270,2364,3782
2643,-2852,-1029,1396,2305,544,2922,-1068,-21,-18781,3757,1769
8241,-2904,-4997,26731,794,1512,-1536,2042,-195,27752,-3895,-16334
-465,-2532,3131,0,-4092,144,3770,922,6329,-13,-3459,-7078
1585,-2772,-259,-4095,-7996,5888,1954,594,4567,-2916,-3409,-1958
-409,-3036,-491,-5057,592,4624,2782,-700,4499,197,619,-2587
1903,-4964,-261,1026,516,1832,3206,-1420,3459,1343,285,-6407
-333,-3040,19,276,-3068,8215,1504,-2856,3437,1930,-3432,-7664
-255,-3012,-1025,49,-2008,2080,4350,-3820,4011,1388,-1459,-10141
2767,-738,-357,2,228,4160,4160,-6166,3459,2036,-1505,-11828
-3873,-3044,-1025,211,16,1216,4756,-7896,2471,1311,2879,-14441
-4429,-3044,1631,384,1412,2464,5348,-9296,2307,387,1668,-13988
-4043,3100,2277,260,66,1361,4588,-10086,2847,17,1344,-12888
-3689,3244,-1013,-2540,1024,1188,4906,-10844,3961,-315,2176,-13148
-3533,1308,-1029,-864,2194,257,5680,-11526,3769,-528,3567,-12984
-393,2236,27,1031,4267,-11518,5294,-10048,2605,-1089,7782,-11305
1135,2114,-989,2582,609,-12156,6036,-9736,1855,-1413,5900,-9563
-161,2108,-893,2076,0,-12288,6078,-10112,1555,-1405,6661,-8757
1583,3230,-387,2060,130,-7806,6936,-11370,1323,-1507,8014,-7177
3923,2588,-933,2688,32,-5617,7174,-9898,773,-1393,8322,-5274
3907,3790,-677,4366,536,-6132,7684,-10732,963,-1247,8810,-4992
3633,-2964,-1025,4096,2,-6124,8002,-11454,491,-1683,9082,-5269
4161,3100,-881,4608,300,-6904,8220,-10758,1147,-1532,9056,-4777
8163,3196,-981,6150,1681,-6005,8652,-10398,771,-1275,10208,-4133
8063,4128,-645,5140,4096,-5359,8978,-10388,415,-953,12422,-4278
8467,3556,-693,5132,4581,-5120,8710,-10392,649,-728,12867,-4360
7735,4126,-509,4960,8248,-5910,8702,-10498,221,-180,12456,-4894
7985,3900,-741,484,8864,-6144,8520,-10586,-179,507,13057,-5515
3327,-2786,-1013,529,8579,-5824,7998,-9998,-255,546,13688,-5854
3707,-2722,-837,3597,8480,-7034,7756,-9528,-27,-490,12422,-6460
2803,4196,-3,4163,9634,-6063,7404,-10186,787,-693,9582,-5738
2883,4124,133,5056,8256,-8050,7584,-9842,997,-921,10650,-5045
2865,4156,251,4116,8196,-7932,7500,-9532,1035,-755,11082,-4775
2607,3424,255,4146,8720,-7134,7288,-10102,869,-654,11137,-4552
2655,3104,-989,4096,8265,-7352,7290,-9966,645,-935,10475,-4224
2687,2132,-897,5121,512,-3544,7346,-10220,477,-774,8652,-3485
3119,4124,-891,5160,9093,-6972,7800,-10182,779,-838,9243,-2600
3479,3612,-489,6024,8210,-7800,8068,-10696,559,-63,10548,-2627
3055,3100,-1021,54,8244,-7616,7686,-10916,131,71,10912,-2427
3903,4252,-401,41,2497,-7048,8038,-10172,135,310,11308,-2071
3863,4198,-645,331,2048,-6334,7758,-10376,-35,463,10796,-2188
3695,4222,-751,516,2074,-3680,7798,-9922,-71,906,10392,-2680
3897,3644,-1011,1542,576,-4096,7380,-10674,381,1837,9812,-4095
3631,4188,-917,2050,2080,-7512,7238,-9898,723,2060,10726,-4433
3697,4700,-941,1570,2048,-7644,6794,-9780,763,1592,10134,-4314
3641,5022,619,4,8192,-7839,6702,-9382,1405,1303,8214,-4744
2041,4218,1019,1152,0,-7503,6626,-9562,1749,1096,7901,-4040
2101,-3044,1027,1053,793,-4096,6820,-9284,1895,1207,9230,-3534
1865,-3044,1019,113,9218,-4080,6436,-9362,1585,1142,9417,-3729
1655,4060,-883,163,8306,-4096,6188,-9402,1779,1199,8425,-3542
763,3632,-961,544,8834,-7084,5506,-10782,1899,796,8712,-2832
-463,-2708,-1013,8,8212,-5632,4938,-9028,2281,543,8725,-210
1583,4480,1185,56,8192,3085,3130,-9620,2713,714,10230,3329
-269,4136,2427,304,1324,4233,1118,-10394,2961,1917,10231,7310
-3489,1324,283,524,144,2562,-966,-10416,1527,1625,9423,11025
-3137,-3044,-387,273,6472,160,-18,-9330,707,937,6594,13103
-2465,-996,-1029,2,1297,1024,-1586,-6736,-2001,-5015,1016,16411
-459,-2004,-4901,2216,656,4817,1890,-7656,-1061,-1832,-10126,13711
591,-3036,-4965,336,105,18012,2792,-3174,-2003,-5200,-7691,19327
49,-3026,-4995,4256,264,8428,3268,-1504,-2467,-4463,1455,11343
2035,-4068,-5117,4,5724,8356,3460,-1808,-1771,-9894,-2321,8658
-209,-2756,-4005,580,52,8721,2936,-868,-581,-15657,315,8649
-465,-3604,-4101,1348,1554,4356,2414,-1912,-757,-19243,1458,6450
561,-2868,15,2265,-5860,-9787,3122,7748,5503,12947,1267,-8479
1843,-3026,-1021,1089,-5920,1037,3022,2880,5153,-1018,-1649,-202
-129,-738,395,-2044,-3008,168,1314,772,3705,-1161,-443,1261
627,-1476,-1029,-3072,2177,200,1548,252,3163,-417,3427,1798
-217,-3032,-293,273,1289,2080,1550,794,2131,305,1112,1915
1727,-2000,563,-3520,-980,-124,2266,364,3061,-122,-1186,-141
1595,-2850,-1,1056,-4093,600,2944,-40,4941,1309,-3666,-1662
2735,-8036,-577,416,-5568,139,3388,-1450,4181,3072,-4329,-3630
3643,-8148,-765,4138,-5092,0,4126,-2194,3871,4322,-3979,-7426
-465,-9636,1383,4097,161,4322,3650,-3678,2875,4738,-3417,-11221
2233,-7136,1023,4267,-4096,1154,2952,-4534,2527,4807,-3723,-12982
-433,-7140,1603,134,-4042,2432,2208,-5210,3549,3979,-2572,-13880
1583,-2020,2305,2133,256,0,2078,-5586,3553,3018,1026,-14629
-6601,36,-901,2560,2176,2065,2078,-6214,2817,2861,2572,-14013
-8321,-2916,-1029,2194,48,2336,1510,-6874,2457,2263,375,-14012
-6601,-3044,-621,1040,781,128,2506,-7908,2575,1131,3149,-16060
-457,-2964,-885,0,85,9,3720,-8834,1643,679,5951,-15847
-457,1588,7,5130,2156,24,3526,-10970,1399,-577,7749,-14701
399,1084,1019,4747,8232,-14288,5146,-12290,1751,-2068,8438,-13143
439,2160,1277,6304,1024,-11872,6148,-12064,2253,-1463,5938,-11369
2655,2846,-437,7018,8005,-13296,7818,-11444,2079,-1122,8500,-9133
2671,1084,-941,5781,8768,-12135,7692,-11540,649,56,12309,-8462
2623,3468,-929,144,3072,-7808,8122,-11022,25,192,11682,-7692
7883,3372,-955,4737,2502,-7935,8590,-11198,-65,-44,11214,-7768
7783,2660,-1701,5057,4608,-7360,9116,-11572,-327,-44,13001,-7320
8255,4384,-1841,5633,6148,-7412,9288,-9456,-581,-588,14353,-7281
7773,-3012,-957,4100,4233,-8160,8530,-10124,201,-1800,12403,-6989
7991,3772,195,4130,3273,-8144,8676,-9744,595,-1547,11588,-6035
2559,3630,-189,5132,4225,-7792,8286,-10350,317,-1958,13430,-5416
7871,4062,-637,4640,5176,-7414,8200,-9490,369,-1259,14050,-6433
1585,4252,-963,4467,2825,-7800,7326,-10298,305,-1679,11921,-6073
2819,3868,-735,4126,2602,-5504,7506,-9420,419,-1711,11987,-5205
2111,-2690,-5,4357,2704,-4847,7062,-12070,567,-1587,12228,-4269
2231,3628,-755,4224,6144,-8064,6746,-10724,-29,-860,14485,-3865
1711,3684,-1893,6144,4096,-6903,6236,-10562,-487,-669,12630,-2714
2365,3948,-997,6797,8195,-6648,6960,-10494,95,-44,10824,-2362
3903,-3032,-879,8,8469,-6780,6894,-10814,-21,588,12073,-2670
4273,4404,-389,102,9023,-7934,6822,-10074,179,1260,12155,-2762
2103,4206,-321,80,3648,-7552,6754,-10210,189,1723,12068,-3410
3635,4272,-493,2496,3344,-7615,6370,-9930,111,2540,11532,-4284
959,3870,-451,4,2128,-7679,6186,-10532,291,2548,10194,-4164
1743,-2972,123,2185,1104,-7516,6356,-10218,553,2201,9242,-3370
1763,-2884,507,628,8208,-6906,6268,-9416,1527,1930,8978,-2675
-465,4768,2043,128,8353,-5374,5282,-9758,3123,2330,9491,-900
465,4446,3707,1637,9600,1060,4014,-9968,4347,4081,11848,2170
-6353,-3026,3109,5384,12550,4228,2062,-9244,3697,5594,12528,5550
-8169,-2212,-767,4881,1473,8,634,-8712,3697,5549,12178,8842
-4241,-1716,539,3488,530,0,-1038,-5814,877,3190,9901,10275
-3397,-944,-1987,2218,3129,9440,-1406,-9174,699,2527,-3513,10576
89,-788,-2179,1561,2624,14848,188,-5508,-363,1484,2867,15667
179,-5828,-3077,149,4291,8484,1458,-2780,-2251,91,3766,14139
239,-3908,-4735,4482,2314,8198,3154,-1462,-2741,-3398,-1636,11627
3663,-3044,-4307,8451,184,8198,4524,-334,-2827,-7393,-2762,11236
3799,-2764,-2941,4980,3,7280,4580,712,-1153,-11642,321,7466
-465,-3040,-2613,5,2822,65,3386,142,-1159,-16554,3962,4173
-4237,-3044,31738,-24508,20507,11532,-882,31584,25883,-7728,13235,11421
-6445,-4836,-1015,3081,72,4148,-5418,-2100,-355,-6322,1729,-3048
-7615,-1700,1627,-1494,-8112,4128,372,750,3299,-972,-5037,-3758
1071,-3036,127,520,-4096,6039,1858,-624,5791,792,-461,-2124
-397,-3006,-1021,1920,3204,4616,1598,-1090,2859,1916,2737,-3578
1143,-4068,-997,1104,-4021,8772,1868,-1318,4455,3482,-3795,-4571
673,-4706,511,2083,1169,8260,1748,-2906,3507,2163,-4605,-6944
53,-2462,447,3089,1412,624,3844,-3722,3641,3119,-4534,-9476
-4961,-3036,-1021,468,1090,4,3762,-5112,2799,3007,-2418,-11777
-6149,-2974,-1029,2129,2082,2080,2478,-7024,2151,2079,-333,-13368
-5509,-996,2335,1280,-1962,528,3572,-7374,3215,1304,-507,-11590
-7117,-1476,3203,40,32,180,3768,-7850,3711,764,647,-11855
-273,-3012,3339,-128,145,4099,4074,-7788,3919,-178,1703,-12326
-4561,-2652,-971,515,8,4144,4274,-8962,3639,-1542,1751,-11965
-3777,2270,93,1166,2568,4096,5090,-9814,3605,-2616,2910,-10879
147,1574,-227,1156,1572,1028,5002,-10902,3407,-2910,5893,-8643
-431,2078,-467,2304,649,-7936,5056,-10126,2103,-1555,4864,-6615
1335,2076,-1025,4144,641,-6135,5990,-9804,1863,-637,4969,-6152
1857,3198,-997,5672,7744,-8120,6410,-10850,1293,-534,7997,-7285
1583,3172,-509,5472,9040,-7422,6702,-10248,1279,-520,11120,-7222
1863,3628,509,6688,8210,-7920,7002,-10606,1301,-431,8881,-5784
2927,1860,429,129,1160,-6111,8112,-10680,1121,73,9486,-5543
8001,3550,349,584,2186,-8140,8558,-11026,1135,640,10994,-5678
8015,3156,-977,274,4778,-8082,8574,-10460,291,858,13108,-5975
7927,-3036,-897,264,4482,-7136,8344,-10820,-357,966,13700,-6710
3199,-2788,-1019,0,5249,-7990,7920,-9010,-203,30,14094,-7739
2639,-1822,-517,6784,4643,-7789,7120,-10162,443,-1032,12791,-7630
3631,-3044,-707,6184,8652,-5566,7962,-7902,513,-1928,13657,-5952
2647,4254,-1019,7776,6163,-6336,7228,-10202,771,-457,14514,-6349
1735,4138,77,8325,5126,-8192,6812,-10386,769,-334,13192,-6070
2115,3756,447,7298,2345,-7648,7038,-10710,1051,-305,10986,-5204
2675,3114,11,6669,1908,-7672,7258,-10806,1069,-413,10007,-4378
3247,3744,3,6,1280,-4007,7876,-9462,719,143,9703,-3466
2609,-2964,-1,516,8192,-7960,7830,-10362,423,917,10797,-3903
3135,3612,-997,512,8193,-4832,7676,-10668,-123,1667,12485,-4917
3137,3104,-1029,1029,8336,-5093,7710,-11298,-513,1594,12976,-4199
3641,3906,-997,1124,4224,-7956,7932,-10528,-193,1534,12980,-4140
2927,3164,-877,33,2256,-7148,7550,-10048,79,1642,11677,-5036
1649,3228,-883,1802,2561,-6751,7202,-10964,365,1869,10750,-4566
2687,3420,-997,2321,2554,-6138,7256,-10438,73,2391,11771,-5041
2259,4928,-837,394,140,-8172,6878,-9642,347,1357,9807,-5815
1839,4124,27,1024,10,-6139,6508,-9400,923,1184,7757,-5785
1591,3744,-453,1028,8362,-6013,6682,-9724,1511,1153,8434,-5467
1711,3948,-159,1176,1122,-6068,6602,-9508,1327,1152,9555,-6061
563,3628,-489,593,8196,-6136,5892,-9548,1257,848,9100,-6064
1073,3484,203,145,266,-8160,6024,-9908,1609,667,8679,-5802
1143,4164,1151,132,677,-8187,5770,-9546,1875,74,8902,-4930
559,-2972,-1013,4608,8512,-7680,5396,-9766,2971,-190,8635,-3023
-73,-2244,771,4,10000,-6652,4436,-8588,3429,186,10091,-239
-463,-3036,1725,161,8193,3100,2674,-10500,3249,1000,10319,3359
-201,3166,2071,34,1704,6224,2290,-9948,3249,1304,10173,6631
-8593,1308,1021,1028,4225,520,282,-10674,2169,1829,6932,9306
-3677,158,-853,32,2370,37,102,-9762,1905,2511,6735,12775
-8641,-2020,-393,-352,4170,2224,896,-6788,-883,-1883,13775,15562
-3249,-2004,-993,0,592,792,-600,-8674,-2185,-1942,-7324,16440
-385,-2788,-5093,288,2056,16932,-180,-3296,-1525,-2166,-2549,20060
-207,-2772,-4863,2048,6456,2112,3116,-1246,-2159,-391,5824,13766
1615,-2516,-4857,3841,128,2074,3912,-106,-2141,-4411,-3182,10439
3641,-2260,-1009,6673,4163,10403,4230,596,-1093,-9874,-1309,11570
3903,-1440,-3845,33,36,522,4894,660,-1283,-12426,2012,7632
-271,-3020,-2917,14360,5027,4161,3972,-8,-875,-18867,6351,5216
-22159,-15008,-97,21,4608,2058,-2340,5600,-9887,3852,-1509,55
-2511,-9876,-1029,614,240,160,892,-1522,4317,-3288,-1362,-3785
2937,-996,63,-1718,-7676,5170,3734,1884,4857,-1991,-2920,-2546
3411,-3036,-1027,0,16,6216,4282,-446,3987,420,1108,-2059
627,-2980,541,112,3208,1472,5328,-164,1305,2453,3212,-6472
-209,-5080,-985,1059,33,1060,3886,-3016,1597,1301,-4637,-11198
245,-8926,1835,-8190,-4064,2048,4184,-4464,3661,-2247,-1172,-14040
101,-9700,-427,-6656,-4081,388,1644,-7704,5127,-210,-1777,-13867
-7309,-10084,-949,457,588,2112,1376,-8156,4021,1032,1044,-14305
143,-2980,-749,46,1088,1033,2266,-9452,3353,1139,1493,-14381
-6573,168,1787,8,229,512,3358,-9702,2891,1250,271,-11511
-4305,2588,13,4,281,0,4394,-9670,2975,820,1480,-11083
-3529,3166,29,1420,3720,20,5186,-9736,3179,-156,4045,-10999
-4235,4444,-189,3073,546,5122,4998,-9954,2779,-486,3630,-10482
559,2596,-483,2049,4147,1025,5498,-9844,2473,-1620,4542,-9125
-161,1836,147,4128,1696,-9924,6458,-10712,2363,-2068,6007,-8244
2127,1058,1167,4240,1169,-8192,6812,-10096,1553,-1570,7725,-7660
2863,1470,-1029,4612,8256,-7147,7668,-10698,1041,-1377,8637,-6964
1971,2844,123,4608,2859,-7168,7146,-11548,831,-1510,11146,-6824
2891,3646,13,4352,9217,-6550,7444,-10610,761,-1641,11790,-6198
2683,3116,-981,4224,2584,-5446,7582,-10870,629,-1632,11011,-5416
7743,3102,-981,6688,2074,-8127,8230,-10284,427,-1214,12326,-5308
7747,3936,-513,6145,1295,-7146,8292,-10394,241,-1251,11725,-5039
8249,3164,-613,6144,2256,-7614,8720,-10740,81,-1181,12016,-5158
8295,3612,-941,6145,3136,-8016,8994,-10650,25,-1018,12172,-5192
8279,-3028,-581,4549,5186,-8180,8944,-9672,-1357,-135,13019,-6159
3515,-2916,13,4362,8773,-5856,8334,-10242,421,-1822,12004,-5739
2863,4134,25,4356,8193,-8048,7928,-10220,961,-1042,12691,-4877
2735,3972,-5,5168,4483,-4066,7812,-9424,625,-665,13650,-4041
2699,4156,83,4096,5256,-4054,7918,-9508,741,-704,13496,-4103
1647,3436,-885,4356,5696,-7536,7466,-10412,619,-632,13846,-4329
2613,3936,11,4237,4642,-4077,7364,-10584,489,-855,12882,-3625
1843,3164,-771,4612,2588,-8172,7084,-10610,403,-433,10938,-3683
4017,-3036,-1029,4612,9153,-7933,7126,-9254,155,-420,10111,-3737
3695,3500,-517,513,1537,-8192,7382,-11006,35,609,10091,-3697
3635,3148,-957,186,4402,-7935,7184,-10900,-427,787,12584,-3262
4735,4000,-1025,146,9026,-7416,7328,-10472,-237,929,11138,-3081
3639,4188,-597,784,1792,-7848,7322,-10198,139,888,9997,-3599
3761,4140,-893,1232,1066,-4088,7354,-10164,351,1295,9379,-3964
3699,4140,-961,1170,1355,-4089,7584,-10374,463,1439,9589,-4093
2835,4416,-969,1104,1376,-7102,7464,-9940,717,1788,9689,-4297
2811,4860,-997,1242,8307,-7096,7408,-9434,1105,1237,9266,-4760
2641,-2898,1091,435,8195,-7040,7104,-9160,1789,564,8219,-4426
2607,4144,1419,515,1101,-3960,7508,-9648,2017,652,8172,-3952
1983,-2660,555,512,8736,-7154,7094,-8966,1523,511,9816,-4570
1615,3644,1051,35,8328,-6732,6606,-9446,1729,377,8792,-4680
1711,3652,2045,352,8706,-3946,6556,-9886,2699,511,10014,-3783
871,4152,-1025,804,8256,-5558,5368,-9954,3627,905,12381,-1229
559,3952,-1027,322,13530,132,3308,-9414,3843,1648,13402,2934
-7585,3262,863,164,529,4498,1118,-10438,3439,2722,14059,7866
-3839,2990,351,69,5,4,-1018,-9448,1487,2160,10033,11622
-4525,-2788,-885,768,5452,12424,-444,-8162,797,757,5674,12429
-1973,-2784,-3005,4113,5442,14657,-358,-7922,-2001,-2996,7238,16149
383,-1988,-4483,5632,4112,1232,1138,-5832,-1999,-2187,-2629,15618
-463,-5472,-4445,1060,274,18564,2714,-3600,-1691,-4273,-2504,19236
559,-4836,-5071,4110,640,8256,1490,-2042,-2143,-2531,-897,11716
641,-2996,-2563,1667,641,8195,4190,-336,-1599,-6774,-2074,9221
3761,-1876,-4097,0,15,8736,4238,368,-1245,-12443,194,8576
3633,-3044,-2565,16,5,529,4266,1100,-1669,-16686,2785,4955
2129,6188,-15351,328,-7936,-3968,4150,13092,-13391,10752,-9943,-7336
-433,-8396,3199,269,-2556,1125,1706,-1804,4077,1960,-1052,-3179
1727,132,-885,-2042,-5335,2688,2984,2136,3883,-1408,-628,-1339
2243,-2440,1089,-4062,326,3138,3104,850,3359,-764,1566,-833
2159,-2722,901,400,100,2177,2200,-1486,5663,142,4220,-1268
2647,-2980,-1021,96,1544,320,3402,-392,2465,624,-252,-5927
1071,-4642,-901,-4284,-5048,8334,1602,-2232,2345,-88,-5180,-7700
823,-5088,-485,298,-8184,2561,3880,-2704,4365,434,-5844,-8898
-401,-7098,-451,208,-3968,4678,2084,-4732,3227,2457,-2317,-10591
-161,-2372,-901,4754,16,4104,2636,-5356,4165,4482,2026,-12408
-6225,-996,-1,1027,0,1156,2614,-6022,2797,5085,135,-13438
-7889,-2012,-741,1080,-1024,22,2876,-7796,4093,5407,-205,-13045
-7985,-2912,-925,418,1282,2322,2758,-8338,4011,4458,3662,-14098
-6351,-1976,267,1225,5656,952,2620,-8238,2955,4063,5895,-14385
-79,-2716,-769,609,1600,2304,2498,-8566,1811,2824,5763,-12944
2351,-2882,-979,1287,355,0,4038,-8810,1533,1171,1294,-10525
-153,2166,-3,1539,0,-10236,4512,-9928,2487,-429,2156,-10216
625,1638,-517,2603,320,-13757,5564,-11656,2477,-1196,2726,-9605
3759,2590,-925,2312,2192,-8192,6104,-11906,2347,-907,6683,-7708
3635,3394,45,3944,2370,-6134,6316,-10054,1437,-72,8082,-6011
4023,4136,-509,64,8960,-6128,7186,-10272,1185,568,9173,-5690
4207,3324,-1029,1028,2633,-7168,7158,-10156,575,1038,11070,-6593
3769,3118,-475,129,4114,-7068,7392,-10334,397,924,12591,-7060
2991,3116,-493,144,4356,-8126,7556,-10742,191,198,12609,-6815
3703,4146,-885,5865,3715,-8123,7760,-10376,175,-20,11953,-6802
3729,3388,-773,51,3433,-8048,7990,-11042,-365,50,11463,-6450
3393,3792,-503,517,4944,-8152,7926,-10224,51,525,13266,-7037
7735,5406,539,2216,8262,-7616,8214,-8054,-361,-1766,14890,-6802
2111,3388,-357,3841,9478,-8064,6914,-10430,407,52,9523,-6020
2743,4028,-1,64,4353,-8191,7472,-10484,857,115,12732,-5816
1905,-2980,-453,4544,4768,-7383,6976,-9462,509,-145,12826,-5240
1615,4514,155,3875,2370,-7159,6878,-9472,1069,-122,10649,-4568
2175,4422,-1025,3856,8256,-7936,6814,-10154,1023,-94,10737,-4843
3683,4124,59,4632,8210,-4530,6596,-10232,995,-523,10295,-4204
3663,3232,-517,4112,8322,-6847,6514,-10692,1341,-711,8285,-2691
3631,-3022,-505,4114,8260,-4094,6820,-8982,1117,-1189,9344,-2047
2287,3744,-1017,260,2576,-4032,6864,-9928,771,400,7694,-1972
3631,3932,147,1280,9732,-3896,7706,-10406,695,1444,10033,-1838
2545,3230,-885,20,8313,-4043,7014,-10406,-199,1212,10962,-2335
3631,3300,-989,0,1181,-4091,7350,-10140,135,1630,7356,-2065
3131,3164,-483,33,777,-3696,7908,-10106,1095,1823,7209,-3662
2767,3724,-1027,156,8836,-7022,7710,-10822,1105,2221,8947,-4124
2623,-2524,-1021,1184,8304,-6911,7140,-8790,1205,1903,9194,-4354
1841,-3038,1019,224,324,-6903,6968,-8832,1787,1267,6877,-4833
3661,-2468,1051,256,642,-6652,7366,-8958,2183,1276,7281,-4568
2609,3764,1101,1028,2576,-6029,7180,-9670,1973,1275,10888,-4466
2127,4316,1019,78,3162,-5620,6740,-9608,1599,1384,11574,-4318
1743,-3028,1053,264,8705,-4068,6302,-9318,1689,1494,9640,-4024
1583,-3012,-1027,1,8368,-7415,5956,-10298,2095,1401,9924,-4167
129,3510,7,974,8960,-4062,4820,-9836,2769,1080,9112,-2565
1903,-2964,1147,65,10256,19,3386,-9490,3051,635,11364,302
975,4142,1631,1368,10578,4546,1402,-10428,2513,1934,10700,4855
-841,4060,1039,1562,3,192,-388,-10508,1787,1755,9552,9111
-2893,2864,925,873,0,5,-364,-9438,1443,851,8147,12520
-2765,-1740,-513,2050,6954,13600,-1164,-7398,-1363,-1112,7272,14040
-3025,-1748,-4227,1120,1280,14629,-1762,-5556,-153,-2137,-6914,13896
-8171,-7132,-2737,1568,7251,18176,520,-4802,-679,-849,-237,18562
2101,-4580,-2167,2384,4164,4371,2304,-1890,-1713,-937,3633,14449
625,-2532,-4693,2113,-8049,2120,4178,-166,-2697,-5279,-3840,11684
3761,-2524,-5089,5260,1056,8836,4288,-278,-1309,-8642,-2238,10763
2415,-3012,-4869,16,144,4129,4040,148,-663,-10682,1529,6671
3655,-1748,-1023,77,2112,4096,4666,1322,85,-14023,3752,4210
7797,-1964,1179,12952,2386,768,5824,-7090,8751,-21220,10126,3994
-141,5156,1537,578,9776,1097,2450,4676,2413,-14085,9614,3341
-383,-1024,-517,-5100,-4672,2088,1632,826,2617,-4028,-1696,-1931
2001,-2784,-995,-4094,98,2688,2764,832,3893,-1678,789,-1486
1715,-1976,-1005,1224,4206,4115,2826,22,3335,1609,3967,-2626
467,-5604,-979,1952,-1883,512,1908,-1380,1567,2068,-1484,-5580
1719,-5058,-517,64,-4020,8228,2626,-1668,3597,566,-3610,-8340
1599,-5076,-945,6,-4048,1,3076,-3368,4293,1381,-2142,-10992
-441,-7132,-1005,773,-3959,208,3722,-4318,2641,2938,-3333,-13283
-6303,-2980,3197,2208,-6893,0,3226,-4532,2505,2586,-3839,-14845
81,-2340,3075,1282,-864,2165,2540,-8252,4539,1175,-599,-14163
-7841,-3016,-773,64,1059,2176,3022,-8102,3277,1202,1099,-12542
-5997,-2964,1033,515,2436,4112,2690,-8924,3205,513,2936,-11103
-6337,-2388,7,88,1800,268,2840,-8730,3301,-675,3907,-10377
-6001,-2940,-373,13,1280,4435,3912,-8738,2477,-1441,3280,-8291
-3979,3100,-5,482,2945,-7808,4864,-9746,2669,-2550,3948,-7692
601,-2232,-133,2056,3136,-8175,5258,-8674,2503,-1931,3703,-7151
-377,4192,13,4230,5108,-8192,5630,-10334,2579,-1845,5248,-7685
3635,3366,-1029,2562,8516,-7648,6214,-10876,2063,-1655,8687,-7492
3743,3100,-1029,4513,8200,-8128,7094,-10518,1565,-560,10637,-6696
3695,3616,67,2,3076,-7648,7550,-10656,715,80,11487,-6553
3137,3228,-445,1,4128,-8144,8014,-11258,71,660,13306,-6715
3129,3488,-1029,16,5216,-8192,7998,-10288,265,1109,13790,-6073
7775,2660,-865,1024,4303,-7916,8510,-11722,-153,1229,13895,-5801
7727,-2772,-989,264,4608,-8181,8568,-9474,-303,732,15153,-6393
3135,-2260,-965,33,8448,-6519,8090,-9386,113,25,11436,-6469
3375,4166,-401,4352,10240,-5992,7982,-9830,561,-251,11551,-5878
2771,4124,-453,419,7041,-6094,7674,-10438,443,487,15275,-6078
2639,4284,-381,322,6305,-8028,6776,-10170,621,623,14462,-5421
2415,3612,-501,552,4098,-8189,7120,-9752,191,517,12445,-5183
1747,3532,-933,256,2108,-5088,7098,-10392,101,245,11383,-4986
3631,4126,-973,210,2114,-5558,7208,-10330,-227,203,10606,-4541
2361,-2776,-1755,269,8208,-5888,7068,-10958,-305,285,10299,-4234
4181,3616,-1377,0,9251,-5984,6914,-10730,-805,692,11679,-4673
4417,3200,-899,144,8489,-5822,7056,-10876,-729,714,14399,-4707
3671,4198,-1009,33,8256,-3967,7230,-10266,-367,29,15311,-3892
3631,3500,-1005,280,3584,-3804,7330,-10160,111,324,11515,-3709
3637,3484,-1029,67,1061,-6144,7506,-10064,795,992,9496,-4667
7763,3304,523,1862,577,-6014,8226,-11218,1179,1962,9974,-4736
3345,-3044,11,4,2082,-5632,7908,-8936,581,1754,11241,-5759
2607,-2948,187,512,7948,-6043,7316,-10012,779,1549,7940,-6063
2607,3814,43,514,264,-5632,7636,-10614,1139,1549,8745,-5514
2773,3388,43,385,2561,-5504,7616,-9576,971,1411,10836,-5218
2833,3868,61,128,2184,-5418,7372,-9558,775,1417,10641,-5459
1855,3628,251,652,1153,-7639,6890,-9842,1035,968,9839,-5576
1887,3880,539,4,536,-7132,6456,-10500,1393,275,9051,-5048
3667,-2020,-895,4104,69,-4818,6256,-8368,1489,-240,7624,-4099
151,3996,-893,3264,96,-8138,5728,-10414,2323,-769,7431,-2383
55,4252,2023,2356,8192,-7143,4858,-10160,2541,-727,9524,-26
887,3174,2243,69,8806,2242,3282,-10934,2945,393,9938,3222
-417,3148,2237,130,272,4432,2388,-10366,3241,1273,10188,7786
-8545,2150,-579,1794,513,545,762,-9804,1947,1886,8968,10937
-8397,-1600,583,532,176,11530,326,-7712,1377,672,5814,12267
-4399,-996,-421,-2918,7172,14935,-1720,-7056,-1057,-3193,6926,15056
-2503,-988,-2045,144,1040,3536,-3672,-6854,-2103,-7418,-4568,16222
513,-3040,-833,0,642,16916,1100,-4582,-245,-5834,-3577,19548
-81,-4020,-2289,2304,27,17056,2710,-2782,-237,-5359,175,16502
1747,-6996,-2913,1157,324,4356,3436,-2168,-453,-7129,-3657,12275
3927,-7628,-933,4677,8448,10248,4522,-1412,-363,-10335,-2801,11886
3761,-1912,-453,1154,8704,6,5436,-198,-21,-13449,-833,7956
7727,-3044,22893,-32728,17409,8904,172,-26384,10713,-6816,12190,8268
-4481,-7140,-325,1354,528,596,-3350,-2496,2103,-2500,383,119
-441,-3042,-259,-511,-4608,579,5114,4050,4681,-926,242,518
-449,-986,-997,-3004,516,1281,4048,1758,4465,-582,2221,-527
2903,-2780,-1017,1046,4176,2624,3830,672,3703,1091,4560,-1564
75,-1764,1021,824,1926,9,5106,136,2931,760,1870,-5345
1615,-2660,91,160,11,4660,6298,-434,2549,217,-3867,-12014
3255,-6108,-997,-5108,-8191,66,4360,-3946,4525,-904,-7032,-15044
-205,-10724,-637,-4522,-4096,1454,1402,-7134,3803,-363,-1179,-14960
-7593,-10180,3095,1409,34,8,1426,-8306,4519,1587,2202,-15585
-7601,-2948,3131,1120,2,3200,1352,-8570,3989,3132,1560,-13218
-8643,-2652,3083,3090,384,1172,1678,-8510,3823,3616,1738,-10505
-6481,-2658,3103,1387,0,4625,3338,-7872,3695,3555,2954,-10716
-4433,-2734,-509,2113,326,4176,4630,-7486,2183,2605,2359,-11719
-4177,-2884,1787,864,0,2,5172,-8438,2367,902,3207,-12214
-321,1958,-163,3232,544,32,4860,-10658,2117,-652,4698,-11855
561,588,-1023,2816,64,1025,5532,-9880,1897,-1150,5758,-10588
-457,2110,-1007,4224,329,16,5580,-10374,1945,-859,6393,-10179
2095,3166,-895,4105,3118,-9710,7012,-11010,1491,-1961,8257,-9628
1839,1246,-721,4416,8192,-10208,6594,-11142,1811,-1159,9064,-8662
2615,3122,-317,7000,8448,-8188,7278,-11262,1277,-1038,11186,-7943
2607,3150,-643,7232,8768,-7135,7504,-11192,1041,-930,10813,-6550
3119,3116,-1013,6180,2868,-8116,7800,-10456,645,-1122,11031,-6050
3137,4124,-767,6448,8227,-5632,8014,-10464,767,-1642,9135,-5199
8511,3644,-741,6181,9264,-5233,9014,-10368,1085,-1358,10115,-5284
7995,5164,543,5554,4164,-6128,8726,-9406,1343,-2142,12608,-6006
2743,4192,507,4097,8704,-6128,7800,-9784,1161,-2193,11694,-4818
2707,3464,125,4880,8195,-6633,8044,-9756,1181,-1090,13440,-4722
2991,3772,59,4097,4180,-5882,7560,-9478,1001,-897,13341,-4257
1775,-3036,-5,3328,4306,-3968,7374,-9254,817,-553,12847,-3997
2607,3632,-699,3844,5120,-6810,7200,-9966,429,-268,13331,-4252
1721,1564,-515,876,4114,-4078,6416,-9392,79,943,12303,-4021
2129,3174,-965,6160,2054,-6656,7014,-10952,163,-443,10892,-2462
3887,3166,-1029,768,8210,-3840,7174,-10258,441,-441,11924,-2394
1841,3102,-1025,275,8592,-7008,6404,-10660,-369,474,10967,-2571
3759,3696,-1013,84,1180,-6104,7320,-10490,-7,863,9690,-1497
3635,3126,-965,256,8320,-6976,6420,-10524,-457,1517,10461,-2658
2127,3724,-513,576,6171,-3707,7112,-9828,245,2035,6637,-2683
2617,3356,-1029,2081,1083,-7168,7458,-10176,661,2152,9817,-4632
1887,3152,-91,2048,2560,-7070,6836,-10694,599,2308,11025,-4725
1591,4386,-803,385,260,-7166,6556,-9602,353,2579,9403,-4433
1967,5180,5,146,20,-4088,6476,-9116,963,1418,7273,-3925
1975,4128,1071,1024,24,-4031,6720,-9752,1743,1450,6798,-3703
2223,4124,1043,1025,577,-3327,6802,-9890,1971,1620,8877,-3292
2103,-2852,1083,572,8192,-3039,6780,-8874,1543,720,9428,-3048
1839,-3040,1323,388,136,-3557,6516,-9318,1801,425,7757,-3077
1583,3640,1379,96,704,-4094,6344,-9816,2019,217,8185,-3268
1689,-3042,2043,5250,8468,-3967,6426,-8728,1587,-716,8824,-2004
4143,-1500,-1013,5634,448,-6002,5736,-7554,1249,-288,6625,-735
-335,-2858,-957,560,2568,379,5216,-11428,1669,1007,6674,573
-425,3104,-357,582,8992,256,4644,-10926,1625,2904,10291,967
-209,2204,11,304,10376,2636,2672,-9898,991,2858,10674,3907
-8619,3230,-1027,2578,129,17,1936,-9776,1617,2666,8852,8399
-8657,-2874,-437,68,67,266,-120,-9366,145,2545,8707,10930
-2633,-1948,-837,262,384,2868,-2234,-6856,-123,-187,-380,11234
-2405,-3044,-965,1353,4608,4676,-3108,-7294,-637,-348,-4595,13335
-8081,-962,-373,1348,-2916,12289,28,-6780,355,1555,-2368,15495
-447,-3042,-517,2176,8,14720,2304,-4258,-303,2066,340,15967
2615,-4474,-4421,642,1,4416,2930,-1780,-1521,-585,-116,14636
3897,-2116,-3345,0,91,2929,5142,-102,-605,-3509,-1470,12018
4147,-1250,-4101,524,58,10258,4432,890,-949,-7107,257,10746
3651,-946,-2493,323,1360,6699,4712,1536,-507,-10034,1380,6581
4143,-990,-1019,8,3264,4096,4688,1228,143,-16032,3360,4075
-8591,5662,-24067,36,904,548,3726,14184,-5071,10405,-9183,-3700
-4491,-2520,-953,80,-4784,320,432,1666,4543,1677,-4855,-3686
-427,-798,-1013,-712,-5504,2306,3356,2138,3627,-424,-152,-1256
2625,-3044,765,-2560,322,2115,3568,826,3783,-509,2749,-773
-395,-1998,1133,1041,2574,1057,3420,602,2641,910,3505,-2895
2863,-3034,805,-6016,0,260,3546,-504,3419,-418,-85,-5494
2767,-7552,11,-5116,40,278,3286,-1416,3457,-931,-1776,-8090
2007,-9168,3371,-3070,-2808,1032,2442,-2922,4605,-499,-2573,-9170
-465,-7140,-771,284,-4050,1925,2368,-3564,4061,1244,-1847,-10544
87,-8860,3285,2240,-8064,4428,2816,-5450,3907,2297,-2753,-10901
-7245,-2876,-709,202,-6023,1778,1976,-6980,2927,2565,-404,-12573
-8143,-2980,-483,1304,4384,544,1474,-7338,3241,3599,6146,-12617
-7569,-962,-579,1344,1033,1171,1246,-7122,2499,5559,5398,-10919
-6981,-676,1163,4096,5129,4161,1684,-6898,1851,5352,5534,-10859
105,-2436,1531,4165,5120,1120,2744,-7560,1819,4681,5279,-11095
-461,-1456,-989,3980,4232,1344,2878,-7740,1201,4020,4556,-10816
631,-3036,1339,2080,2567,405,3372,-9578,2017,2079,7302,-11343
815,1636,-261,1540,2304,1073,3534,-10422,1471,1594,6663,-11035
175,2164,-1011,808,132,-10240,5052,-10260,1319,925,5198,-10166
667,1452,555,68,599,-10142,6092,-11138,1097,84,5978,-9722
2223,1054,383,65,9053,-9982,6838,-11414,933,302,9247,-9331
2639,3108,-941,42,8210,-9980,7244,-10868,515,570,10586,-8385
2643,3612,-417,99,8224,-7644,7584,-10892,257,467,10525,-7555
2609,4640,-901,144,3089,-7903,7896,-9658,25,326,11897,-7395
3133,-2884,-675,4357,8809,-8185,7984,-9888,509,-147,11908,-6866
3199,3612,-771,4736,8840,-8176,7826,-9634,1727,-333,13233,-5996
2679,-2372,277,4880,6241,-3929,7998,-7756,-229,-1868,14900,-4500
2741,-3044,-979,4116,3239,-6525,7772,-9344,713,-1159,11724,-4253
2631,3388,-261,3080,8450,-8160,7204,-10102,301,-779,12131,-5496
2607,3412,-1029,4160,3058,-7311,7170,-10498,481,-975,11182,-5190
3631,3612,-685,4613,2119,-4052,7178,-10732,259,-1295,10605,-3842
3631,4284,-515,3365,8782,-4096,7202,-10218,89,-601,11271,-3110
3631,3420,-995,32,8208,-4080,6740,-11012,-423,143,11036,-3075
3897,3102,-957,16,3108,-7168,7016,-11030,-439,559,11529,-2538
3639,3104,-1027,532,3168,-5872,7148,-10262,-147,623,11459,-1727
3647,3390,-1021,5,3112,-3968,7420,-9926,411,1240,11814,-1828
3631,3682,-965,1281,2048,-3882,7410,-10394,563,1976,11691,-2778
2769,4126,-989,64,256,-3012,7356,-10462,567,2269,10004,-2671
2907,4140,-435,640,2080,-3456,7638,-10184,421,3059,10349,-3263
3679,-3044,-995,560,162,-4335,7184,-8980,-1,2818,10086,-4339
3647,-3042,27,2056,8034,-8126,6862,-9504,645,2177,8126,-4784
3695,4268,27,2055,544,-8192,6702,-9642,1167,2218,8906,-4917
1791,4540,-523,548,580,-7932,6334,-9518,1057,1956,9820,-4817
3631,4704,511,88,1101,-8125,6112,-9414,1093,1473,9423,-4815
1119,4876,-1007,49,546,-4832,5708,-9428,1291,1053,8782,-4807
3777,4252,-373,97,1282,-7916,5324,-9632,1347,322,7903,-3667
3635,3478,-965,4152,813,-6096,5182,-9478,1723,-102,7015,-1886
-15,4124,-627,3588,2051,2,4880,-9134,2177,44,7328,516
1631,3632,1051,648,4104,1040,3910,-10770,2605,751,7373,3429
-333,3124,-1011,136,80,4112,2734,-10280,2857,2582,10634,5305
-7441,3100,1571,184,448,258,1094,-9648,2383,3810,9016,8625
-8201,-2904,1563,611,326,1081,756,-8704,2219,4063,8575,11310
-2257,-1632,-837,2057,516,1069,-1202,-8036,-9,2101,8465,12164
-8335,-740,-979,0,64,4622,-582,-5256,-1603,3358,-9743,10470
-197,-2532,1607,64,368,4744,2106,-4436,2019,4353,-3703,15308
1603,-3028,-1025,388,3200,6926,2194,-1838,69,3099,3642,15307
-395,-3044,-3589,289,32,221,3238,-354,-1009,445,-1466,11002
1097,-3028,-4597,12,2048,3734,3678,-14,-695,-4102,-357,11846
3689,-916,-4609,1560,529,8193,4166,984,-797,-6764,2856,8801
3971,-2908,-901,16,4128,4612,4222,1272,-355,-10160,4253,5477
3713,-2978,-965,2409,1552,2464,4918,898,-645,-12629,1962,3186
655,-3012,-2661,12338,0,2074,2748,-108,-273,-19668,4521,2633
9263,13358,4091,130,8453,1048,5558,11756,5553,-10449,13288,-2151
-247,-3012,-773,-8159,2,2496,484,2474,4279,-5954,119,-1999
-393,-1860,771,-4095,-3700,4164,2238,-206,4751,-1499,301,-2830
1853,-3040,91,836,2304,4105,2802,-1382,3533,1000,2302,-3426
1585,-5092,-513,3330,-2000,1162,2056,-2802,1969,3523,-2434,-7257
2351,-5092,13,0,-7133,6144,3052,-3040,3579,1948,-4276,-9916
687,-6360,-507,1026,-3070,160,1724,-4356,4083,3189,-2970,-10784
-6993,-8604,-1027,4110,947,644,1764,-5526,4187,4470,-1849,-11623
-8401,-6112,-507,80,616,8,2548,-6058,4097,5171,-16,-11446
-6305,-8548,-1013,420,-3824,4321,3020,-6548,3697,4503,-1558,-10912
-461,-2778,11,1280,-3568,4164,2764,-7122,3195,3530,-126,-11893
-5583,-2952,-997,2194,1249,4132,3328,-7276,2723,2586,1999,-12227
-449,-2402,609,8,4289,4171,3112,-8460,3253,1574,5464,-12157
-6609,-2514,-285,768,4267,4424,2720,-8790,2373,812,6002,-10213
-5061,-3024,1439,162,32,56,3736,-8512,2523,155,5079,-9159
591,-2496,-195,3521,8,-10234,5188,-8610,2367,-668,4174,-9825
-443,2146,-451,2064,2825,-11695,5922,-9884,2261,-1423,3036,-10345
1647,1214,-773,2690,8320,-12131,6888,-10776,2429,-1155,8642,-10788
1941,1244,-493,5503,9249,-11360,6578,-11190,1433,-603,9954,-9196
2759,1596,-1021,7232,9524,-10962,7334,-10838,643,-589,9600,-8308
2373,3244,11,8704,8279,-8191,8120,-10710,791,-524,8965,-8037
7727,3614,903,9472,8321,-7168,8686,-10800,1417,-700,9401,-7018
7791,3434,357,8838,9184,-8031,9244,-10908,1055,-409,11363,-5925
8319,-2514,-953,6784,8205,-7499,8792,-8768,855,-1454,11142,-5333
8883,-1698,-993,4107,8226,-7669,9194,-9350,1175,-2234,10967,-4685
8129,3366,603,6802,9089,-7165,8976,-9362,1085,-1350,13365,-4638
2953,3182,507,6282,4160,-6144,8142,-9590,1139,-994,13203,-4584
2719,3636,575,4353,4225,-5020,7716,-9884,1263,-765,12494,-5052
1655,3548,123,3092,3330,-5114,7268,-10112,1157,-869,11583,-4724
2375,3116,-1013,2756,8262,-4818,6960,-10192,809,-263,10586,-4289
1839,3648,9,3428,8386,-4088,6856,-9534,619,-663,9775,-3517
1591,4124,107,4908,8194,-7584,6844,-10026,553,-81,8368,-3226
1919,3806,-1029,114,8587,-7288,6746,-10474,941,148,8673,-3023
1943,3100,-1029,333,8600,-6109,7182,-10348,439,365,8677,-1829
2879,3492,-973,516,8248,-5988,7410,-9926,483,551,8432,-1941
2863,3110,-1025,272,8256,-4091,7568,-10030,669,402,8208,-2715
3129,3100,-985,648,136,-3574,7798,-9852,1013,700,7914,-3591
2415,3106,-899,288,8194,-3512,7938,-10630,1387,1464,9474,-3478
2823,3558,575,0,8768,-5376,7478,-9402,1183,1767,8910,-4203
1719,3932,815,1284,818,-5824,7352,-9410,1445,1280,6907,-4812
2607,3740,1419,544,1228,-4960,7572,-9792,2075,533,7766,-4254
1729,3110,1023,516,8448,-3293,7240,-9948,1821,618,10552,-3227
2233,-2980,-37,538,2257,-3952,6866,-9352,1499,520,10385,-3609
1585,-2924,1083,129,467,-3870,6536,-9168,1685,649,8602,-3849
1737,-3038,1083,38,8193,-4089,6598,-8440,2083,565,8314,-3821
213,3260,-1017,512,1153,-7159,5872,-9558,1957,598,7855,-2709
-401,-2972,-769,314,8229,-7654,5204,-9300,1901,454,8145,-1379
-429,3630,123,7,4897,148,4524,-10704,2985,1391,7185,1326
-6609,3360,851,3138,0,1552,3206,-11060,3397,3309,11616,3828
-8621,3128,1023,709,1056,64,1236,-10194,2799,4853,11809,8576
-7821,-3000,-449,518,48,12008,956,-8486,1861,4368,10590,12517
-2169,-1964,-1019,3332,3128,12936,-1704,-7462,-633,3060,7399,13614
-8145,-3040,-4025,646,8716,48,-890,-10306,1811,2664,-5755,12266
-161,-2812,-1029,1448,737,16640,2172,-3862,531,1963,266,17469
-207,-2958,-4095,3766,2113,6673,2298,-776,-1529,-632,3251,15147
1843,-3044,-5061,5832,2392,4098,4212,382,-2327,-2283,-4703,12405
3719,-3032,-4037,2050,6496,10840,4252,340,-1431,-6444,-1576,10828
3647,-1348,-3057,1281,2081,310,5222,860,-1147,-11346,2575,6319
-385,-2040,-3045,128,3972,1190,4026,40,-807,-16699,4007,3249
-20689,-13636,-17317,1028,11,2306,-9018,6714,-12333,12057,-1537,-2468
47,-11108,-1009,0,-2160,576,1972,-566,6013,778,-1820,-4010
-433,-972,-1019,-1773,-4091,2096,3806,2554,4265,-1820,-1099,-205
51,-1372,639,-4056,1028,2561,2822,522,3469,-957,3361,-1118
175,-3044,251,556,558,2313,1856,20,2643,752,2470,-1749
2367,-2500,79,-4594,-1623,4121,3018,-446,3229,-464,-1125,-3763
1815,-2988,557,0,-3648,1910,2646,-1220,3589,109,-3828,-6227
1711,-5916,-837,19,-7516,7426,3524,-2026,4077,1953,-3925,-8336
2641,-5986,27,1249,-8064,1536,3414,-4116,3253,2024,-2415,-10977
-443,-9020,1793,64,-2496,419,2300,-5936,2241,2109,-549,-13300
-333,-2948,2059,516,-2676,66,3192,-6126,2789,1645,-422,-13703
-6603,-1820,3323,1568,513,320,2934,-7442,3981,1950,680,-13877
-6329,-2610,-509,12,16,179,2328,-8078,4203,222,2026,-14046
-5577,-1872,-469,1026,143,124,3300,-8310,3183,-826,3015,-13057
-4349,-2980,259,21,2568,4168,4464,-8998,3025,-1664,2660,-12029
-193,3104,-115,0,20,4160,5516,-10718,2893,-2540,4810,-11308
-321,2460,1019,2048,516,776,6412,-11486,2215,-1931,4774,-10304
1849,1580,-853,4539,586,-10684,6556,-10948,1277,-1581,5864,-8506
2691,2118,-1021,4100,2088,-8176,7116,-10420,1503,-1788,6533,-6787
1583,3366,131,2252,8194,-8190,6968,-11204,679,-1498,8402,-6208
2655,3102,-69,4268,8192,-8160,7488,-10808,623,-843,10333,-5450
2607,3204,-313,5120,8864,-8177,7384,-10776,197,-851,10934,-4242
3799,3260,-453,5125,8390,-3511,8096,-10476,391,-941,11036,-3359
7985,3232,-1029,5122,3141,-3519,8430,-10202,543,-827,12052,-3520
7759,4148,-955,5384,4104,-4064,8516,-10462,715,-778,13180,-3544
2223,-3044,-985,0,6208,-4088,8620,-10008,7,160,15031,-4024
3127,-3042,-933,4640,8836,-8060,7798,-8854,225,-381,13843,-4674
3695,4172,-1029,3780,10269,-4020,7570,-10492,1071,100,11609,-3969
2643,3404,267,9,8536,-6656,7398,-9856,835,147,13121,-4266
2615,3616,-5,64,2052,-3950,7304,-9630,1097,332,10943,-3606
2623,3836,187,78,1154,-4096,7276,-9602,1281,603,9988,-3563
1953,4124,323,545,2440,-4096,7140,-10216,981,701,10649,-3070
2171,3102,-389,512,1536,-4091,6718,-9636,411,1523,9691,-2920
3697,4260,-997,1027,8722,-7552,6744,-10196,253,1566,8718,-2411
3903,-2980,-897,1735,8296,-7544,7032,-10742,135,1749,9105,-2385
4097,4124,-997,1033,9504,-5702,6552,-10276,-111,1377,9343,-1627
4275,4436,-421,1040,8528,-6062,7006,-9746,309,1291,8646,-1880
4159,-3028,-379,28,1025,-3700,6718,-9302,267,1057,7982,-2616
3701,4196,-213,773,4,-3828,6940,-9840,515,1887,6713,-3358
2479,3492,-901,2080,775,-4061,7042,-10066,935,2377,9244,-4031
1907,3618,-517,2176,1024,-4096,7030,-10692,1175,2719,9347,-3765
2099,-2400,-947,192,1281,-6012,7106,-9280,1223,2838,9341,-5341
2095,-3034,1103,0,1036,-7926,6736,-8824,1863,1324,9179,-5977
1855,4124,1283,17,8354,-5983,7012,-9882,2357,1064,8656,-4034
1583,4124,1123,160,779,-4092,7240,-9800,1937,1260,10257,-3288
1847,-2980,31,824,642,-3775,6980,-9052,1221,1007,9826,-3219
2097,4316,515,540,642,-3312,7466,-8654,2083,1717,8766,-3821
3655,4124,647,609,32,-4026,6394,-9704,1239,555,8535,-3166
4049,4126,-991,16,8256,-7659,6062,-9958,1017,541,8385,-3573
3631,-3036,-1,402,1536,-7383,6176,-9200,835,393,7715,-3169
1583,4128,-509,64,296,-4094,6508,-9858,361,500,5944,-2743
1677,3164,-997,1293,2305,-8144,6798,-10478,275,1414,7595,-4066
1665,3126,571,770,10420,-5490,6188,-9686,1437,1907,11387,-4326
-463,3272,-965,34,1,-6592,4116,-10378,2265,2667,16472,-2246
-417,1570,-897,3084,1290,2560,390,-11536,2127,3109,17749,4429
-4113,3252,-961,2048,8448,112,-1666,-10586,-211,1868,11670,12749
-6089,2078,-901,20,5142,15409,-1112,-10158,-1825,-290,7655,15869
-8559,-3044,-957,608,-8147,12,-1032,-10026,-3811,-2643,-6084,13204
305,-996,-1027,264,-6924,17672,2588,-6914,-2233,-2841,-5719,17773
3263,-1876,-4507,272,64,16800,3910,-4860,-1585,-5130,-1722,20351
1875,-5028,-3045,656,4612,4834,2420,-2728,-2311,-6351,-1616,14119
1265,-5764,-2913,6418,8588,8257,3762,-1614,-1059,-9143,-3469,13466
191,-7136,-1269,272,1032,12288,3036,-1572,-865,-15810,3136,12600
-451,-6926,-2053,10242,6166,1088,2546,-2332,-1275,-22796,6299,9111
3635,-1316,-773,14088,-8192,-10237,7640,-96,4129,16213,-1905,-10230
-457,-2532,-757,224,-3056,25,4920,2496,5027,1109,-2607,-862
-209,-2892,-893,-1768,-4004,352,3966,3086,4355,-809,-1605,778
1711,-874,-485,516,2945,1248,3436,1112,3981,1026,3176,-810
2159,-3042,507,1044,4198,1064,2814,1130,3029,1824,4318,-1099
-465,-3020,187,-5117,2320,2625,1920,-288,3019,-761,2186,-1617
303,-5988,59,-3933,-3038,544,3114,-950,2933,-511,15,-4064
2863,-2786,-893,0,-6120,8325,2684,-166,4091,1137,-4687,-4616
2099,-2660,-505,256,-3695,8512,2716,-920,4297,1969,-1472,-7063
-399,-6628,-437,4096,2048,6209,2328,-2438,1949,5266,-1742,-10097
-6397,-6852,1021,4124,-3760,4160,2260,-4628,2839,5424,-2629,-12069
-4497,-2636,1723,32,-7935,100,4714,-4384,2433,4292,-2425,-13212
-8333,-3040,-933,0,-6656,3072,1772,-6000,3419,3800,-2729,-12978
-8523,-2756,-1025,1664,-3423,513,-124,-7976,4099,1632,-686,-13323
-4177,-3020,-493,1024,-5808,2056,4500,-6576,4539,1133,-1107,-14159
-401,-1892,515,388,384,76,3816,-7988,3339,-174,2604,-13925
69,3100,603,642,34,1061,3932,-10640,3521,-1326,5142,-12933
565,1568,-837,3073,4352,-11622,5450,-10464,2005,-845,4984,-11582
271,1084,-989,4161,2308,-11744,5226,-11422,2185,-975,4148,-11684
1087,1164,-835,4128,1593,-12288,6136,-11374,1851,-1573,5901,-10998
2095,1448,-1001,4768,8256,-12184,6850,-11524,1617,-1308,9436,-8695
3635,3372,-765,6208,9296,-7008,7250,-11092,877,-780,9285,-6956
3215,3230,-493,6964,8258,-7936,7814,-10694,1075,-1052,8756,-6367
3587,3292,-1021,6728,1088,-7223,8272,-9982,743,-1229,9491,-6159
8127,3372,-631,6920,2638,-8128,9062,-11142,731,-1103,11135,-5803
7743,-3010,-1017,6432,6269,-7344,8492,-9182,583,-1838,14427,-6144
2417,-2996,267,4118,8320,-7935,7976,-9562,993,-2912,10992,-4811
7743,-2808,1019,104,8720,-2928,8290,-8088,2759,-3716,12983,-3340
2135,3720,3,4865,8321,-6248,7758,-9670,1573,-1290,14978,-4039
2527,3648,77,4357,5123,-5856,7022,-9686,1053,-683,13872,-4193
2607,3356,-1,4610,4166,-4088,7170,-10070,923,-466,12280,-4088
2239,2274,-241,4889,3186,-4088,7152,-10026,317,-76,11459,-3721
2223,3228,-995,5320,8372,-3936,7116,-10242,99,-246,10269,-2865
3639,4124,-835,136,8208,-4048,7328,-10258,-307,445,10626,-3020
2095,3120,-993,0,9496,-7808,6818,-10476,-417,570,9391,-3150
3697,3100,-765,8,8520,-6891,7450,-10772,27,1177,8772,-2228
3639,3102,-901,273,8920,-4032,8252,-10816,199,1145,11386,-2721
3663,3108,-725,88,324,-3060,7244,-10036,-33,1591,7900,-2756
2995,3884,-997,1582,356,-4092,8126,-10624,845,1559,8448,-3900
2687,3116,-865,44,2376,-5934,7860,-10074,673,1502,10795,-4411
1649,3392,-1021,2313,610,-6132,7232,-10980,295,2438,8711,-4565
2751,-2516,3,844,320,-6648,7668,-8838,809,841,9224,-4621
2639,4652,1021,18,8,-6356,7506,-9800,1641,604,6939,-4201
2609,3292,1309,1032,8880,-3502,7820,-9732,2009,1144,9187,-3512
1595,3612,1051,72,769,-3520,7314,-9522,1787,594,10183,-3512
1647,4420,1407,136,128,-4095,6854,-9426,2067,441,9011,-3714
1617,-2778,1083,32,0,-3712,6782,-9080,2053,261,8351,-3619
1847,-2996,1091,5248,210,-4064,6688,-9238,1699,-87,8384,-3273
3715,3518,-485,130,8274,-6912,6682,-9810,1279,523,8429,-2952
2129,4160,-323,32,8320,-6449,6746,-9804,1203,564,8907,-2337
1583,3382,375,1287,3226,-6736,6330,-10586,1169,1344,7782,-2654
1583,-2880,-365,1040,7140,-7168,6352,-9202,1219,1609,8173,-2456
-175,2590,1057,134,2048,-8192,6078,-9358,1647,1707,7946,-1753
-463,2270,1211,260,2432,-9912,4526,-9952,2325,2315,10823,-505
-6581,1198,-1027,2050,336,391,2086,-10336,2263,2482,11710,3794
-8543,1196,-1027,2372,560,1033,188,-10042,1825,2226,9719,9779
-3537,-2528,-891,288,4129,4416,-568,-8512,1177,1297,7665,13347
-1737,-480,-3077,1042,768,4097,-688,-6034,-1135,-2679,4319,14315
-8399,-2532,-5115,16,1312,5212,-1586,-6372,-2683,-4073,-7818,14791
-207,-2788,-913,4929,1794,16960,1112,-5274,-503,-3830,-2310,18701
303,-4936,-3973,2177,643,7496,3138,-2510,-953,-6317,465,15414
4199,-6092,-3157,576,1152,8722,4886,-1312,-687,-9859,-2203,11820
3633,-3000,-2309,1280,64,65,4050,-1148,-703,-15253,889,10451
79,-1860,-4033,12162,1,4100,4118,-268,-2679,-20473,4458,6661
8015,-1314,-3035,0,1024,0,-110,2470,3155,14594,3696,-9441
-271,-952,-533,132,-3573,1537,4152,5164,4561,-300,-1435,-2468
3119,-962,-1029,-2016,-3184,2906,3186,1582,4001,-1344,-1743,-211
323,-1924,-989,-3040,2689,2240,1956,12,3833,-442,2952,-330
1457,-2908,-385,-4096,1025,130,2118,492,1977,-730,3814,214
-441,-3044,1019,-4077,10,208,2470,112,3345,-292,2908,-2574
635,-2010,-1029,-4862,1036,2560,2198,-848,3721,-999,266,-4226
1135,-7780,-193,24,4,1156,1522,-1832,2419,1463,-330,-6866
-209,-6880,2107,2052,-3839,3744,1270,-3554,2331,3145,-747,-8663
1601,-7132,1151,512,-3964,4140,2700,-5040,2029,4642,-1299,-10272
-131,-10716,1275,4352,-3992,4608,2524,-6370,1809,5542,-1883,-10576
-145,-9060,1563,4674,-3549,5124,1872,-6702,2547,5621,-1085,-10887
-6571,-8932,1279,0,5,4872,2284,-6582,3065,4789,769,-10526
-5561,-8608,2063,2196,2,4240,3436,-6648,3109,3159,1476,-11925
-4529,-2816,1051,512,2304,265,4112,-7266,2375,1562,6715,-13982
-209,-1428,-899,1100,8,3093,3284,-9588,1603,1671,8990,-12651
55,-868,-1025,2067,2048,4192,4114,-10266,913,2166,6186,-10501
-397,460,-773,2582,4177,2088,4802,-9972,937,2678,5167,-9480
1343,1908,-613,2113,5376,2072,6018,-11422,547,2252,5796,-8436
-465,2914,-197,1306,8704,304,6214,-11550,359,1339,8971,-7862
-459,1322,-355,329,5185,0,6140,-11038,337,938,7654,-7440
-177,1180,-309,3,4544,132,6628,-10746,457,638,6148,-6724
1711,1052,-5,80,8977,-6429,7398,-10854,515,52,9185,-6386
1647,1124,-1029,5458,8256,64,7466,-10844,213,-165,10292,-5787
1967,2076,-435,5224,9224,68,7664,-10376,39,-138,10073,-5800
2233,3436,-677,5384,8256,-5304,7968,-10618,387,-9,9961,-5214
7759,3112,-953,136,2080,-6088,8254,-10330,-299,124,11275,-4687
2351,-3024,-757,4481,4162,-7342,7984,-9030,-267,-695,12330,-5163
2737,4256,-357,4128,2084,-8189,7266,-9952,479,-1391,10244,-4429
2609,3116,3,5075,512,-4040,7524,-10236,1303,-1045,11194,-2989
1711,3612,515,5120,1220,-3072,7330,-9814,1163,-1003,14031,-2908
2523,-3036,603,4354,4105,-2748,7178,-9258,1189,-562,12228,-2790
2119,3112,511,67,2072,-3582,6990,-9754,1103,84,11813,-3576
2115,3324,-1029,24,2560,-3656,6904,-10712,603,139,10981,-3605
3953,3242,-513,1,64,-3016,6602,-10720,89,267,9178,-2666
4159,-3032,-753,48,8480,-3325,6742,-8980,-63,234,8457,-2193
4191,3940,-1029,418,3264,-6088,6856,-10596,-311,997,7888,-1917
4015,3102,-1015,0,10258,-5368,7642,-10588,-349,1050,10449,-1233
4255,4126,1275,4,8320,-5968,8000,-10094,-651,760,10603,-1196
3721,4124,-993,32,2112,-5863,7312,-10400,-385,1235,7258,-1582
3939,3108,-349,132,8208,-3231,7634,-10044,245,1438,8279,-3323
3631,4220,-517,256,8200,-3935,7314,-10448,395,1289,9046,-3825
3075,3180,-959,644,8282,-3562,7654,-10630,565,2076,8406,-3418
3637,4134,-997,128,601,-6912,7686,-9820,513,2197,8826,-4261
2507,-2916,129,1088,1252,-6606,7198,-9788,1061,1241,8114,-4330
2647,4132,539,1105,1293,-3704,7484,-9894,1289,1522,8073,-3565
2959,-3028,-5,340,1296,-3578,7528,-9262,1247,1389,9503,-3559
2623,-2980,511,184,1024,-3795,7382,-9312,1143,1192,9739,-3797
2095,4516,493,863,1283,-3929,6892,-9974,1141,882,9428,-3552
2101,4704,-741,98,8450,-4021,6716,-9448,1317,590,8950,-2819
3631,-2904,-5,133,8320,-7150,5964,-9310,1169,262,8340,-2590
4033,-2916,-1029,10,8200,-7632,5988,-9226,1783,106,8248,-2481
567,3744,1067,33,8344,-5544,5224,-9736,2007,200,8403,-1171
-415,2502,1795,288,8209,1049,4246,-10002,2535,265,8761,1402
-209,3236,-989,1034,4170,4642,3010,-11010,2739,1489,6351,4826
-7617,1052,1213,2369,158,297,1148,-11194,1819,2619,8712,8928
-8495,1564,-501,529,1041,580,272,-9836,-291,1024,8964,13233
-4417,-1852,-5109,4451,448,16402,-2164,-7294,-3051,-2738,998,16444
-1409,302,-4917,0,6534,2048,-1576,-8554,-1845,1363,-8133,12067
-305,-452,-3525,4672,902,18433,2200,-5406,-869,-2381,1668,18769
-427,-5026,-3039,2816,-2048,6300,2124,-2978,-4461,-3919,-2520,15294
1743,-4768,-2821,9,536,8385,3646,-2422,-861,-8184,-4561,14186
3635,-6752,-677,728,1353,12304,4272,-1608,181,-10652,-1792,12103
1455,-7284,-2053,2404,0,577,4478,-702,-843,-14217,2379,8719
-12753,6172,31738,-26304,2466,9472,11814,31584,32292,-20629,27748,20733
-465,-2916,-821,2660,9260,2565,-2002,-270,2221,-13551,9051,4113
1729,-3036,-1017,-3008,1230,3752,3768,3046,4005,-3187,1210,-532
2119,-2892,-1,-3245,2561,2058,2690,918,2891,-1259,2864,-848
2243,-1820,-1029,1045,4520,2305,3930,440,3353,1187,4946,-2019
1843,-2882,57,97,4352,193,3316,-764,2047,601,4224,-4999
1717,-5092,-501,98,597,6160,2488,-1700,1989,143,1359,-9320
-205,-4930,-371,132,2304,5860,2510,-3358,2359,1671,-6148,-10332
815,-7652,2379,2112,-4722,3132,1962,-5684,2779,2302,-4131,-13131
-6329,-1476,1087,21,-2940,65,2340,-7860,2967,2196,-616,-16207
-6353,-2458,1501,0,640,1232,2536,-8842,2119,2540,2782,-14535
-6473,2154,-1025,608,4,4202,2648,-9628,2467,2815,402,-12015
-8323,4638,-773,1156,-7069,144,3002,-9680,2839,1779,-500,-12143
-4113,-2962,161,294,1056,3088,4568,-8968,2799,25,2191,-12807
-63,3276,-485,2048,3236,645,5128,-9586,2229,-992,3214,-11500
1135,2088,-511,52,1040,2,6092,-10090,2179,-2685,3648,-9078
-209,1120,-311,995,162,-7932,6536,-11122,2293,-3132,5360,-7616
2001,1308,-957,10,258,-8128,6810,-9486,1719,-2453,5598,-6428
2865,3104,-349,277,2116,-7615,7548,-10848,1535,-2743,7358,-5077
7739,3740,-507,16,8227,-7677,8286,-10762,1323,-2102,9637,-4568
2743,3516,-773,2304,8353,-4088,7962,-10948,725,-1523,10264,-3945
7781,3260,-977,4492,2400,-4088,8348,-10236,375,-1083,10690,-4115
7727,3236,-955,4628,2049,-7807,8452,-10302,-75,-1538,11368,-4096
7727,3104,-645,4176,1608,-4088,8550,-10272,-29,-1115,11800,-4193