876,-247,-560,6724,-7662,253,3413,-8325,-1020,6878,7139,-2645
738,451,-1406,7483,-8629,-189,3817,-8673,-954,8260,7941,-2876
542,775,-2108,8021,-8386,278,3625,-7937,-1406,9735,7975,-3718
328,1465,-2356,8710,-9518,453,3339,-7145,-1364,9523,9969,-4655
704,1977,-2488,5340,-8957,74,2849,-6765,-992,8640,10763,-4455
808,1417,-2548,3287,-6777,-454,3131,-6763,-780,9017,11044,-4466
544,669,-2904,2907,-6979,-412,3083,-6705,-324,7115,10192,-3266
390,905,-2732,5056,-9759,-175,2693,-6561,-312,6265,9078,-2054
900,927,-2280,4511,-9391,-438,2809,-6361,-82,5838,8372,-1757
1172,481,-2122,4022,-8426,-1094,2731,-6333,44,5766,9334,-1962
808,2447,-1708,2422,-8150,-2124,1555,-7281,232,5143,8057,-1571
2244,597,-1526,1593,-6995,-3615,3409,-5743,252,4380,7824,-1185
1436,2423,-1418,2394,-6474,-5044,2195,-7671,-10,3756,5396,-137
1576,977,-1076,4829,-7061,-2925,3437,-7627,-270,6083,6658,-1532
1626,513,-610,8256,-8825,-3152,2655,-7669,-716,6223,7327,-681
2152,951,-88,8390,-8740,-2774,3441,-7559,-738,5139,5423,187
1718,553,90,6800,-7308,-2380,3215,-7107,-930,6269,6540,-1913
1132,657,-406,6757,-6653,-2787,2883,-7647,-938,6540,6983,-3121
1126,457,-1116,6853,-6789,-2917,3417,-6743,-890,7103,7410,-3258
1056,1211,-2168,7623,-7964,-2435,2853,-8213,-1422,7406,7199,-2322
-310,2237,-3198,9590,-9902,208,2859,-6955,-1224,6748,8838,-3568
-272,2873,-3086,7108,-12519,-484,2051,-6345,364,5594,10101,-3462
1766,815,-2154,3654,-5257,-2428,3523,-6403,652,5034,9104,-3135
1090,701,-2094,5125,-5881,-1948,3181,-6135,128,6488,9666,-2469
1514,1537,-1820,5639,-8467,-852,2327,-5935,-118,6368,9226,-2175
1626,1929,-1916,4775,-8377,-1053,2119,-6235,-180,6061,8224,-1682
1858,1619,-1832,3725,-7813,-1885,1617,-6607,-226,5881,7881,-1350
2010,801,-1506,5451,-7449,-3106,2401,-6807,-516,6110,7600,-471
1914,2735,-968,6036,-8372,-3649,1683,-7099,-714,5519,8113,663
1836,2073,-524,5537,-7160,-2732,2163,-7475,-862,5723,6627,1245
1566,1743,-302,7119,-7935,-3012,2029,-7207,-814,5758,7609,251
1966,1735,60,7583,-8881,-2863,2393,-6659,-850,3979,5538,404
2634,1385,116,5715,-7466,-3155,2799,-6603,-514,4082,5001,-749
1564,1227,14,5031,-7065,-2389,2399,-6497,-260,5015,4755,-1782
1224,1523,284,4685,-5825,-2668,1823,-6307,410,5734,4893,-1603
672,2233,884,2796,-3686,-4237,559,-5993,264,6358,5485,-249
190,1673,1740,314,-4,-6267,-485,-4769,902,7047,6996,1685
-1062,755,1826,-1521,3067,-9244,-1173,-2297,948,6572,8727,4495
-3456,2299,422,-4181,6252,-11112,-2637,-3137,166,2380,4658,11027
-3948,1213,-1660,-7848,5913,-14574,-2089,-1747,-2124,-2152,6269,9002
-2598,-943,-2436,-5094,3192,-14281,-1859,-1397,-2246,-4645,-1689,3653
-456,-1719,-3700,-3667,249,-12300,-3163,-4691,-3336,-8850,3986,1197
1894,-3593,-3936,912,2717,-9437,1455,-4093,-3404,-8677,-16322,11125
4142,-5607,-3870,1799,723,-6057,2667,-3199,-2852,-9993,-9555,14040
3392,-5937,-4068,5119,-2747,-2555,2273,-2213,-2740,-10779,-8218,18760
3030,-5753,-2612,8570,600,484,2865,-1407,-1154,-10137,-26,12296
2046,-5437,-998,14051,5243,1417,2237,-583,-172,-10786,3013,8271
1018,-4961,-196,16148,4947,3645,1879,-1487,368,-13953,6742,6056
7890,-15201,114,-7738,7450,-5073,-1733,6137,1720,7499,688,-3493
2932,-7493,-696,-1147,-4568,8200,3337,2827,1156,13772,7325,-8616
372,-8023,720,223,-657,1569,3233,457,870,8568,20612,7202
-236,-7117,416,-3647,49,4652,667,-143,-780,7811,-5349,-8648
-240,-5989,-626,-6603,-3388,7837,703,-2345,252,2879,-12377,-4130
-1164,-5855,-894,-3907,-2876,5908,-491,-3277,608,1290,-16416,-2118
-2030,-5989,-380,-2784,-1048,6179,-479,-3073,1584,6750,-3875,-11177
-2256,-5195,-1040,-1092,1664,5407,-1511,-2799,1966,8934,-959,-10595
-2734,-4599,-1838,135,-1250,2726,-363,-2329,1020,10233,794,-9706
-1232,-5231,-2100,2325,-2315,1622,-693,-2439,262,11116,2456,-7922
-1466,-4721,-2732,3987,-3981,1007,-195,-2885,-214,12361,1817,-6502
-1860,-4563,-2154,6426,-5330,1024,-363,-3275,-754,12416,2810,-7027
-952,-3039,-1436,7913,-3946,-1065,-193,-4207,-582,12213,3634,-7474
-262,-3129,-858,9076,-2798,-1586,713,-4315,-1168,11614,4610,-6955
-534,-2113,-774,9446,-3563,1396,593,-4727,-1314,9543,3086,-7104
394,-1613,-110,9889,-3417,877,999,-6269,-1672,9111,2397,-7548
-184,-1259,-300,10827,-4539,1704,669,-6907,-1190,9632,1961,-7710
-290,-905,-518,11011,-5671,2224,1535,-7639,-1656,11445,5967,-9297
-170,-605,-228,10140,-5675,3268,1051,-7585,-1342,12765,9220,-9601
594,-541,-944,8276,-5869,2304,1115,-6985,-704,11872,8616,-8137
-422,1905,-1226,7425,-5691,3492,567,-8801,-1030,11526,7004,-5967
-1136,1693,-1478,7072,-8899,3729,2367,-6501,-202,10440,8197,-5309
-122,2727,-2660,5992,-10689,1774,2023,-5385,-124,8729,7913,-5201
992,1305,-2424,3581,-8414,517,2941,-5465,46,6291,4793,-5963
582,875,-2100,3852,-7799,-908,2885,-6295,98,7039,4257,-4252
74,1385,-2464,4598,-10387,-1222,2409,-5657,70,7945,8138,-4838
850,929,-2022,4496,-10103,-2316,2329,-4919,190,7209,8803,-5035
88,3091,-2818,4124,-9411,-3915,149,-7735,1120,7265,8355,-4853
1770,735,-2054,5129,-8386,-4109,1653,-5625,484,6567,5677,-3767
2632,3077,-2386,5442,-8387,-5908,797,-6785,624,4694,7903,-3154
2808,2049,-1732,6315,-8619,-4963,1769,-6117,292,4807,4387,-1499
2272,2215,-1378,8788,-7617,-6164,2377,-6811,382,4600,4194,-2098
1890,1961,-1082,10859,-9239,-5982,2447,-7025,108,5628,5123,-1154
2118,2145,-848,10798,-9463,-6010,2647,-7427,-128,6742,6119,-1221
1818,1555,-928,10101,-8579,-4942,2409,-6779,96,7953,6856,-1801
1732,1895,-1504,9832,-9640,-4144,2881,-6823,112,8112,6719,-2515
304,2979,-1844,9078,-9848,-2880,2567,-6929,76,9162,6727,-3115
358,2231,-1788,8929,-9679,-2441,2755,-6539,-536,8895,5674,-3936
1788,1807,-2050,7545,-9881,-3809,3083,-5097,-138,7374,6736,-5507
1770,1833,-2030,5576,-5639,-4201,2133,-6399,524,6916,5776,-6893
1302,595,-2332,4145,-3886,-476,2243,-6777,506,6513,4915,-6326
112,283,-2420,5817,-6612,957,2393,-6401,846,6672,7503,-5392
790,693,-2198,6471,-8954,412,2139,-5953,622,7284,9362,-3932
276,2431,-2030,5089,-8343,-1342,1069,-7245,1042,7679,9160,-3686
766,95,-1296,4902,-7723,-2331,2071,-4547,1082,7332,9012,-3969
1012,1375,-1256,5284,-6574,-6010,-443,-5253,486,5191,8378,626
-456,3247,188,3120,-2340,-7269,-2493,-6315,-482,5798,7017,5436
-2198,1783,1436,2729,1480,-9628,-2057,-3453,-584,4926,9268,7022
-4832,2561,122,1218,3645,-15080,-2643,-739,-2548,-2405,7741,2362
-4400,2019,1022,4128,5176,-16718,-2585,-3243,-1340,979,707,5177
-2834,353,-562,6444,1256,-17753,-1399,-3033,-1218,703,-4159,11584
-1172,781,-554,5818,-1846,-16382,-669,-2603,-1114,19,-3015,15851
120,-1905,-898,3683,9374,-9038,417,-1157,-1018,-1164,-2157,15786
2096,-3085,-1932,-665,367,1101,1779,1275,-2136,-2341,-3140,13340
4040,-4269,-904,-769,-8113,-4329,3073,1707,-2100,-6630,-984,8041
3872,-5443,-1972,4862,-1480,-4750,3205,1329,-1300,-11176,2953,7282
3458,-6785,-858,7189,457,-1851,3513,991,-328,-13293,5908,7909
2726,-8031,-550,11133,3568,1254,2009,1067,-1316,-15828,7702,8125
-334,-11631,32261,16412,31961,-804,1463,32593,32607,-25311,32767,22889
1200,-8649,-6526,-8900,-9157,-1088,1427,3853,650,18890,-416,-10169
2468,-8867,826,-1111,-4057,7282,1687,2231,1900,-2030,6534,-3419
1622,-7913,-186,-429,5867,-3098,2333,801,1414,85,-8320,-3601
196,-7963,-452,-1802,4586,5797,3395,-1569,2460,-5189,-7513,-2573
2306,-8181,-506,-6801,-6021,6525,2715,-1667,1980,1710,-6050,-2793
1686,-8657,-2204,-3570,-3490,9271,2075,-2385,1408,9219,-4710,-9062
1140,-8121,-2408,808,-277,11005,2069,-2429,2166,8569,-3831,-10975
-974,-4753,-1274,2632,-2158,9259,-1699,-2735,1300,6850,-122,-11996
-2616,-2409,-1016,4481,-3755,7711,-1747,-3065,1216,4865,-8799,-8136
82,-2331,-108,5898,-4218,6518,-229,-4917,1384,7538,1731,-15173
-2512,-1537,180,6399,-4144,4902,-251,-4633,218,7029,3400,-14602
-1554,-2237,352,6714,-5507,4792,-3,-6265,560,8185,4136,-13951
-1704,277,108,5599,-6656,4218,-1147,-7889,566,10848,9397,-13581
-1552,701,680,4538,-4332,4347,-1247,-8113,-934,11687,8863,-11597
-2130,933,188,3557,-4817,3489,-315,-7875,-762,9318,8642,-10000
-724,561,408,4493,-5355,1161,721,-6165,-718,6449,7137,-6917
598,-179,190,5398,-4194,-2030,1815,-5883,-1206,7103,5721,-2924
730,95,104,6448,-4862,-3236,1883,-6921,-1296,7251,7215,-2529
778,135,68,7294,-5377,-2815,2477,-6249,-1440,6326,7071,-2647
1040,599,-544,8154,-5981,-1900,2725,-7299,-1366,4442,7430,-3762
996,653,-1186,8056,-7510,-1035,2787,-7265,-1100,5966,7456,-4500
1454,1257,-1822,6964,-8306,-1000,3291,-7949,-566,6002,6557,-4919
1034,1709,-2086,7033,-8414,-433,3371,-8919,-1176,5742,6399,-5689
488,1379,-1994,7950,-10556,-708,3443,-7319,-1186,6214,7381,-7789
1346,2355,-2754,6892,-11258,-2382,2903,-6811,-770,6214,11062,-7290
1352,2591,-2474,4909,-7943,-2468,2383,-7507,-628,7397,12714,-5737
1670,1307,-2608,3592,-5321,-1419,2477,-6547,198,10246,14558,-5383
1290,1109,-2996,3436,-6061,-535,2515,-6201,-534,10677,14189,-5824
1062,1249,-2786,4766,-9714,-627,1987,-6671,-638,7857,12509,-3851
1114,1967,-2140,5626,-10010,-2178,1805,-6925,-538,5873,9729,-1216
1902,1083,-1776,5596,-8226,-3816,1597,-6837,-498,5355,9049,-855
1396,2353,-1050,6848,-7813,-4646,2269,-7135,-388,5195,8651,-744
2040,2469,-992,6607,-6585,-4035,2345,-7227,-480,4974,8847,-454
2122,1907,-48,7620,-7190,-3804,2667,-7327,-290,4538,7309,-1736
2242,1565,28,8839,-9018,-3655,3215,-7249,-178,4179,6448,-925
2526,1751,38,8004,-8809,-3985,2845,-7603,-550,4577,6864,-15
1824,1479,-322,7306,-7381,-3353,2695,-7525,-372,4424,4009,346
1584,1191,-690,7846,-7750,-3209,2907,-7239,-952,5508,4866,-1237
1294,1423,-1118,7638,-7727,-2740,3117,-7251,-1014,5455,3606,-2375
1104,1849,-1314,7400,-7351,-1963,3553,-7399,-1068,6616,5632,-2722
314,1467,-1368,8775,-7627,-1162,2861,-8133,-1516,8879,7806,-3525
772,2213,-2024,7453,-8920,-1789,3081,-6347,-1286,9848,11655,-5026
1378,2097,-2670,5125,-6458,-1748,2377,-5501,-668,8397,13228,-5016
1614,1707,-2650,3770,-5445,-1566,2211,-6353,4,9738,11560,-4359
1598,975,-2380,4810,-6976,-509,2685,-6623,-286,7151,9082,-4003
1868,1289,-2012,5193,-9008,-657,2073,-6245,-264,6277,8687,-2918
1412,1615,-868,5207,-9196,-1421,1463,-6621,0,4950,7125,-1011
1306,1275,1104,4129,-8056,-2832,1499,-6079,742,5787,7087,-832
2478,1511,1736,1896,-5303,-5343,1799,-5873,862,5296,6059,478
434,2913,2132,1471,-3116,-5741,165,-6651,618,6346,5971,2057
-282,1735,3168,443,-3195,-6577,-647,-5251,850,5804,8305,4435
-2224,1643,2372,-2285,2616,-10131,-1555,-4111,-944,3101,7268,7952
-3210,1281,384,-3964,7278,-15145,-2393,-3983,-1516,7,4656,9589
-2612,-585,-812,-833,8417,-17422,-2575,-1417,-2716,-8691,1975,7303
-948,-2301,-1540,4590,8287,-13891,-1503,-3863,-2694,-6609,-6800,5661
262,-2119,-2012,5364,8645,-17085,-1049,-2997,-2152,-727,-12093,9783
738,-3593,-3118,5178,5610,-7426,-241,-1881,-1442,-5371,-3831,18803
2878,-4539,-1926,2506,-2831,-804,911,-721,-1500,-5410,-2670,15107
3874,-5445,-510,3169,-5612,126,2445,-319,-888,-8837,-227,13822
3782,-7639,-954,6817,-2524,-203,3655,-447,-644,-10958,694,8953
972,-7861,2366,9943,3075,113,4317,-599,-866,-13458,2519,8163
-1012,-6769,2000,10755,2074,693,2455,-1415,-474,-16002,6957,7702
-250,-17141,-5878,-4096,9027,-3646,5761,8161,-1290,5148,7145,2670
2250,-8209,2174,-507,-7729,6923,3225,4107,3588,8983,13203,-6529
-262,-9201,70,-2889,-386,2559,-397,4523,-1106,-9133,17285,1283
-248,-8753,690,-1214,3501,809,549,3679,340,-4339,-10248,-5207
-886,-7895,1066,-3577,-571,1362,1501,1627,2970,-4982,-9465,-1898
-48,-8039,814,-5628,-2617,1440,2757,-885,2896,1441,-8136,-1325
1396,-8375,1626,-4048,-3513,3303,1517,-659,2416,5782,-4813,-6506
1464,-8383,176,-2873,-1846,4406,2061,-911,2786,6564,-1452,-8189
1552,-7839,-2204,-972,-2350,6830,1685,-2341,2316,6729,1912,-8713
-344,-6617,-1430,969,-2145,7610,-31,-2437,878,8133,-971,-4331
482,-4959,-1348,1589,-1810,7020,421,-2179,1152,6401,-2010,-7853
-1922,-3757,-826,2280,-539,6353,-545,-1973,916,7603,504,-11538
-1896,-3711,-994,3060,-293,4772,-393,-1755,760,8478,-1210,-9281
-1820,-2571,-622,4537,-1734,4750,119,-2335,350,8854,1087,-9314
-1838,-1659,-2,4012,-3281,5149,-439,-3393,-208,10294,3293,-10241
-1204,-1449,62,4360,-3602,5069,729,-3513,-300,10706,5538,-10921
-1422,-557,790,5126,-4609,4287,145,-5157,-494,10857,5546,-10351
-1492,599,842,5129,-5203,3301,-905,-7003,-946,11334,6460,-10769
-458,-217,1088,4901,-4008,1852,187,-6885,-786,10950,6696,-8369
246,-53,632,5794,-4285,-864,333,-6659,-528,8558,7219,-5744
966,-425,652,5926,-4637,-754,1107,-6837,-400,6405,4292,-3013
642,-455,-2,6584,-5337,-347,2443,-6789,-472,7127,5032,-1780
578,557,-596,7067,-7215,-596,2717,-7189,-632,8693,6707,-2573
730,1449,-1164,6251,-7259,-907,2407,-7255,-784,9431,7307,-4000
1052,1599,-1564,6466,-7221,-2270,2407,-7059,-556,9713,6532,-3969
1408,2003,-1580,7895,-7873,-3666,1929,-7773,-538,9924,6240,-3773
1102,2179,-1492,8579,-7951,-4279,2479,-6769,-408,10322,6724,-4739
1284,2239,-1720,8662,-9594,-4961,2937,-5481,-154,9517,8457,-5178
1372,1707,-1612,7840,-7655,-4820,2103,-5687,-106,7265,5651,-4368
854,1811,-2248,7038,-7432,-3094,2023,-5695,428,6206,4388,-4345
1166,1481,-2332,5700,-7198,-1443,1739,-4553,798,4753,5701,-3417
1198,941,-2454,5206,-7407,-1221,2261,-5341,1474,4140,5515,-1964
982,1103,-2330,5700,-7680,-1255,2317,-5235,1532,5115,5452,-794
932,1397,-2552,5961,-7799,-2406,1891,-6043,1460,5677,6706,-1901
1532,619,-2038,6041,-6943,-3345,1439,-5645,1558,5860,5650,-2104
1110,1271,-1112,7851,-7089,-5073,1395,-6135,1588,5092,5186,-988
1980,2805,-1182,9128,-6546,-4541,2177,-6147,910,5901,5772,-727
1964,1895,-144,10103,-6315,-3648,1957,-5597,784,5613,4796,-2292
1498,1819,-146,12201,-7482,-3745,2035,-6285,542,5796,4482,-865
1504,2147,-122,12873,-9007,-3659,1987,-6753,404,6469,4442,-70
1880,1803,106,10876,-8088,-3618,2143,-7059,446,6843,4826,136
1762,1309,-52,9243,-6431,-3040,2371,-6539,-40,7028,4497,185
1618,573,-98,8494,-6434,-1556,2555,-5877,10,8049,4797,-2008
1340,777,-272,7985,-7164,-747,2435,-5893,368,8895,5062,-3893
432,1669,-892,7125,-7386,-212,2111,-6491,-12,9798,5223,-4640
80,1691,-648,6991,-6100,-1,1419,-7361,-648,9984,5094,-5301
1430,527,-1274,5770,-6349,-827,2689,-5075,-334,8665,7158,-5597
1726,1053,-1670,3882,-5388,-543,1525,-5447,-20,5740,4447,-4214
1414,659,-2042,2544,-6240,894,2445,-6151,706,4091,1340,-3509
902,843,-2192,3514,-8106,517,2567,-5669,1008,5738,4985,-2881
684,1233,-1696,3734,-8374,-463,2387,-5287,1098,6923,8081,-2804
704,1939,-1306,3274,-7561,-1708,1501,-5675,1720,7307,6927,-2248
804,379,-386,3448,-5916,-2527,2357,-5881,1196,8527,5772,-3921
828,53,674,5187,-5731,-4413,1551,-4673,1106,8896,7419,-3624
536,2031,1290,5203,-5273,-5811,89,-6063,868,8424,6925,-4863
196,2253,2598,2777,-3290,-5417,-903,-5981,1058,7620,4604,-2671
-410,1137,2500,736,-1709,-6672,269,-3779,1298,6634,6996,715
-2580,2603,1812,492,142,-10420,-2903,-2907,460,5550,8261,5241
-2696,2051,1164,146,1318,-14859,-3521,-3045,-848,1264,1983,11045
-2638,-513,566,-1200,874,-15274,-3401,-1695,-640,-1039,1303,14406
-1290,-2013,274,2660,3228,-18926,-2195,-821,-962,-2803,1476,15679
-106,-3317,-642,1033,6566,-12196,-363,-2635,-3006,-4808,1226,12890
34,-4045,-1988,-4566,193,-6380,-213,343,-2640,-7496,397,9603
1732,-4383,-1964,-2219,-1966,-1835,1757,29,-2400,-7215,-1992,7088
2942,-6057,-1126,-967,-4810,-4965,3111,-343,-1702,-10238,33,9213
3924,-7283,160,5887,665,-5028,3395,-577,-1270,-12061,-662,9047
2494,-7711,598,9554,3982,-1557,3751,183,-1316,-14326,2319,8439
2656,-7511,-1076,11453,4366,1755,2473,119,-1170,-17106,4811,7071
10516,-20549,-4386,-8127,6045,-3573,-1261,11249,-4012,3017,5165,-1228
1936,-8695,3290,818,-5539,5661,3063,3915,5212,5888,7366,-7090
1194,-9605,2542,-2798,-2470,2738,1571,4031,2498,230,5531,-5312
-200,-8105,1186,-4862,2914,1076,-305,2719,2568,-4784,5423,1704
-2028,-7729,152,-7345,-2051,6551,1883,1459,3626,1799,-7271,-2001
-18,-7559,-1154,-9002,-4740,3187,1533,463,3312,-463,-7643,-700
876,-7101,-298,-5293,-4789,5187,2977,-71,3486,3558,-5144,-6359
-808,-6139,762,-1507,-1842,5991,4611,-1541,4736,3882,-1369,-8902
72,-6439,820,-479,-4759,5431,4031,-1759,2164,6853,-1183,-9803
1680,-5405,798,852,-4922,7297,3089,-4629,1348,2721,-791,-11222
2326,-4447,856,2172,-1510,8273,-1323,-6113,526,6191,769,-13012
140,-3009,718,3854,-2102,9211,681,-6883,940,7376,-501,-14748
-2214,-1873,992,4050,-196,9718,203,-8947,1656,12258,9567,-17721
-1006,-809,380,4542,2022,7277,-1623,-8971,-430,15581,13345,-15680
-2046,889,558,1604,2804,9337,-1659,-6823,-1704,13647,10740,-14151
-3574,939,232,1113,930,10085,-243,-6275,-358,8869,5521,-9275
-3298,627,-536,649,-5549,8367,1097,-5897,-208,6346,5355,-4566
-1836,1599,-28,1670,-5343,3092,101,-6723,82,4062,4508,-1866
340,-715,314,1065,-3697,-770,2591,-5383,182,3399,4677,-1442
1010,-89,62,3106,-4459,-3225,2585,-6457,130,5299,6945,-1590
690,1987,-850,4167,-6829,-4378,1609,-7025,302,5263,5934,-1491
1568,2097,-790,3256,-6267,-4318,2667,-6643,898,3754,5456,-1826
1842,1639,-1184,5816,-7636,-5817,3165,-7113,1054,2809,3539,393
2066,1781,-1400,7116,-9063,-5727,3467,-7695,1072,4196,4256,-502
2146,1123,-1420,7569,-8910,-4474,3093,-7497,672,6396,5789,-1449
1910,1289,-1748,7865,-9176,-2999,3257,-7541,332,7833,6536,-2619
1798,1747,-1986,7251,-8860,-2121,2849,-7769,-60,8760,6653,-3674
1734,2079,-2372,7486,-8995,-1870,2975,-7927,38,8754,6021,-3869
1308,2579,-1918,8214,-9467,-2061,2545,-8629,-472,9620,5769,-4012
1352,2417,-2230,8002,-10795,-2750,3167,-6687,-414,9048,7118,-5172
2000,1965,-2234,8118,-9561,-3504,2961,-5455,-398,6889,6273,-5454
1762,2551,-2254,7205,-8705,-4315,2409,-6481,90,5535,2779,-4650
1506,1847,-1978,6778,-7778,-3354,2795,-5971,452,5133,4546,-4822
806,1803,-1754,6971,-8073,-2827,2285,-5805,562,4259,6912,-3143
846,1527,-1290,6468,-8361,-2536,2673,-5725,762,4688,8484,-1703
776,1789,-1380,5372,-8039,-3268,1989,-6395,948,5834,7939,-817
1434,657,-932,4245,-7126,-2955,1617,-5747,882,5952,8545,-1695
1760,591,-622,4852,-6561,-4129,2265,-5431,956,5450,7062,-454
1452,1879,-682,5600,-6443,-4131,1705,-6559,1014,4562,5246,-1369
1396,1857,-332,5522,-5066,-3871,1717,-6409,526,5335,5805,-2299
1500,647,-514,8097,-5065,-4380,2387,-6273,586,4935,5614,-1163
2002,1153,-108,9767,-6615,-3756,2433,-6845,246,5275,5810,-199
2116,805,-128,8744,-7261,-2346,2411,-7155,114,6343,5369,22
1580,737,-212,8502,-6658,-1259,2293,-6653,-120,6799,5807,-1209
1206,1551,-356,7414,-6714,-917,2345,-6715,184,7387,5383,-2696
1064,1031,-358,6908,-5978,-585,2723,-6177,24,8041,5835,-3374
1016,1327,-226,7561,-6762,-1262,2153,-7117,-324,8710,5558,-2934
1210,1103,-234,7802,-6848,-1259,2607,-6631,-650,9333,6434,-3654
1752,959,-878,6414,-6945,-1329,2723,-5775,-526,8083,8187,-3946
1082,1715,-1486,4263,-7150,-470,1559,-6233,392,4460,3433,-3576
1106,725,-2062,4316,-7304,453,2623,-6471,1376,4126,1908,-2489
628,1001,-1966,5317,-9109,449,2667,-6527,1354,6110,5390,-2052
1022,1219,-1402,4317,-8822,-562,2785,-5665,1062,8178,8013,-1918
354,2271,-810,3310,-7011,-2493,171,-5757,662,7766,8487,-2046
1468,617,-116,3086,-5324,-3942,827,-4729,48,4722,4341,-1291
1298,1201,-320,3055,-4096,-5590,1885,-5495,772,4437,2683,395
10,2389,582,4674,-4381,-4851,917,-6087,256,5299,3717,-650
678,1129,1440,5046,-5218,-4886,1357,-5221,490,6056,5926,-1281
258,1347,1968,4223,-3687,-6885,643,-4733,-28,6486,7221,1798
-1200,1797,2174,1658,-605,-8952,-1473,-3567,692,5527,6288,5161
-2942,1367,1394,-143,1480,-11707,-3257,-2397,820,1678,1477,8925
-3084,1135,758,566,1998,-13427,-3433,-771,1436,1509,136,10834
-3500,371,-612,224,5439,-15297,-3685,277,76,378,-1871,10401
-2816,-835,-1342,-2102,7917,-12417,-2111,457,-414,-2768,1453,12205
-794,-1705,-3224,-2754,737,-5439,-665,1097,-1904,-3645,1192,11813
2162,-2171,-3838,-3108,-3766,-6458,1723,-45,-3590,-5680,-1323,8519
5192,-4941,-3330,-304,-4875,-8319,2179,-271,-2290,-8628,-4475,6255
3622,-5939,-432,6961,-1115,-7937,4305,-715,-2128,-11889,-2786,10207
5288,-8059,-1344,10054,1758,-3953,4039,-365,-722,-14476,-135,9958
4362,-7639,0,13338,7136,1808,3647,-257,-504,-16864,4496,8583
-13892,-2977,5298,-17843,70,1483,-4111,11993,-2560,4786,16743,15040
1176,-9805,-3576,-1236,-3359,7273,5187,5061,3696,12864,584,-12081
-1650,-9131,-292,-2458,-3801,3928,-223,2949,2760,-304,11974,-2216
-834,-8007,-698,2471,5134,-2128,1625,2817,2180,-369,6283,4492
-408,-7575,-40,-3412,-4511,5936,1031,433,3062,1887,-5262,-4996
66,-7067,1000,-5651,-3858,4730,1915,-399,2588,4015,-8239,-4303
2732,-7081,-1038,-3960,-719,5834,2639,163,1744,5580,-9819,-5880
656,-5699,-1120,-2013,-1446,7585,1333,-1327,1256,6628,-7739,-8633
722,-5807,-1404,1232,-2237,7682,3035,-2007,2382,5298,-5367,-10247
-160,-5119,-312,4139,-3312,8540,1819,-2651,3230,4750,-2263,-10859
-2510,-3383,180,7554,-3362,9615,-1877,-3889,2638,7562,1916,-11463
-42,-1647,234,7182,-4835,8902,143,-3627,1790,9854,3295,-14890
-394,363,1396,6403,-3083,8467,-2093,-4243,604,9909,5482,-15302
-2576,2659,2022,3410,-789,8442,-87,-4939,618,9274,4109,-13263
-3764,1797,1534,-789,-2306,9512,839,-6233,56,12035,9259,-14148
-3278,2111,922,-2348,-4060,7593,-1959,-8061,-678,13278,10509,-15214
-410,-685,324,-2884,-2013,2159,-1603,-6747,-1054,10220,6104,-11140
-114,-699,-684,52,-2354,-2005,1147,-6863,264,5961,5429,-6862
-208,529,-1022,2550,-5345,-3582,1233,-7607,0,5256,4453,-2767
1178,193,-1020,3423,-5782,-4284,2435,-6069,-458,5150,6969,-2931
1392,1087,-1268,6002,-6152,-5128,2629,-6993,-154,5430,6557,-1600
1776,1597,-1732,7404,-7566,-5406,3065,-7279,118,5675,6520,-961
2554,1567,-1628,7993,-7727,-4930,3217,-7639,232,6356,7424,-1076
1770,1739,-1860,8422,-8090,-3551,3589,-8109,952,6943,7170,-1894
1578,2115,-2036,8252,-8687,-2426,3219,-8053,918,8294,7252,-2628
1324,2479,-1938,8297,-8711,-2523,2981,-8351,666,9961,7638,-3398
1726,2101,-1692,8685,-9428,-3073,3197,-6769,436,9851,7754,-4478
1910,2759,-1718,7290,-10030,-3670,3061,-6065,-42,8622,6195,-4784
1660,2851,-2762,6937,-9629,-3742,2797,-6475,-10,7941,5233,-5054
1156,2171,-2038,6436,-10409,-2981,2369,-6181,380,7899,6559,-5310
1650,1151,-1778,6129,-9671,-2616,3151,-5575,450,7735,8269,-4641
1540,885,-1612,5900,-7557,-2189,2251,-5753,534,6884,8648,-3782
1070,1555,-1422,5809,-7293,-1956,2207,-6159,748,6525,7047,-3016
778,1877,-1012,5572,-6342,-1840,1353,-6347,1196,6128,6647,-3191
2316,435,-448,6556,-6118,-3879,2617,-6147,822,5688,7124,-1990
1310,2079,-256,5648,-4841,-3918,1215,-7065,662,5957,5038,-959
1180,1853,-112,5483,-4708,-3463,1333,-6515,448,5328,5532,-1768
1226,709,-186,7991,-5477,-4085,2647,-6037,754,4471,5015,-2002
1620,1217,162,8430,-6109,-4193,2751,-6863,362,6034,5443,-919
1792,817,-64,6855,-5713,-3099,2729,-6741,248,6748,5656,-1457
1118,969,-400,6835,-6227,-2108,2471,-6859,236,6827,6680,-2493
1204,771,-498,6991,-6579,-1311,2443,-6745,236,6542,5297,-3444
1226,665,-712,6784,-5642,-928,2173,-6771,366,6543,4397,-3789
678,987,-1252,7071,-6257,-428,2321,-6887,510,7068,4567,-3585
1176,711,-1252,7884,-6465,-250,2239,-7567,190,8642,6687,-3135
986,1399,-1684,7338,-7844,118,2747,-5889,296,7413,7404,-3484
1460,1435,-1944,6145,-7371,-199,2729,-5419,492,5632,5988,-3118
1312,1929,-2218,4795,-7045,-744,2321,-6069,1074,4486,1844,-2812
1380,1579,-2426,4533,-7265,-911,2553,-6099,1502,5247,3878,-3727
1354,1309,-2164,5203,-8342,-1538,2167,-5835,1798,5458,5128,-3264
1580,979,-1738,5447,-7963,-1742,2691,-5371,1826,5680,6054,-2657
922,2291,-1546,4752,-7954,-2026,1465,-6101,1844,5540,5669,-2486
1634,881,-496,4179,-6623,-1703,2541,-5283,1538,5461,5950,-2762
1472,1633,550,3755,-6014,-3474,2015,-5893,1366,5259,4892,-1420
1138,2149,2700,3170,-5190,-4074,1789,-7051,1264,6990,5251,-1539
1174,1459,3750,920,-2386,-3768,841,-6159,906,10512,13011,-1229
-166,1007,2884,-331,-1350,-4934,-1457,-4019,-330,5536,10155,3463
-688,1213,1934,-1684,1262,-7065,-1565,-3995,-194,2268,4105,9490
-1884,657,1000,-2777,3681,-10306,-2395,-2731,-818,1505,3910,11084
-2304,365,-1198,-619,8077,-14652,-2925,-2073,-1950,-1940,912,12866
-3568,-935,-3476,785,8975,-13866,-1517,99,-2714,-4559,-1389,9948
-1212,-1661,-3726,2341,2924,-9731,-123,405,-1902,-7709,-1815,8791
1042,-553,-4418,-455,-1370,-4541,397,1259,-1538,-11679,-1366,9130
2790,-3433,-2936,3427,-2988,-5302,1221,425,-2602,-11366,-1276,10521
3470,-4845,-2022,9419,450,-6264,2189,81,-1852,-12261,577,9718
2914,-6695,-1680,13532,2595,-4810,3131,-653,-2164,-13059,2260,8791
2470,-6733,2394,13138,4958,-1833,1771,-1253,-296,-16522,9024,8513
-5410,-779,32262,15358,-623,-686,7345,-9481,23570,-25695,11925,8532
5096,-8947,-2708,-630,-849,-51,1403,6559,-3998,10144,-4798,-12112
-634,-6369,1192,-658,-1243,6915,2071,3143,3114,366,13337,-1864
980,-7769,-134,-1232,3501,-1562,-635,3469,-466,1046,-5889,-7344
-810,-7415,-612,-5036,-2239,4929,1939,661,2444,-4214,-7680,-294
-258,-6623,770,-7100,-4770,4063,3085,-857,3536,-2607,-9308,1553
1608,-6671,-1142,-4933,-1541,4726,4191,-1515,2766,2974,-7165,-5171
2628,-7535,-1132,-1245,-1937,8895,2369,-2937,2686,6626,-2234,-11472
376,-5565,-608,2640,-1290,9310,419,-4617,1928,10618,2924,-16118
690,-3197,-700,3461,-3571,8911,707,-6233,626,11717,2055,-15249
-778,-323,-814,4645,-3240,9621,-2165,-8065,808,13455,5037,-18844
1512,-619,-606,1663,-1978,10621,-1803,-8503,-274,13453,4667,-18400
-1554,1067,442,1257,-441,10329,-1069,-7615,-690,11514,4251,-15313
-4260,2121,-156,1621,-2939,10901,-15,-6865,-760,8588,4352,-11049
-2258,1237,-126,-523,-5147,9060,1325,-6543,-632,6846,7355,-6929
-1534,967,1178,-1015,-1517,5770,1187,-6307,-694,6230,9980,-3555
-3092,1215,548,-1517,-813,2333,97,-7113,-474,6189,10617,-1023
-792,-1667,676,455,-2320,-116,2223,-4047,-318,5938,10686,-993
336,-649,4,3553,-3920,-3759,1749,-5069,52,4538,8076,882
914,2183,-570,6139,-5436,-6141,849,-6481,418,3233,2871,379
1444,1951,-750,4948,-5328,-5582,2137,-5537,1388,1030,1205,-899
1868,1439,-1392,7043,-6248,-5863,2227,-6459,1158,600,416,52
2546,1317,-1848,7335,-8106,-4766,2987,-7261,1372,2999,1499,317
2224,1071,-1740,6827,-8079,-2749,3121,-7157,670,6943,5255,-718
1610,1145,-1842,7098,-8848,-1775,2253,-7919,2,8494,6618,-2276
1442,1245,-1552,7221,-8677,-1991,2507,-6465,-234,9103,6353,-3631
1004,1947,-1068,8357,-7290,-2482,2461,-7325,-626,8866,4483,-3751
1330,1017,-56,8414,-7003,-1184,2585,-6839,-598,9587,6194,-4921
1760,1679,-650,7443,-6699,-1338,2553,-5353,-650,7821,7234,-5909
1588,2135,-946,5733,-5666,-1491,1657,-6157,148,6084,4772,-4958
1708,809,-1196,4874,-5452,-931,2047,-5925,874,4807,2952,-3981
1006,265,-1610,6157,-7889,86,2351,-5679,1492,4699,6591,-2553
768,1003,-1394,6850,-9401,622,2295,-6599,1220,6051,6419,-1364
588,555,-750,5191,-7695,218,1683,-5797,912,6549,6187,-2775
372,739,-690,3936,-7146,-925,1557,-5777,1492,6196,5836,-3721
2026,839,-480,3712,-5403,-3475,2203,-5727,1058,5223,5689,-1334
1120,3167,-536,3634,-4396,-2588,1295,-7181,304,5725,3681,-617
2154,1011,-50,5137,-3932,-2671,2573,-5725,584,5689,5415,-1708
2098,1543,-360,9043,-7415,-3953,2531,-6569,264,5208,4810,-367
2544,1639,92,7352,-6189,-2493,2749,-7139,76,6310,4992,15
1384,645,-276,6789,-6694,-864,2569,-6543,126,6916,5723,-1319
1340,607,-444,6723,-8041,-472,2841,-6161,250,6727,6005,-2808
754,1229,-582,6600,-7562,-729,2191,-6823,192,7150,4423,-3192
822,1671,-806,6996,-7801,-1394,2103,-7953,-136,8628,4850,-3651
1308,1489,-1210,7233,-8411,-1416,2557,-6521,-304,9193,8187,-4607
1682,1973,-1788,4932,-8332,-1231,2201,-5663,46,6983,6667,-4512
1492,1783,-2366,2723,-6360,-867,2217,-5871,846,5589,3640,-3862
1490,809,-2350,3241,-6502,-707,2917,-5949,810,6100,4772,-3570
1060,1437,-2200,5645,-9438,-1106,1991,-5905,748,7031,7412,-3898
1496,1515,-1588,5133,-8605,-1702,1897,-5719,852,6431,6201,-3507
1324,1871,-952,4277,-7062,-2570,1337,-5943,1126,5927,5999,-3210
2080,679,-322,3877,-6207,-3045,2211,-5289,1198,5097,5826,-2321
632,2395,178,4482,-7149,-4124,953,-6123,1284,4919,4911,-1679
1572,1843,1904,1936,-3592,-5576,861,-5215,926,4244,4513,-1332
614,1479,2480,1550,-2360,-5946,139,-5195,848,3418,2786,847
230,761,2586,629,-716,-7420,-539,-4113,896,4186,5840,4047
-1316,383,2110,103,1076,-9032,-1901,-3999,348,1606,1774,9108
-1852,-581,772,1150,2440,-11249,-2505,-2981,494,348,836,11641
-3754,-753,-426,4253,-749,-13139,-3163,-1349,-558,-953,762,13260
-2680,-1321,-1792,-752,1247,-12402,-1277,-743,-700,-2379,-69,13760
-354,-2273,-802,-3054,-1450,-10304,-231,1479,-1328,-11797,-950,8024
-4612,10615,-4650,874,-414,-4648,1371,-55,-1986,-8356,-1101,9315
2742,-5485,-914,3084,1071,-6982,3349,-45,-1598,-10369,-1861,7865
3060,-6741,150,9690,7423,-5569,3395,-891,-436,-12632,-383,7879
3010,-6881,1454,11354,8998,-2209,3763,-785,210,-15836,3006,7700
-22276,18465,18534,-7019,17806,-3265,-10073,-4729,1594,5629,26270,21758
1198,-8433,2340,-333,-6882,4430,4163,4407,5452,5519,6700,-6102
812,-9567,-552,-2292,-1208,-140,2305,4247,1014,726,3842,-2527
-468,-7865,876,-3256,936,2009,819,857,3258,-59,-2868,-1664
550,-7627,788,-8202,-6930,4042,3611,-679,3566,-1143,-6560,-1187
1778,-7839,-424,-5507,-3556,4753,3781,-1649,1726,3906,-5621,-5217
1474,-7375,-1634,-2271,-2425,7785,3117,-2709,3062,5145,-2946,-11921
-174,-6819,-1172,-164,-2113,8493,2427,-4371,1642,6875,-1252,-10475
-1094,-5629,-730,733,-1757,7998,-1159,-4207,2334,7554,572,-10468
668,-4559,-350,2020,-1302,7459,167,-4767,1246,9172,236,-12221
-1498,-2725,-428,3666,-1588,6121,209,-5785,1158,9551,4282,-16022
-2540,3461,-768,5275,-1204,843,-581,-6467,490,10884,5578,-16525
-1932,-1415,626,7870,-1157,4160,-557,-7725,-118,12246,6832,-15590
-2450,-1109,-98,5315,-4204,5536,-1145,-7857,-588,13252,8388,-14065
-1086,-391,362,5574,-3494,5229,-1431,-7553,-652,11470,8038,-11066
-1472,195,1208,2576,-1849,6819,-645,-6235,-462,7718,5616,-7555
-1818,-1531,1204,618,-1385,7466,1723,-4415,-372,4762,4019,-4294
-1492,-535,406,2678,-4294,5435,1387,-6567,-654,4844,3678,-1473
-1528,1717,522,3329,-5368,2546,1205,-7885,-1504,6391,3604,-2108
-330,779,908,2985,-2931,84,1637,-5983,-1164,6610,6539,-3604
244,-763,392,4736,-3303,-2371,1987,-5159,-298,5783,9440,-3460
352,65,180,6871,-4851,-4092,1261,-5711,-20,3742,7059,-956
842,429,-106,6976,-5185,-3489,1239,-6361,644,2002,3338,1413
1078,233,-298,6391,-4958,-2138,2253,-6561,1218,2571,2251,1881
1198,169,-740,6206,-5930,-1784,2877,-6255,1670,4697,4520,-50
1172,719,-998,6419,-6811,-1642,2179,-6557,1134,6391,5745,-2009
1438,1053,-1346,5797,-6793,-2015,2451,-5949,1292,7220,4788,-2705
616,2233,-1464,5843,-6708,-2326,1729,-8023,660,9097,4806,-2694
454,1241,-1470,6885,-8473,-2583,2941,-5857,670,9573,7116,-3572
1592,1057,-1510,6966,-8251,-3013,3027,-4991,154,8438,7337,-4303
1354,1357,-1406,6314,-6086,-2102,2303,-5599,-98,7124,4847,-4101
1372,1265,-1688,4987,-5179,-614,2181,-6211,220,6371,2876,-4347
1432,629,-1742,4361,-4369,376,2597,-5743,536,6195,4546,-4398
976,679,-1708,4460,-5194,342,2431,-5671,442,5779,5991,-4094
1030,843,-1796,4418,-7124,-606,1903,-5645,674,5929,6068,-3116
976,727,-1430,5275,-6360,-1399,1633,-5965,690,5952,5987,-3315
304,951,-1302,5338,-6951,-1670,543,-5583,1322,5106,4291,-3151
1282,-695,-838,7126,-7303,-2284,2497,-5353,1174,5173,5891,-2017
390,1443,-360,7150,-7212,-3319,1805,-6909,808,5508,5946,-1360
380,2743,-154,7015,-5626,-3199,1383,-6917,456,5961,4388,-886
1058,1737,152,6173,-4440,-4118,1739,-6331,412,5378,4384,-1519
1068,1171,62,7857,-4802,-4408,2383,-6513,42,5216,5896,-936
1984,861,96,8457,-6159,-4507,2811,-6667,-98,5951,5569,188
2152,765,162,7873,-6151,-3721,2815,-6779,-268,6583,5701,-154
2026,457,-302,6782,-6390,-2068,2777,-6513,-270,6631,5769,-1475
1590,397,-466,6951,-6104,-1034,2543,-6483,38,6668,5284,-2843
1020,831,-960,7307,-5351,-9,2163,-7207,122,7265,4651,-2622
584,1031,-952,7423,-6010,817,2115,-7777,40,9147,5977,-2662
66,955,-1174,7618,-7779,1194,2623,-6207,-16,9335,7787,-3810
854,1115,-1402,6380,-8201,515,2389,-5235,-94,7633,6950,-4423
806,1461,-1320,4794,-7212,-575,2377,-5675,274,5595,1516,-4027
1116,1063,-1668,3407,-6549,-1227,2519,-5913,598,6524,4185,-4659
1542,781,-1996,3195,-5593,-1542,2295,-5785,376,6718,5946,-4633
1046,879,-2034,3871,-6878,-1679,1487,-5915,600,6120,5525,-3698
1182,517,-1916,5548,-8414,-1677,1955,-5921,1002,6225,6442,-3113
390,1981,-1702,6765,-8836,-1606,677,-6773,1220,6065,5806,-1793
1034,235,-776,6467,-8163,-1641,2169,-5413,878,6171,5467,-1533
1732,1343,-844,5347,-6951,-4037,2203,-5013,1110,5703,5535,-839
1470,2581,-774,4749,-5071,-4638,1311,-5879,382,5132,4230,-1437
1560,2855,-134,4246,-3764,-4970,1297,-6783,412,5575,3465,-1892
1260,1027,154,6595,-3938,-4219,2371,-6283,308,5552,5171,-1407
1368,1321,1160,8457,-6552,-4755,1943,-6171,6,5709,6133,-201
1656,1307,1642,6795,-5431,-5032,1795,-5779,478,6203,5561,645
-128,867,2372,5021,-3239,-5610,263,-4955,898,7894,7379,1377
-2710,1109,2916,4916,-2405,-7275,-1635,-3465,1394,7849,6767,3967
-3338,1223,2828,3010,-714,-9878,-3521,-2103,1084,4770,3933,8600
-3472,63,1648,-1300,2004,-11272,-3357,-577,886,2734,194,10605
-4012,-487,-1528,-2541,3700,-11566,-2377,617,-682,-606,85,12574
-1222,-1589,-3658,-2406,1894,-11423,-1157,261,-2886,-4347,-1178,12501
810,-2719,-2792,-3621,-1264,-6237,649,-91,-1144,-6415,554,11008
2400,-3587,-5966,-2826,-2839,-6721,1539,417,-3148,-7224,-1609,6385
2832,-3865,-4780,2832,-247,-6701,2485,-439,-1894,-8990,-2393,4716
1864,-5651,-4498,6863,2535,-7119,3247,-765,-404,-12748,-224,6521
2100,-6649,-3000,10916,6972,-4148,3161,-1125,1456,-15608,1622,8904
1312,-5943,-644,16117,9399,-1443,2605,-1893,3472,-16636,6400,8398
-12024,-5439,-5956,-13092,6019,271,-10385,14017,2730,14950,17684,8464
1536,-9543,644,2200,-4668,4450,5369,7095,1966,10873,2172,-8495
-1390,-10135,186,-1130,-3598,1589,57,4203,-258,-1258,2590,-2924
-926,-8747,-1330,-998,1940,881,1815,2827,1924,-3492,-7789,-2561
-752,-7409,-220,-6003,-8140,3312,1323,1077,3262,-5941,-6507,2192
622,-7543,462,-5091,-5055,1158,2471,-137,4292,1092,-4309,368
1050,-8191,-364,-3750,-776,3162,2579,-1037,5282,8424,-778,-6110
14,-8081,-284,-1775,-966,4736,2005,113,2002,12496,-4694,-9030
1876,-8431,-628,-604,-841,5562,4055,-1929,2476,7478,-2717,-6478
352,-6943,-1986,966,-2360,5621,1689,-3225,1860,4922,713,-4603
1274,-6213,-1530,3180,-3254,5089,3449,-4783,3068,10891,-57,-6753
922,-4961,10,4641,-2798,5933,-1077,-4261,1508,9755,-1746,-12617
-1940,-3115,460,5199,117,6425,1245,-4415,724,10581,99,-13749
-336,-3049,128,5498,2713,5929,575,-6141,506,11116,3128,-14593
-2544,-1951,4,4534,-1469,7297,53,-6787,-444,12459,5967,-13614
-34,-1215,440,4768,-4611,7093,-1727,-8471,-1304,15274,10129,-15715
-852,81,1296,3417,-4539,9006,-2209,-6457,-1556,13671,7531,-15555
-628,1319,1694,2227,-2652,8537,-17,-8089,-2386,7210,2270,-8756
-2764,2213,602,1867,-6227,5304,1469,-8153,-1070,4360,3319,-1317
-756,493,1402,3249,-5933,1422,1651,-5949,-1242,4279,6698,63
194,249,786,3681,-5882,-1374,2167,-6045,-1580,4476,6182,357
910,45,212,3998,-5234,-2637,2609,-6037,-1204,4835,6685,-569
1248,243,-314,4471,-6007,-2685,2171,-6227,-708,5381,6068,-1362
1116,627,-832,5020,-7316,-2290,1879,-6199,-196,5217,6335,-2126
1300,1237,-1352,5659,-8394,-2773,1385,-6273,308,4123,4910,-2006
1998,1703,-1616,5951,-7674,-3991,1675,-6315,866,3834,2569,-1494
2172,1847,-1818,6166,-7039,-4590,2337,-6343,1354,5641,4311,-2210
2162,1947,-1730,7176,-6969,-4477,2081,-7057,778,8226,5569,-1186
1450,2337,-1296,8496,-7689,-3371,2357,-7303,12,9329,6582,-1647
1738,2611,-1734,8067,-9414,-3069,2991,-5219,324,8582,8165,-2756
2312,2893,-1568,5950,-8320,-3251,2281,-5575,84,5783,4274,-3287
2100,1463,-1422,4939,-6535,-2888,2525,-6343,544,4983,1253,-2715
1236,521,-810,6689,-8944,-2113,3019,-6589,896,6225,5216,-2676
786,723,-572,8080,-9110,143,2845,-5601,652,7307,7260,-1510
1146,957,-188,6707,-8861,-379,2599,-5065,616,7011,6894,-1970
1562,1097,-326,4312,-6106,-1239,1769,-6005,504,6420,5190,-2723
1274,-161,20,2392,-4063,-942,2055,-5613,886,7051,6294,-3926
1168,77,36,4665,-4049,-3192,2271,-6669,172,6975,6594,-956
-528,2677,174,6520,-6508,-3559,623,-7489,-554,6965,4475,-476
1808,1629,112,5485,-4855,-4817,2153,-6095,-230,6534,5888,-1929
1378,635,-138,6899,-4300,-5130,2305,-6729,-470,6040,5486,-1118
1970,329,-344,7498,-6565,-3617,2639,-6789,-348,6366,5230,174
1644,287,-530,7023,-7479,-1587,2727,-6533,-566,6430,5285,-488
1540,607,-682,6982,-7580,-1265,2843,-6813,-678,6158,5193,-2217
1306,1175,-968,6726,-6050,-948,2835,-6871,-484,6815,4165,-3397
756,1681,-1360,6527,-5954,-659,2189,-7559,-402,8055,4851,-4110
720,1203,-1190,7675,-5586,-52,2029,-8081,-774,9597,5580,-4252
756,1537,-1460,8449,-8772,-378,2621,-6299,-468,9877,8705,-4594
1762,2043,-1304,6183,-8298,-845,2055,-5683,-602,7813,6863,-4319
1416,2055,-1736,3269,-6672,-1502,2631,-6247,2,6326,3875,-5012
1516,1073,-2030,3196,-6819,-1657,2559,-5815,222,6829,5151,-4928
734,1043,-1870,5401,-7988,-1251,1961,-5933,152,6665,6668,-3137
1120,1031,-1348,6446,-9500,-1445,1997,-5831,238,6707,7648,-2161
1324,1379,-706,5817,-8380,-2197,1795,-5727,238,6458,7281,-2070
1516,2283,-310,3746,-6978,-2753,1191,-5715,786,5295,4829,-2571
2866,1049,552,3536,-4856,-3410,1995,-4905,818,4487,5184,-1309
1996,2151,944,2976,-5797,-2394,1025,-6207,650,4093,3581,-1022
1836,2545,1916,3036,-4824,-2311,1253,-6991,720,5005,5436,-1273
1370,957,3196,3154,-4136,-2515,1615,-5381,612,4137,4140,211
1010,1091,3994,1659,-3118,-4236,1179,-5025,364,4167,6131,1731
800,1059,3366,-1966,1628,-5925,-1319,-4427,142,3945,5058,4209
-2122,487,2154,-2940,4448,-8105,-2649,-3421,-870,-877,2018,8689
-3560,1757,458,-1389,5211,-12225,-4111,-2487,-1000,-3588,-1701,13422
-3534,-307,-1346,-1584,6508,-15569,-2671,-625,506,-2029,-385,12912
-2298,-1173,-3034,118,4232,-14087,-1069,191,-1174,-5465,-1055,13657
-590,-1767,-3780,-716,99,-9528,151,-589,-1388,-6268,-1386,11977
776,-2107,-3328,1214,-2014,-7108,423,-1593,-1826,-10250,2289,12924
3472,-4617,-2494,6846,696,-8855,1945,-183,-1958,-10435,-251,8143
3100,-5557,-310,11092,3395,-6020,3499,-399,-1812,-12608,321,4745
3686,-6753,1916,13541,7427,-1408,2959,-555,-1722,-17053,3670,6948
-25900,20623,20206,-6849,16094,-3105,-16715,-5713,11328,23,30701,25050
1778,-9361,1410,-215,-6747,3600,5139,2725,2912,9824,591,-6665
218,-9577,-702,-1807,-2850,4845,1635,3745,3244,-3968,18157,206
1098,-7977,422,-799,3277,-820,-341,1689,1156,6652,-11544,-9751
-1124,-8389,-610,-4351,-1980,5301,2365,111,3470,-5161,-6494,-632
138,-7855,282,-7825,-6228,5688,2897,-2113,4032,-2711,-6229,2125
1116,-7927,-900,-5376,-4585,5501,3793,-1809,1814,4042,-7188,-3243
1986,-7361,-960,-3163,-3840,8024,2337,-1339,1418,5477,-1669,-9386
332,-5767,-764,411,-3228,9404,-367,-2399,1432,7569,-843,-11170
-748,-4237,-792,2773,-4067,8210,1383,-3033,1708,8004,-1138,-10722
-806,-3097,508,5070,-4707,7364,221,-3541,844,7185,138,-11227
-924,-2109,1404,6065,-4222,6250,-307,-4461,1282,7061,1817,-14044
-1394,-559,1056,5599,-2359,4300,-263,-5845,854,9533,3855,-13752
-1496,-293,1884,4521,-654,5430,-529,-6531,200,13072,9308,-14816
-1364,101,1382,2503,-197,5261,-1493,-6583,-946,11562,7095,-14713
-2296,1009,1110,3559,-3039,4326,-1811,-7863,-1094,11528,7762,-11514
-1276,117,1478,3892,-4028,2265,657,-6659,-1056,7985,6240,-7415
152,-379,716,4295,-4524,-600,1513,-6653,-1178,6812,8007,-3397
848,-407,430,4870,-4040,-1824,1781,-6431,-1452,6625,6977,-1131
476,-191,200,5456,-4682,-1518,2093,-6877,-1026,6411,5608,-707
610,-121,-244,5968,-6230,-1138,2371,-6867,-840,7282,6494,-2017
762,953,-884,6098,-7207,-1712,2151,-6209,-34,7165,7092,-3059
962,2093,-1554,5591,-6491,-2438,1933,-7245,500,7130,5256,-2391
298,1579,-1446,5648,-7764,-2589,2957,-6503,766,7812,6716,-3110
968,1793,-2246,6297,-9659,-3763,3241,-4811,798,7636,7712,-4226
1396,2305,-2306,5628,-8434,-3714,1771,-5429,1004,6490,6591,-4547
1500,1409,-2362,4438,-7334,-2686,2183,-5755,1180,6061,2893,-3653
1436,905,-2096,4798,-7903,-2047,2495,-5691,1174,6521,5720,-3890
1432,1167,-1880,5555,-9146,-1265,2049,-5573,902,5990,7034,-3800
1142,1399,-1158,5016,-8824,-2369,1977,-5799,850,6271,6332,-2945
1390,985,-580,4524,-7655,-2096,1741,-6029,656,6037,6011,-2730
1214,953,-96,4354,-6398,-3181,1567,-5301,1064,5572,5283,-2500
1966,263,172,6178,-4591,-5196,2941,-5241,616,4561,6746,-1113
944,2455,-6,6828,-4367,-5592,1191,-7219,346,5298,3579,506
1424,1889,550,6615,-4085,-5118,2335,-6233,412,6077,5325,-1452
944,1089,436,8083,-3843,-5547,1985,-6205,548,5824,6581,-1309
1556,975,520,8443,-5241,-5132,2475,-6637,190,6387,5186,-172
1590,75,414,8167,-5161,-3272,2609,-6391,264,7586,5892,-412
862,261,84,8715,-6043,-1825,2347,-6515,106,7947,5886,-1680
712,625,-214,8310,-6220,-1796,2199,-6515,-92,8349,5711,-3728
744,601,-752,7091,-4831,-838,2083,-6361,78,8272,4793,-4751
750,343,-1336,6834,-5026,-537,2275,-6503,-222,8515,4894,-4640
622,915,-1208,7885,-5861,137,1647,-7601,-754,9259,5156,-4264
396,1269,-1136,8171,-7403,470,2459,-6367,-1146,10194,7432,-5117
1530,1715,-1294,6706,-7597,-1350,2295,-4885,-694,8209,9597,-5344
1782,2167,-1312,4156,-5883,-2612,1239,-5497,-190,4971,4925,-4118
2072,973,-1610,3628,-5556,-2367,2167,-5539,686,3159,1188,-2756
1302,1005,-1552,4900,-6687,-1585,1969,-5617,1092,3451,3500,-2105
1286,641,-990,6021,-7340,-852,1881,-5673,1348,4661,5853,-1897
1016,891,-260,6233,-6924,-1653,1469,-5389,1538,4351,4647,-771
68,1161,562,5371,-6890,-1367,1611,-5715,2218,5177,3774,-974
1526,-773,1028,4842,-6300,-2841,3121,-4277,1650,5560,5104,181
678,1417,1348,4933,-5259,-2821,1723,-6841,872,6755,4505,121
592,1905,1856,3419,-4710,-2532,1667,-7199,378,8925,5728,-2124
822,257,2490,3877,-3134,-2622,1891,-5567,524,7664,7186,-2835
564,873,2200,3756,-3883,-5094,1529,-5405,256,6259,5765,-906
388,607,2048,1164,-1731,-4924,1039,-5547,382,6711,3633,1083
-1426,-31,1688,632,346,-5984,-905,-4399,594,7055,5420,2464
-1360,-161,-54,421,183,-8574,-3315,-1521,-700,4552,4154,4699
-4488,-385,-748,948,4060,-11285,-3585,-1157,-336,1936,1013,8654
-3818,-901,-2274,563,3618,-12142,-3315,-379,52,480,10,11443
-2154,-835,-3274,1165,-363,-12241,-1371,813,-1428,-3019,-3065,11802
-490,-1165,-2846,1330,-2398,-10322,389,-161,-1924,-7121,-477,13206
1110,-2357,-2810,5518,1049,-10293,653,-169,-2400,-12724,604,12267
2470,-3333,-2388,9329,5405,-9000,2379,-319,-2394,-12083,-1003,10361
2406,-3371,-1604,13987,7495,-5392,3293,-739,-1336,-14896,680,7918
1574,-3387,-1168,18242,9869,-1568,2377,-1835,852,-16363,4404,8936
-25900,12927,702,-13444,14598,-1935,-10399,51,5614,7205,25655,24866
2716,-9277,-2576,-1313,-7550,1040,7979,3063,-718,16734,-1587,-8426
-130,-10025,480,-2326,-2831,4711,61,1961,3086,-1336,17202,-1475
-1184,-8439,-1556,-1718,2527,1578,201,2061,1578,3343,-9996,-7961
-816,-8597,-1584,-4485,-5297,4136,925,-191,3504,-4313,-7390,982
-102,-8037,-194,-5063,-6068,2896,1543,-1241,3504,654,-7487,126
1066,-8131,-1248,-3028,-3281,3844,2181,-1133,3330,5403,-3921,-6362
164,-7441,-1112,91,-2752,5059,1837,-1677,3294,9432,-1991,-10129
1244,-6845,-1146,2409,-2266,5723,2807,-1331,2514,11920,-3137,-8994
654,-5877,-446,4480,-1500,5606,1101,-2497,1568,8722,-1284,-5456
290,-4563,58,5883,-2191,4884,1387,-2821,812,7330,-3294,-6887
-792,-2995,1470,7496,-3971,4781,-937,-2601,2058,7831,1048,-10993
-1730,-2047,824,8432,-1250,3022,-1023,-2349,402,8976,1768,-12975
-560,-1717,1480,5871,-1664,5917,-351,-3353,288,8291,55,-11403
-1276,-83,1318,3827,-1526,6224,-857,-4327,86,9417,2250,-11777
-2514,485,1854,2529,448,7960,-701,-5031,90,10305,4336,-12082
-2194,-11,1096,1907,-1747,6230,127,-6103,-354,11982,7739,-11882
-1220,3,916,3900,-5039,3305,-105,-6639,-1046,14012,11529,-10620
-36,-211,668,4359,-4654,631,-495,-6171,-1616,11774,9896,-7241
432,-615,466,4610,-4730,-198,877,-6371,-1074,8910,5519,-4318
700,-627,-198,5290,-5485,-472,1511,-6441,-816,8145,5410,-3461
144,943,-720,6298,-6423,-918,1341,-6589,-354,7454,5049,-3641
1150,1289,-1484,5553,-6110,-1702,2133,-7537,-342,8158,4516,-3668
690,1683,-1558,5439,-6955,-2170,3069,-6469,76,9246,7409,-4315
982,2115,-2364,4773,-8660,-2867,2279,-5463,282,7668,7319,-5327
1842,1333,-2088,4353,-8171,-3802,2075,-5751,836,5011,2773,-5377
1640,857,-2318,5152,-8041,-3742,2681,-6185,1162,5384,2934,-4111
1276,1007,-2200,6428,-9370,-1841,2367,-6005,1160,5899,6215,-3445
412,1309,-1876,6314,-9694,-2252,2445,-5791,816,6871,7646,-2877
302,2029,-1350,4295,-8853,-1550,1473,-6367,526,7463,6972,-2707
1258,987,-152,4756,-5774,-3896,2021,-5695,14,6507,6140,-2894
1710,2083,50,5895,-4193,-6785,1497,-6011,216,5541,5953,-2238
1784,2015,346,6511,-3432,-5068,1861,-6123,372,4033,3901,-1974
1868,1179,276,7813,-5123,-4515,2165,-6685,354,4922,5284,-1132
1938,791,-86,7727,-6569,-3128,2593,-6705,260,7128,6953,-741
1614,293,-92,8091,-7014,-2087,2317,-6329,142,7687,7424,-1438
978,111,-44,7773,-7474,-754,2317,-6641,252,7760,6259,-2799
820,285,-186,7381,-6731,-973,2265,-6471,228,7803,5196,-3782
564,933,-640,6859,-6063,-1176,1979,-7545,-176,8527,5294,-3602
376,895,-800,7601,-6106,-1159,2437,-6449,-470,9074,6701,-4223
1276,1685,-1494,6098,-7275,-1424,2203,-5399,-24,6726,7024,-4627
1342,2323,-1818,3837,-6514,-1992,2069,-5803,524,5164,3291,-3893
1632,1777,-2124,3297,-5397,-2005,2495,-5357,782,5787,5297,-3902
1818,1269,-1826,4296,-6916,-2053,1879,-5593,796,5845,6104,-2852
1810,915,-1076,6079,-7864,-1945,1929,-5611,952,5668,6033,-2417
1110,1953,-282,6856,-8639,-2275,645,-6159,1496,4882,5370,-1362
1586,1089,990,5773,-7487,-2182,2073,-5633,1278,4845,4373,-58
1596,1501,1132,3638,-6535,-3766,2155,-5931,1146,5667,5079,66
1500,2205,1906,2920,-4762,-3151,1181,-6485,650,5782,5471,-1200
1150,781,2286,3389,-4116,-3031,1491,-5589,266,4917,4727,444
1410,845,1722,2245,-3999,-4193,679,-5185,432,5203,5116,2744
-802,715,1018,757,-62,-6556,-957,-3971,556,4595,3174,4416
-3318,1219,-398,2457,873,-10897,-2887,-1827,622,3322,2296,6374
-3128,913,-1030,3969,1604,-14091,-3473,-1229,674,591,-1012,9483
-3284,-563,-1678,4613,2812,-15309,-2797,1609,-870,-1401,-3091,9370
-1914,-1305,-2452,4566,2284,-12840,109,61,-36,-3793,-1414,10902
562,-2181,-1648,804,-1325,-8946,819,89,-504,-8224,256,12874
1728,-3961,-1892,5729,2854,-5739,1923,-693,-310,-10678,2271,12570
2648,-4219,-1684,10886,5848,-5621,2227,-495,-134,-9981,1586,8796
2104,-3429,-742,16607,6066,-1888,2781,-35,-302,-12469,3446,5880
8428,-11635,-4196,-4603,3055,-6293,7335,7483,236,6148,878,-1563
3642,-7823,2988,1788,-3445,5114,3773,1937,3196,-4664,5804,-3925
1320,-9689,-232,-1817,2219,411,2175,3373,2088,420,-2974,-4849
-1346,-8271,400,-3521,-119,4223,1067,751,3256,-1993,-4133,-896
-1050,-8013,298,-5385,-4574,2262,953,-859,3844,235,-3505,-286
-960,-7903,282,-3526,-1081,2879,1455,-1013,3606,5322,-2206,-4892
-1214,-7757,-1796,-1520,-1188,1837,1883,-1179,2474,9864,-2773,-8099
-558,-8333,-1982,123,-2624,1361,2101,-1133,3018,8567,-1999,-5633
1420,-8023,-1780,3126,-503,1295,4195,-2053,1018,6840,-1986,-4202
728,-7371,-718,4572,-1032,1994,-795,-2189,1180,9272,-1825,-12291
-832,-6333,-76,5724,-2061,2971,1713,-3153,528,7320,-3415,-13507
-1470,-5707,-212,6048,-3687,3021,-2933,-5015,1412,9061,3760,-16133
-70,-4575,998,5697,-3091,2159,-453,-5441,836,9460,4835,-14241
592,-3703,1110,5847,-1602,2075,-1595,-6151,-370,10779,8662,-12583
402,-1851,1508,6644,-569,2116,-1083,-6681,-782,9592,4523,-10855
1338,-2187,1742,8835,1245,3639,725,-6809,-970,9580,6583,-7833
-374,-527,1280,8743,-34,4478,1281,-6939,-896,9603,9373,-5140
-94,-295,1042,8215,-447,6807,1899,-6805,-992,9087,9335,-3144
-1436,-3,764,8738,-2257,8471,2173,-6813,-1242,8753,7823,-2257
-1406,319,392,8684,-5603,8468,2311,-7055,-864,8044,5847,-2732
-1826,1247,568,7390,-7471,7317,2425,-6879,-268,8163,5532,-3599
-1266,1613,36,6019,-8540,4582,2153,-7495,-516,8306,6097,-3727
-876,1403,564,5690,-7391,1798,2339,-6995,-522,8476,6271,-4020
-270,1313,24,4872,-7286,-1544,2853,-5485,-248,7977,7214,-5352
1078,1293,-556,3751,-5936,-3321,2297,-4711,-84,6176,6640,-6025
1108,1693,-1122,2163,-4433,-3028,1343,-5691,694,4337,3744,-5489
1216,1077,-1796,771,-5118,-2232,2071,-5985,1032,3977,2510,-4479
1500,609,-1988,1225,-6647,-1697,2125,-6007,1158,5101,5822,-3891
1090,809,-2230,2661,-8410,-1193,1771,-5667,1182,5208,6876,-3215
1064,741,-2116,3770,-9278,-1007,1847,-5449,1184,5247,6287,-1914
930,1553,-2196,3799,-8626,-1268,1581,-6397,1552,4956,6951,-2366
630,1439,-2048,2177,-7317,-1413,1367,-6015,1310,4607,4757,-1858
1366,863,-1206,4679,-6360,-4438,2503,-5937,942,5228,5476,125
1674,3217,-1378,5622,-7436,-6566,1461,-7185,426,5641,5597,-934
2386,1939,118,6629,-4959,-5734,2465,-6069,526,5083,5323,-1513
2276,1347,170,8715,-4860,-5131,2637,-6607,516,4884,5277,-807
2174,1621,222,9547,-6195,-5246,2855,-6773,396,5944,5030,-24
2812,1601,226,8811,-5657,-4192,2789,-6929,328,6824,5718,-417
1738,1263,372,9219,-4119,-3404,2817,-6891,416,7471,6301,-1287
1158,937,204,9236,-6070,-2561,2597,-6549,488,7555,5421,-2160
1206,1207,-42,8290,-6303,-2009,2669,-7003,226,7849,5566,-3464
402,1483,-248,8464,-4722,-345,2049,-7177,328,7974,4860,-3680
364,687,-754,7484,-7387,-1379,2673,-6479,62,7956,5956,-4231
378,1091,-1206,7473,-6344,-859,2487,-5671,184,7031,6316,-4800
1080,765,-1572,4783,-6021,-334,2325,-5323,378,5233,4195,-4835
1636,917,-2168,2511,-4174,-84,1825,-5891,956,4430,2740,-4313
1504,447,-2366,1277,-3931,1415,2121,-5991,1354,4501,3625,-3667
862,195,-2210,2932,-6265,2188,2533,-5731,1564,4921,5730,-2573
650,725,-2128,5213,-8919,1364,2225,-5471,1812,5315,5889,-1095
1036,1147,-1444,5857,-8635,-725,2477,-5661,1498,6459,7260,-1460
-158,2033,-888,5080,-7553,-1812,1551,-6181,1768,6585,4943,-2276
1740,-321,-310,5472,-6122,-3643,3045,-4175,1176,5886,5258,-1330
1032,1591,-420,5804,-5523,-5703,1931,-5515,1296,4841,3946,-1535
1238,2537,50,5085,-5656,-5599,1839,-6361,1052,5519,3863,-2100
1424,2457,388,3515,-3679,-5467,1399,-5905,952,5295,4201,-1947
430,727,820,5126,-2894,-4768,1697,-5757,636,4359,4065,-1077
572,629,998,5360,-5294,-5579,1721,-5523,1018,5098,4957,84
710,363,1332,3405,-3049,-6024,859,-5077,1050,6113,4838,1281
-1436,-281,1340,1923,-559,-6308,95,-4309,968,6341,5439,2703
-1892,-747,202,1573,953,-7616,-2245,-2905,1094,6275,6239,4883
-2808,-905,-1064,1252,4182,-10168,-2737,-1783,834,2878,2914,7339
-4786,-2133,-3414,5035,5448,-11230,-3213,-1647,-42,1282,939,9000
-4156,-1991,-3830,4796,4464,-10556,-2541,-321,-230,-197,-188,9830
-2706,-1965,-4852,4271,27,-9621,-979,-257,-406,-1908,-1231,9785
646,-3583,-3866,4374,-1878,-4942,191,-795,-970,-7085,595,13720
904,-2045,-2500,3981,-887,-7954,1673,-709,-1134,-9585,-1880,13846
2736,-3399,-1962,8181,2681,-6840,2093,-973,-1384,-9709,-1981,11082
2602,-4457,-3348,14067,2574,-3269,2031,527,-550,-11698,1380,7420
2104,-4321,-3554,18067,3376,-333,2827,823,22,-14681,3181,5519
-7960,-3889,-4982,-16366,7372,-3710,8729,4857,3960,9200,10442,7087
3120,-8901,94,-1558,-8116,-36,5831,3071,3172,11122,-160,-8653
1600,-9259,1146,-1020,-3807,3442,3629,3049,2578,-2824,8273,980
3170,-8575,540,-1029,1899,-1390,2843,3287,1714,1383,-6046,-4336
-1136,-6889,230,-2672,1270,3258,1635,1239,2726,-4470,-5387,-1911
-326,-6265,76,-7533,-6251,3682,2893,-545,3732,-539,-7022,-563
-72,-7079,-462,-6382,-1333,4188,2885,-505,2980,3402,-3740,-4776
-828,-8785,72,-5529,-277,5338,-85,-1175,2036,5414,-1020,-8364
-1508,-8929,-2648,-4590,-1930,5583,253,-1155,2326,7036,-2182,-5066
-226,-8001,-4264,-1877,-4123,3722,1751,-323,1506,7562,-3252,-3952
-566,-7505,-3042,1486,-3874,2436,2437,413,2868,6805,-529,-6073
1072,-6521,-1008,3808,-2721,2524,3463,-1685,1494,9199,840,-11599
204,-4809,-912,5636,-164,3795,969,-3019,1422,10563,6477,-15151
2138,-4735,-1178,6423,116,5042,-1961,-3607,1402,12148,5696,-13936
-474,-2893,-964,8987,-1279,6011,739,-5149,480,8360,-2418,-12342
766,-2499,280,11136,-3375,5744,-605,-6499,470,11134,4756,-12243
-1072,655,922,9509,-4798,7880,-1329,-7547,338,12637,6944,-12826
-1126,1563,1264,6903,-4283,9300,-2423,-8155,-30,12988,6194,-9830
-3690,2925,1066,5785,-4646,7914,-91,-6589,-720,10838,8561,-5957
-2110,1607,1720,3420,-6141,4883,639,-6175,-888,6765,3559,-1615
-208,-275,1768,3224,-3001,827,1829,-6903,-920,6409,3513,-824
132,-711,1210,3417,-3774,-1219,2209,-6337,-1184,7481,5514,-1708
288,-647,716,5452,-5429,-1305,2517,-5867,-1160,7125,5488,-2473
910,-477,464,6373,-6289,-1833,2105,-5967,-956,5546,3965,-3099
1108,165,-708,5450,-5589,-1073,2067,-6307,100,4539,2803,-3337
854,755,-1530,4329,-6183,-856,1767,-6387,900,4640,3560,-3395
484,2091,-2060,4390,-6869,-1264,1919,-7415,882,6070,3883,-3249
422,1703,-1564,5261,-7705,-2209,2327,-6501,678,8023,6368,-4717
1364,1657,-2506,6408,-8817,-4635,2381,-4829,972,7184,8027,-5398
1886,2059,-2362,5589,-7674,-4709,1097,-5509,1180,4583,1784,-2934
1654,1205,-2420,5171,-7366,-3334,2379,-5775,1356,5273,3654,-3517
1848,137,-2414,5976,-8430,-1771,2621,-5451,1336,6455,6258,-3551
1022,701,-1796,7100,-9026,-713,2199,-5193,1110,6349,7457,-2948
728,1065,-1250,5916,-9246,81,2027,-5213,1058,5906,5948,-2517
1218,1217,-652,4434,-7419,-890,2049,-5421,946,5985,6641,-2909
398,2453,-310,5124,-4853,-3122,175,-6889,1468,5189,5010,-3044
1836,-863,276,6006,-4289,-4230,2431,-4513,1178,4307,3658,-1884
1942,2323,462,6085,-4191,-6576,1185,-6263,1110,3380,4045,-440
2400,2391,592,4382,-3289,-4261,1757,-7179,1358,4749,4696,-1605
1760,525,638,5874,-3110,-2643,2163,-5551,960,4554,5135,-933
1734,1075,114,7152,-5731,-2737,2383,-6633,734,4482,3339,153
2054,511,226,6371,-3788,-1756,3005,-7069,652,6660,4177,-216
1366,-329,-152,7255,-4946,-946,2709,-6869,246,7780,5911,-1769
446,15,-254,8740,-5892,502,2413,-6487,368,7672,5741,-3096
-192,1095,-788,8429,-6499,902,2337,-7245,548,7737,4447,-3623
368,1169,-340,8240,-7012,848,2593,-7355,526,9353,5538,-4213
670,1203,-904,6498,-6982,1168,3017,-5667,318,8679,7480,-4895
1232,1793,-1288,4326,-6897,525,2213,-5981,320,6808,5372,-4936
1652,1569,-1810,2064,-6680,-105,2343,-6399,922,6619,3142,-4778
1446,1271,-1922,3072,-6922,-738,2723,-6063,958,7232,5711,-4735
1354,1553,-2142,3839,-9196,-1320,2221,-5639,712,7179,7208,-4245
1820,1341,-1632,3897,-8092,-2087,2285,-5353,926,7121,6375,-3786
830,2503,-1750,4383,-7752,-2908,1151,-6175,1226,6787,5840,-4039
2020,549,-736,5310,-7104,-3111,1905,-5335,1066,5756,4957,-4011
1918,1715,-258,4803,-7962,-4301,1897,-5573,1322,5592,6412,-2862
1684,2939,82,4434,-7157,-4212,717,-6519,1110,4204,2878,-1450
1100,1929,846,3912,-5112,-2460,1991,-6171,970,5511,4929,-1964
1482,903,1330,5947,-5522,-4448,1807,-4971,654,5192,6924,-1575
2228,1785,2252,3619,-3347,-6375,967,-4633,718,3892,5064,124
1156,279,2434,-135,3332,-5520,-221,-4375,1290,4052,4152,2356
-1644,-265,1162,788,2696,-6690,-2207,-3467,1332,3391,4823,4905
-3256,871,-202,2913,5066,-9106,-3231,-2639,1426,2236,2290,7709
-5568,231,-3134,3652,3515,-13700,-2421,-1431,1438,-124,1348,11083
-3678,-367,-3900,4533,4644,-13165,-2251,371,910,-3293,-3109,10820
-1744,-977,-3674,5290,437,-11237,-277,-485,-666,-6783,-1095,14308
908,-1519,-3042,1851,-4138,-5340,91,-1091,-544,-8003,738,13641
2648,-3179,-1720,4082,-1370,-5791,567,-295,-632,-10239,1934,11733
2638,-4491,-2808,8386,1425,-6760,2227,229,-2058,-10170,312,9703
2950,-5131,-2718,13018,1869,-3614,1751,-211,-1704,-13799,1992,5991
4282,-3571,-5458,15693,5243,-1884,8657,-2767,-14704,-11933,1287,9201
4796,-9393,-5340,2606,-1433,-1735,2355,5687,-1852,5073,-6851,-11145
880,-7799,1986,1126,-3468,5680,2865,2123,4504,-4772,13308,-136
1150,-9319,88,-1254,2070,-995,1391,3109,1538,1814,-921,-5416
-864,-8545,-1904,-2026,1043,2584,705,953,1814,-1155,-4675,-1783
-650,-8077,-1166,-3772,-5004,2220,1123,-101,2748,-1397,-6459,568
-84,-8597,-1964,-867,-680,2411,1733,83,2870,1885,-3699,-2266
-786,-8785,-1534,2495,1475,3020,701,-497,3114,4013,231,-5745
-1306,-8623,-1708,3792,589,2064,281,-1037,3596,6900,460,-5396
-686,-7967,-1056,4356,284,1046,743,-709,2824,7923,142,-1181
120,-7425,-992,4672,432,792,1321,-619,1528,8393,-2696,-1918
1052,-6861,-390,4686,-274,1265,2285,-127,848,8583,-6822,-3180
1150,-5795,-882,4692,-184,2731,2097,-353,798,8805,-5505,-7712
376,-4859,-316,3971,-980,4918,1993,-1173,514,9161,-2894,-11667
212,-4181,-44,3445,-2600,6435,-471,-693,-248,8396,-1926,-13769
508,-3695,-366,4257,-2286,4010,551,-2669,22,9416,-424,-12630
-522,-1729,210,5659,-2718,6159,-2275,-3709,352,9283,2242,-13378
-456,-1919,456,5196,-2076,6982,-629,-4723,-402,9156,2694,-13591
-1276,13,552,5157,-3397,6932,-765,-6013,-536,10914,5671,-13825
-1298,145,1212,6126,-4104,7514,-571,-7353,-600,9950,5094,-13708
-1438,355,1200,4499,-4071,7867,-13,-7783,-766,9959,6746,-11691
-1152,223,788,3888,-4052,5802,291,-7453,-686,9805,8338,-9044
-602,413,292,4193,-4291,2315,731,-6969,-754,8620,7181,-6151
-696,1495,-128,5647,-6447,-469,1311,-7539,-724,8142,6636,-3971
350,851,4,7057,-6160,-2463,2685,-6397,-466,9044,8965,-3311
738,1197,-762,5859,-6052,-2400,3265,-5301,-398,8528,10038,-3979
1386,1101,-1468,4179,-6036,-1979,2277,-4911,130,6150,7805,-4359
1482,965,-2030,2977,-7184,-1596,2041,-5803,1354,4231,3368,-4233
1352,651,-1938,3440,-8260,-898,2791,-5661,1892,4188,4583,-3935
762,833,-1960,4637,-9139,-207,2033,-5777,2198,4599,6060,-3493
682,983,-1804,4945,-9022,18,2191,-6035,1990,5216,6754,-3380
622,1367,-1626,4453,-8007,-904,1809,-6359,1876,6548,7504,-3203
1098,-277,-1066,4152,-6986,-1741,1779,-5373,1212,5902,5734,-3405
1104,911,-536,5066,-7274,-3552,2565,-6363,834,6468,6756,-1948
1136,2869,-664,5396,-6350,-4146,899,-7295,570,6338,4621,-1613
2372,1477,-156,4505,-4283,-4490,2583,-5903,438,5259,5427,-2489
1670,989,-506,7329,-4561,-5193,2693,-6393,272,4274,4827,-1296
2148,1577,-374,8448,-6164,-5576,3155,-7159,438,6002,4750,-681
2188,1005,-502,7999,-5410,-4515,2821,-7131,224,7645,6361,-1387
1592,503,-796,8657,-6487,-3218,2653,-6689,380,7724,7117,-3125
1480,745,-1136,8807,-7015,-1669,2269,-7349,612,7876,5985,-3780
-114,1737,-830,8396,-7249,722,1995,-7939,498,8786,5353,-4374
628,953,-1376,8918,-8058,-714,3123,-5683,586,7429,7473,-5274
616,1875,-2012,5611,-4735,645,2381,-6051,932,4358,3623,-4882
1478,355,-2282,2786,-4215,881,2897,-6661,1044,6346,4582,-4694
1008,261,-2554,4554,-7376,1266,2581,-6495,892,7662,8457,-4251
874,1069,-2376,5965,-10798,1125,2467,-6043,1004,7925,8871,-3444
1306,1455,-2194,5251,-10751,16,2323,-5943,1046,7608,7147,-3761
1068,1413,-1808,4576,-9046,-1637,2225,-5695,1040,7658,7639,-4201
488,2859,-1782,3984,-7541,-3436,693,-6619,960,6759,6016,-3880
1098,1169,-722,4179,-5160,-4743,1727,-5501,1032,5593,4897,-3834
1452,851,-620,4839,-4807,-6781,1633,-4473,1252,4369,5303,-2161
1284,2323,-76,4533,-3862,-7060,809,-6307,1028,3152,2074,-1625
452,849,512,3967,-1715,-5598,1819,-5721,820,5234,3868,-1837
-1388,813,260,5998,-3022,-6974,1197,-5755,588,5320,6664,-386
-1200,549,350,5466,-2753,-9404,653,-5161,688,5558,7473,2538
-1764,-1095,548,3554,1135,-10709,-615,-3755,862,5365,6737,5548
-3750,-929,-60,4006,1949,-11267,-3339,-3251,972,3423,4164,8613
-2810,-2771,-960,8215,4147,-11361,-3127,-1713,1708,381,1794,10222
-2742,-3405,-1930,5922,7614,-12848,-2099,83,1644,-2858,-348,11746
-14,-4093,-4040,2133,900,-5674,-549,-571,866,-4482,-2602,12833
4706,-8991,-2864,2226,-6429,2885,617,725,-672,-11042,453,12541
2820,-4697,-3666,5144,-1189,-4603,2351,379,-1092,-11148,432,10975
1882,-3373,-3422,12137,2029,-4569,3239,421,-1572,-10597,356,9402
2436,-4027,-2776,16791,2997,-1945,3901,555,-2020,-12759,1748,5630
1190,-3893,32261,18191,32767,-3079,16835,32593,32607,-32768,31168,29050
2486,-6867,-5016,2267,-2587,-1644,1261,5223,-2528,6739,-7126,-13839
2284,-7535,2362,-1237,-4248,9496,3809,3357,4624,-6595,14513,1823
-1022,-7849,316,-2764,767,1684,1481,2713,2576,2021,-2266,-6077
-884,-7431,-1088,-173,6049,-54,1047,801,2794,-720,-3930,-2673
-902,-7233,-740,-5685,-1922,3946,1327,-403,3048,-67,-7084,-951
134,-7507,-1414,-7227,-3695,3544,1833,-847,2698,2110,-4381,-5440
1184,-7351,-2258,-3914,-2871,5403,1961,-1471,2840,5093,-3478,-8136
132,-6123,-2054,-499,-1713,7580,653,-1297,2368,5191,-603,-8936
900,-5429,-1728,1142,-4030,7786,2137,-1491,1862,5381,-857,-7735
-550,-3775,-224,2804,-4193,6513,385,-3071,3074,9254,1520,-10219
-390,-4239,176,4935,-4244,5969,1369,-3417,1844,11387,2275,-10764
-758,-1923,1174,8320,-3960,4564,-1023,-3217,1016,9982,3960,-11169
-962,65,1082,6048,-3533,6339,-57,-4683,1030,7655,1762,-11838
-1942,475,1966,2596,-1463,8517,569,-5541,548,8284,6189,-12373
-2672,1167,734,2391,-5224,6963,459,-6913,148,10400,9160,-11689
-1734,1563,1054,391,-3425,4121,-67,-7291,-390,11292,8128,-9609
82,-365,1082,509,-87,450,807,-6407,-840,9718,7957,-6773
-8,-551,628,3068,-2374,-1730,1499,-7117,-1228,8590,6001,-5043
710,-623,742,5167,-5627,-1409,2183,-7521,-1340,8168,6761,-5380
814,-365,436,5856,-6239,-411,2227,-7163,-1388,8595,7307,-5097
190,99,-428,6641,-7250,-246,1961,-6695,-1008,8039,7891,-4965
484,641,-1310,5899,-8130,-1091,2037,-6787,-538,7870,6632,-4032
760,2395,-2110,5517,-7702,-2596,2027,-7687,-300,8039,7262,-2915
920,2071,-2030,5737,-8171,-3286,2817,-7131,-350,8806,7552,-2887
1240,2227,-2766,6758,-9929,-4329,3161,-5803,-116,8604,9950,-4224
2278,2151,-2714,7359,-9625,-4170,2481,-5229,102,6027,7228,-4382
2450,2009,-2760,5756,-8449,-3393,1943,-5907,904,4492,3709,-4128
2176,1125,-2538,6090,-8647,-1569,2419,-6099,1530,4337,3974,-3505
858,943,-1908,8268,-10842,-520,2433,-6013,1170,6052,7456,-3320
1816,917,-1460,6168,-10717,-196,2781,-5759,1018,7047,8615,-2687
890,2579,-1334,3602,-9130,-964,387,-7451,800,6728,5752,-1984
1374,457,-106,5720,-6416,-1802,3151,-6103,100,6872,5890,-2341
326,3421,-628,7142,-7549,-5723,821,-6909,338,6917,7573,-3153
2252,3139,164,6689,-5449,-7194,2145,-6257,-120,5126,3419,-2554
1918,1237,-438,7050,-3492,-7498,2311,-6509,280,5969,6372,-1713
1776,1119,-310,9173,-7284,-5967,2711,-6951,44,6975,5796,-610
2140,1205,-514,8591,-8203,-3926,2697,-6857,6,8746,8109,-1193
1470,537,-802,7636,-7760,-2294,2495,-6637,-10,8675,7643,-2262
1100,537,-1106,7112,-8639,-1649,2825,-6259,178,8413,6669,-3128
-20,1881,-1274,7967,-6833,-665,2083,-7703,-212,8717,5703,-2990
520,711,-1376,8737,-6794,-759,2773,-6777,-434,9498,7074,-4346
1112,1551,-1870,7426,-6120,-1215,2127,-5629,-262,7893,8343,-5829
1740,1751,-2240,3332,-3875,-49,1495,-5685,342,4899,3948,-4793
1692,865,-2766,1586,-4397,478,2591,-6001,1018,4878,3088,-3772
1016,767,-2590,4491,-8899,823,2311,-5901,958,7117,7276,-3719
1432,891,-2042,6160,-10309,-396,2107,-5903,630,8386,9240,-3627
1424,1599,-1290,6848,-9272,-2148,915,-6211,450,7971,6236,-3082
1954,2257,-1234,6199,-7466,-4157,1077,-6065,584,7065,5968,-3959
3000,665,-660,4290,-5107,-4466,1331,-4253,1576,4363,3529,-3858
2134,1353,-662,5494,-4175,-5270,1647,-5637,1690,3402,3855,-775
1234,1581,-260,6443,-5396,-3531,2013,-6319,1030,5063,4560,-313
118,2081,578,6921,-5383,-3740,1281,-6099,612,6566,5122,-999
504,1307,1162,7092,-5309,-3287,1653,-4933,710,4275,4207,-1486
606,1213,1198,5430,-4276,-5188,1787,-5279,926,4052,3932,-185
-106,425,1420,3026,218,-6373,481,-4395,1270,4855,5584,1725
-2690,981,870,1682,2334,-8720,-2331,-4263,1484,4987,6114,5329
-4934,381,-1498,2949,3524,-12573,-3909,-2761,1720,3214,4408,8792
-4842,-983,-3108,4509,5748,-13933,-3715,-767,1796,-996,3634,11855
-2954,-879,-4660,1887,5843,-11631,-3355,-427,316,-1377,115,10699
170,-1827,-7470,-1208,-4071,-5864,-835,-981,-1060,-8470,2283,17618
3110,-3457,-3290,303,-3518,-7198,1453,-535,-2064,-13899,915,15830
2356,-4863,-2240,3523,-2035,-8727,2261,-1489,-2044,-11391,-2276,11059
2626,-5823,-2748,7913,-1020,-6731,2539,-689,-2500,-13753,-3167,4017
2720,-6187,-1226,13729,1102,-2307,3149,-981,-422,-15494,-745,6011
-208,-15199,-8804,-7789,3096,-4342,2235,9571,2064,6927,9686,6281
4302,-10429,3050,1359,-6431,-1361,6487,4701,4126,11539,-2254,-7580
3390,-10301,490,-812,-1374,1388,2757,3635,1964,-4315,7197,3013
2338,-9765,1702,-2554,540,611,4125,2429,3330,-2226,-1350,201
1180,-9329,284,-3823,-4120,4198,3713,805,4024,-840,-1017,-2089
1118,-8589,194,-2914,-1419,6155,1767,-127,2818,-461,-1705,-2169
1464,-9119,36,-1748,1154,5445,1835,-751,3674,4532,-2224,-4927
1244,-9157,-892,-199,5188,7009,1241,-545,2922,7620,-2893,-7560
-362,-8467,-2894,-47,2552,6106,235,-1193,2384,7590,-4414,-9318
-1058,-7655,-2652,1458,1694,5258,1643,-1151,2154,7217,-4609,-10324
-924,-6353,-2548,3054,-523,4082,211,-1351,2194,7858,-5269,-6002
1008,-5717,-1312,4592,-1445,3153,2211,-2267,3140,7520,-2992,-11025
-750,-4597,-492,5595,-1986,3829,29,-2471,1760,9266,580,-13675
60,-4701,-844,6291,-3642,6110,-1855,-4381,1874,8847,3139,-15040
-1154,-3601,272,5786,-4735,7040,-357,-5547,258,10535,3097,-14539
-298,-1807,658,5204,-5543,7925,-1203,-5439,-348,9980,4872,-13027
-1710,1979,998,4495,-5957,9332,-837,-6415,-128,6640,2534,-12094
-2288,1965,996,4203,-6782,9104,235,-5985,-628,6024,3858,-10600
-594,1135,664,5438,-6556,5764,947,-6853,-600,5211,5566,-9506
-596,867,1302,6180,-5980,3140,1151,-6997,-866,6049,7673,-6919
-64,-123,1182,6072,-5371,1580,1483,-7343,-910,7712,9018,-5043
-48,-665,1018,6921,-6115,1194,1781,-6529,-1236,8408,9984,-5180
398,-445,510,7789,-8110,17,915,-6373,-1292,6206,8533,-5944
1066,847,-992,7572,-8477,-1399,1667,-6431,-258,4303,5767,-4897
860,2757,-2430,9189,-12264,-2375,1859,-8131,-272,6201,5908,-2759
1362,3501,-2416,7751,-13419,-3085,3013,-6151,-96,8029,13321,-4214
2378,2677,-3276,4015,-10615,-3774,1505,-5057,898,7824,13172,-5830
2812,1093,-2932,3767,-7605,-3909,1169,-4805,1672,4377,2400,-2710
1964,1109,-3344,5328,-9818,-2773,3119,-6613,1730,7054,8820,-3380
1398,1099,-2410,6911,-11010,-34,2505,-6309,1054,8517,9485,-2113
1510,1365,-2592,7287,-10554,-44,2279,-6083,820,8047,8618,-1631
964,1877,-2588,7725,-11188,-1504,1865,-6893,494,8079,7423,-2870
1874,2209,-1872,5981,-9451,-3221,2493,-6607,264,7377,7638,-2178
1480,3425,-516,6116,-8935,-4278,1609,-7613,-298,7344,7261,-2549
2336,2231,-470,5118,-6703,-5246,2621,-7001,-386,6869,6034,-2820
2656,1829,-456,6096,-6666,-6031,2885,-6927,116,6941,6399,-2321
2800,1409,-468,7068,-7355,-5541,3203,-6805,-228,7766,7101,-2318
2582,1185,-956,7749,-6696,-4655,3021,-6409,-154,8036,7135,-3489
2314,315,-1348,8888,-6930,-4099,2619,-7093,-76,7936,6962,-3990
498,1559,-1682,9438,-8630,-1222,2243,-8077,-20,8325,6677,-3323
-876,2205,-1244,8021,-9109,1203,2839,-7333,-98,9637,8752,-4416
834,913,-1540,8033,-7119,927,2171,-5373,176,8242,9292,-5240
1276,565,-1534,5164,-6491,-1083,2777,-5605,1002,3935,2294,-4409
894,-7,-1750,1891,-862,1694,2543,-6127,1772,4592,4159,-4116
266,195,-2470,874,-3860,3420,3291,-6901,1582,7085,7819,-3636
-204,1069,-2802,2615,-7722,3370,2057,-6101,1084,8383,10132,-2955
700,1261,-2204,2913,-9269,1006,2225,-5749,740,7796,7024,-3149
1136,2089,-1654,2960,-7680,-3097,1063,-5913,656,7003,6912,-4347
2580,1295,-442,2870,-5913,-4487,1795,-5159,922,4801,5375,-4922
3072,2057,82,1892,-4572,-4618,1117,-5713,1170,2330,3381,-2675
1616,2951,298,815,-3813,-3174,1457,-6981,740,2234,1539,-1411
1492,1301,1114,3943,-4151,-4099,2553,-5645,964,4012,5957,-339
838,1605,764,5053,-6037,-6462,1255,-5643,720,3441,5125,1491
194,1623,1180,3562,-2462,-8591,495,-5295,916,4251,5242,3673
-1432,727,1042,1798,218,-10000,-1783,-4147,1622,4093,5451,6357
-3794,1053,604,391,16,-11280,-3735,-3621,1710,1374,1831,10378
-4512,-689,596,4853,4154,-12768,-2481,-2167,2972,1148,740,11981
-2520,-615,-1706,1815,5708,-14418,-2217,-157,2344,-1229,550,13781
-1614,-2343,-3782,-1317,3137,-11721,-1223,631,926,-5258,-412,13201
268,-2777,-3214,-2386,-3198,-4247,79,-217,-1222,-9295,2750,13559
2714,-3315,-3614,-391,-2675,-4387,1289,219,-2774,-8474,-1096,9877
3214,-4995,-3446,5193,-3914,-7063,3099,739,-3598,-12436,-1718,3486
2486,-6225,-2514,12310,977,-4376,2689,-549,-636,-14074,1801,7438
3652,-5499,-1140,18020,4823,-2249,2841,-875,278,-17265,4890,10651
5060,-19933,-10282,-7916,16409,-8595,9887,9521,1536,7615,-337,3103
3172,-7471,3678,1302,-6606,5771,3467,1093,4264,-317,11804,-3504
1702,-8881,-488,-2050,360,-1732,3771,3587,1164,3985,-1141,-3530
1198,-8175,390,-345,4520,-933,783,1637,2022,-1656,-895,-1839
-564,-7883,694,-4045,-3804,4372,2711,335,3292,-1245,-2427,214
-90,-8587,726,-5174,-4550,4155,4367,-2729,3932,1015,-4731,222
-2488,-9491,364,-3228,-3234,4773,2873,-4741,3054,7273,-3888,-3489
1968,-9599,164,-902,-3741,4572,3931,-3941,1302,12826,-9140,-12765
1216,-7883,-1306,1524,-5162,5154,-1089,-4869,96,9962,-3465,-18265
1262,-6573,-1722,3521,-4509,4360,-2917,-5635,-1804,10817,-1362,-18371
2900,-7031,-240,4526,-1187,5593,-2513,-4877,-1682,13332,7556,-17395
1206,-4569,430,5347,-630,6995,-3131,-5259,-1614,16791,13300,-15647
612,-3349,1448,6712,1481,7213,-1559,-4699,-2214,12419,7229,-9862
-732,-937,944,7164,193,6654,359,-5215,-394,15782,6386,-6604
296,183,1282,8601,-1033,4618,1159,-6049,-860,8779,4098,-6361
-1616,3159,1478,7583,-3593,7696,-161,-7273,-534,7600,5102,-6094
-2806,2563,1434,2701,-4807,10173,1085,-6615,-448,4723,1607,-5982
-1550,1405,638,405,-2631,7167,1367,-6719,-26,5247,4568,-3173
-830,1941,1340,1112,-1961,3191,1669,-7113,-410,4808,3422,-2505
-1200,-597,982,2370,-2643,2064,2879,-6639,-532,5458,5237,-2679
-384,-621,1216,5120,-8226,1,2925,-7377,-852,7604,7249,-2688
1008,421,932,5923,-8295,-2459,2701,-7233,-958,8436,8169,-2628
728,681,498,5614,-6423,-4693,2619,-7017,-812,8399,7756,-3088
948,811,-472,5406,-5679,-4562,2583,-6931,-464,7836,6632,-3919
1270,1581,-1484,4594,-5827,-4039,2391,-7325,102,7636,5790,-4446
1316,3433,-2678,3597,-6646,-4122,2297,-8085,82,8036,6321,-4076
1874,2769,-2672,4042,-7555,-3864,3089,-6779,46,8040,7963,-4772
2012,3171,-3244,5073,-9469,-4911,3035,-5695,340,6148,7384,-5102
2242,2649,-2944,6335,-9840,-4399,2435,-6263,482,5213,4898,-4187
2004,1427,-2706,6797,-9362,-3417,2577,-6817,792,5229,4707,-3712
1522,465,-2332,8821,-10312,-2328,3053,-6185,872,5907,7798,-3688
1208,815,-1738,7356,-11380,125,2951,-5743,868,6077,8040,-3071
1638,1853,-1294,5134,-9990,304,1995,-6897,934,6513,8306,-2888
1466,1425,-780,5311,-6674,-691,2113,-6957,466,7233,7011,-2406
1638,1669,-202,7230,-6186,-4125,2803,-6203,144,6792,7542,-2327
1680,4105,-514,8713,-5916,-7997,1297,-7701,-100,6227,5831,-2659
2176,2277,230,9087,-4926,-6948,2801,-6955,258,5476,6112,-2826
1884,1391,-324,9888,-6921,-6637,3057,-7571,-52,6437,7418,-1886
2196,1159,-706,9454,-8220,-5215,3393,-7567,-176,8117,7787,-1432
1906,481,-974,8603,-8042,-3290,3385,-7081,-310,8897,7821,-2513
1734,485,-1516,8496,-8866,-2127,3227,-6997,-196,8721,7749,-3142
172,2345,-1784,8967,-8803,-226,1821,-9153,-114,9324,6619,-3177
248,1077,-1592,9606,-8335,572,2787,-6915,-390,9519,8401,-4716
726,2365,-2554,6467,-7394,226,1845,-5165,572,6480,7691,-5743
1732,801,-2476,2258,-4349,653,3303,-5509,666,4460,2708,-4621
1584,523,-2456,1484,-5397,-438,3177,-5843,706,6386,5278,-4615
700,1147,-2560,4160,-8819,-429,1733,-5899,308,7562,8079,-5212
1166,1541,-1910,6047,-10495,-1859,1149,-5651,566,6653,8179,-4877
1622,1649,-1150,6098,-8982,-3360,1191,-5913,700,5570,5832,-3336
1408,2019,-736,4860,-7533,-3605,1023,-5639,1372,4693,6217,-2389
1788,891,946,4920,-6490,-4534,2251,-4737,1404,3659,4137,94
884,2515,898,3467,-4220,-6141,1081,-5717,1394,3876,5054,42
-404,2561,1838,3633,-2408,-6173,-657,-6029,784,4024,5866,-552
-690,507,1912,2995,-1448,-7879,-123,-4069,818,3008,4344,1693
-1070,689,868,1672,661,-10142,-1453,-3475,724,2532,4609,5617
-2222,-219,66,65,4846,-11925,-2319,-3173,572,-1131,328,10750
-4866,405,-1970,339,4970,-13358,-5335,-2753,1208,1117,-1809,13256
-3680,-1923,-3440,7789,6493,-14362,-2905,-1047,622,-559,-352,13747
-2672,-993,-3720,6219,9178,-16598,-1271,-555,256,-4096,859,13943
-310,-2941,-4628,5101,2793,-6663,-727,-1209,-1092,-10242,2572,15300
2828,-2717,-3412,762,-8054,-2002,775,-563,-2180,-9901,330,14842
3988,-3997,-2024,9403,-3269,-1727,2545,-1183,-1880,-12125,1070,11516
2948,-4319,-1164,16066,1942,-2456,3095,-1179,-1888,-13953,802,5908
6608,-10239,-8624,22255,8333,-767,5621,-31125,32607,-26599,22710,14516
2306,-9949,-10792,432,-2933,-2310,5305,2281,1002,7372,-7553,-11980
2234,-7249,3346,272,-7230,6812,4351,3991,3556,-6690,14117,-1155
1096,-8337,988,-2891,703,1534,2125,2559,2400,462,845,-4007
-388,-8287,-1098,-1391,5385,2997,1675,947,2006,-1488,-1712,-2095
-566,-7489,-428,-3658,-135,3061,1089,-881,3128,514,-5129,299
802,-7989,-280,-5050,-1899,3724,2653,-1019,2794,5626,-6357,-4005
1714,-8095,-1926,-2118,-2000,6295,2363,-775,776,6142,-5363,-11461
174,-6467,-1560,974,-1304,6759,2905,-3013,2194,4719,-3235,-12045
-22,-5493,-1054,2298,-3028,8178,-1279,-4269,2448,6586,800,-13617
48,-4163,-8,1482,-4320,7144,1359,-4387,728,5663,-147,-13278
332,-3627,284,4806,-3851,6886,-301,-7513,1772,9884,6705,-16377
1438,-1801,1106,3486,-4784,9111,-967,-8589,-700,16400,10315,-16336
-718,2367,1640,1653,-2393,11240,-4601,-8357,-2018,17332,10652,-17239
-4744,4991,1232,-313,-910,13825,-4055,-5637,-1504,12148,6802,-12532
-5802,81,1912,-2001,1139,11268,1141,-6999,-1150,4824,5667,-8744
-2454,-465,816,2468,-2910,2664,2295,-7309,-1840,3240,1642,975
-1624,61,266,2345,-2944,-2063,667,-6215,-2948,6101,6630,-1025
-336,-1867,36,3195,-3894,-2799,1797,-5091,-1504,5114,8291,-2297
278,-577,-382,5712,-7608,-4396,1825,-6211,-1086,4435,7283,-291
1152,1183,-1712,6650,-8280,-4558,1745,-6445,-4,3881,5704,1640
2886,1967,-2418,6140,-6391,-5031,2361,-5737,604,3745,3457,2412
2834,1069,-2170,6936,-6286,-4137,2683,-6713,580,4761,3771,-1146
2064,531,-2154,9366,-8411,-2678,2235,-6911,688,7233,5533,-2806
1686,1511,-2088,12154,-9581,-1616,2463,-7843,450,9511,6958,-2994
1350,1857,-1662,12973,-9055,-636,1957,-8737,-528,11441,6224,-3019
1326,2659,-1790,10713,-8777,-390,2673,-6479,-768,12399,7808,-4163
2150,2833,-2422,6841,-7871,-994,2687,-5831,-694,8796,6560,-4326
1900,2681,-2206,4730,-7008,-938,1647,-6723,-540,6338,3455,-5303
1810,1077,-2154,6529,-9119,-712,2713,-6311,74,6902,4636,-4704
1202,1141,-1384,7395,-10472,-46,2785,-6083,158,7986,7396,-3699
1348,945,-1222,7156,-9217,163,2249,-5959,-354,8622,8774,-3441
1216,479,-614,6186,-8192,-94,2231,-5505,-166,8007,7081,-2796
780,1205,-904,5889,-7822,-1086,1633,-6501,222,7312,7372,-2146
1138,679,-840,4609,-7400,-1227,1517,-6293,-178,6092,4910,-2121
384,2163,-828,4998,-6891,-2735,1567,-6577,-148,6455,6503,-2075
820,2073,-620,4156,-6707,-3217,1559,-6357,-342,6592,4816,-2537
1348,869,-604,4999,-4818,-4440,2573,-6249,-508,6578,6825,-2823
1694,401,-706,6925,-6564,-3929,2395,-6491,-646,7611,6639,-1736
1782,341,-1044,7641,-7358,-2581,2533,-6719,-680,8078,6880,-2031
1378,271,-1700,8573,-8488,-852,2733,-6769,-288,8335,7693,-2561
-286,1963,-1622,9449,-9641,355,1761,-7633,-658,9522,6933,-2922
528,1071,-1684,8510,-9539,145,2587,-6433,-552,9940,7215,-3902
796,2185,-2310,6996,-8155,-507,2151,-5875,-394,8697,8195,-4811
1354,2107,-2482,3975,-6801,-666,593,-5893,-12,5684,3451,-4343
1862,1307,-2730,2280,-5856,-468,1875,-5829,730,5372,3812,-5319
1734,625,-2762,3259,-7117,-920,2365,-5939,794,6309,6181,-4931
1526,1467,-2488,4685,-9097,-1195,1777,-5823,414,7528,7719,-3494
1290,1461,-2018,5517,-8916,-1558,1685,-5091,652,6780,6751,-3035
1168,1307,-1526,6278,-8372,-1910,1685,-5625,438,6571,6309,-2241
1334,1461,-1002,6412,-8400,-2545,1837,-5365,628,6536,7311,-1755
1210,2275,-656,5587,-8379,-3207,1081,-5429,900,5707,5900,-900
2212,1233,-176,3950,-6770,-4391,2291,-4549,1044,4069,4886,-856
1982,1369,-154,3855,-4774,-5499,1355,-5487,912,4042,5088,-1791
256,1755,722,4165,-4412,-4670,447,-5819,562,3863,2524,-1936
466,529,1210,3659,-2779,-6059,587,-4749,136,1875,2622,859
-1646,793,914,2641,529,-9785,-1111,-5607,956,3857,2658,5783
-4208,507,-238,1334,4943,-12897,-3291,-3645,974,3932,2600,9833
-5638,-313,-876,5334,6482,-14889,-3001,-623,618,1599,-2059,11624
-3570,97,-2612,4684,8148,-16999,-1339,2113,1620,-1857,-2116,10255
922,-1299,-4486,880,-2426,-10927,-659,-195,-138,-7890,-158,15013
5204,-3949,-3630,-4935,-7557,132,-189,-973,-1348,-11022,1986,17721
4394,-3773,-3992,-1574,-6105,-444,1869,-1251,-2150,-10435,1995,16797
3816,-5595,-4178,6826,-2702,-2350,1847,-765,-2926,-12705,2895,11814
3296,-6059,-3448,15020,1614,-865,3351,-875,-3280,-16126,4255,6884
6418,-6809,32261,23223,32767,-2567,-2583,32593,32607,-22256,32767,32504
4300,-9439,-8288,1817,-1827,-2713,3307,949,1034,4290,-3067,-12608
2246,-6921,3118,-2810,-6412,9027,3225,2905,4026,-5639,14187,-1617
-1116,-7073,-180,-4391,-3422,7056,1001,2497,2492,1205,4166,-3908
-62,-6595,204,-1773,7732,-1235,685,697,2298,-640,-3626,-3031
22,-6175,-528,-5072,1183,2523,3371,-657,2484,-154,-7829,-2177
1062,-6231,-2008,-5757,-1685,4701,3095,-2269,1926,651,-7899,-5133
2090,-4865,-2960,-2365,-4650,3632,2839,-3299,1492,1698,-6179,-12785
890,-4587,-1568,287,-4288,8856,1563,-5727,1952,3398,385,-16554
-2798,-2799,-726,3851,-3314,11727,477,-6575,1008,6222,4768,-16883
-2262,-1937,42,4056,-5292,11429,-2231,-7413,658,10970,7194,-14387
-2918,-229,-146,3671,-3859,10279,-783,-7593,354,11924,7614,-14336
-1574,-465,318,2488,-1448,8939,-307,-6801,-780,14868,11229,-14160
-3180,309,142,1132,-1785,8031,-319,-6373,-1566,14852,11766,-12777
-2598,815,-170,898,-4741,5014,53,-6387,-1860,11493,9097,-9882
-2180,2169,-170,482,-5176,2081,-451,-6917,-1184,7875,7003,-6842
266,-781,440,892,-3270,-1700,2101,-5153,-1236,5364,6619,-4663
446,289,272,3482,-4405,-4909,1669,-6329,-1492,5656,7183,-2695
950,1295,-340,3496,-5771,-5317,1507,-6223,-1404,5548,7089,-1483
1074,1263,-326,3205,-5545,-4502,1439,-5865,-682,4630,7036,-1339
1118,965,-804,5905,-7049,-5011,1511,-6103,-114,3959,7277,-226
1808,1055,-1092,6795,-8846,-4651,1649,-6233,292,4105,5993,1245
2248,545,-854,6527,-8033,-3569,2161,-6425,388,5627,5366,1549
1560,431,-1008,6806,-8439,-2031,2065,-5739,628,5674,4167,588
1774,259,-824,6579,-7782,-1117,3081,-6511,700,5892,3561,-2449
1502,557,-636,6744,-6303,-1087,2073,-7095,494,7948,6227,-3502
1170,1539,-932,6080,-5289,-1606,2649,-7149,320,9194,7839,-3575
434,2155,-726,7255,-4239,-2399,1593,-8177,-778,11019,5631,-3057
856,2047,-1442,7349,-7592,-3546,2057,-4875,-272,8812,7521,-4620