679,646,-187,-491,-182,2,846,184,-268,-496,-190,0
585,722,73,-461,-256,8,812,256,-118,-496,-173,8
695,630,-167,-444,-192,19,1006,170,-264,-432,-224,26
679,686,-161,-470,-127,-15,816,208,-24,-512,-125,-14
563,750,-143,-926,-88,16,926,300,-56,-928,-90,0
615,628,-191,-924,-138,12,940,168,-168,-496,-246,2
551,704,97,-504,-224,34,820,-5956,-24,-509,-216,12
703,634,65,-501,-223,25,812,176,-222,-512,-191,12
623,718,-127,-944,-126,8,850,308,-296,-928,-221,34
551,630,-47,-511,-240,2,972,168,-40,-512,-240,8
603,560,-159,-511,-232,0,942,138,-38,-480,-220,0
679,370,641,-512,-119,0,924,-88,610,-508,-104,18
819,114,1121,-960,-235,39,886,-342,1016,-1008,-223,32
583,-5514,65,-352,272,7,812,-5784,-268,-384,256,5
603,110,1857,131,702,8,876,-472,1752,8,42,33
809,-978,1861,64,529,138,5714,-15250,1998,1149,2722,-625
615,-910,1953,160,4113,8,5828,-14284,1882,1433,4866,-988
127,-322,1883,1032,2076,80,6476,-14780,2002,1827,6643,-1439
691,-5360,2123,1705,144,257,812,-5444,2056,1707,208,266
719,-4496,2135,785,2050,2,940,-5464,2266,516,2085,21
553,-4370,579,2112,1034,62,812,-4664,536,2050,1026,1
551,-4494,1345,386,9472,96,-126,-4948,1272,321,9250,280
699,-5074,129,2052,8240,-1398,1070,-4878,-2140,2050,8201,-1408
295,1058,-1655,288,10280,-1024,472,680,-1816,1124,10240,-1977
-1401,-258,-1207,1037,8205,-3575,-1156,-592,-2208,3338,11726,-2317
-1461,-3954,-3317,19,280,-6639,-1108,-4728,-290,35,592,-6939
-985,-392,-191,32,512,-8124,-722,-660,-272,0,450,-8144
2863,-5466,-2823,97,1088,-6112,3406,-5202,-2982,8,1080,-6064
2695,-2910,-3167,288,1027,-3902,2860,-3390,-3336,261,1028,-4095
3263,-3410,-2699,557,36,-4008,3394,-4302,-2778,753,577,-4088
3123,-272,339,257,385,-4032,3024,-776,474,0,660,-4030
-1205,-4348,837,1153,8197,-4070,-1136,-4598,360,2053,8269,-4086
-3789,-4996,-111,2064,7780,-2988,-1166,-5808,218,592,7297,-3064
-209,-5506,-3775,5640,7296,-3520,-724,-5458,-274,4673,7180,-4016
637,-4482,-191,2693,1026,-6138,158,-5240,-256,2208,696,-6096
2683,-3462,-159,2050,8,-4022,2958,-3892,-268,320,448,-3824
3119,-3214,-61,1037,1926,25,2956,-3848,-86,1077,1964,16
2665,-3474,-3135,201,132,34,2958,-4248,-2344,194,3,68
-4297,-5458,545,81,8208,-1951,-4308,-2328,-256,5,8758,-2046
-5577,-5442,-1727,652,8192,560,-4540,-5816,-1828,609,8198,-3840
-1465,690,-31,2344,6425,-6118,-1192,170,-276,3080,6145,-8190
-1033,-5138,-55,272,9408,-7516,-708,-5624,-244,337,9328,-4096
2617,-3344,-3383,1056,2786,-4073,2924,-3854,-3472,1059,2584,-4094
2647,-3274,-3227,3978,33,-1982,2988,-3410,-232,3840,9,-1892
183,-3474,-2733,4170,0,-2029,304,-3718,-2712,4133,81,-2112
-25,-1820,-93,576,1280,-3036,-178,-2384,220,1041,1161,-3024
-9529,782,-191,3208,16709,6,-7604,172,3040,3585,17284,36
-21715,3198,-5305,1977,1132,1584,-21706,2776,-5414,4133,1344,1070
-5583,-2408,-6331,5154,5136,11299,-7232,-5804,-6694,2824,5248,12039
-9145,-1352,-8295,256,4616,10765,-5068,560,-6436,512,2240,8196
2599,-5520,-5819,3264,-13696,14432,3566,-5812,-6112,3457,-7915,14342
7879,-3426,-6841,274,-3335,12416,6972,-3920,-7648,262,-2176,12394
7081,-3878,-16043,18977,196,4353,6960,-3864,-14488,18953,2176,4885
2651,-5470,-191,18505,2466,8260,3512,-3000,222,6657,4384,8229
7207,-5230,-79,796,16392,1296,6956,-5908,5896,2816,17418,-15292
-4457,-5098,429,11,-16383,144,-2292,-5698,1058,3314,-11530,-1991
7719,-10846,1925,8197,12426,6696,8108,-5840,218,8196,16512,2
2223,-6034,-3761,6336,168,148,2692,-5926,-2898,6718,-5718,-10712
-1497,-7442,-4255,4224,-7165,292,-50,-8984,-4392,5136,-6324,176
2791,-7952,-3255,1536,-3838,16386,3378,-9048,-3336,1556,-4044,17060
-949,-11270,-183,4,4102,2152,-1232,-12088,-6,0,6722,2320
-7631,-4488,-167,152,2593,2688,-8402,-5974,44,533,1024,2053
-5529,-3410,-181,1272,64,16640,-5108,-1812,-12,5256,4228,-14086
-8153,-4994,-191,4404,4304,2064,-7240,-5816,7130,4112,4547,1032
-9657,-4926,4233,2,129,21,-9348,-5832,3802,48,512,13
-397,662,1865,1040,10306,-8048,44,-1494,2104,192,8480,-7654
-1305,-3474,547,512,21,-4064,-202,-3924,-296,592,8736,-3836
2825,-4496,-2223,1096,1281,-3071,2988,-4946,-2872,1180,1152,-2428
2983,-3154,-2221,1410,2056,456,3416,-3892,-2344,129,328,334
3627,-2802,-2101,2596,2307,10,7008,-3308,-2122,2620,2184,-6237
2223,-844,-2239,0,116,33,2412,-1272,-2276,385,152,0
-4569,-5228,1859,132,6678,138,-4180,-5202,2074,140,6826,1040
-4377,-3458,833,644,147,521,-3220,-3912,856,0,177,544
-965,-4546,449,148,4096,118,-212,-5944,424,198,4128,64
39,-5494,-167,16,11009,-2968,300,-5832,-296,12,11319,-2976
555,-3986,-2173,1089,10659,-2796,1348,-4566,-2342,1036,10508,35
2607,-3218,-2235,2,6917,1035,2988,-3928,-2280,2,6708,1091
2793,-5442,-2171,520,4514,160,2906,-5832,-2344,537,4357,326
3659,-5168,-95,2176,6152,-1792,4280,-5708,-296,2506,6272,-1898
-1495,7024,-183,681,2048,-2768,-1236,8372,-128,2157,2368,-3067
-4441,-4112,621,2112,1038,-7168,-3786,-4628,488,2060,16,-6971
-1161,1774,857,696,2588,-3584,-970,1194,-140,0,4114,-3892
619,-3166,-173,3890,0,-4080,832,-3798,-8,3944,849,-6671
103,-2826,-3255,6,4110,-4060,348,-3924,-3336,48,4177,-4046
-409,-5490,-2715,2122,4872,-2496,28,-5976,-3096,2054,4270,-2480
-983,-1162,-2973,4104,8232,800,-976,-1752,-3232,4224,8352,896
-6161,-1394,-183,1027,8825,81,-6090,-3282,-296,1116,8228,5
-21977,686,-107,97,830,196,-21450,424,792,1036,133,530
-25815,-5194,-4281,2056,2560,4864,-25796,-5942,-4008,2320,1,1
-9667,2702,-7295,4865,2762,528,-9032,-1080,-6408,5942,2305,2314
8055,-5362,-4287,8193,-14077,14888,7068,-5588,-4002,8482,-7662,32
6895,-4486,-4223,4656,-6572,4880,7442,-5848,-4392,6228,-6016,3585
7261,-2450,-7859,0,16560,3392,9350,-3672,-5132,100,17074,454
6967,-1232,-5307,520,162,8196,7220,-1752,-6388,132,2056,8705
-1389,-1170,-15479,4609,5321,4750,-1236,-1880,-15640,6316,4112,4368
-17361,-5520,32576,32,3797,43,-12128,-18276,32471,-6875,13887,-170
-8209,-5474,141,2052,2224,-8186,-250,-1922,6190,5337,8494,-6539
3179,-4414,5201,258,96,17,1740,-3220,3958,6249,3472,-6991
6977,-7684,1089,4128,2304,8256,4082,-6396,-1006,7135,2637,-6891
7245,-4844,-5043,5189,-8159,4144,8092,-8200,-4300,8294,-6059,-11086
6955,-3194,-2223,9248,-5498,16392,5352,-17668,11882,4661,-2028,-9730
-189,-2450,-7355,10506,-8176,640,5862,-9348,-4052,10681,-872,-18401
-9049,688,-127,4116,5256,1537,-3028,320,-290,5376,4353,2585
-20679,-2962,2389,0,64,3170,-11176,-18948,720,16059,-12815,-19278
-19637,-4206,-3039,12373,18964,10402,-12628,-20688,-3150,12573,18041,-21568
-8649,-5264,321,146,9,5146,-3864,-22274,-4028,11401,8734,-16434
-9175,-1330,369,1110,384,-9884,998,-17940,650,10267,2935,-8452
591,-5394,-1561,4098,952,-6108,1358,-5616,-1640,4228,534,-5808
2601,-5266,-153,4101,-8189,17,2988,-5712,-164,4546,-6270,4
6697,-5468,833,2562,4488,-6528,2988,-5970,216,2548,4096,-6655
7179,-4994,1985,1136,4137,-7100,3500,-5464,1844,1208,4120,-7295
2639,-5474,-191,32,4160,-6128,5396,-13238,2274,64,4112,-6079
3179,-5458,909,0,2048,-6040,6364,-12842,1540,2420,10950,-5745
-823,-5392,-143,1176,1809,-6134,5664,-17258,3630,2112,5820,-5008
-3019,-5186,3973,32,66,-6110,-2708,-5448,4030,129,132,-6360
-1465,-5032,473,272,4164,-8699,-1172,-5844,1344,32,4360,-9200
2633,-5506,-175,32,3120,384,2894,-5960,-152,0,3340,311
2737,-5394,-191,212,1056,144,2926,-5976,-164,10,1120,264
3275,-5522,-2367,512,4696,1192,3628,-5894,-2464,678,4253,1092
2951,974,715,769,4618,64,3182,424,608,818,5148,8
881,1134,209,1472,4652,-5696,1068,680,272,1097,4620,-5712
-839,-4498,2113,2050,4136,-3904,-560,-4912,1760,2128,4116,-4012
-1333,-2094,4421,530,162,-8188,-1092,-5976,-264,240,0,-8183
137,-630,-63,3332,2384,-5208,300,452,-296,3305,1809,-5367
-1497,654,2413,274,4097,-7680,-724,170,1432,76,4129,-7392
-1497,-5106,95,66,80,-7424,-1044,-5624,786,0,128,-8192
2631,-4150,1479,465,9222,-7839,2860,-4536,1248,0,9280,-7656
553,-5488,-31,2129,9618,-3824,1460,-4948,-294,2321,9476,-3838
923,-5266,867,3211,5400,-3584,1068,-5952,760,3075,5832,-3580
1239,-5522,617,3336,8512,-3815,1356,-1654,736,3730,8288,-3839
-3017,-1102,2881,3328,8436,-3056,-2748,-1528,3352,3137,9282,-2800
-8537,112,99,1521,9416,-5558,2760,-16654,3958,1488,9280,-5772
-5593,1646,13,137,9480,-8080,-5016,1192,2072,144,9386,-8187
-1495,-4942,-191,1568,9216,-7614,340,-5976,-162,1064,9344,-7645
-1105,-4896,345,66,9218,2,-974,-4888,-8,36,9350,259
-1483,-4178,833,1088,11712,552,1788,-4440,-168,1287,8207,528
-197,-4354,949,584,12804,267,-66,-4928,938,336,12844,66
-7941,-5512,321,6658,9728,6182,-8380,-5236,408,6664,9563,5712
-11225,-4480,-1983,4416,10449,14208,-11122,-3380,-3816,4176,10497,12448
-5777,-5518,-2239,2464,-2048,62,-5332,-5912,-2324,2464,-2683,4
-1361,-5838,-2727,168,-1824,83,2956,-6432,-2846,264,-2048,11815
6759,-4648,-3217,528,0,561,4916,-5912,-3272,535,256,2058
6761,-5074,-4285,1058,64,2308,7084,-5652,-4392,940,545,8384
6759,-4626,-7847,2048,6320,2176,5808,-5936,-7416,512,6146,2440
4937,-5202,-6587,2052,3906,2560,4934,-5528,-7430,1060,4128,2668
3111,-5438,-5167,4112,9226,2304,3040,-4916,-6406,4353,320,2468
3667,-5338,833,13216,4352,260,3908,-1158,2850,-17471,5832,-5929
-403,10866,1121,6145,9348,137,-652,2240,760,1024,2180,640
-1431,-5170,2221,8192,9626,46,-6100,-4296,1784,5136,9856,2820
6823,-8416,3011,2461,2649,385,7072,-5462,744,8,836,4230
6759,-5516,-5887,8704,96,6720,8040,-5926,-4344,8354,8,7296
4853,-10608,-3119,8193,-7616,256,4772,-10070,-3366,8248,-8092,368
-473,-12690,-4655,9,-6781,16385,-696,-12118,-8452,2051,-7094,16428
-715,-14738,-4731,8480,6432,8706,-8084,-3712,-248,8264,6465,8220
-9281,-4882,2653,4740,149,17428,-2372,-11560,1692,14343,1292,-15427
-7529,-4872,-185,8448,515,3337,-5332,-3666,-272,5154,641,3136
-5081,-4928,1601,8195,9216,2129,-4804,-5976,474,17,10561,2052
-9177,-5266,-2671,10434,16744,-9216,-9074,-1880,-2824,13,16449,-8679
-9113,-130,-6331,1600,8579,-7115,-1234,-1872,2458,560,69,-15342
-345,-5394,-1471,516,4225,-7155,348,-5450,-744,6528,4160,-7158
-1491,-3274,327,520,2304,-3358,-1230,-4678,-284,160,2052,-3247
-423,-5514,-143,1152,523,-3989,-196,-5454,-38,1608,148,-1769
2679,-4232,69,1156,208,-2048,2988,-4948,-40,320,800,-3558
3239,-5106,-167,132,16,2056,3372,-5700,-98,38,2682,2051
1643,-5266,921,1408,-4650,11,1836,-5464,732,32,-5232,1568
-1453,-5458,3909,0,146,-6764,-444,-5864,3940,296,32,-7084
-1349,-5264,4673,1568,6656,-9844,-980,-5784,4640,1568,6145,-9904
-1461,-594,2371,24,5253,-10212,-1220,-744,1758,72,5123,-10044
-473,-5520,931,834,2080,21,-212,-5872,794,816,2051,-7136
-209,-5522,871,1436,1050,-6808,208,-5884,740,1296,1025,-6768
55,-4362,-45,1552,9,33,314,-4818,-132,1808,293,40
2633,258,-181,560,8256,2,-246,168,-24,130,8456,272
-1491,-5500,1089,98,2088,18,-210,-5972,1074,72,2992,860
-5017,-5234,393,2,9289,-5848,-4924,-5964,-288,256,9385,-5888
-469,622,-185,208,2048,-4096,-916,-3922,-32,292,132,-1783
-1361,1184,1961,8,2144,-3552,-1096,684,1880,202,912,-3580
-1089,-5234,1173,648,258,-3824,-674,-5392,994,649,0,-3812
769,-2450,835,512,2446,-3062,980,-3608,802,548,2440,-3008
711,-5522,835,517,66,-3069,852,-5840,744,787,132,-3072
879,-5200,833,2229,3328,-3044,1076,-5688,908,2562,3456,-3032
1129,-778,-127,2092,9472,-2046,1080,-1236,-284,2345,9352,-2048
-377,-1426,-187,2058,10065,-3006,860,-1224,-166,2178,8233,-3919
-1481,-5478,353,416,6188,-3429,-948,-5938,24,69,5648,-3984
-6487,1390,3453,265,130,-3836,-5324,1200,3186,320,56,-3964
-407,-5522,363,1864,8200,-8048,-1196,-806,88,0,8590,-7088
-1489,-5010,-139,32,12290,-3764,-1196,-4422,728,2305,12306,-3834
679,-5506,-3509,436,8368,-3028,820,-5972,-3656,384,8868,-2806
-249,-5266,393,136,8792,516,-906,-5702,474,1,8198,1153
-9361,-4174,1897,26,12370,2192,-9396,-4936,656,139,13445,2184
-17881,-5390,-2749,0,20,3328,-17038,-1368,-3880,1704,0,2816
-8385,-1090,-9279,0,-5120,912,-5264,-1838,-3238,1320,-6011,4627
7415,-3456,-4287,2320,-5370,1157,9036,-3928,-6296,2048,-8054,576
7975,-3250,-3193,96,260,5444,6958,-3158,-3368,844,2899,16416
4753,-3474,65,1368,3340,2692,5932,-2802,-4392,15,5124,1299
7561,-5010,-3757,2075,384,20,6956,-3798,-3812,2112,258,514
6759,-4978,-7253,2056,1298,129,4432,-5942,-7976,2048,1161,2117
4655,-5458,-5947,5393,768,2179,5356,-5872,-6432,4743,2119,2048
4713,-2306,-155,12480,1606,2608,4916,-2572,-96,12357,69,3076
10939,2672,3905,29593,8194,4624,15220,-4816,1752,256,12516,4364
-2885,-12170,3909,8706,-2760,4866,-724,-13780,4088,12944,1048,4610
6755,-9358,-175,12617,3340,8360,-1224,-9038,-1312,12304,2594,8192
4695,-4498,-7215,4375,640,12592,3372,-3704,-8464,8576,3072,8290
-729,-9576,-3247,8260,-7488,15362,-206,-10640,-4200,8192,-8182,0
-8665,-5486,-6207,2368,-7326,16398,-980,-5156,-8092,2194,-7537,16416
-1471,-5522,-7191,10756,-6111,17440,-1168,-5832,-6420,10374,-6047,16678
6831,-912,4289,12320,-7885,12293,7532,-5400,4024,13024,-7934,12583
-8085,-3410,1121,4180,333,10241,-7890,-4822,1756,5329,1608,8192
-7641,-5490,329,5142,16980,4189,-6864,1230,1770,6416,4609,4106
-9549,-4866,385,4096,273,146,-9396,-5206,-6,2152,1057,1
-1429,-3982,-157,3081,4176,4,-1200,-1848,1064,3328,4208,129
-1479,-898,-191,1152,10272,-7676,-1178,-1560,476,2194,8194,-8039
-1217,-5386,837,560,4096,-6128,-818,-3404,924,21,4608,-5622
583,-2290,269,4369,1024,48,1328,-2872,-272,4386,128,3
571,-5514,337,4098,2344,642,812,-5582,224,4096,2050,708
2599,-5518,1611,391,609,32,2902,-5656,1632,268,672,98
2599,-5510,1877,262,321,-1792,2860,-5968,736,1026,256,-1791
-1413,-5522,4625,2220,1441,-3565,-692,-4776,4058,2096,4404,-2972
-1493,-4482,3939,1162,0,-6652,-1172,-5912,4056,102,387,-7168
-1289,1662,2529,604,3728,-7656,-1178,744,2034,520,4128,-7680
1193,-5514,1875,37,6230,-7038,1324,-5870,2472,269,6400,-6132
815,-5448,871,7681,9345,-5819,990,-5968,1120,7184,9345,-6142
679,-4906,833,6206,8517,392,814,-5312,1040,5642,8512,448
681,-5010,985,260,4259,600,952,-5464,744,176,4225,674
-409,-5458,1025,640,4376,169,816,-5974,858,1232,4097,1153
39,-4994,1355,2180,8494,8,306,-5364,1784,2072,9217,-3133
2603,-4338,833,8,9249,-3568,2956,-4630,750,788,9217,-3962
-1473,-2948,3905,2048,8704,-2920,-1188,-3874,3992,2304,8449,-3071
-1453,-5518,2121,3584,7248,-3952,-1214,-5448,2072,3588,7204,-3584
-455,-5366,-63,600,626,-7390,-1214,-5896,-40,530,385,-7390
-1185,-5392,-63,258,0,-4096,850,-5670,-278,16,32,-4025
-1153,-3218,-171,512,2048,-3996,-196,-3716,-164,553,2432,-3934
687,-3460,1453,0,5,-3968,940,-3928,1282,112,58,-3963
679,-5510,1879,1570,4640,-3693,1324,-5940,1752,112,4610,-3764
879,-1394,1957,2560,9234,-1260,940,-1826,1816,2564,9600,-1208
-469,-1392,857,3486,9798,0,-180,-1816,856,3168,9828,192
-4545,-256,3081,993,9241,-1496,-5252,-1352,2026,6224,13263,-1764
-1369,2030,2889,1,1537,-2811,3462,-14694,3118,5223,7752,-2742
-1493,-5514,2131,4180,9588,-5088,-532,-5896,1752,64,10288,-4604
2599,-5522,-189,3233,3200,-4024,2944,-5834,-260,3330,8331,-4048
2599,-5518,485,3328,8328,-1524,2860,-3864,-40,3524,8262,-1664
1615,-4878,-51,4672,717,-1919,820,-5272,-168,1,534,-2028
-6617,-398,-171,0,12674,130,-6612,-1060,1882,530,12293,17
-21937,-4878,-187,8266,4370,32,-21124,-5832,1336,2565,4608,2
-25009,654,-8315,4660,856,10382,-24276,-850,-5032,4156,288,11411
-9553,-882,-3101,2562,1040,168,-1076,-4564,-7318,1162,3105,2048
3885,-4492,-4239,204,-3063,538,3372,-4948,-3590,4345,-4080,648
9163,-5154,203,960,4480,18250,7484,-4406,-296,4401,4192,18464
5231,-5506,-8245,2058,3328,9344,5200,-5812,-6872,2052,2082,8202
6695,-3690,-7999,2140,524,1619,7212,-4428,-8488,1160,536,4115
3631,-5522,-8047,3224,3432,1,4404,-5808,-7720,276,3680,108
3751,-5502,1913,6,24588,1040,3858,-5882,7852,-12178,-3041,-7368
-985,-13200,365,41,769,3072,-964,-13832,2288,32,4160,132
8231,-9600,-123,9248,8486,1157,654,-9686,3624,11594,-6461,-6960
6695,-9086,-3387,8202,-6104,4442,1898,-9578,-3212,12089,-6820,-9182
6703,-13154,4067,8193,-7166,18689,4184,-9752,-4834,7795,-1654,-9371
-143,-9098,-5311,2056,-7031,16436,142,-9640,-4956,9961,-2869,-15711
-9359,-2750,-5519,355,-7647,5190,-9346,-3380,-4776,264,-8176,5168
-8563,-3596,837,1547,-2328,4613,-8380,-5776,408,1040,-3584,3843
-24849,-394,1921,13349,4620,170,-25788,-1368,-32,13450,51,304
-5529,-4498,131,0,12802,361,-4300,-4560,408,129,13068,16
-9657,-5104,73,1556,100,300,-5742,-18412,-942,9875,7784,-10508
-985,-940,-151,608,1288,-9725,-1204,-1872,-272,513,1540,-9720
-1497,-1350,321,4376,-7800,-4560,-1188,-696,1816,4329,-11316,-4470
-975,-5216,2883,1141,-16368,-5590,-178,-5682,3818,1160,-16256,-6112
2667,-2944,2009,5412,-11998,-6912,2942,-3760,2072,5196,-9822,-6815
4647,-4432,-181,7877,9744,-8175,3442,-5960,-264,28,8228,-8184
6703,-588,585,1248,1040,2241,6976,-1078,224,1288,1024,2304
1161,1022,-25,4,936,2192,1326,168,904,160,8340,2216
-1477,-4298,1225,240,8193,1153,4758,-16994,3520,1284,12895,-4016
-1257,2160,3909,1,4216,-6904,-980,1760,3818,36,4192,-7112
587,-4878,-191,1344,264,-6504,816,-5462,220,9,256,-6396
561,-4330,2121,2,14,0,828,-3928,56,2,516,560
563,-4466,429,6860,1072,5,812,-4952,-278,6784,2064,18
1641,1422,323,580,6203,372,880,-5942,472,144,5729,1
103,-5248,881,3149,8193,-6624,-122,-5712,986,2786,8480,-6748
-1145,-4482,867,576,8214,-6144,-964,-4920,888,512,8211,-5992
-469,-5520,961,1044,4096,-4056,812,-592,824,0,4097,-3578
-4473,-2962,3225,2593,2560,-3064,-4282,-3774,2824,2592,2576,-3072
-1241,822,-47,1068,1088,-3828,-1104,240,-232,1032,1161,-3320
-1481,-5074,217,273,8336,-4923,-1170,-5592,124,275,8200,-4987
-1039,-5450,-191,1,8204,-4855,-764,-5688,-294,2,8193,-4859
103,-3342,-189,644,5120,-3884,556,-3838,1020,533,5380,-4087
2607,-4434,83,1177,4290,-3070,4958,-12416,506,1378,6232,-2956
2603,-4426,855,906,8234,-2016,1072,-4952,728,2120,8210,-1888
-1497,-1250,-157,578,4241,-365,-2740,-1782,-248,548,1344,-375
-4569,654,1667,1030,10277,-3520,-5296,474,1314,798,10368,-3568
-4945,710,1057,4484,9738,-4079,-5318,432,3864,4640,9744,-3840
-985,-5120,-179,3601,2501,-2742,-304,-5768,30,3880,3210,-2883
-1433,-3474,325,518,8336,-4056,-1108,-4376,108,192,8770,-4095
-1369,-3234,553,3352,8194,-2752,-1108,-5776,228,3394,8780,-2749
833,-4946,-167,3080,2803,-1658,1854,-5878,316,3089,2324,-1980
879,-4754,353,4129,1123,-3551,812,-5844,-288,4120,2048,-3072
-9129,-5266,1409,5444,12348,8418,-24668,-5968,1250,147,13325,9284
-25941,-5010,513,257,739,2212,-25540,-5904,226,16,1600,12
-8919,-3346,-6663,9622,2464,1668,-7108,-3920,-8392,1920,21,4
3289,-3970,-5163,48,-2016,3074,4464,-4516,-6952,5552,-3704,161
6713,-1810,-3775,2049,1408,4112,7102,-2192,-2340,2122,1120,4736
6839,1646,-8253,42,384,4376,8758,234,-8488,4103,704,3072
6695,-4498,-8309,4232,1,1038,4816,-4914,-8488,4115,74,580
4541,-5522,-8063,2562,3089,3089,5850,-1700,-7490,-10260,3576,-1257
4847,-4754,-5087,10545,1024,2260,5990,-3362,-3600,-18092,491,-5439
-9657,-3410,1353,2304,25362,355,-6716,7616,13614,6897,-9970,994
-3289,-8578,6657,552,66,8370,-1524,-7182,-378,5064,-1664,-5635
6711,-9612,-191,9835,20,5376,-450,-7002,-554,9843,-31,-10317
-1237,-8370,-5165,8369,1548,2229,492,-8360,-6186,12908,-1307,-12693
-1489,-8322,-175,11776,-12222,13312,2614,-9504,1200,15337,-2127,-17527
-217,-5522,-3645,512,-6077,16648,824,-10460,-1264,11339,-5152,-16072
-4405,2936,-4799,7690,-8191,7329,-8900,2216,-6310,7528,-11102,6172
-8853,2734,833,6020,256,1584,-1314,-15122,2934,8248,3161,-23796
-6603,-1154,577,834,8228,8241,-2552,-18608,3764,9310,11087,-20614
-4505,-192,-127,4628,128,32,-1852,-16896,-540,6284,7800,-11690
-2969,-658,281,4521,17,424,-3280,-1856,-168,5465,9336,-7372
-1369,-640,1027,776,650,-4985,-1164,-1828,744,640,389,-5166
-1497,1166,-191,2644,2320,-3576,3028,-14650,130,3621,3691,-453
71,-4994,-149,3587,-4000,32,2626,-13448,202,3718,-3785,-55
899,-3120,841,1163,-8159,-6908,5528,-11778,1562,1278,-3142,-2299
723,-5266,849,16,6,-8191,5076,-12342,1338,773,4467,-3005
-201,-5202,-127,1056,169,-7091,3922,-13160,1872,2730,1360,-3116
2701,-3324,2405,81,6192,-3942,6060,-12074,2366,2039,5903,-3024
-2903,-2962,5305,1552,1044,1349,-2748,-5934,5378,1740,6241,-2787
-2257,-4944,3905,2064,146,673,-466,-18416,9568,1437,12134,-2823
231,-5390,1857,323,3,-5728,4496,-13366,2966,1183,-257,-5968
2601,-3152,2001,50,1808,-5984,4968,-11708,2070,300,6060,-5971
2599,-3434,853,5120,9352,-6014,3188,-3912,738,5124,9216,-5975
233,-5506,333,5128,3104,-3836,820,-5848,28,5425,3108,-3574
571,-4674,385,1,9056,-3068,852,-5308,486,642,8928,-3583
-1241,-5522,-155,256,8449,-3003,4668,-14136,2016,969,8983,-2745
-465,642,321,4432,5659,-1726,4158,-15872,1476,-57,7596,-1589
-1493,-868,2381,1594,4100,-2043,-1058,-1302,2268,2041,7628,-1717
-919,630,1121,2304,3104,-2044,-608,296,998,2314,3076,-1664
-1433,622,1185,2230,8201,-3888,3040,-14800,1552,2306,9506,-2340
-1201,-5010,839,3160,10368,-4096,3170,-13062,502,3364,10292,-2501
-465,-3474,81,274,8320,-1967,3776,-11836,-496,2541,8028,-1898
1203,-5420,-903,1028,386,265,2566,-12856,-700,1065,502,1425
-281,-1146,865,5147,36,-4096,4992,-14366,792,5293,5937,-2108
815,-5386,585,1030,9380,-4032,5356,-13984,1640,5131,10229,-1872
-1189,-784,1267,76,10272,-1648,3516,-16792,1614,4986,10373,-669
-5209,-5266,481,1152,8192,-1152,3214,-15724,2456,5495,9075,-1094
-1401,622,465,5668,6196,-3773,1516,-15184,1436,5390,5604,-2400
-1417,-5230,539,35,416,-4015,-1100,-5808,216,4026,7291,-2904
-333,-3122,641,1043,6946,-3885,4112,-11806,562,3739,8222,-2795
-181,-3858,143,20,155,-3562,4216,-12268,64,4544,8652,-3442
-969,-4808,-11,6209,879,18,3620,-13202,162,6277,9131,-4971
-3927,-1294,2565,20,8209,-3968,-2082,-16852,2620,96,8192,-4058
-9045,-5458,2113,32,613,2048,-8850,-5910,1784,9,243,2056
-23769,-4498,-3647,0,7498,12312,-7078,-15950,-1734,5673,15248,16005
-22611,1032,-6079,1584,64,7744,-21586,2218,-8352,1104,864,7169
-1431,-382,-4281,10368,-6095,1032,-196,-4824,-7460,-1850,-2559,20251
6751,-5456,-7861,8240,-8192,2128,7262,-5794,-2656,8626,-5274,18090
7035,-5506,-7839,5180,8201,16480,7406,-5046,-3526,5254,63,17639
4757,-3468,-5503,64,90,2424,4604,-2286,-4888,799,1962,7268
1575,-1298,-6143,6626,68,2230,6044,-18,-5442,-9867,4843,3058
3127,-398,-3641,1448,20289,4150,5430,-380,-1260,-14397,-642,-4385
-7627,-13572,12369,4097,2180,2048,-5332,-12080,9944,4280,132,258
151,-5264,4929,6222,768,2216,2864,-4952,4082,6208,1536,2052
8615,-5504,321,9344,1026,9292,6976,-8536,-292,8194,1032,9219
7719,-9586,-5235,8320,0,516,7032,-9752,-8418,9624,-5568,513
3175,-9610,-4015,8201,-15855,20112,2892,-9936,-4392,8192,-16319,16672
-7961,-5266,-10687,2,-10206,17792,1178,-9174,-6022,8644,-1340,-12934
-4425,-1554,-191,1,552,7169,-1908,-10118,-1584,12787,950,-16544
-19889,3956,1985,10981,529,17288,-3244,-11062,-1864,12222,1800,-15391
-9359,-3398,-1851,9810,546,2116,-5068,-12204,-1578,9788,258,-13872
-4929,-4986,-109,1540,1,2283,-1848,-13786,1786,9933,3501,-13926
-5049,-2818,-3213,277,2048,226,-2398,-14262,-1368,7839,11234,-9907
-2377,-4274,1387,4354,-5504,-5888,-962,-13158,1036,7849,-6140,-5448
-1361,-4814,2881,713,-13241,-7806,4874,-13182,3442,4283,-12703,-7240
1063,-5256,3939,5132,-4088,-8174,6800,-12916,4272,-1371,-2096,-7056
567,-834,193,8741,3213,-13053,4872,-14550,2092,-453,11104,-8612
3207,-5516,-127,3,3585,452,5462,-14054,1394,1059,7906,-6083
1575,-1330,-183,5761,1,4610,6486,-16678,2386,-157,5776,-3168
-3161,-4958,1939,2336,4197,293,-2754,-5720,1368,2326,4106,177
-1143,2194,-159,301,272,-6135,4734,-14294,2884,2471,14814,-6320
2887,-5450,485,2177,5124,-8056,4240,-13990,1438,2663,13188,-7485
-341,-5522,-111,2176,1049,0,4652,-11794,314,0,0,0
-409,-5522,67,2188,139,64,4202,-13580,1348,2277,6809,-4973
553,-5434,-189,2048,2149,-6128,300,-5672,-288,2209,8192,-6111
-473,-4736,899,416,4256,-6077,-204,-128,1178,674,4628,-6016
-425,-50,1283,472,2081,-5760,-84,-580,1184,512,2268,-5722
-1305,-5522,-183,2351,6304,-6016,3658,-17690,3120,3583,6507,-4629
211,-126,465,2836,6150,-4064,-1222,-440,272,2712,6920,-4025
-409,902,-55,1,2,-3200,-178,296,-284,2,34,-3263
-1301,772,709,15,8196,-3894,4160,-15384,1648,3359,10016,-3374
-725,-5510,321,3713,8369,-3968,4764,-13030,296,3681,9626,-3949
-151,-4098,577,280,9347,-7165,844,-4694,320,80,9392,-7167
679,-5394,349,1056,8264,-6589,5090,-13428,426,3127,11423,-4501
743,-5200,385,2628,10251,-4021,5148,-13358,684,2952,12036,-3935
235,-5454,-191,168,10786,-3800,4924,-14030,1324,3242,12072,-3106
-217,-4938,837,264,11044,-1620,4714,-18806,2754,2072,11245,-1644
-1337,622,1929,4,9856,-3612,-1044,624,-232,3841,8273,-3840
-1237,694,-123,4928,9035,-6144,-1060,-2896,-96,4960,3468,-5056
-721,-5522,-191,4112,8908,-3584,-396,-5944,248,3940,8737,-3576
-985,-5522,41,339,8352,-4082,3778,-12744,234,5514,11730,-3782
-1385,-4882,-5261,496,10256,-2012,2742,-13588,-718,5337,10629,-1824
-1413,-402,-165,1056,8448,3,-1088,268,-288,1089,8866,353
-9687,-1348,-191,12,12370,2,-9292,-1622,-268,384,12306,1024
-23705,-5074,-8379,3076,8784,97,-7012,-14730,-1792,3459,8782,17156
-9173,-5482,-6079,4256,2572,293,-7250,-1872,-6178,64,2564,9368
-8471,-3450,-7295,10798,-4064,4613,-8866,-2880,-6904,2049,-7680,1572
2667,-5010,-4217,6201,-2936,560,6334,-4528,-2730,7801,-1677,17030
6759,-5448,-4155,26,84,2312,6176,-3722,-3566,3447,587,18702
5031,-4096,-6317,34,3041,581,5568,-2192,-5604,1897,2954,8613
5807,-4746,-7741,-6088,1536,4096,6910,-1812,-6724,-6669,3777,5808
6719,-4482,-16055,24,2144,4248,6468,-2806,-6348,-16829,1595,-1765
-26073,8978,4491,133,2208,160,-6170,-30478,-5246,5481,-3031,8340
-921,-5522,4449,2,354,1088,-1010,-4420,4898,6754,4611,-6282
8235,-9578,-183,12673,6304,1125,2086,-7834,582,12948,-983,-9583
6723,-7040,-7047,12416,2695,80,5222,-7602,-4978,15294,-5952,-11912
1199,-9490,-6575,14417,-12218,16389,896,-5976,-5416,14868,-16116,16536
-327,-13714,-3751,9216,-16124,2345,2642,-15806,-544,12891,-8593,-22177
-20601,-4498,-8379,1536,6272,8233,-1556,-13376,-3562,12078,-2032,-18790
-19575,-5512,-7261,513,426,1024,-2914,-14578,-906,9995,1015,-23345
-11673,-3838,-1139,9220,1185,16418,-7384,-17746,-944,9430,-6443,-13135
-7929,-4978,591,640,10264,7520,-454,-18370,4364,9043,17309,-16777
-3015,-3042,-43,592,8704,-6479,-2966,-16976,-2636,9761,9200,-6182
-985,-5234,915,4121,-8160,-7680,3380,-14310,2910,7852,-5348,-5386
1927,-786,4501,1170,-25598,-7503,4772,-13918,4782,3370,-7237,-6859
3417,-5522,2681,8208,-15039,-8184,2892,-5972,2776,8226,-16372,-7647
2679,-5202,-51,16458,6160,-8192,5764,-13292,392,-217,7167,-6031
2997,-258,1009,516,4163,-7135,6426,-14326,1462,910,5760,-6464
2471,-46,147,394,273,-6137,7064,-15054,1096,72,7676,-5510
-5589,-1162,3937,1348,4386,1156,-5316,-1580,1946,1472,4472,1350
-3033,1058,4609,80,10277,1032,-1236,1232,496,37,9174,512
-1161,-5136,139,1280,9232,576,4234,-13732,2090,1246,13124,-6529
599,-4498,1999,514,9490,945,5128,-13274,2116,581,12062,-5706
551,-5520,865,2276,8522,1028,5128,-12350,614,-207,12177,-6258
-1461,-4554,-171,2048,8204,0,1390,-4998,-2344,1920,8624,-3136
-793,-300,-57,1091,8336,-6142,3382,-14786,700,3718,12349,-5418
-1407,-5422,-63,258,6944,-3776,4472,-13552,1614,3405,6718,-3690
-4569,-4754,2379,1033,4096,-2040,4146,-18382,3228,3535,5794,-2063
-341,-5522,905,1809,6916,-1848,4320,-13700,704,3783,6604,-1835
9,1270,2129,2066,694,-3512,4354,-15650,2710,2325,6080,-3117
-1481,-5484,397,130,3436,-5982,4064,-13740,912,3891,7661,-4320
-467,-5506,643,533,8421,-5100,4448,-12388,526,2663,9854,-4671
-453,-5514,-91,800,8246,-3572,4554,-13082,598,2945,9476,-3465
-413,-4744,675,3201,8490,-2846,4508,-13422,734,4060,10656,-2557
-453,-5522,325,96,3985,-1996,4148,-13152,1234,4448,12019,-2043
-5041,-1314,3521,1928,7332,-3512,4252,-18242,3972,4259,16269,-2482
-9689,-1394,2963,2049,4112,-4087,174,-15604,3188,6436,12228,-1432
-9687,1142,3399,528,128,-5884,670,-14410,4002,4471,4081,-1060
-8665,-1850,65,258,4102,-7848,-140,-13746,2674,4337,5963,-591
-7633,-5496,3147,292,8262,288,860,-13732,2760,5398,10300,1091
-1113,-4242,-31,16,9488,4,1258,-12386,-412,4566,9428,4447
-1241,-4906,-5567,4370,5189,2471,1026,-10410,-1452,4528,4678,3337
1709,-3852,-4015,4352,4107,2337,2722,-8628,-308,5068,4793,3641
-2263,-5242,581,4128,2342,0,-1636,-8784,592,5485,7729,4360
-23763,-4466,897,4688,8,635,-7070,-10504,662,5765,8567,9185
-7573,-8590,-3949,1626,4240,140,-7380,-10008,-3620,62,2064,2240
-2263,-4946,-4119,2073,116,13649,-1204,-6152,-3302,3258,-6327,14363
7233,-5390,8289,0,120,17169,-304,-2324,-3052,-649,604,18758
2599,-3146,-4287,2820,-4095,1076,3560,-3356,-3376,2345,-1713,11675
6735,-4848,-3257,130,-4094,832,6744,-3192,-3096,1461,-3189,8020
7467,-3154,-4283,4097,578,1024,5632,-2560,-3812,-2928,3036,5297
5325,-3966,-8227,514,4103,324,6004,-2034,-6456,-7163,6513,368
7021,-2434,-3231,10241,4232,2656,7296,-2922,-2700,-18427,4700,-5946
17063,-5002,355,16718,18600,1316,5306,2234,1028,19309,-13371,-15100
-3545,-9602,1437,0,-7664,4242,-174,-7144,6178,11296,-6389,-8824
-3335,-12368,-3721,9280,522,6850,-1546,-7416,-4800,14010,-8972,-7958
-785,-5266,-7355,12592,-3820,4101,1352,-9332,-3390,12827,-4367,-10711
7225,-8574,-4085,11284,-15344,10311,1032,-11790,-1362,12042,-6534,-17968
-857,-3346,-2943,592,-7119,20561,440,-12372,-2352,10885,-4725,-11941
-3545,-4878,1091,8706,1288,5125,-2668,-13444,-6526,11674,-1395,-17037
-17297,-5490,4115,2241,-21760,134,-1290,-13934,3818,7385,-4031,-19137
-5561,-3986,4043,4102,1345,10453,-1904,-18538,4556,6421,11991,-16661
-4697,-2948,4489,7160,2064,6304,-3534,-15654,-222,7867,5987,-9727
-8599,-362,-109,266,17,1096,140,-15216,2522,4529,350,-7418
-1233,626,393,4480,-6624,-7160,1174,-13728,2340,5107,-2763,-7255
-857,-4946,-175,2240,532,-7168,3112,-12974,1626,2059,2004,-6519
55,-5450,2129,52,4129,-6144,4630,-13054,1876,162,5750,-4261
2611,-4944,-85,215,1100,-8184,5580,-12984,384,2362,5180,-4991
3383,-5390,-63,2128,193,-4072,4764,-13690,946,2606,-3,-4255
7783,-5134,1089,578,4101,-7935,8118,-13674,3354,1452,13272,-7877
-4261,-5010,2177,1040,19968,609,3992,-17372,3532,795,20080,-9305
-4391,-5136,321,2064,12496,142,3886,-16310,1688,2483,13147,-7548
-87,-5000,1865,641,4352,-5371,4840,-13462,2562,512,5422,-5252
3081,-2896,2657,136,2113,-6073,5340,-11076,2302,-51,6622,-6034
809,-3536,1221,258,10768,-4984,5160,-12286,944,976,10786,-4650
-433,-5454,385,48,8576,32,4306,-13968,946,1773,11686,-4202
-567,-5458,-159,2308,12985,132,5368,-11986,-324,2065,15605,-5496
-697,878,1505,84,652,-4085,3858,-16064,1450,2205,122,-3909
-791,-268,107,1617,2433,-3840,4522,-17148,2542,1982,3937,-3873
39,622,1985,68,1568,-4078,4502,-15090,2026,2057,6043,-3440
-967,1648,-95,37,8480,-4053,4414,-14784,1518,2274,9232,-3975
-1477,-5376,-123,2312,2048,-3932,3966,-13442,988,2476,7035,-3809
-473,-5518,1105,420,1,-4096,4406,-13294,1024,2465,6388,-3275
2877,-5010,-181,64,2085,-3037,4840,-12574,904,2089,7671,-2738
2647,-5482,1639,1043,9344,-1980,5206,-13114,1664,1436,9846,-1743
615,110,1985,144,9025,-448,5646,-15050,3094,1641,11175,-129
-5293,-5202,2913,4169,8256,205,3694,-16364,3498,4690,13474,-1376
-1217,-3326,5209,4161,544,-3581,1624,-18518,8258,3449,10212,-606
-823,-4948,-95,34,260,-1243,3538,-14108,2184,1054,2892,-1283
-1465,-5394,1873,259,2048,-4080,3632,-13196,2322,2479,4028,-2782
-721,-4142,81,65,2082,-4031,3682,-12204,1442,3023,7667,-3843
-1281,-5186,125,216,432,-3751,3316,-12200,896,3015,7494,-3139
951,-4426,-143,644,144,-3644,2810,-12970,810,3609,7623,-2907
1575,-4474,71,549,21,-4000,1916,-12450,90,3894,6319,-3522
-1425,-4818,903,2120,24,-3040,1098,-12484,984,3209,4608,-2820
-8395,-4774,833,520,708,4736,-3590,-17884,6104,499,7193,5355
-23909,-5074,-93,72,512,12340,-7488,-21880,2150,3330,17280,15173
-25559,2672,325,1168,8208,3714,-8334,-11990,-642,1673,8761,20039
-4633,-3406,369,5125,8494,4162,-2248,-8346,-4078,-818,-5153,19472
6959,-1412,-4191,2,-7999,76,8002,-7620,-1922,6704,-1182,20081
5959,-4990,-11967,5248,644,19458,6214,-5416,-4312,6370,-1683,19138
3647,-5002,-4169,6273,8195,8272,4072,-3396,-4798,6067,-1731,8202
3645,-5134,-6319,8642,5121,5668,4484,-2776,-6324,-3492,5194,5409
2601,-1266,-10415,2050,2120,256,6272,-614,-9012,-14445,6659,238
-26073,-5522,32576,-13743,32767,1062,-17392,27002,32471,2661,21502,9144
739,-4358,1857,384,8481,780,1236,806,2284,2173,9066,-5274
6859,-9618,1929,33,898,9580,1422,-5702,1784,11948,769,-6403
2937,-8530,-4287,10754,26,8220,4134,-7554,-2660,11432,-2366,-7162
3799,-4304,-4287,9227,24,5076,4702,-8366,-2608,12290,-4681,-10774
23221,27266,-23703,9505,-29916,21649,1906,-9410,-5282,10006,-6016,-11281
-1489,-2386,-6839,43,56,17056,588,-11850,-2270,10527,-5384,-15536
-21977,-1226,-4255,96,0,18582,-4770,-17444,-80,10232,4716,-10558
-14549,-1162,-6281,12809,291,2198,-10052,-16414,-4744,13244,5440,-13215
-8921,-2570,389,12850,4803,1284,3332,-11930,1966,13308,11106,-9138
-9679,-5202,-175,12864,9236,130,-1648,-12664,-3492,12929,9731,-7825
-1225,-2690,-39,70,0,73,-608,-12014,-2654,12494,-10314,-4002
-1429,-2962,1969,25,-13696,-7648,3200,-12486,3960,9991,-10994,-7394
-453,-4426,353,4520,-5855,-10159,3426,-13372,1754,6228,-5735,-9268
1575,-914,2369,390,64,-10728,5736,-14798,3316,1410,9199,-8520
-913,896,-191,2601,4147,-12159,4020,-14842,2014,2550,4114,-9213
65,-5266,1345,584,140,-10167,4062,-17148,3314,1768,4919,-8814
559,-5456,1093,8322,4096,-6328,6058,-14228,3924,-1192,5198,-6296
-1477,1138,3921,8918,6149,466,5204,-15218,4404,203,14662,-7469
-145,-5522,225,101,16392,1076,4612,-11860,2254,2415,17044,-10351
-313,-4480,335,2157,8212,294,4138,-12366,1466,2394,11254,-7894
1737,-3442,1863,3585,8192,16,1800,-16944,-822,5530,11577,-6404
1769,-5426,1219,1058,1088,-6118,1822,-14252,1002,2159,6048,-6780
-1463,-5394,1857,228,-6127,-8000,3674,-13666,1768,2305,-1217,-8180
-143,-5506,1989,293,-6831,-7773,4450,-13430,2606,118,-302,-4935
-713,-4238,4187,16,4169,-6047,5798,-18612,4530,675,5053,-1734
567,-4476,1345,72,609,-4095,5802,-13052,1706,323,9842,-1597
-1347,1142,2369,65,6689,-3837,4976,-15446,2424,157,7816,-1509
-971,-5346,-47,1800,2728,-3308,4840,-13278,1226,1929,8184,-1354
567,-4334,75,584,8288,-3954,5520,-13002,1526,1888,10738,-3453
889,-1162,835,805,12801,-6620,5194,-14170,958,3030,14357,-4611
699,-5390,-191,0,12301,-5631,5084,-13678,508,3173,13830,-4211
39,-5362,-167,3617,10764,-3581,4566,-13642,728,3770,10601,-2978
-5077,-3966,463,4241,3776,1026,3596,-18556,1538,4395,11826,-2555
-1483,-5330,1955,3256,8196,1185,3330,-15044,2472,3985,10066,-4863
-1463,1376,-139,1600,7198,768,3082,-14370,1696,4087,7290,-6186
-457,-5002,721,4124,7296,-5984,3962,-12256,1430,4660,7935,-5872
-885,-5266,475,4756,7064,-5880,3666,-12572,536,4853,8152,-5217
-1321,-5228,27,4288,400,-4094,3420,-12816,454,4863,9028,-4113
-1465,-5522,-47,4368,2369,-5632,3530,-14162,422,5106,10707,-4577
-209,656,-63,4727,8304,-3823,2264,-14950,1080,4967,10924,-3021
-8537,-1166,2049,146,8840,384,438,-15666,2592,4075,14503,670
-8663,-4216,1059,4770,225,3084,-6504,-20274,1176,4925,12741,8495
-25049,3758,-4071,1152,14720,8196,-9158,-14006,-2038,964,14357,13700
-24245,3648,-8383,4118,5282,5141,-7744,-7124,-6892,-5638,6122,14218
557,-4488,-4023,7492,112,2986,624,-4606,-3942,-11051,-4601,23433
6727,-3454,-8379,8196,-2016,2,7758,-7930,-4192,-115,-820,16687
5165,-3368,-8371,1065,178,16708,5872,-6732,-3724,-6281,1202,16929
4779,-4430,-6327,32,8264,4354,4826,-5648,-6132,-7380,7870,3954
4043,-5178,-3079,16,48,1088,5032,-4364,-1666,-15631,1566,-570
19571,-25350,837,6656,66,212,-14622,2734,-12198,6653,-2521,6200
8793,-5490,5473,8272,8257,9028,734,-4196,5448,7818,-4518,-5385
7053,-8530,-649,9239,4152,8672,1578,-6786,-982,14434,-4334,-7434
6703,-6890,-8125,8192,544,2656,5206,-11690,-4750,14613,1545,-13087
-81,-4426,-6191,8200,-16336,16,1424,-10062,-4284,12150,-6580,-14845
-715,-5506,-61,8833,-6141,16899,-1430,-11224,-2422,8957,-4572,-15711
-5527,-4482,-3519,8322,-11231,20490,-3518,-11574,-3514,8768,-2812,-11799
-25925,-11618,-6841,11180,-7456,16416,-5564,-12532,-2412,11673,-1977,-13276
-5593,-4470,861,140,8261,5456,-794,-13206,482,11622,13907,-10950
-5583,-5426,75,12877,8256,10384,-2874,-13784,-1444,13000,8472,-4265
-2965,-4490,-3243,2065,2080,1024,-1836,-12636,-2970,10669,2571,-2271
-1457,-3936,321,2086,48,-8190,1362,-12254,1146,10760,2665,-7437
169,-3650,-181,8704,4612,-7034,2574,-12318,28,8761,4961,-6967
-1177,-4752,741,3586,597,-8058,4524,-13640,670,8098,4876,-7229
-697,754,589,1152,8,-6959,3876,-14568,672,7463,222,-6650
3119,-402,-189,212,1,-8184,4576,-14698,734,6223,141,-7944
2663,-720,91,1201,2178,4384,5116,-14582,2100,5040,2860,-8398
2639,-5512,-157,3536,1168,-8672,5236,-17672,2566,3589,10690,-8820
-1497,-5520,-191,1065,2,64,4128,-15484,2436,3452,13454,-10131
-7629,688,-3199,2144,1,-7896,-256,-15330,508,2139,1897,-7245
3721,-5306,1927,2105,-11402,-8188,4648,-12782,1980,3126,228,-6994
553,-5490,1877,529,1160,-7927,5184,-13302,2436,1632,5561,-7969
-985,-5490,1867,2,8705,-8702,4762,-14070,1896,1432,8777,-8643
-1049,-78,321,664,2369,-7110,4160,-13880,1684,664,7004,-6852
713,208,2277,0,2571,-7614,5356,-14670,2210,385,7041,-6412
-1433,-3180,2395,16,9536,-6847,4962,-18806,3770,514,9964,-4847
-549,158,1091,16,8193,-4064,4958,-14462,1126,1093,12523,-3700
-1453,1666,257,6664,3650,-4088,4154,-15198,1692,-240,11867,-2633
-425,702,841,1376,8297,-7156,3968,-14614,758,1724,12828,-3011
-1493,-5266,345,2368,8704,-3944,4226,-13278,494,2461,13270,-3460
-183,-4650,-23,2066,12560,-4078,4178,-13264,-76,2316,13141,-3455
-1113,-5426,-191,521,8771,-2775,4402,-13954,-400,2667,12867,-2615
87,-5522,-2599,3077,8408,170,4534,-13914,-406,3356,10799,-1632
-339,-1132,393,145,10304,1184,4504,-15802,690,2799,10224,-177
-1457,-1426,225,128,10248,2125,3576,-16636,-42,4869,11353,-1873
-1287,686,339,64,9264,536,2522,-15424,522,4800,9054,-2398
-529,-5520,-99,5284,8472,-2972,2784,-13834,760,5610,8652,-2795
883,-4350,81,5140,8216,-2815,2706,-12226,532,5817,9949,-2771
1255,-3422,-191,5632,10240,-4028,2686,-12020,42,5549,11528,-1709
-457,-4478,-2207,4240,12544,-3840,236,-13284,-826,4084,12758,228
-8263,-398,-3131,28,13576,7180,-6384,-16768,-1076,1113,13894,7854
-24953,-5522,-1675,5120,4131,16384,-8656,-14380,-1848,-3179,12516,16848
-23745,688,-4159,4114,2313,6728,-9834,-10072,-6270,-5290,-18013,11057
-1241,-3408,-3135,2112,1296,2601,3392,-10162,-3056,2695,-6375,20642
3943,-4968,-2991,513,193,1312,3936,-7362,-2702,750,3426,21673
2859,-6546,-7037,17,283,15524,3110,-6818,-4440,3889,-276,15548
4783,-4970,-2747,1536,72,4608,5500,-4948,-2472,1136,-5236,13893
5235,-3162,-6783,2068,10788,10568,7016,-3862,-4812,-2032,-864,10535
4651,-5328,-4255,3428,68,4352,5090,-4130,-4256,-4453,4593,6422
3127,-5522,-5693,5,93,528,4634,-2694,-5684,-8568,4245,1492
4727,-3374,-7707,10412,5,5930,6528,-3030,-4182,-22102,3913,-2825
-23143,-1386,627,288,23297,524,-7100,8380,-5128,4487,-16354,3493
-5053,-12654,929,16,1173,3200,-4514,-10966,3964,6502,3444,-8937
6695,-5222,-1215,10305,1346,272,-314,-9696,-1100,16098,1390,-7897
8103,-11522,-191,11108,1089,20998,1360,-10122,-12262,13938,-2506,-9869
-761,-4978,-4631,12304,-16358,193,2298,-10126,-2680,12750,-13661,-20808
-1495,-5512,-2189,1216,-11008,5160,-862,-13814,-2320,10129,-8139,-19184
-4785,-2962,-49,8192,-12287,19528,1876,-13684,1128,6786,-8197,-12796
-15299,-3212,-189,10795,16513,560,4072,-21028,4190,15487,22466,-28928
-7609,-2450,1861,60,16650,8712,660,-18854,-1636,12798,15922,-19620
-8785,688,-159,0,4352,4108,-478,-23810,-588,10486,12371,-16486
-7369,-1362,-103,516,2662,-9215,2600,-16874,992,4624,11735,-8658
-5269,-2448,-1955,2848,8226,-4012,3720,-18372,-548,2886,9317,-3478
-1165,896,-1335,240,66,-6129,4342,-14356,-676,2526,4125,-1547
2663,-4494,-1079,9,265,-6144,4016,-12732,-202,2064,2485,-1290
2607,-4480,-63,2119,2440,-7216,5538,-12418,1088,2132,2671,-1206
2599,-4752,-175,63,4096,-6766,5188,-13244,966,2284,5728,-2089
3303,-4694,1905,12,4099,-3326,5024,-13318,2568,3321,4200,-1189
-1425,-3790,1089,2067,2176,65,4626,-16222,3632,2149,2079,-1713
-175,-5008,5057,208,136,514,4720,-15270,5106,1371,8679,-7756
-1449,1730,1543,256,4232,169,3506,-15266,3534,622,6271,-7198
2727,-4978,2039,802,5,176,5794,-12126,1906,826,4999,-5210
551,-5514,1859,181,6304,2,5072,-11480,1482,1323,7560,-4615
1255,-4882,897,134,2088,-6112,5350,-12452,840,2200,10951,-6083
-473,-5518,-111,71,9290,-7899,4014,-14208,1890,3248,12100,-7131
-1415,-5522,129,480,2816,-8151,3294,-13948,1668,3446,6696,-4549
-1497,-4882,-179,17,4096,-7136,1442,-17566,2570,774,5249,-2481
-1473,-2,449,592,11,-7385,3742,-16832,2910,773,3231,-3317
-1497,-5466,1921,419,2080,-5116,4646,-13948,1878,842,6289,-4427
-1497,-5134,-187,768,776,-3808,4300,-13690,1778,923,6011,-3283
681,-5374,897,1559,4609,-3072,5168,-12480,1206,1770,5926,-2935
679,-5454,1381,128,3904,-3984,5560,-13626,1544,2258,8233,-3033
785,-5328,1221,2112,10384,-2857,5182,-12886,1158,2786,10772,-2788
2987,-5266,1367,2434,10384,-2027,5350,-13360,1448,2433,11458,-1940
-1473,-4954,2889,648,3776,8,4922,-19246,3212,2052,12063,-1914
-481,-1360,1873,5514,9481,64,3506,-16050,6260,2639,16973,-1172
-1441,-5390,-187,1312,2385,800,2924,-15702,3010,3941,6851,-3494
-1497,-4206,-173,2120,4104,0,3174,-12726,1152,3560,7221,-3702
-407,-3474,905,1555,2816,72,3740,-13126,-296,4120,7615,-4492
-1425,-5450,1345,3584,8770,0,3402,-13174,1220,0,0,0
-8023,-2434,873,1288,13058,-2683,-3684,-15044,3486,5155,14174,606
-24021,-3386,449,680,770,4096,-6182,-19830,2856,3598,10685,13493
-21347,-4162,-5993,1288,3079,2124,-3756,-15246,-2518,1011,14981,18419
-6959,3310,-7947,1536,2048,114,-2648,-9350,-9478,3107,-5168,15685
-1497,2680,-4273,82,-3851,1568,3506,-8318,-2310,2040,-2579,22257
5671,-3202,-4779,0,-2932,128,6040,-5644,-4786,2659,238,22182
7239,-5488,-3707,768,1024,12305,4950,-3280,-4402,2695,874,12174
8743,-3986,-4209,42,1153,8512,6250,-2018,-3832,-2149,1709,9122
6759,-3218,-105,-6510,4224,4136,5884,-2356,-5054,-6838,4480,6488
6963,-1222,-7615,680,3136,2626,6154,-1220,-5992,-11500,6818,2430
7147,-2254,-7965,9218,5440,8288,7874,-2426,-1190,-20035,5554,-3880
-26073,28598,17579,4298,6682,6217,-14120,-14580,8922,1950,-7944,5378
7241,-498,9049,12300,1106,4144,10528,1180,9190,8659,11317,-11138
-1489,-9530,2057,11269,256,80,-1634,-8690,4952,10064,7405,-7471
10033,-9512,-191,8721,168,9362,3072,-6216,-5164,12789,22,-4917
4715,-5006,-16573,9760,-3776,1026,4242,-6936,-9050,11112,-5959,-12283
-1481,-9480,-6335,10818,-15872,15104,2112,-9600,-3394,11839,-6002,-17720
-441,-10370,-3325,10242,-20403,664,0,-10998,-3238,10541,-3266,-17971
-1487,-5480,-3759,8261,529,16464,-902,-13060,-3468,11403,74,-14493
-6713,-5390,609,8200,32,16640,-2966,-13272,-2744,10112,628,-15681
-8421,-3462,901,4100,-6144,16599,5806,-10664,4698,12503,-1771,-14410
-9433,-4938,329,10786,66,14778,-2410,-18730,-16,10805,20794,-17155
-9367,-5166,3993,13312,2,166,420,-19198,-3462,13236,11538,-5417
-9177,-1362,65,2,8320,804,306,-16632,148,8753,10122,-7100
-1497,-1230,2053,3586,258,-7638,1058,-15490,-1934,7724,8574,-6398
-1481,-5454,17,4128,6729,-4024,3392,-13188,10,5119,-1347,-2253
-985,-5450,65,4114,-4603,-4088,4410,-12756,844,4024,-4641,-1009
1097,-5010,-175,512,-4080,-3984,5526,-13596,2016,3022,-292,-3297
2887,-5458,1345,1028,818,-3535,4818,-13898,1390,3347,953,-3500
2601,-5362,353,2128,19,4356,5908,-14108,2350,2695,5721,-3978
225,-5498,2229,1116,4140,224,4758,-16740,3484,3477,12976,-5693
-1481,1662,1437,130,8,-6848,4786,-14460,2850,3472,13704,-6949
-885,878,1857,2836,2792,-6695,3530,-14790,1584,2906,10692,-6483
2607,-5062,833,32,68,260,3550,-12598,718,2152,4106,-4629
-417,-3408,1377,0,3377,42,3972,-12106,1384,1643,3720,-3966
585,-3938,321,2344,4486,160,1972,-12584,144,1989,4115,-2963
-1457,-5454,1443,3264,8228,0,3282,-14152,1428,3272,11132,-7625
-1241,-5386,1923,2692,32,40,3192,-13630,1920,2749,4874,-4730
-1229,-5520,-187,1066,1568,-3935,3624,-16760,3392,1630,2081,-3634
-1441,-142,21,8,2144,-2814,4090,-14568,2352,2237,3965,-2747
-1495,712,-63,68,24,-3551,4460,-14374,2524,492,4597,-2181
-457,890,-157,1088,3668,-4093,4062,-14174,2346,1930,4005,-1979
557,-5522,1731,6,648,-3297,4880,-12598,1740,1765,3800,-3313
551,-5430,2001,1601,4240,-3964,4994,-13442,1852,1827,7215,-3894
743,-5482,899,2240,8784,-3696,5088,-13622,1452,2811,8901,-3664
585,-5474,2241,3033,9856,-3735,4944,-13650,2202,3065,10283,-2662
-3505,-1426,2257,322,4128,1424,4932,-18654,3888,3609,12638,-2622
-853,110,353,1153,8322,320,3518,-14454,2802,3867,12837,-2630
-1409,632,-115,2056,24,1024,158,-13986,1776,2486,5227,-2734
-1345,-5202,385,2053,2112,1058,4324,-12224,1798,2635,8036,-2838
-1413,-3186,1089,2074,9601,6,3994,-11992,924,3322,9970,-4124
903,-4490,-3151,2052,8202,-3456,2590,-13110,-448,3949,8141,-3317
1065,-5010,-157,4484,846,-3038,2358,-12720,-844,4317,8061,-3178
-1273,-4462,-175,4144,156,-5824,1324,-13220,610,4699,7885,-4273
-5577,-1346,2145,2244,8193,1025,-3402,-16312,2798,2562,9979,2585
-19761,6896,-117,800,3474,8704,-9834,-24972,1152,1268,16129,15497
-26065,2738,-151,546,332,1600,-6982,-13124,-882,440,8278,22218
-689,-1154,-3499,8,808,361,-220,-7410,-2640,727,-6251,17191
6735,-4498,-4121,4,1056,2049,8334,-3794,-2906,5040,-603,19752
7883,-3410,-16493,5252,13320,16390,7456,-2594,-2906,5661,-3035,17224
7225,-5326,-4247,7424,2048,7348,5790,-4914,-4020,-130,7143,6277
6711,-5010,-13799,14,1927,36,4894,-3992,-7490,-8156,5294,3715
6767,-5442,-8113,5632,21632,5148,5462,-3666,-5108,-16597,-2913,-3845
-17497,7302,-191,530,25924,8264,-2792,-3622,13514,8654,-5041,7482
-1497,-5130,-133,6321,144,1025,-2658,-6144,3242,7175,-1852,-8344
6967,-9554,-31,11154,320,6256,-1170,-11692,-300,15596,523,-9552
2603,-7554,-7863,12288,80,8704,3558,-8814,-3648,11828,-1549,-6751
679,-11280,-3415,12416,-6016,16652,202,-11716,-3464,12923,-4754,-14590
-1491,-13626,-4239,10296,-20270,3346,190,-10526,-2400,11128,-2208,-17928
-2193,-5178,-3835,8596,580,16640,-1728,-13618,-3078,9747,2570,-13909
-9175,-5518,-175,9637,-7920,5392,-6440,-17314,-4546,11839,-3095,-15136
-8977,2676,1031,1364,264,2065,712,-14146,2574,11445,7264,-17347
-25049,-3474,417,11306,16424,1153,-9282,-20816,-5366,11956,16498,-14564
-5557,-2370,4485,3148,2176,8448,-3510,-16516,-2310,11687,3187,-5403
-8513,-4370,-59,40,1545,517,-86,-12604,-240,8357,1453,-5860
-8665,-4498,-79,1746,1030,1509,388,-13714,1166,6416,1262,-6534
679,-5242,855,176,704,-4090,1406,-13060,1266,4992,-3166,-3679
-593,-3972,2113,1536,18,-8064,4096,-12288,2258,3453,-6632,-4497
-983,-5010,-177,323,2161,-8058,4554,-13580,2074,2523,2830,-6909
559,-5506,65,2564,3594,-7660,5262,-13802,1856,2540,3726,-6546
1447,926,849,1575,4104,-5824,5838,-15224,3022,1848,5377,-4728
119,-5484,1865,2186,3362,-5872,4444,-15862,3180,3337,12535,-5819
-1463,2166,969,1098,705,-8127,4218,-14292,2954,3084,15062,-8101
-1235,190,1857,2573,12835,54,3650,-14258,1626,2927,13014,-7620
2727,-5490,907,141,193,65,4090,-11312,1004,1954,8791,-5263
2599,-4750,1873,152,162,16,4844,-11748,592,1211,7488,-2882
1031,-5520,1349,66,3120,1024,2974,-13762,1752,2482,3938,-3100
583,-5514,33,128,8320,-5884,2730,-14064,808,3456,8076,-5525
-817,494,449,553,4484,-4093,3616,-14132,1566,2554,4424,-3997
-1433,-5494,1857,112,4100,-4092,4054,-13710,2010,1446,4562,-3662
-849,766,779,130,1536,-2944,2436,-15914,2710,2307,5560,-2843
-1353,-5010,905,2129,4352,-3984,3712,-13400,1638,1998,4611,-1852
-1497,-5382,2369,544,4616,-4024,2986,-14146,2412,905,5943,-2625
-205,-5458,241,1809,0,-3072,2694,-13888,1042,1994,6397,-2821
-597,-5010,1377,64,4272,-3072,3844,-12512,1316,2128,4591,-3056
-1049,-4104,1121,2562,4128,-3904,4324,-12754,1074,2525,6987,-3655
-407,-4832,1133,3089,8250,-3964,4648,-13562,1144,3194,8544,-2882
-985,-1362,1859,4096,10296,914,4770,-14770,1828,4621,10935,-2129
-4305,110,329,4420,11924,261,4104,-16610,2356,4497,11961,-2163
-1219,-1346,-4285,1024,644,1025,-714,-608,4124,834,4236,1313
-1243,778,1857,2818,131,584,3416,-14594,1830,3262,2583,-3510
-1369,-5114,67,2260,9824,-4056,3534,-12982,1680,2739,10028,-3949
-1433,-3334,3,3089,8520,-4862,3440,-12198,640,3485,9504,-4577
1223,-5328,-157,2328,8576,48,2690,-12820,-126,3959,8577,-4333
-1365,-5328,67,1536,2257,80,1410,-13508,90,3911,7733,-3188
-7057,-1386,1129,560,8328,2562,-2666,-17374,1182,2780,9384,3177
-21767,-3374,385,2690,992,2077,-5234,-19748,1758,2728,13486,10617
-9177,78,-191,129,4104,1040,-4754,-13034,-1792,83,16561,15204
-9369,-554,-7799,11264,2560,10577,-1588,-7296,-3206,-3346,-2014,14507
-729,-3470,-7343,0,2066,384,4018,-7870,-2456,475,-5273,18161
7399,-5506,-4255,2080,1856,1041,5182,-5662,-4240,3035,-2284,20227
2731,-3472,-8383,1546,12872,8236,5152,-4038,-7312,3555,-1836,10926
6759,-2066,-8239,8290,944,7,4468,-2582,-8210,-8222,1984,5983
4907,-5496,-3181,4100,20776,11784,5274,-3558,1706,-18035,-1377,-1046
6785,-12608,1865,4096,6234,5952,11312,-9036,20194,21503,-3663,-13778
-927,-5512,1489,10624,-5632,1552,3190,-6432,6864,11271,-3510,-10960
8771,-11410,429,12296,524,2864,948,-7246,-2666,13857,3979,-9066
2347,-4432,-8219,9,73,8460,3254,-6754,-5296,7638,56,-8559
2347,-8080,-6315,1024,-11904,17440,2234,-8330,-3048,11318,-10008,-14973
-1113,-3462,-121,200,-7871,15872,-772,-12206,208,9476,-3052,-16378
-4977,2706,-6847,163,-15616,16914,-6858,-15508,-3400,13990,-16833,-15767
-19673,-3250,1363,12296,194,24,-1938,-15452,1380,12233,17290,-18684
-5517,-1394,-125,49,3200,8210,-5210,-14828,-4766,9514,1210,-6590
-5593,-142,833,4,0,522,-2060,-16592,1570,9856,-3132,-7662
-7505,-4214,897,6702,5768,577,-78,-13300,494,6427,8265,-7117
-6999,-5490,979,8,4,1063,1414,-14142,948,4619,5587,-6667
-8665,1662,841,85,504,-7971,638,-14866,1620,4684,2905,-6793
-323,-5518,-185,880,-3872,-5824,2206,-13110,48,4656,-3888,-5758
1211,-4910,449,9,-6976,-8174,5820,-13302,1246,2763,-2427,-3981
1079,-4882,2133,868,-6964,-3836,5698,-13432,2646,853,381,-3299
1191,-4978,-45,2368,7184,-7168,5510,-13456,1410,2454,7394,-5092
1193,-4492,-143,97,5141,-7520,5660,-13104,1534,3234,7310,-5485
2733,-5488,1857,576,1056,-8039,6772,-14218,2566,2358,9652,-6098
-1397,-5490,1857,4114,16928,-7798,3764,-16648,3004,4143,16971,-7614
-1049,642,1,2048,5152,-8140,3426,-15726,2242,3435,13710,-8243
-1241,-234,-183,3074,1283,-7920,3080,-14386,1038,3445,8977,-7649
2647,-4366,2093,2122,5928,905,3622,-11948,1308,2079,5733,-6349
295,-3282,-191,682,6210,84,4998,-11854,588,714,6283,-5945
-461,-4340,1485,4,512,292,4662,-13256,1602,231,7268,-4757
571,122,1603,3081,9232,-4096,4912,-14124,1328,3268,8749,-3624
-905,-5506,-77,2304,4626,-5628,4678,-13846,2898,2138,6418,-4376
-777,-4092,-167,22,2624,-2992,3984,-13020,974,924,3424,-2818
-1237,-1042,-31,2052,768,-2528,3116,-17034,3292,2342,3954,-2058
43,-5490,-177,288,1026,-2816,4620,-14402,870,1408,766,-2911
-1351,662,2531,129,4235,-4048,3796,-14712,2298,1055,6310,-3975
779,-4434,833,1033,4768,-4093,5192,-12220,806,1793,5070,-2716
2631,-5502,-179,2058,4384,-3072,5526,-13166,1234,2574,7255,-3036
687,-5498,1093,0,10258,32,5162,-14136,1228,4433,11241,-3474
-1233,752,2161,4352,8721,4,4542,-15044,2150,4591,15057,-3103
-5457,-2896,2005,4256,10240,8,2968,-18112,2664,4969,14963,-2903
-175,-5522,-189,3085,8328,-3323,2272,-13678,1946,3302,9083,-3296
1385,-4818,-191,1536,4353,-4096,2284,-13274,1998,1343,4510,-2908
1841,-3986,1245,1760,288,-2300,3026,-12290,1318,2194,6337,-2291
-717,-5514,1347,2048,7715,33,3496,-12952,1560,2483,8152,-3520
1131,-5330,323,2163,5120,1024,2612,-12670,238,2803,5077,-2634
103,-5130,-151,1030,1411,65,2570,-12620,266,3131,5531,-2926
-9273,-974,2497,912,4614,-5885,44,-15956,2672,2847,7247,-887
-21393,-4942,4161,1058,2048,552,-2890,-21988,4128,1820,11643,10750
-25623,-5426,-59,1,1504,144,-7722,-19024,-1316,4893,16992,19302
-3479,-4158,-7815,4352,1158,1347,-4,-10028,-3434,5860,-5692,14001
4783,-5266,-4213,1856,-6102,2336,5764,-4206,-3550,4769,-4980,19386
6739,-4968,-3195,4772,5632,4096,6312,-3530,-1506,3406,984,20364
7339,-4690,-7069,5136,8616,4736,8468,-4736,-4662,5289,-1759,12919
8055,-5262,-5695,4112,769,4163,3970,-2372,-6266,-3694,5229,6049
3879,-5506,-7359,2066,4416,4109,5748,-2592,-4574,-14782,3592,-1283
-26073,-1266,17793,196,2056,1157,4800,-14962,16922,5253,171,3758
-9177,-11150,-89,90,4736,1024,-6538,-7946,928,1421,3356,-7380
-441,-11636,-183,8704,704,6552,-220,-7968,-412,11519,2693,-9477
-1163,-8964,-3695,8212,6,524,2408,-9232,-812,13275,1404,-8157
-457,-9594,-4157,10244,-7416,16529,1318,-11576,4936,9970,-4546,-14359
591,-5454,19,128,-15740,2852,1354,-10344,656,8126,-4686,-16461
-1983,-5522,-3743,578,-5312,16512,-1886,-12518,-2662,9544,-2033,-15925
-9553,-5458,69,769,2210,3089,-2094,-16330,1770,9724,8599,-17143
-9657,-1360,353,8204,30,5160,-1756,-15900,-1298,8512,19351,-10246
-6157,-1418,93,8448,577,2052,-5616,-17326,-2552,9912,1642,-4664
-8391,-5522,323,3108,153,-3520,658,-12804,72,7386,2404,-3505
-8073,-4974,-2015,4096,386,-7661,486,-12588,-610,6124,8363,-5336
-439,-5458,-2109,4233,-2043,-7911,1882,-11988,-630,6226,-2228,-4785
-1459,-4498,971,4106,-8128,-8062,4052,-12378,1134,4122,-3562,-4986
-233,-5514,-189,192,4707,-6912,4640,-14216,1684,4654,5099,-6446
585,-5522,-63,4944,136,-6782,5088,-13982,1164,4923,8898,-6737
2921,-138,1665,1669,8276,1201,5408,-14822,1912,3593,9730,-6535
-1429,750,385,16,60,9,4276,-16196,1844,4463,12416,-6802
-87,-5232,-179,3650,3236,133,4266,-16490,2380,3541,12211,-7998
-1409,766,1101,4436,212,59,2886,-15546,2164,4083,8444,-7852
-1465,-4178,577,1594,300,1056,2784,-13080,1954,3700,5466,-6717
-1417,-3960,1897,2114,74,298,4412,-12424,2044,2267,5119,-5327
-1459,-5522,897,2119,4,16,4124,-12734,816,2430,7225,-6046
1257,-5390,649,1089,34,-4056,2962,-13790,864,3102,4558,-3900
775,-2930,1305,2,128,-6142,4534,-13848,1636,1777,5520,-5117
-473,-5262,1619,398,278,-8191,4648,-13880,1586,-21,948,-4696
-1461,-1170,453,679,3,-8058,3748,-15592,3194,2603,4229,-3446
575,-58,-189,656,4,-6080,5482,-14352,2224,729,6090,-2012
-1495,-5458,2483,8,3136,-6395,4184,-14062,2328,751,8160,-2340
-1225,-5212,51,1792,6176,-2588,4420,-12608,1216,1793,7317,-2545
-921,-4358,1379,8,6684,-3808,4888,-13082,1482,1913,7123,-2829
-1417,-5454,-159,770,9226,-3567,5040,-13476,1214,2907,11512,-3550
3399,-4946,961,656,12816,8,4814,-13592,996,2717,12882,-2177
-399,-914,1857,2432,4625,-1024,4330,-17020,2038,2490,13353,-579
-1231,782,81,4224,8552,5,3772,-17832,532,5422,14544,-1818
-469,-5456,901,256,1536,-3007,2086,-15176,1138,3559,7477,-2656
1639,-3922,81,3856,4262,-3679,2424,-12290,440,3879,6981,-3456
3111,-5394,-189,3595,1026,-2636,3506,-11578,274,3977,5761,-2656
-1497,-4240,-127,4480,2760,0,3228,-12364,-14,4640,7217,-2862
2183,-4160,-2811,4392,8704,-4342,2678,-12806,-370,5545,8820,-4263
-1449,-4978,461,2048,72,-4016,-1008,-13708,1370,1848,3907,-3522
-19909,-368,4947,12,644,7318,-2442,-16740,6768,513,1795,7825
-21833,-3446,869,3,5376,9216,-4248,-20334,3252,1733,6039,13648
-7257,-5048,-2743,3074,128,11384,-3042,-13234,48,7435,10839,11473
-9683,-5522,-7347,1037,648,8712,-3752,-6702,-6554,4247,-4132,12485
7079,-5218,-3865,4739,4104,99,3644,-5194,-4580,5435,-2658,18448
4749,-4178,-6255,6434,6476,16500,5328,-4370,-4920,6635,-2273,17348
8987,-3402,-7319,2140,1157,9476,5658,-3712,-5560,2398,1678,11454
5295,-2610,-15367,7872,170,2144,5726,-2910,-6582,-8843,4204,5658
-24017,11374,-30299,4104,4608,1037,-25812,-17064,32471,-15590,13393,-5838
-7513,662,7235,576,2066,52,3816,948,11382,2564,12828,-5575
-1149,-7434,2379,8515,586,32,-1002,-8034,-2126,12442,5724,-6684
6825,-9518,-5759,9802,3488,8195,4448,-11282,-2708,11466,-2977,-5699
39,-8434,-7935,10370,-12542,16402,3426,-8466,-5106,11083,-12981,-14053
935,-9232,-6079,8196,-10972,18953,766,-9970,-836,7563,-9757,-13661
-4953,-5408,-4119,2,-8160,5579,-2936,-12166,-5484,10889,-5744,-19299
-9169,-3076,-191,256,9228,5304,-3378,-14316,634,11661,10300,-17040
-9545,-4218,-4007,2306,5184,8550,-3842,-12750,-2390,10213,14555,-6806
-8535,-1362,-63,384,-4032,1208,-5482,-14490,-1948,10518,-4243,-4844
-1479,-4746,833,642,147,-7909,1482,-11332,1650,6864,-3958,-7533
-1465,-5490,387,3200,1078,-11647,-1064,-13106,706,3842,636,-8325
-1481,-5514,1365,1809,1162,-8191,3214,-11428,1220,1825,1094,-5594
105,-5392,1569,1035,148,-8190,4564,-11750,1484,1513,181,-6761
145,-5470,1929,612,130,-8160,4698,-13910,1888,1851,766,-7539
2603,-330,489,2244,5121,-7637,5508,-14526,2466,3097,6062,-7582
8999,-5456,-4207,2666,224,-9437,4692,-17334,1484,4225,8320,-8723
-1495,1390,2241,1202,2054,196,4572,-15238,3240,3052,11484,-9428
-1465,1146,1345,512,18,226,4842,-15856,3710,495,9835,-7327
103,-5410,1861,290,8192,1041,4820,-13910,2978,384,8315,-6352
849,-5518,1913,5250,9219,928,5326,-12010,2038,-324,9988,-6145
615,-4994,-173,5136,8491,257,4958,-11522,472,-1310,12847,-4671
-1497,774,1137,1832,9731,-6104,4366,-15026,1226,2195,12215,-5781
-1361,670,641,1283,9492,-6079,4094,-14948,820,3381,9558,-5790
-1417,-882,961,11,8708,-4079,4508,-16970,1372,351,8797,-3269
-815,-2914,81,236,11274,-3176,3976,-15236,-24,2214,11462,-1058
-985,-4434,-191,5344,9233,-2302,4414,-13214,298,-410,9350,-161
-1457,624,-157,2124,8272,-1133,3024,-15252,336,2374,9513,-176
-857,-3884,-1041,4110,8785,-1358,3548,-11538,-2162,4115,7510,-1201
711,-5010,-1809,2136,528,18,2704,-12826,-748,2659,4423,800
-297,-5250,323,96,3075,-1960,4652,-13512,792,4446,7761,-1995
-1465,-306,961,160,9352,-480,4026,-15716,1454,4320,9988,-61
-1289,-138,1093,1160,8194,512,1886,-16434,1518,7298,11408,467
-961,-5322,-185,136,526,-1904,364,-14320,642,6347,7897,-1370
1831,-5518,963,320,73,-2942,1882,-11830,1078,4388,3247,-2566
2791,-5010,835,3214,1130,-3046,3386,-11520,1108,3983,5862,-2463
-1493,-5482,465,4098,529,18,3034,-11676,488,4339,6687,-2526
-1361,-5518,-111,4096,1544,-3199,2526,-11944,152,5105,5951,-3177
809,-4112,-59,4131,65,273,1008,-4414,-292,4183,5820,-3448
-7597,-5486,2499,4482,4282,-3320,746,-13130,2590,4493,7544,-3103
-21715,-5130,2753,2134,10257,52,-5066,-22808,2630,2575,10591,3174
-26057,-146,-159,1056,4896,9352,-5586,-16702,-68,1205,15224,14053
-7637,-3342,-4255,7328,5380,900,-7376,-10976,-4104,-945,6336,17266
-1493,-1394,-2989,132,0,4864,1288,-9566,-2654,1340,-5857,22248
6747,-4384,-7823,4897,11389,16417,7748,-4594,-5596,4129,-4713,23020
7095,-4428,-8233,10504,10016,16396,9974,-7538,-2316,-5230,7135,16250
7417,-5522,-16023,8448,5140,5384,5080,-2774,-7852,-8422,5582,5481
3703,-5458,463,16433,530,12324,5766,-2466,4108,-16372,1407,-1648
-183,-5448,2181,69,8320,4200,550,-15580,3014,21101,-3695,-10309
-1497,-5522,1861,6401,3072,4164,832,-8414,4172,7209,-3235,-7704
7003,-9266,-1851,10016,540,10928,2456,-6536,-2780,12341,-1357,-5564
3179,-6288,-2233,12418,-4088,5762,4346,-7244,-5714,12526,-4956,-8772
1331,-9104,-2495,12322,-7168,16392,2068,-8938,-3368,12795,-5042,-14623
-9145,-4848,-4151,10240,129,1104,-658,-12320,-2580,11704,825,-17148
-7631,-2958,-3965,11272,1036,3020,244,-16572,-2592,13803,3024,-17101
-7573,-5426,-5173,9,2328,16649,-5182,-13460,-4628,11363,6101,-11767
-21899,-882,-4013,12548,2176,4240,-2514,-15804,-2658,13224,6720,-11740
-9241,-3470,867,12808,10504,202,2148,-13978,422,12819,13678,-7844
-9673,-4754,-3007,264,73,2948,-1486,-12936,-2248,10477,6562,-5127
-2221,-4362,-2171,178,1281,20,-876,-13350,-2688,10782,-1604,-2196
-1497,-5470,903,1632,-10861,-2928,3772,-11544,32,9503,-11689,-3099
-1105,-5450,-2687,5708,-15338,-6854,3004,-12918,260,4982,-10377,-7016
-399,-5490,-95,2,896,-7911,4446,-14012,396,3060,9215,-7685
-441,-978,-117,294,5706,-7152,4108,-14104,796,4093,5692,-6539
6791,1140,841,2690,4362,-6890,6258,-14044,2598,2721,5312,-6620
-979,-4498,4929,2070,4096,1280,4696,-16740,4902,3414,5720,-9034
57,752,4129,1144,4104,1024,4776,-14854,4206,3380,13375,-11162
-1107,646,981,1282,391,1188,4496,-15880,3580,1731,12623,-10377
-1497,-882,2117,1284,5256,2120,3904,-13802,3804,918,6639,-7931
2687,-3690,2089,8,5764,545,4498,-12054,2214,53,5891,-6667
883,-5522,835,3072,8482,1348,4012,-13102,2446,-592,8264,-6617
839,-3986,833,136,8384,2176,5216,-10770,132,-3438,14138,-6860
-1465,-5450,609,4296,8225,161,3356,-14046,690,-931,7994,-6523
-369,384,-191,4712,8528,-8062,4374,-14252,1136,-145,8605,-6842
-905,-914,-155,260,8224,-6573,4594,-15866,1618,183,8563,-5701
1113,-1296,323,4184,9738,-4080,5050,-12702,400,-1404,9323,-3339
-1497,-3898,1857,4096,8216,-6079,4436,-18298,1816,-1014,9692,-1964
-1497,-1426,-191,548,9733,-3771,4788,-15040,238,759,9796,-1579
599,-754,325,5200,8578,-4312,4526,-15458,-734,-555,8541,-162
115,-5486,23,266,8193,644,4776,-13842,282,2401,9930,963
551,-3794,-251,576,8210,-3840,4978,-12388,-616,2862,10673,-847
-1177,-4882,1,32,9225,-2798,4324,-13656,-324,2831,9799,-609
-1481,-5394,-191,2313,10256,-3420,5046,-13074,-1676,2417,9815,-575
-1327,-5314,-87,1164,708,1048,4778,-13388,818,2892,3215,1223
105,-5438,833,256,1060,67,4620,-14142,1214,3013,7447,-735
-953,-5070,1345,4114,9485,2049,3634,-17986,1478,4302,9956,-897
-1497,246,-31,4248,5428,2376,3114,-14458,962,5363,7577,-527
-1289,882,1377,4497,0,2370,3024,-14832,1522,4595,5795,-1803
-1369,366,-181,4224,66,305,2960,-14086,1794,4995,5890,-2649
2599,-4490,33,5218,4144,1056,3390,-12620,1442,5439,6849,-2458
-1361,-3458,835,4688,2098,1033,3522,-12152,970,4791,7117,-2600
-1479,-4352,33,4097,8260,1088,2746,-12418,764,4359,8170,-2674
311,-4446,387,4224,6657,-2558,2636,-12700,546,4581,6694,-2305
-1495,-5010,981,4112,8748,-2000,1400,-13790,1578,4438,9278,-1925
-6105,-912,67,4128,8854,194,-1692,-16462,2076,4026,13396,1512
-23297,-5522,355,0,4,12816,-7360,-20866,1216,475,19580,13756
-25397,2718,-191,8,12,4368,-8716,-13346,-2832,990,7288,20944
-4183,-2316,-6329,8401,2048,2176,322,-7766,-3754,1569,-12722,12938
2919,-5200,-4605,1094,-436,1029,4022,-4000,-3226,4643,87,19960
2599,-5488,-2713,3721,548,838,5898,-5986,-5692,4801,1576,23279
4907,-5506,-7853,4114,4868,16389,4544,-2798,-6706,3839,-2598,18765
3735,-4454,-8301,2432,-2543,2080,4698,-4394,-7070,2595,-3014,10541
7549,-3052,-7359,3072,808,1097,4640,-3006,-5332,-5087,527,6974
5175,-5514,-8253,592,804,2820,5964,-2892,-5404,-10035,3548,2493
6751,-5522,-4247,4,304,5123,4968,-4118,-1992,-15679,726,-2933
-26073,-15506,5481,-16345,2935,8200,-10798,26792,32471,-6542,32767,6020
8817,-7440,901,20752,2,10,10166,-3522,8872,20971,218,-13768
-3415,-10122,181,12449,3138,296,-1900,-8772,2384,12662,-1676,-7592
6955,-13714,323,8359,1894,8352,-1764,-8138,-5396,12450,-2872,-5771
5675,-9326,-14173,8449,256,144,5620,-9880,-7782,13464,-3983,-8775
6951,-7530,-3647,14356,-14191,834,4338,-10594,-2360,13702,-4880,-14985
2615,-5520,-2175,8204,-20416,512,3544,-14096,-1556,12074,-3833,-16203
-7497,-5326,-6751,8872,2944,16864,-2486,-12768,-4990,10289,2882,-15217
-10713,3694,3937,8358,-16060,17408,-11580,-12858,-5276,12172,-13501,-14628
-9641,1718,-175,8209,12716,522,-1708,-16054,122,8695,15219,-15864
-5353,-4242,2245,12364,6208,8292,-3916,-16790,-4462,12286,5554,-8070
-7065,-338,723,2240,-3224,617,1572,-16556,-24,11161,-499,-5340
1831,-5266,-191,516,-2046,-7935,2080,-13552,614,9867,-1829,-7597
-341,-5522,585,6152,10515,-10220,4802,-12494,1514,5916,378,-9703
551,-5264,385,2197,2064,-9215,4734,-13930,1494,2688,6986,-8887
135,-5452,483,386,4513,-5115,4488,-13660,1382,2612,6529,-4542
3799,-4498,993,2,1116,-2800,7102,-13372,3182,2005,2059,-2738
-1321,-4856,3941,257,2146,-6127,6752,-16580,4052,213,11848,-6124
-3009,-5490,4003,64,18564,-9198,5426,-16910,3936,1222,19271,-8963
-213,-874,-151,2051,17776,-9952,4800,-15604,1488,2674,18186,-9501
-217,-4482,-1627,272,4553,519,3962,-12422,-874,1114,13104,-6645
2673,-3892,-1215,456,128,8,3470,-12238,-436,759,7157,-4999
2599,-898,-123,298,545,513,4822,-14444,814,2584,1486,-2723
-949,-522,-61,392,4293,32,3480,-15538,676,2969,4458,-1752
-1097,-5264,2113,2188,2178,-684,4402,-13802,1832,2574,7666,-731
-1489,-4482,1867,2048,3362,-2974,3126,-17000,2810,3668,12225,-2793
697,-5450,-1077,4144,6246,-3936,1752,-13776,-1150,3851,5551,-993
-1251,688,609,1184,4424,-4074,2946,-15650,584,1819,6600,-3555
-1175,886,-189,4312,2480,-3039,3826,-14670,806,4527,2570,-2716
87,-3646,-189,3,160,-4055,4704,-12164,716,3182,2179,-2395
841,-3986,1019,64,2224,-2988,5348,-12210,956,1835,4218,-2200
61,-4834,1905,128,4369,-3520,4532,-13092,2436,2296,6693,-1231
-1157,-914,1037,640,6214,0,5516,-16202,3380,1680,6705,196
-5273,-4976,321,3125,10626,20,3086,-15198,3416,3299,10585,-2591
-369,-5394,579,1220,4864,0,686,-12694,-634,2725,5060,-5502
-273,-3462,961,648,2448,-4032,4386,-11820,2638,1625,3759,-3688
-185,-3218,417,1362,9637,1164,4080,-11864,1562,1962,10454,-4388
-931,-5394,849,2052,8246,264,3362,-12922,1098,2809,10902,-3324
1703,-5194,609,2240,8458,-3743,2682,-12824,694,3545,8555,-3665
-8629,-1418,-159,3208,8402,-4082,458,-15686,1146,3159,9146,-1133
-20953,-5520,845,2192,12577,4499,-4220,-20366,1528,2353,12949,7125
-20653,118,283,2050,1306,13456,-4392,-16040,302,3104,12076,13621
-21649,2798,-4287,2328,801,12640,-1942,-11880,-1458,3788,9704,14247
-7127,-1154,-7339,8282,-8086,17127,-2716,-2868,-4248,-8279,-7615,19068
2599,-2992,-2671,1088,-6016,10624,3562,-6084,-2780,5399,-5985,16082
4143,-5522,-3731,6424,6145,5219,4488,-5774,-3744,7293,-768,15419
2667,-3198,-7355,2725,817,8332,3374,-2830,-5058,4110,203,8244
2727,-1360,-14855,8194,1222,4251,3056,-1174,-6396,-6375,2568,6869
4647,-1424,-2227,12842,1536,4736,4924,-3004,-530,-17059,1863,-3949
15463,-2322,-14075,2052,2048,4576,1876,-5774,-14358,24111,-13750,-17982
3023,-9486,4935,9600,4610,1366,1330,-11844,5838,12134,-10749,-7961
4201,-3466,-4671,10256,2383,1691,6870,-7492,968,11027,3369,-4749
4915,-5266,-4255,8200,-3992,16480,5382,-7504,-2482,9559,-4273,-9318
-473,-5510,-8345,11940,-16255,15361,184,-10602,-2580,12116,-6657,-17109
-2073,-5488,-4251,646,0,6208,-1976,-13022,-2746,12976,297,-17757
-7561,880,-2231,776,256,16417,-3252,-15278,-1746,11907,5466,-12561
-25797,-4728,-1863,13314,-2272,6656,-3736,-14378,-318,13527,471,-9660
-5513,-5482,-4411,536,8784,9219,-2100,-13694,-4240,14097,13691,-7003
-7641,-5038,-55,99,32,180,604,-10216,-5438,12593,6329,-4135
-8133,-4482,-4271,259,0,-5118,472,-12916,-3056,12747,-3568,-4691
-1483,-5234,-3261,2752,-6140,-7408,1936,-12916,-490,10702,-4377,-5435
-193,-402,713,576,577,-8152,4740,-13532,1046,9027,212,-6749
563,-5394,-183,6208,4,-6877,2008,-13992,152,6680,448,-6281
39,-5506,1857,3088,1,-5848,4606,-13596,2440,3126,1013,-5991
-377,-5266,-59,517,4580,-7542,3848,-13930,1948,2634,4704,-7493
2639,1136,577,35,609,-8192,5468,-15632,3632,1558,2131,-5449
1063,-5518,1153,302,4880,-5952,5492,-15850,3652,1942,7368,-5445
-1457,-5522,1219,918,2116,832,5412,-14760,3828,966,10657,-6559
-337,1800,-15,582,6226,512,4276,-14302,3136,0,0,0
2697,-4474,851,2337,8194,1024,4114,-12812,690,3083,11078,-8667
2607,-5456,65,1064,8193,520,4486,-13472,472,3173,9266,-7502
-1369,174,-63,524,1800,512,3574,-14212,378,4068,7887,-5530
-191,846,841,4240,8896,134,3512,-13836,698,4836,8268,-3525
167,-5520,2309,4122,2217,-5492,6086,-11468,4150,4458,9570,-7162
1575,-5518,-63,128,2865,-5596,2758,-13668,812,1854,2109,-4516
-969,-5250,97,2057,-7217,-7168,4168,-16256,2586,1287,-1408,-3220
-4021,-4368,3437,128,2304,-3936,4410,-18130,3602,1130,4308,-3444
-153,-4470,-157,12,2162,-3952,4508,-12272,1108,632,2279,-1894
-1453,686,2757,20,256,-3872,3984,-14948,2614,171,5430,-2288
-217,-4962,1363,161,4096,-2005,4422,-13160,1410,2290,5686,-2024
-1241,-4962,1489,2702,4148,40,4746,-13448,1746,2740,8165,-2379
-1233,-1394,433,3456,8194,0,5190,-14486,1710,3566,12741,-2491
-711,-386,1941,520,8712,276,4692,-15108,1860,3635,15242,-1063
-345,-4664,913,0,8996,180,3940,-17284,1430,4336,15117,-623
1319,-5522,851,88,2305,-1335,2176,-13092,794,4572,9855,-1888
811,-5504,965,3073,514,-2656,2974,-13880,1498,3478,6288,-2596
2863,-3402,1357,4100,128,1,3212,-11680,1238,4688,6508,-4518
-1229,-5496,215,5229,0,1794,3238,-11882,-120,5319,6670,-4326
631,-4464,-2361,6176,7477,1064,2368,-12844,-414,6294,7577,-4705
1223,-4490,-191,6152,6484,21,2612,-13036,-362,6361,6658,-5013
561,-5516,-2223,2197,4224,0,1456,-13394,-1898,2687,4248,-5293
-5581,-2578,417,5632,-7084,280,-5634,-17236,7540,-2949,280,6694
-25033,3202,-111,4661,328,12288,-3818,-21020,4596,6087,7797,12458
-25127,4734,-1581,5898,66,260,-7174,-12530,-1028,8009,17669,13742
-861,-1378,-7287,401,576,1096,-2560,-4906,-10306,1456,-1477,15730
8807,-2274,-8071,4352,133,4096,5366,-5910,-2988,5046,968,22235
5675,-3396,-6689,1024,640,16457,5880,-3708,-4630,2651,2758,20408
4203,656,-8221,2561,1030,8608,4508,248,-8620,-4726,3592,12627
2601,-4494,-5243,1362,1425,5378,4842,-2748,-5070,-12565,886,4606
-17097,-5264,27641,-16123,10097,73,-17860,26792,32471,-10855,30745,6401
-1325,-5454,881,0,1600,1040,1240,-4428,1838,8212,4729,-6010
3879,-9106,675,5633,8712,289,3900,-6428,1430,7760,-2273,-6740
6715,-8466,-4269,9344,2116,9216,4714,-8838,-3268,9241,-4649,-7523
8839,-9346,-27,10906,-7648,305,4762,-8678,-498,10513,-4020,-15319
2935,-5010,-3583,8374,0,36,3674,-10632,-3028,7801,767,-17794
-2449,-12626,-4221,11,4368,10245,-2336,-14118,-2578,7727,-2862,-20944
-16583,-3346,-20477,580,-32768,2600,-23064,-17438,-3798,19862,-32768,-21511
-21463,-5250,609,2944,8448,15376,-3626,-13364,5706,6890,14680,-16830
-21719,-4480,321,12481,21520,0,-5850,-19600,-4076,13440,20599,-14258
-1495,-2064,2123,0,553,9728,1756,-14532,28,11953,1631,-4216
-1293,-4034,-175,9237,816,2312,2188,-15434,2448,8060,3540,-5278
1575,-5188,-191,455,168,-8064,2554,-13296,-166,6419,3572,-7331
2735,-3842,1921,64,-1790,-5040,4858,-12324,1976,1227,-1084,-3917
1095,-5266,-191,704,2210,-7664,5696,-13256,672,1826,6073,-5850
6697,-5010,1417,3156,266,-5792,7488,-13506,1328,3610,2070,-5183
-145,-5502,837,54,257,-7680,6612,-18154,2858,2441,9313,-6696
-983,1518,3937,1028,312,48,4886,-15372,4050,1072,10718,-6280
-469,788,1867,64,22,661,4040,-15214,2486,1339,12311,-8496
2633,-5394,1857,71,2052,1152,4184,-12664,944,1625,10932,-6970
-405,-5500,-63,4736,8512,883,4364,-12442,138,-87,9564,-6125
-435,-5362,-179,8,8212,1236,4618,-13030,-328,418,9209,-5041
43,690,1121,1572,4612,-4092,4688,-14304,984,1787,5875,-3577
-609,622,1139,1799,5120,-3580,3734,-14238,1534,1734,7273,-3396
-1407,-370,1883,662,1027,-3815,3432,-14618,2020,1737,5629,-781
-1241,878,3207,4,32,-2048,4240,-15084,3368,2935,5455,-1630
-1241,-5370,833,864,4616,-3962,4970,-13708,1090,838,4427,-3189
-1427,1136,2159,16,276,-3838,3444,-15554,2070,2401,5693,-2794
-949,-5474,273,2185,1184,-2432,4470,-12588,124,2476,5091,-2336
-457,-4466,-153,0,140,-4054,4482,-13192,1138,2043,3538,-2026
-1223,-5474,1345,257,4268,-3980,4706,-14126,1286,2896,4605,-3026
615,-5354,849,2245,4161,-3998,4944,-13908,1444,3283,6698,-2764
871,-5522,1873,312,3616,-1662,5282,-13616,1898,2947,7839,-1569
679,646,1971,266,9889,8,5578,-16290,3020,2549,10461,-1697
-409,1148,2261,4096,10257,1416,3866,-15082,2630,4124,11228,-2096
-473,-5392,993,3406,1,34,4238,-15364,2910,3502,8918,-4122
-1497,366,145,1056,7340,192,3004,-14004,1916,3109,7692,-4873
2921,-2962,-189,2088,80,-4704,3796,-11456,1514,2431,5258,-4660
-113,-5358,-139,1181,6676,522,4214,-11714,978,1448,6693,-4345
-1205,-290,321,264,8225,44,3424,-13382,1598,1947,10037,-3750
747,-5504,-53,232,9329,134,2588,-13584,198,3307,9459,-3875
-727,-5458,-183,720,2304,-3032,1564,-13934,378,2815,6199,-2301
-9497,-452,259,216,2228,448,1148,-15284,2844,2312,6681,647
-19273,-3982,-47,138,1286,1027,-2928,-20858,2646,2332,10164,6117
-20183,-370,1953,2053,272,10544,-3576,-17432,2284,2781,13237,12078
-9623,-5200,-7863,13312,2717,144,-6010,-14820,-2836,-352,18943,17391
-9481,-5522,-7227,2576,4100,256,-3946,-10458,-4136,-9254,-8960,21637
6707,-5440,-7007,2200,3688,6416,10106,-5220,-4496,7237,-8228,24829
3631,-3458,-3255,577,10387,16540,4702,-3162,-1358,4227,-1457,18736
5703,-4450,-13501,4992,1697,4101,6120,-2316,-9874,-2507,1047,4411
7731,-5474,-3573,82,16387,11024,6448,-5624,-622,-15951,-6883,-1694
8999,-5478,-95,1104,1428,1067,-7954,-10338,-6990,15673,-14600,-12314
9263,-9194,1547,8704,1028,10,2524,-6390,2994,9826,-7236,-5011
7495,-8586,-3263,9217,-6392,1220,4232,-6940,-1022,9024,-1847,-5929
2599,-4492,3973,656,-6073,2148,4052,-5840,-4142,6942,-3416,-9524
1579,-4456,-3183,258,-5566,16645,1970,-9228,-3494,8632,-1453,-16212
-7597,-4358,-3615,0,1024,4613,1892,-10534,-2582,11127,1635,-17791
-9295,-4994,-5231,2176,4098,4131,-4986,-14136,-3458,11366,6170,-18982
-25047,752,-3261,1290,2,16400,-4618,-15320,-64,12096,4189,-15679
-9241,-3120,401,10390,18,4160,-4538,-15026,-3822,11729,21199,-9195
-9605,-5330,-143,0,1090,6272,-568,-11328,-2272,11603,1004,-1246
-8529,-5220,-2199,20,2136,3170,522,-12424,-440,13788,2954,-5132
-725,-5138,-187,2122,-10240,-6136,4648,-11924,1594,11690,-9516,-6729
-975,-1008,-167,4872,-5504,-11256,3454,-14736,818,7962,-4701,-8677
1735,-402,1869,4224,835,-7604,6120,-14598,1894,4319,1610,-7541
2603,-394,1217,2180,4384,-8192,4226,-15116,3140,3279,4595,-7241
-1275,-4606,915,1920,137,-8064,5386,-17070,3056,1906,5602,-8019
829,1166,867,10052,282,420,6414,-14566,3448,-131,7172,-6786
687,1282,1861,550,2320,1411,5266,-15306,2956,906,16326,-9107
41,-5522,91,2053,8336,2609,4356,-13622,-130,2441,14006,-9161
807,-4690,-59,1033,8224,4240,5220,-13382,-124,1634,8209,-8728
-721,630,-187,137,1676,176,4826,-14610,-76,1183,5706,-7991
-465,914,833,16,201,-8184,4406,-14918,1284,1336,5869,-7535
-697,1152,2121,1028,1794,-6844,3698,-15658,2074,1226,5957,-6270
-1455,882,2433,17,0,-8160,3424,-15250,2666,488,5780,-5211
903,-5514,2441,6817,4488,-7679,5374,-14274,2414,-354,5618,-4613
-281,630,2369,148,5149,-6783,4578,-14850,2498,969,7444,-4693
-961,1270,1869,6320,4098,-6116,5380,-14614,1772,-361,6670,-4302
647,-5522,545,800,803,-4063,5270,-13924,1636,754,5968,-3602
1715,-5202,-75,5,4628,-6399,6106,-13272,1058,626,6808,-4285
1847,-1652,-191,1048,8216,-4047,6322,-14452,1048,1265,8362,-4011
847,-848,1477,1313,8704,-4064,6732,-14366,1634,1965,9859,-3535
1063,626,1033,153,8208,130,6604,-15808,2994,1527,10893,-3704
-1411,918,17,2306,9220,256,4734,-15644,3092,2242,9832,-3692
655,1902,-183,215,8960,512,5400,-14434,3716,958,9151,-5679
571,-5372,-171,1058,1027,170,4856,-13354,2244,1196,9110,-5329
2607,-4882,-191,944,33,-5504,5138,-12458,1822,942,10500,-5359
-213,-5006,991,1286,2049,-5118,4694,-13568,1428,1461,11577,-4914
-441,-5508,1025,2562,2244,-6010,3972,-14110,1498,2692,10335,-4731
-985,-5388,-173,240,8321,-6141,3338,-13942,1848,2447,8280,-4269
-7225,-5458,2901,1756,2056,-3568,1272,-14196,3584,1675,7806,-1129
-9625,-4722,4685,580,8312,4673,-2758,-22326,8414,1431,9688,5227
-20697,-5454,6535,5760,4170,33,-1868,-19500,6308,5703,14336,12989
-21975,-5006,205,4736,514,529,-5304,-16350,1872,4791,23425,17994
-21713,-3386,-13499,2176,2050,82,-9620,-10422,-7536,1070,3706,19039
691,-368,-6059,8713,650,3591,1634,-7190,-6158,-2404,-4634,19347
4647,-3046,-5119,1037,-4057,6144,6116,-9462,-2814,2712,-2836,23234
7207,-4690,-8255,26,4117,552,7336,-5054,-5562,1649,5005,18850
2631,-4874,-15855,9513,5122,2196,4336,-4230,-9782,-7290,6820,11615
7015,-6512,-8247,14880,20560,5154,4370,-6554,-7728,-18090,-3252,5232
-26073,-5522,32576,-32768,32767,5508,-6208,26792,32471,6519,18247,19115
7899,-3602,941,192,12,5232,10180,-2036,1570,11353,2666,-9564
7731,-9010,393,4132,4280,8968,2466,-7542,1846,4950,-1234,-7648
7463,-8714,-3775,8705,6232,8592,2952,-5454,-3336,11725,4753,-7460
-1233,-4466,1089,10324,4512,4096,3464,-9040,-8136,11880,2766,-10874
-1231,-9230,-4135,9632,-12200,14853,2844,-10356,-1062,12928,-3768,-18233
-1201,-5510,-687,520,-14319,4193,954,-9982,-540,9006,-5887,-20246
-9049,-5260,-3967,88,-10844,4712,-834,-12940,-2078,8543,-172,-19397
-9543,-4238,417,184,-8062,20611,422,-11188,866,9991,-4993,-13124
-7111,3664,1369,4,1156,162,-4336,-14542,-1032,12589,15792,-20058
-6617,-4812,369,9350,1064,1024,-1480,-15618,-1828,12044,12808,-14575
-4565,-1282,-63,9608,768,8200,-3852,-16160,-3412,11977,1922,-7997
-3281,-4798,101,1024,512,320,-664,-18080,802,10244,1508,-7077
-785,-5518,929,176,0,-5624,2854,-12992,856,4477,9474,-5436
-1497,754,593,1,9792,-7935,2164,-15928,506,3284,11803,-5696
-1401,-5002,-1821,1155,-6142,-3840,3024,-12640,-200,4914,-2100,-1421
-437,-4734,321,1728,-8168,-5826,4268,-12496,1054,3921,-7535,-1669
-565,-4368,1931,676,-11508,-7208,4836,-13004,1940,2551,-2791,-3095
3369,-4434,2777,388,1280,-3308,5826,-13342,2746,2739,3501,-2148
1095,-4736,3937,2689,160,32,6596,-18344,4472,3056,9581,-4188
-1393,-5506,1889,2120,8288,1047,5170,-13700,3426,2213,13730,-6626
557,-5470,-191,264,8776,270,5074,-14206,2136,1923,13289,-7910
103,-4806,-59,770,8195,392,4500,-13274,1054,3027,8414,-5745
-727,-4234,-111,136,2048,2657,4918,-12828,868,2484,8104,-5629
-249,-5446,-187,274,8736,1284,3892,-13540,742,2822,11289,-6654
615,-5518,-191,88,9216,146,1328,-13390,-524,3883,8191,-4247
-967,-5502,69,136,8289,-5879,3426,-14190,420,3162,8547,-5759
-985,-402,2189,2789,1024,-7616,3520,-17544,2290,2805,3581,-4325
-1161,-1200,1809,2336,6,-3704,3308,-15762,1660,3923,4674,-3597
-879,-4986,1883,12,32,-3870,4466,-13382,1892,1176,4517,-3544
-569,-5522,1929,1090,75,-3279,3912,-14058,1856,1154,2096,-2227
-441,-4928,1025,1680,2048,-2916,4600,-12212,1294,1722,2052,-2890
559,-5520,1859,103,1092,-3668,5172,-13164,1730,1698,4287,-3637
583,-5266,2009,2112,5188,-4032,5032,-13622,2044,2541,8023,-3693
553,-5490,2883,2056,9218,76,4922,-13234,2836,2520,9569,-1927
-3541,-5482,4001,108,10252,2048,6174,-18796,4142,2002,10850,-1119
-5481,2158,2993,2304,9640,90,3444,-14212,2938,2780,11533,-2758