309,-1008,-37,-510,-252,2,180,-579,-102,-503,-256,63
201,4906,-59,-512,-204,56,182,-699,-102,-480,-208,38
395,-1040,-57,-504,-240,64,174,-627,-46,-495,-228,80
231,-1094,-109,-448,-192,192,158,-579,-62,-430,-188,208
405,-1040,-59,-432,-256,226,302,-639,-70,-428,-256,208
397,-958,-125,-512,-250,0,366,-571,-26,-512,-236,3
141,-1032,199,-448,-224,32,142,-507,-74,-480,-254,7
327,-1136,-117,-488,-366,-64,178,-695,-78,-494,-358,-109
325,-1088,-107,-512,-180,70,574,-555,290,-962,-249,28
399,-1048,-109,-1006,-157,140,310,-659,-108,-1023,-256,128
453,-1166,-107,-983,-224,3,334,-535,-38,-991,-220,11
405,-1036,-113,-1016,-490,68,384,-577,-110,-992,-446,64
393,-1160,61,-960,-384,131,96,-707,-70,-948,-255,12
393,-1032,-91,-992,-192,0,308,-675,-46,-975,-254,9
421,-1072,3,-504,-256,16,326,-675,-44,-496,-256,0
401,-1104,-25,-512,-218,1,342,-703,-42,-512,-252,-8
405,-1040,-45,-493,-254,-42,312,-579,-90,-478,-256,-40
661,-1058,203,-512,96,68,-146,-451,166,-494,290,64
2695,-1168,-119,-704,3457,1506,2882,-665,-10,-748,3735,1682
-4347,-904,1027,-1952,512,6576,-4536,-355,914,-1984,582,6912
-7427,3380,11,340,160,12688,-7632,3903,898,194,132,12417
-7507,-396,-117,-2960,129,16392,-7970,189,146,-2718,154,16641
-8377,-1164,-1139,-3064,26,12296,-8528,5853,-1126,-3573,649,11332
-4719,-1166,35,-4091,2180,128,110,-705,22,14,2133,265
-331,3030,-1909,2944,103,0,-426,3901,210,2952,0,68
137,1464,-4181,104,320,600,46,2917,-3686,3590,838,20
-379,-588,395,24,128,66,-264,-155,286,128,169,0
-379,-400,-125,-11487,1049,129,558,-179,20,-11648,1152,4
-4467,922,6167,-7644,17,8385,-4526,1805,6322,-7935,512,8534
3737,1048,-1657,-7144,1025,136,7858,-699,188,-6608,2176,146
3989,-1098,69,2579,49,128,4366,-705,-1374,2608,40,257
10373,-1112,-4589,8994,7329,4102,10338,-635,-4580,10432,7188,1180
10965,1024,-7739,8389,160,1736,10480,1791,-44,3211,1136,1636
10525,-1168,-6139,773,680,-220,9840,619,-6246,4,1171,2
12385,11248,-6779,-12859,2048,-12287,12564,11873,-6188,-8191,720,-15340
-377,7028,1931,-8181,10,-19704,-146,6461,4090,-8192,36,-20469
-345,976,-12133,-8178,71,-17280,-318,61,-12470,-8182,2,-16110
-301,-7932,149,640,5273,2,-274,-6851,226,644,5159,514
6933,-5008,-1653,8,1435,1224,7858,-3539,-2142,2,2080,6
4241,-648,-8139,1553,4748,65,4054,-63,-8248,1873,8192,81
12423,-78,-10985,193,24,128,12414,-595,-10774,-6524,5,0
151,7712,-6013,1041,4200,0,7734,8933,-6118,1024,2694,780
8487,912,-6733,-7924,128,-10781,8558,861,-7278,-11064,676,-10973
10149,936,-3965,-8192,18,-7798,10288,1341,-3818,-7672,128,-7680
10441,-868,-11769,2708,262,-8124,8114,-707,-12122,2656,208,-8178
7839,-1040,-117,-7530,22,-9216,8494,-675,466,-4182,-3438,-8736
-2683,-126,35,-22506,4192,2,-254,3949,-202,-16698,16389,-8430
-1527,7558,-4125,-10736,8208,-15871,-2514,9333,-12198,-12016,0,-17408
-2939,-528,8091,8256,2114,4865,-2514,13229,9236,8272,2048,5632
7877,2968,3973,1040,8244,12547,7732,3697,3996,514,39,13395
9865,-392,-8093,1088,1894,13058,9806,69,-8302,1360,1035,12448
9399,7600,-8631,5132,5120,1114,9650,7485,-9068,5648,5126,896
8421,-762,-117,2260,64,1420,9006,725,-5688,2250,86,1096
8933,5036,-7915,2568,5544,-16240,12688,14213,-7298,-10769,14815,-6189
653,9136,4231,-15583,16704,-14190,-446,9543,4434,-15868,18324,-14332
-347,2930,1293,0,6182,-13308,924,-163,-110,64,5256,-13308
-8491,-10510,-4157,320,2310,3216,-8450,-707,-3948,2316,13,42
7821,906,-1149,208,3840,6166,7890,1503,146,4692,8192,6160
10489,-1160,-7229,1292,8513,6252,7938,1909,-8298,1282,9248,8233
7979,-576,-9395,1072,11655,1028,8946,-695,-9810,684,12049,514
14597,114,-6141,-7402,3202,-12249,12356,925,-7786,-13176,262,-14040
-8491,3540,3973,-28647,520,-19410,-8464,-187,4518,-28523,1168,-19456
-8235,-4224,-14819,-13164,1120,-14299,-8550,-7851,-15470,-3210,5940,-10920
677,-1166,3971,2306,-16322,7046,3678,-433,4308,773,-15334,6785
8373,-2384,-1395,409,11272,2080,8252,-345,-1372,232,12958,7187
8023,-848,-61,64,64,200,8264,549,-8400,2328,9248,11185
10265,414,-9689,313,1,544,11082,16839,-8702,1950,4360,2167
7943,-204,-7291,-3548,2372,-8192,9290,11795,-5818,-839,-1888,-6289
-7787,2956,1157,-23807,680,-12144,-8514,3459,70,-24255,1098,-12194
-4355,-588,-3181,2312,1888,-11224,-4234,61,-7134,2496,1928,-10131
1673,-7024,-3543,-11776,-14656,4112,2682,-4801,-2668,-12238,-13820,4800
6409,-2832,-2093,1153,564,8194,7790,-2755,-3886,1262,936,8245
8421,-900,-5965,210,6145,6480,7794,435,-5484,33,8192,6152
9095,-650,-8089,144,98,2114,8814,957,-9032,132,137,576
7983,2948,-8033,-8160,163,-7931,11938,14613,-6038,-6074,8503,-7064
-8027,-1080,13,-24456,1094,-16256,-8650,1405,-82,-24188,65,-16370
-8569,-74,8587,-15246,16,-25976,-4630,5939,5236,-5913,24553,-24587
-7529,-17424,-3003,2568,107,130,-4834,-15331,-160,11798,-16491,11984
5013,-3964,2315,3093,275,257,4828,-3115,1228,2152,9,2055
7849,-3088,-7285,6304,6529,20,7726,-1603,-7018,6147,4,24
11157,-1032,-9789,31,4388,12338,11214,95,-11588,0,4176,12436
7951,-646,-14061,4096,0,1868,12382,22985,-10740,2448,12538,1300
9865,0,-15273,-15863,324,-22652,13142,21305,-10212,-13388,17109,-16871
-5113,-1038,1991,-30720,1095,-21371,7144,8411,7144,-19338,32767,-21087
965,-14476,-23775,3714,-6592,-10494,1244,-17057,-18798,5931,-8686,-7471
4249,-5260,455,6292,-8188,6145,5556,-3261,8022,5808,-2183,8604
6477,-6240,-3895,-15184,12672,11333,5320,-5567,-4240,-3254,11883,11164
9477,-1104,-125,4888,528,10532,11644,4145,-6980,4813,11025,10318
8085,902,-10237,0,3080,-3034,6860,20929,-9800,-109,7561,-2302
8481,-392,-8287,-16379,5384,-13184,10134,20133,-4660,-12503,8938,-13147
-3157,-80,8085,-27948,3022,-20223,5412,9729,12842,-18373,32767,-16422
-6517,-16272,-24509,384,-9903,-4096,-5642,-13899,-20294,9897,-13047,-184
4165,-2192,1935,612,-15896,8194,4232,-1695,3278,212,-14582,9223
7317,-1656,-1147,-7936,1,2305,7154,-779,-1620,-265,3541,10358
8181,-72,-57,2073,1128,1585,8880,5227,-2200,3455,5083,9823
8361,1004,-7285,2560,1098,6484,8374,11209,-5286,3945,1606,6264
11995,-126,-6123,6148,129,-2046,10078,-695,-8166,6274,2768,-2027
10753,892,-7801,4097,545,-8064,10524,13897,-7114,3854,4145,-7882
7817,7800,-8251,-16303,45,-10238,9520,8075,-6632,-13291,9675,-8538
7813,3600,-6269,-15014,19681,-13199,7554,4127,-5668,-15006,20388,-12115
3977,-1164,-1143,-30687,28882,-11664,3794,-2339,2570,-22307,32767,-10113
1197,216,-16049,-27520,1946,-8152,118,-4175,-19250,-17669,32767,-6368
-8051,938,1939,2081,0,4099,2442,-1225,4906,11292,-31622,6805
-5877,-1016,-5419,839,2420,20,4762,647,2292,9655,-7670,12172
8357,7190,-4221,4134,768,13312,10076,9085,-886,11283,10320,12865
7877,7544,-8253,4392,-3744,256,9466,8699,-5920,4926,-3583,8930
8325,-1116,-3581,3329,-2042,4096,9820,6803,-2692,4152,-1224,3734
8933,-1168,-4189,5440,5914,-3328,9510,4247,-4668,5421,6077,-1483
10073,-910,-8197,2401,1089,-6142,11138,8527,-7868,2157,14271,-4497
11913,628,-15421,517,2,-9694,7726,-655,-15982,5,57,-10032
7813,-512,-11645,-14336,2060,612,12328,9005,-10466,-5885,14477,-16155
7881,-894,-7803,-28672,14753,-17775,8786,5329,-7168,-21517,16152,-17699
3717,382,-1661,-32304,26625,268,5382,749,-2752,-22901,27645,-18222
12935,-1098,-29,-24504,31073,260,13640,1763,1202,-21018,32767,-16958
-2427,-656,423,-11192,210,-3836,-4826,-17441,-22512,-860,8570,-2916
-8523,-112,-3645,6216,3128,4288,-3624,-5131,-2248,7033,-11846,5874
-3819,-1068,-2939,-10239,525,8192,-1786,89,-2676,-260,2967,11309
-6523,-380,-6509,6691,256,16449,6994,8063,-1934,6986,954,16416
7829,-526,-4125,528,57,112,8134,7721,-4130,2630,4000,14631
10661,5754,-3885,4168,129,584,10882,8429,-2710,5088,-7736,13925
9029,5298,-6243,258,-3045,448,11084,5183,-4572,853,-2120,7920
11911,7156,-2805,52,4232,-504,14060,8211,-2830,1769,5313,-480
7973,5778,-5185,0,322,-10141,12478,6295,-5222,1940,5101,-10478
9861,-976,-8305,-6104,1291,-15210,9798,127,-7742,-6144,1792,-16127
12269,-1032,-11373,-7648,12984,-16319,11890,-707,-12134,-8144,13312,-16127
8747,-896,-20085,-8190,136,-18431,10348,9555,-6270,-6606,15999,-18133
-3147,-1124,-8309,-28518,30481,-18144,7162,5807,-7652,-21666,32767,-16582
8309,-1038,-10361,-32768,31087,-16248,11484,9545,-12526,-32768,32767,-16205
-8571,-14072,-19513,-10174,-11824,-11262,-7280,-8785,-13784,-2943,-12489,-12074
-3439,-11376,8583,2080,-14783,5120,-4422,-9839,9490,1104,-13912,6147
3797,-2960,1459,6148,16,14624,1928,-695,1240,6658,932,15360
12043,-614,-2129,18048,769,10112,13114,9349,-2252,17162,8325,9779
10517,-478,-16349,8290,4,4752,14778,13187,-13388,13559,547,4944
11141,-142,-8181,5152,524,-764,10738,4323,-7970,7159,1224,-928
10889,7280,-19309,64,14497,256,10800,8617,-17448,2106,13638,-14131
3717,2928,-18173,-10174,16912,256,5918,3629,-17852,-8569,17288,-18785
3845,-2176,-13245,-24446,6144,-18138,2284,-21,-10506,-17989,7419,-18382
-315,-320,-7877,-32591,20746,-14968,3698,-4641,-8106,-28129,20849,-14931
-6171,1712,-2155,-13264,1152,-8157,-6606,-699,-110,-13686,525,-7376
-8283,-940,12261,-12287,474,7712,-174,-439,16486,-138,-10223,9233
-2103,-1032,8199,-13304,256,12449,6820,1389,9256,-180,9752,13538
10501,-1140,927,3136,4104,13712,10724,3611,2512,12257,4238,13268
9869,944,-6259,4896,1056,2568,9776,1341,-6126,4612,514,2433
8629,-592,-8317,641,-2288,2820,12342,-667,-9276,1157,-2800,2640
8949,13680,-14285,3,0,785,7930,13725,-14446,1025,2468,20
9221,-520,-20595,-9722,1026,-19951,7782,-707,-20574,-9722,1536,-19964
-8565,7696,-8157,-15207,4,-24348,3834,7935,-6388,-14384,16111,-24001
7,-5200,-6489,-10352,132,-21376,1668,-4217,-7544,-8574,-1197,-19928
-341,-17542,5381,518,-8110,515,238,-15811,8670,256,-8187,4
12079,-1160,809,4,5201,1090,8766,-497,926,-8096,144,16
8205,1104,-2265,147,0,16966,9842,1891,-2662,97,64,16664
8087,-900,-15417,8485,2115,-3584,8500,-675,-12346,8425,71,-7040
8939,13216,-15389,258,4148,-7504,7728,12615,-13398,32,4201,-11680
7885,13172,-14429,-27328,32087,2568,8366,11709,-16480,-27360,32029,2092
717,3952,-11373,-25839,-4599,-16346,622,2399,-12394,-15614,-4845,-18160
3725,-1040,-125,-11964,-6616,1320,3650,479,-3166,-11264,-6880,1838
-379,-904,2459,8,40,160,-8640,607,10666,722,208,10112
9225,-320,6405,1,6,10248,8654,-195,4026,1171,534,9736
7879,-1162,-8285,2597,1088,-846,11318,1133,-8174,4664,262,-1280
11147,1072,-8035,129,3363,-7776,10942,-689,-8046,769,641,-6911
-3319,8064,-16119,-16064,2400,-10964,-4560,9729,-15902,-9716,2088,-10880
7895,7028,-14187,-32127,29934,136,5942,6669,-14140,-31724,28754,129
-199,-1136,-10341,-14068,-11728,1194,750,-685,-9318,-8120,-14848,1770
653,-1166,7075,-23424,1636,-10880,-82,-689,6426,-16126,100,-10736
-20601,-848,9709,576,3017,5153,-8652,1349,8236,24,584,5122
7815,-784,9683,9090,2051,12416,7730,-685,8372,8744,2312,12592
9349,368,-3291,2736,0,448,7744,-643,-3878,2064,452,297
7855,-1126,-8253,8240,68,4168,8526,8013,-10282,6672,64,4616
8585,2964,-5741,8201,4,1572,11838,3517,-5482,8352,-2418,1156
12631,3988,-11877,-7663,16896,-7644,12378,4445,-70,-5112,18468,-7672
8233,-920,-13303,-24523,1998,-7168,7778,-171,-13774,-24544,1987,-7160
-8571,-1168,-3385,-15662,10253,-22448,-7632,3417,-1838,-14848,8747,-22350
-7211,928,-125,-8182,514,-24300,-6986,-703,-74,-8159,264,-22528
-7859,-11920,6115,9797,1560,1328,-5330,-10395,6180,9414,36,5122
6101,-1152,2445,8736,-1727,66,7742,-639,2198,9230,0,274
9381,-4638,-3197,1032,8384,9729,8814,-4193,-4066,1026,8776,10146
8075,-1014,-9275,7944,9472,544,11438,-691,-10320,7814,9281,522
10373,-908,-13285,5152,18,9221,11950,101,-13422,4373,582,9232
7849,13168,-14809,4128,3387,2432,13038,14141,-15400,4098,3585,1536
8335,19658,-16377,-13656,1064,136,7792,21821,-15870,-8124,3072,0
7943,12272,-7989,-16128,2560,8,7726,12669,-8292,-16364,1,9
133,7160,-2877,-20454,2314,-21304,366,6589,-4178,-20431,36,-20462
-379,-1120,-3089,-7656,393,-19967,3190,357,-7468,-7679,582,-19423
-123,-1164,-2125,-6910,-4072,3205,-4050,-449,-1114,-7028,-6136,3587
721,-850,4595,64,-4026,8707,-398,-701,2578,568,-2880,8212
141,-644,771,8225,464,12547,304,-153,-82,8209,265,12288
-5947,-1168,-7223,8290,535,6464,-5644,131,-7086,8904,650,6530
10053,-1166,-11325,9292,66,4608,10418,1625,-12394,9280,597,4176
12301,-1012,-11369,1062,4452,-5758,12414,-703,-8104,110,4416,-6144
9861,-1152,-11949,-15871,9328,-9974,9776,-703,-12322,-23611,8192,-9824
10261,3960,-8021,-24576,25152,-9216,9814,3903,-7966,-24571,28832,-9216
941,-848,-8509,-16304,12289,-17344,5044,2241,-8668,-11176,11085,-17517
-371,370,-4139,-15091,149,-16112,-684,-7435,-3522,-9754,3397,-14929
-7995,-488,8107,64,960,6400,-4138,-707,8744,6688,1025,8225
8841,-1008,1927,8260,64,8258,7770,1341,2226,10089,-571,8773
7821,-1156,-2429,8549,768,10276,8302,-707,-2668,5376,13,11166
8837,5026,-10289,1152,8464,7221,7786,5533,-10332,1369,8708,6146
13449,9338,-10267,385,6308,1,12974,9917,-10124,872,6784,282
7975,-908,-12413,-16248,22592,-6781,7982,127,-13090,-15032,22664,-6896
8373,116,-3785,-24560,1137,-13672,8364,10569,-3134,-19702,29412,-14385
-8299,624,1959,-7914,1135,-18424,-8658,1089,1258,-7034,768,-19452
-22311,-832,679,5120,2,520,-8626,1343,1556,144,1554,512
231,3488,6031,6666,-11775,3232,8128,3583,6084,13821,-8815,3781
6935,-4736,-2119,4160,12944,5425,7038,-3199,-3278,5257,15075,5834
7847,-1162,-8609,6272,9804,968,7852,39,-9098,6684,9684,4880
9029,-1104,-13645,1928,2249,662,7736,-691,-13870,1360,2576,393
-6001,-1080,-15485,-16382,4864,1025,-7626,-129,-12168,-16384,4749,37
7917,-896,-4141,-16255,534,-15984,7726,1517,-6974,-15566,1033,-16372
-8537,-1160,9123,-14202,164,32,166,9739,7816,-6398,11069,-15883
-6487,-16256,-2061,257,4992,148,-5610,-14853,-2778,5550,2138,2053
10053,-2932,5253,1152,20516,8208,9294,-1721,-2452,7955,21156,10231
8359,-4102,-5993,1024,24789,1101,7854,-3483,-6190,1280,25604,1184
10127,-1006,-13425,4386,14560,145,9902,-691,-13780,4109,13568,548
10197,-106,-10301,-10109,1036,-3776,18314,7115,-10070,-9726,38,-4032
8905,-368,-11869,-27136,2368,-28416,9328,16849,-11704,-27833,15357,-26996
-7547,-652,4507,-11776,774,-21504,-8658,-159,4242,-12272,297,-21288
-8475,-864,-7161,552,-7647,-3324,-10044,-14285,-5448,3649,-6931,-2500
1717,-144,1987,512,137,130,6262,583,3354,8136,-6740,7229
8101,-1168,-4157,4176,4104,612,8164,-969,-3458,5187,4853,10200
7889,-1166,-8243,0,528,11269,11328,2543,-7478,7542,7908,11281
9499,-516,-9553,65,128,4106,11910,8223,-9182,3060,4235,3201
8071,-832,-16237,0,516,-4008,7806,-451,-16302,-6669,660,-3712
9355,-912,-12151,-16056,0,566,9134,385,-8302,-16100,16,257
-4337,-912,451,-16383,7192,-18848,4720,6183,1658,-12335,7150,-16501
2949,3192,2125,-16378,1538,-16384,4224,3493,4506,-10510,2906,-15788
-2247,-19292,-6013,-16176,12802,2,-3872,-20523,-6956,-11363,15471,1439
-371,-1164,69,538,7168,20,-434,-323,58,522,8224,87
-4355,-528,-6253,4,516,17440,6456,4945,-6942,7509,1060,17134
9865,-110,-8317,6160,3144,12480,16422,16557,-8376,16155,-4114,12826
12131,13428,-8185,4120,129,4676,14934,13231,-5686,15805,-3688,3970
10965,5120,-12317,-16366,262,-7164,14512,7557,-11328,-7003,2556,-7544
9941,2976,-14139,-14075,17420,532,11158,5537,-13180,-14910,18436,-13183
11973,138,-13297,-24447,31523,548,7986,189,-12262,-24208,31657,128
-1399,2288,-9137,-23872,28673,24,-1482,-651,-7850,-24064,28867,14
-8555,880,-1623,-14032,32,-17401,-8594,1341,-878,-7584,33,-15360
-20783,-1068,-4173,-6976,512,-11718,-8878,-5619,-554,-3131,-10774,-8571
-8535,-4216,5285,8195,4096,286,-6460,-2711,5426,9620,4096,2274
285,1268,1219,4303,704,12304,184,1493,4058,4370,5948,12428
3213,-654,-1145,260,8272,548,8010,-163,-1766,132,6432,530
10117,-972,-6253,33,288,14400,9858,-131,-5774,4,198,12546
9365,-1164,-6013,352,-4064,12368,9410,463,-6064,5867,-3336,12593
8141,-368,-123,256,577,8292,10062,-351,-7918,4,56,5184
7829,-974,-9331,800,1180,-6811,7854,-547,-10862,68,1032,-6832
7827,16758,-12413,-7900,49,-6943,7726,-707,-110,-6954,8611,-7310
9865,13936,-12093,-15792,13840,2244,10386,13991,-8776,-14051,14239,-13318
-4245,3970,31,-15360,1029,82,-4014,3935,506,-14973,1044,128
2713,-590,-6265,-7284,515,152,8280,-35,-4040,-6550,2447,-15163
-6521,-17392,197,517,4416,400,-6058,-14519,852,2756,2014,4440
4485,-3088,3203,1033,-3568,136,4814,-2755,2962,1156,-3391,324
8173,-1166,-1133,1042,17346,1,9262,-699,-2150,655,20,13896
11981,368,-8205,8513,513,11464,12310,7013,-9072,8171,9115,10719
7829,-1136,-12405,9818,2595,-3070,7730,-169,-12378,9768,2528,-4085
11285,15728,-16221,-6765,284,-1816,10062,14813,-16014,-3530,5025,-2274
8247,11326,-10825,-14335,2336,-12848,9596,11467,-8120,-14142,17425,-11872
261,-1168,-2397,-24046,20609,-14060,5342,4457,-730,-22979,23013,-14012
-3179,-496,-4193,-7872,-7124,-13280,-3270,97,-6724,-7925,-9207,-13308
4121,-248,-1325,-7584,-7360,-3376,3708,607,-98,-8064,-5312,-2045
719,-1168,2629,16,-6028,8193,1730,-451,2450,3680,-7078,8874
1677,-1040,-1821,7958,142,8208,5520,-789,-288,8310,2965,11166
-4449,5492,-6973,424,1024,12545,-3466,6645,-7790,8198,160,12296
10889,-880,-11901,8320,1026,1044,10548,-399,-11278,13888,1561,3599
11913,-942,-12377,1548,2568,-4088,11700,10497,-10462,5528,-3198,-4756
7829,-1160,9,-24049,16388,-10159,8456,8151,-5058,-24609,17574,-9403
7941,-1116,547,-23504,24598,-11443,8440,1439,-3298,-16124,23463,-11433
-3899,-974,5,-7646,32,-8700,-1590,-5081,-8886,-1015,278,-8570
-8403,-1100,-6205,-8157,2820,-3639,-3716,-12725,-3398,-1016,-6160,-1939
-7407,-1144,909,-5339,96,12368,1010,2573,1756,-434,-3779,14375
8837,-76,3365,9217,56,10290,11156,8621,2820,13417,-2699,10284
14213,-636,-8243,2094,16,64,14640,12001,-5946,11951,8475,3724
7815,11158,-5933,1184,580,-5872,12052,11135,-4680,8571,1794,-6302
10005,-2954,-10299,-8048,17954,-12284,8798,-191,-10442,-3458,18632,-12068
11415,4080,-17911,-23230,30722,-8192,11498,5069,-17832,-18010,32767,-7029
-4361,-1020,-14413,-23296,10,-16855,5544,4105,-12686,-17042,15450,-17768
-5979,-1038,779,-28648,96,-26422,-5968,-639,4274,-27264,256,-26224
-24825,-1040,-3957,-13808,320,-6912,-16098,-15579,-764,-5504,-1663,-5190
-1269,-1680,8139,16472,-8192,91,-890,-231,9030,17287,-6601,12080
1669,1908,1945,5424,4865,608,6676,2099,3332,4918,5972,11287
3981,-776,-2173,6144,37,400,7780,293,-2444,6712,6613,10299
8869,-912,-6261,2623,2852,8720,9162,-379,-5880,11213,2804,8731
7863,-1028,-8141,3091,310,4257,8338,1943,-8080,11246,2437,5193
7813,-640,-13011,96,2176,1160,8758,5877,-12822,4619,6621,3342
10137,132,-16505,1254,1188,-2410,9342,679,-15956,580,1945,0
9865,-1158,-15339,-11196,3201,-13950,11528,11325,-12876,-3926,3482,-13335
3221,3068,-9785,-15343,10308,-22456,7778,3371,-9402,-13391,10989,-22140
4525,880,-59,-23963,8208,-19453,5782,113,-6720,-24932,8355,-18880
-4375,-14200,131,-27646,9,11,-2214,-13511,-9220,-26031,7497,-16259
-2987,-1136,13455,1094,257,3594,-2274,133,14226,1659,-22872,4989
10761,-1168,12687,-6651,129,15361,9618,10211,12446,-6661,12711,15136
8197,-902,6083,8456,1536,306,12706,7725,6966,15067,1260,8290
11917,-782,-4149,8199,2576,6434,13994,6539,-4346,8500,11987,7635
7941,7292,-5997,2053,152,2053,11576,8813,-7134,9592,4221,1950
10383,16,-6901,6557,6164,-4991,10612,2341,-6686,7023,6996,-4714
9301,5424,-15977,-15360,23632,391,9358,7549,-16494,-14260,23714,0
7813,1972,-13559,-16384,9800,262,-5510,-705,-13084,-16256,8704,2312
-8403,-1166,-8189,-15358,0,96,1628,9807,-4974,-11283,4277,-20483
-8531,-1164,655,-15344,4614,-16384,-8010,1745,650,-15344,337,-16376
-14187,-14990,4071,8450,-16112,36,-14218,-12995,4786,8408,-20222,23
12045,-1168,6275,4547,-15776,16448,11844,17245,4260,2056,-16380,3330
7173,-654,1411,1295,20632,22,7748,-5583,1426,2412,23128,11119
9097,-910,-103,8198,10529,803,11276,-2123,-1070,15504,10278,11067
7893,3058,467,6681,10,17,16458,7411,-7806,14922,8294,3840
8837,884,-12409,4256,3314,-7900,17052,14101,-10730,11314,-4790,-7887
10895,-1040,-20601,-12216,2185,994,11004,8071,-20492,-2824,7844,-12658
8457,-906,-20603,-16240,14628,65,9826,4719,-18124,-12639,14592,-16621
4357,-1168,-11381,-15082,2105,46,4976,-2263,-10870,-7215,6677,-22564
397,-5214,-10365,-16112,513,1600,3318,-3263,-10560,-15132,2567,-17868
-315,-8846,-10279,-24416,1344,-10987,656,-10579,-9424,-22871,-3293,-9410
-8421,-1032,-123,-16312,2353,-4093,-6770,-9605,-1042,-14764,-11105,-2441
-22395,368,13955,-11900,2058,4224,-11372,1849,14434,-9634,-14422,7338
-4435,2176,12691,-8096,2052,8194,4646,2879,15076,-1818,1114,10492
-3963,-1020,13251,208,267,12352,5898,3139,13202,2365,3164,14666
8009,2674,5511,2056,2177,10000,11000,2753,6930,7803,6600,12024
8469,928,-1785,4121,356,22,10610,1473,-1170,12621,-1999,9721
12173,1138,-5621,8196,-7673,5392,12026,1587,-4162,13866,-6076,5078
11917,-1008,-93,8712,4622,-1021,12276,-231,-6190,14916,5634,-1239
8169,1152,-14443,10326,29,9,13282,5741,-15950,10147,19291,-3185
8211,2008,-24573,-6911,2176,-7342,12786,10931,-22580,-1270,18303,-7502
9863,1156,-22549,-16126,5569,-20346,9882,9199,-18846,-9045,7582,-18537
153,-1168,-8317,-15539,66,-22336,4918,4095,-7654,-16310,14259,-20270
4781,-2508,-12413,-32735,26710,264,4534,-2811,-12478,-24398,32767,-17405
-2843,-912,-14329,-16276,608,-5245,-3960,-12921,-17408,-12449,-1151,-5443
-5943,-144,4227,-5882,-9208,88,-5464,-9303,5780,-4733,-8524,1271
-8243,-1168,12171,1301,-7931,8242,-84,9199,12280,3932,-5843,9757
-4467,48,8295,1282,528,16464,4036,6071,7546,2134,10148,16626
12045,9072,3971,128,290,7169,11722,9349,5076,8959,4216,6577
10389,7088,-3637,4122,16417,1728,14472,2107,-2162,14734,18702,6047
12457,624,-6011,19464,9218,0,12848,217,-5914,19327,11928,1161
11407,-5224,-10237,8344,8197,897,11482,-4773,-9410,14439,9108,-2477
11925,-128,-16413,-6648,4232,56,14530,-3685,-15262,-2824,13083,-2639
7975,278,-24187,-13813,533,-14336,15440,9251,-21478,-6382,-1819,-11208
8837,2928,-13863,-15344,1602,-28159,11658,2339,-13016,-12337,5036,-23536
1157,2928,-11657,-24576,1068,-16375,4942,4411,-11484,-21853,20943,-16486
1801,-9282,-10297,-14336,16395,68,2668,-5441,-7628,-12413,21258,-21625
-6341,-624,-6125,-12030,-5904,512,-7050,-14921,-5162,-13775,-4386,-10816
-7483,-96,-57,3223,772,4738,-8668,-9177,14538,1066,-16915,9870
-6907,-1150,14595,-10189,2568,10528,5760,8727,14596,-1458,7992,9885
-5883,-64,4019,520,11590,6932,7708,5613,5552,9351,11588,7383
8069,6336,-29,352,5632,6176,12878,6849,-430,9512,8001,7360
11915,2928,-7595,16762,9,323,13028,3539,-4290,19087,585,1285
9965,792,-8161,9810,6144,-5940,11064,1337,-7770,15465,7224,-4379
8349,-3952,-13667,2724,4995,-3584,10520,-2861,-14172,1747,5711,-1284
7845,3004,-20081,-12156,1217,-4984,10170,5577,-18868,-10309,7104,-4951
-6987,-912,-19899,-12223,1109,-7679,7396,9947,-18256,-12247,5523,-7862
-8439,-1162,-16477,-16287,144,49,3644,8973,-11334,-16422,11562,-12259
-345,-1158,-7225,-14056,13576,276,3050,-1491,-4862,-11596,15172,-21166
-365,-11872,779,-23156,-3507,-10682,-76,-12333,-2378,-18128,-1532,-9757
6341,-400,-97,-15838,12360,-1468,9902,-16023,-11652,-9522,-5292,4070
345,-368,8159,-8152,-3568,16452,6300,-2597,11008,-4396,-1824,16527
-3321,644,8187,919,4440,13866,5272,1347,9020,1862,4754,14109
7821,9080,4367,1281,20,1378,7726,8845,3986,1317,812,1342
12935,9232,3,4140,2460,7561,13358,9925,-3562,4384,2573,7240
10701,4404,-8013,2438,4098,16,11232,6721,-5424,10381,3563,2742
8585,2944,-6137,236,-12212,0,8712,3645,-5748,9990,-11517,-4473
9865,880,-9891,0,611,1552,9876,2317,-9962,4297,10095,-8637
-4475,-764,-18009,-7456,933,2,6752,4639,-16848,-5774,26043,-3769
7853,-1038,-16229,-14279,2048,-7927,8530,11985,-14486,-13164,18449,-8128
-6453,-648,-7981,-16315,482,-16096,2914,11375,-7292,-12188,6583,-16147
647,-8,-3629,-15739,8713,-17908,1606,765,-524,-13737,8214,-15758
-4127,-7312,675,-16105,294,-2042,-1972,-7529,842,-11713,-278,102
1703,-5772,9115,258,-13055,4698,2430,-5007,9832,7668,-9164,6409
8617,-1040,7303,408,6282,4,10832,259,7422,1754,6448,11329
9893,-136,7,7233,584,5160,10334,379,1956,8847,4134,4637
8397,-1128,-3191,16384,4165,1024,16236,9843,-3162,17009,-1751,514
7957,884,-7805,5129,160,-3064,11160,9643,-7976,13914,6642,-2910
10085,64,-11209,5640,3338,-6558,9918,4641,-9614,7424,16681,-6685
8395,3970,-23853,4640,3347,-12134,8548,5183,-22454,4300,15088,-8948
709,880,-20587,-14188,104,-12282,3118,1331,-20170,-5886,2273,-11361
2759,-1156,-10109,-23934,1352,-7648,3184,-673,-9726,-19316,4092,-7204
-113,-1168,-9449,-24524,8840,-7166,-428,-1051,-9392,-22586,9051,-6533
-21623,1408,-125,-21391,10378,-8064,-21838,1469,1426,-20958,8838,-7424
-20651,-1100,21655,-24862,1044,-11092,-8618,317,32658,-19270,-14474,-7355
7813,7122,20771,134,4,8192,9116,7987,21954,576,6079,9012
8933,-1136,5331,384,9,8344,8762,-287,4468,1918,19013,10500
9989,-1040,-3037,18,0,8374,11062,183,-546,10848,-330,8022
9861,-2696,-3659,5300,-2186,2629,10068,-1747,-3712,13978,-1885,2391
8197,-2124,-10355,9217,80,648,9800,-399,-9922,9859,9721,785
8133,1208,-19581,320,2571,2832,9780,11235,-19270,5266,13896,2886
7877,10866,-16347,-11411,5191,-3712,7622,11681,-15786,-2900,6836,-3480
1677,7824,-12409,-16317,0,-12215,5730,10449,-9838,-11535,8656,-12284
5877,3130,-3929,-20195,8257,-16354,6206,2093,-4458,-17551,8914,-13613
3205,-1098,403,-13264,8288,-14000,3238,-2391,-4864,-12227,12091,-12702
-8379,-1136,-3869,-21503,-6112,-7672,-5406,-7659,-1516,-15706,-6236,-4301
-8307,-1164,9235,2176,1045,9284,-518,-2691,10028,4871,-1230,10886
8573,11632,10307,-12252,4751,260,9086,12087,11620,-2300,7940,9092
9093,3972,227,290,6160,9486,9342,3665,18,4096,5137,9729
9481,-664,389,3168,514,6288,11454,1933,202,8278,5886,7288
9237,880,-7157,2,64,843,11246,1435,-4926,8529,2306,4008
9861,896,-8061,4097,4736,1033,10398,2117,-7318,6279,5315,1933
9863,-1168,-11885,0,1201,-2240,10296,8723,-11978,1752,17086,-2425
9865,-92,-16445,-8162,2946,-6134,9952,14827,-14992,-5925,27036,-5722
7941,-714,-16341,-8192,4259,-14299,7744,16079,-13588,-3197,14359,-14215
-8251,8960,-20315,-12288,65,16,7252,5963,842,-8403,3434,-17220
3737,-144,-7759,-16346,131,-15316,5422,127,-6522,-15338,14760,-12578
269,-6678,-7293,-16111,-8043,-11940,2332,-6895,-6732,-7270,-7482,-11110
-4155,-1164,7171,-8054,292,-2412,-1896,-8261,8736,-5323,-15009,-716
-89,-1164,8143,2048,1280,7424,7852,4915,9442,5933,-10224,7096
9213,932,4267,3276,68,1058,9324,7153,7268,3847,9388,1965
-6521,-1104,-4845,9216,13329,522,6540,9735,-1014,11349,13684,520
-377,-880,-6265,8328,88,-3952,4236,2793,-6178,9001,12343,-2031
3721,880,-8237,320,3472,201,6222,1613,-7876,1999,4567,1189
3717,2928,-14205,-7168,16389,3116,4664,5183,-13812,-1637,19979,4077
-107,3954,-16183,-14278,14546,10,4152,4871,-14284,-10139,13760,1904
-3939,632,-9941,-16248,5136,-5307,6358,9327,-7914,-16293,4856,-5649
-4475,-140,-125,-13564,102,-12288,3010,7103,3974,-12279,63,-10835
-4411,-304,29841,-13743,24961,-16184,15338,17973,-22996,-18842,-136,-17947
-5985,-728,9093,8197,-16376,3864,4514,2269,11920,13252,-17638,4415
12509,-1104,6595,674,3600,-5031,12398,3937,6596,3130,5720,-5685
8005,-4128,-3453,1217,522,80,8844,-3325,-4060,5776,20232,766
7821,-1024,-6101,2113,38,3201,8162,-103,-6360,6060,13427,3177
8041,-78,-12401,49,260,419,8258,6979,-10940,3883,11209,301
8523,-600,-14457,-5371,131,192,8108,15359,-14144,-6062,17154,-461
-7387,436,-16477,-15696,8752,-10224,7172,14843,-11072,-8984,10156,-9960
-337,144,-8185,-16381,45,-15806,4036,8131,-6338,-15836,9339,-13839
-243,-616,-6705,-16352,1667,-12288,1546,-65,-3992,-14982,3399,-11092
-7547,-1132,-4221,-23036,-14080,-7680,-2388,-8319,-818,-15594,-10904,-5534
-3703,-1168,8333,16,-12280,6688,-536,-8357,9964,2961,-11463,7526
3759,-1036,6235,8296,-14330,4128,9658,-2201,8082,10621,-12881,5061
9941,-1016,5559,16,384,5126,9838,-1129,5180,4819,11697,5250
9895,4336,35,1218,2322,1106,10990,4129,86,11254,3387,1463
12053,-590,-4171,4160,57,1152,12032,9451,-3966,12812,6831,1050
-8571,9392,-7293,2052,6213,1153,6362,9877,-7352,11467,7137,-2915
-4027,2960,-15989,2048,2580,-6116,4376,5223,-13336,1753,16445,-5555
2213,2964,-18541,-12143,262,128,3022,6267,-17492,-9420,5589,-4985
7813,-136,1927,-14334,32,-5374,1934,2483,-9742,-14819,848,-5099
-5435,-1134,-4893,25,-1176,320,2468,3555,-3834,-17962,-1702,-5211
-4163,-80,9605,-10648,1120,-3535,-1856,4173,8958,-9790,-2386,-2961
-6041,-398,10115,-6766,260,512,-48,4505,12112,-3708,-9520,8115
9429,-1152,10253,76,53,6152,9016,7327,9522,25,10946,7129
7849,-1038,-125,8226,4160,5130,8614,2023,1382,8598,5634,5093
8397,-10,-2925,10369,1280,2305,11452,503,-742,10181,2409,2345
7813,-910,-4221,8192,5672,2081,10864,-287,-2704,8699,6095,1966
10225,-120,-6763,1056,8288,-1428,10254,707,-6816,7557,8538,-434
8357,-1160,-13949,1536,34,-1468,10542,7391,-14250,3612,14687,-1433
7845,-1060,-18549,-10108,258,-5600,8722,12021,-17372,-2334,9198,-6266
-6519,1904,-16423,-10623,1538,-14118,5278,10621,-13644,-10788,10102,-14449
797,5040,-7981,-16320,16496,128,964,4231,-5602,-15180,16277,-16950
-89,-1102,-8253,-14078,64,580,374,-1043,-8330,-14458,-277,-12032
-3863,-864,-3193,-15983,-7920,18,-1868,-5935,-342,-10482,-6833,-2956
-4091,116,7299,-13118,-4480,6156,-862,-3937,8046,-7655,-3681,7115
-1211,-888,9411,1041,259,8762,6652,3499,9744,1285,2450,10157
8333,248,6119,0,746,6315,8800,7583,6960,9210,2491,6307
9477,-1024,-1561,128,8,4100,9230,8139,-756,10341,4757,3999
7997,4246,-7921,8194,4356,176,8124,6791,-5400,10215,-865,2184
4361,48,-8013,2578,777,-1916,6330,3377,-7028,6634,2596,-910
6341,1184,-12397,2672,10280,116,6396,1881,-11778,2161,10621,-486
429,2994,-14445,-7931,640,4,6860,3081,-14624,-8261,10332,-116
-5913,-1152,-11309,71,261,-7296,7092,9525,-10804,-11464,1073,-7375
-6129,96,-7293,-19502,10720,-13392,3082,12263,-3198,-16993,12663,-12063
-3243,-942,-3135,-14272,357,160,-1958,4887,-1118,-14069,-1629,-11155
649,-900,4615,-5944,-3456,28,-5840,-6013,15248,-5346,5021,-3573
3991,-256,8259,260,-8128,10305,5202,-3921,9132,2093,-551,11100
8325,-1168,4359,6150,4624,6658,10656,-3253,5878,6220,5850,7465
11141,-2192,-125,1406,13193,6828,10868,-1105,-200,10116,12440,8138
11159,3760,-3669,16408,1024,2117,12004,5013,-3952,16877,3455,3302
7813,-820,-9853,4385,1632,-1910,10808,10059,-8844,14900,10843,-1754
8393,8156,-18311,2565,8192,36,9596,8597,-17286,1938,8693,-5698
7813,4992,-20089,-16348,-3802,-9342,7670,5823,-18076,-7037,-1463,-9699
4009,-330,-12405,-16384,1,1408,4186,145,-10710,-12451,1376,-10809
-299,-3176,-8299,-16303,7500,-9216,2376,-703,-8052,-16542,7235,-8979
677,-112,-5723,1,2722,-8176,1016,1633,-3084,-21865,3527,-7656
-8507,-1166,4099,-12160,80,260,-3698,1273,5132,-11359,-1197,-4270
-7557,-1156,12163,-7166,-16125,25,-5656,-2555,14816,-2799,-12839,10130
7829,-880,9159,520,770,2852,10664,4849,11284,605,3960,6720
9349,-144,3971,256,6416,4112,9738,287,3614,3203,5909,7467
8489,80,-125,2889,88,5776,11392,1167,1920,7201,2926,5536
8081,-912,-1901,2900,3108,32,12182,1535,-1796,12207,3641,262
9895,3546,195,2208,2726,-2648,10406,4477,-6876,10649,11408,-2597
9359,-1166,-11891,2080,2196,-2048,9136,8753,-11532,10823,14347,-2041
8081,9348,-20361,6632,9216,0,8202,9785,-18944,5730,12210,-5648
7813,7282,-20501,-15359,330,-10111,8530,7373,-20880,-4940,11956,-9736
4741,900,-16509,-10175,2073,1,6268,2429,-15450,-10460,2145,-14022
3173,-2704,-10321,-15999,5376,34,3838,-2205,-9974,-15161,6542,-12914
-371,-1148,-13917,-19816,136,-13696,-116,-667,-12148,-17948,6498,-13640
-8267,-3016,-125,-16379,-990,-10912,-6946,-1557,2920,-15402,-1266,-10594
-21835,-1038,8627,-7405,-7616,289,-7700,-6651,11148,-5718,-959,-1278
-3323,-142,16301,267,388,10624,6176,3469,16886,1271,-447,11034
1817,-650,6149,560,8388,8225,6494,-217,7016,2832,10585,10693
8855,-1104,2981,8296,2056,8193,11732,1867,3368,9677,2448,9527
7831,376,-1469,8904,2208,6416,11206,1095,-702,9351,3148,6333
9349,3740,-5181,4994,1436,149,9592,4451,-5330,13279,2057,865
7917,6070,-8315,8296,1602,-4068,10194,6459,-7798,10861,6310,-2360
8325,-1132,-14457,97,8464,-5119,8576,9239,-14454,7432,9919,-4577
8251,7600,-20477,-7908,270,0,8862,7611,-18218,-906,9901,-7482
2965,2944,-13437,-6552,2053,-11926,7572,3575,-12792,-5012,1918,-11455
4955,-1632,-7997,-16370,-1020,-13036,4854,-627,-7986,-11586,-338,-12110
1687,28,-123,-16383,156,-12252,2112,879,-10342,-16309,4195,-10127
-8441,-1120,-8089,-20480,-2432,-8671,-5528,2423,-7224,-17487,-2121,-8536
-3923,-4422,5003,-16380,370,128,-4338,-4349,5708,-15836,-7930,-818
-8313,-752,12167,-6848,-9120,12672,-7858,-59,12182,-6956,-8189,13121
9129,-784,8779,520,4256,12336,9566,-555,8858,664,4160,12288
11927,-30,131,322,9508,12332,11950,-689,1986,852,9280,11627
13781,1392,-1873,2466,1536,322,11950,2477,-1900,3399,2050,276
9877,3700,-5053,4610,7426,-605,9958,4509,-5678,4620,1,-926
12933,8066,-93,6153,896,-7680,12716,9611,-11768,15494,14739,-7737
8869,7060,-20587,72,9,-7374,13056,8599,-18152,2027,25170,-7661
7993,8160,-20093,-14128,204,801,7686,8601,-19188,-6830,1267,-16253
671,-1010,-12157,-15296,4225,-16384,5802,1657,-11562,-9900,6581,-14934
901,-2160,-12155,-16382,8324,-11162,2952,-1783,-12098,-16548,9133,-10988
-375,-7568,-4985,-14144,-4296,-9958,-54,-6581,-2944,-14679,-3900,-8704
-6003,-8976,4099,-12027,648,101,-6410,-7875,4698,-7775,46,704
-8443,-1162,13579,-6112,-4034,9216,1338,4921,12868,-745,-1978,9107
-7531,5772,8339,2,104,1178,4792,6527,9612,3186,6241,9144
-1283,2824,2319,1537,1360,9290,7006,3165,2076,2443,3133,9355
12421,14200,-1611,8195,7748,16,12912,8391,2104,8727,9062,6127
12949,2944,-6157,8228,6448,3090,12784,4601,-4680,14597,6899,3025
8117,3184,-8301,8840,10,-1728,12296,4265,-9582,9871,9042,-738
11931,7924,-12381,282,94,-10172,13266,7489,-10736,1569,7181,-9820
9285,370,-20089,-8040,18517,-11264,11950,11247,-18964,-7697,19366,-8694
-6395,-1160,-12859,-15663,90,-16256,6448,5705,-12478,-7740,7368,-16705
2321,896,-10869,-7840,6418,-18944,2792,1743,-9148,-7703,8511,-18531
-3707,-3056,-8061,-21836,-8155,-11263,-566,-1883,-6882,-17876,-3417,-8460
-291,-5228,-507,-22264,-4592,64,564,-5219,322,-17405,-3948,-3206
-6761,-1144,-85,-7101,-3580,5889,-2092,-8137,10844,-4655,-2537,8127
9509,-1020,12171,4354,4,12389,10678,3501,12392,3911,-2783,13412
10153,8866,3971,320,16,7749,8568,9533,3986,432,26,29
11965,8112,-3597,21,1,686,12596,8467,-3340,10445,7792,4585
7833,4024,-8317,5416,154,-1976,11872,4427,-6310,13486,1305,-1516
10893,1056,-12395,529,13442,58,10770,1831,-12388,8482,14615,-5834
11501,-766,-18557,-11263,142,-4576,11082,1229,-18636,-3186,24614,-4692
-2427,10608,-18565,-16096,1488,-13292,5942,11293,-18082,-11737,10770,-13158
-8459,-174,-16139,-16317,1345,-19832,-8654,453,-15406,-16208,1124,-19966
-7989,-390,-8317,-22502,133,-17360,-8014,-665,-8278,-22240,2564,-17143
-2659,-5216,-4217,-25504,1609,272,-3166,-4045,-1338,-17289,563,-7145
-6511,-8784,963,-8144,-10226,0,-2770,-8305,2094,-6010,-10748,5792
1929,-5258,155,1024,-12156,5843,4160,-4131,11238,3513,-10873,8165
10469,-4172,6019,785,4162,11177,10552,-3409,6256,-544,6370,12636
7813,-1040,-29,270,512,5185,12566,1927,4852,7037,9195,7333
7815,7568,-117,9234,1408,7,15640,9855,2192,13614,10176,821
7881,9140,-4655,9104,1048,-2868,14186,10185,-4938,12928,9770,-3286
12303,4472,-12135,130,2085,-8060,12556,4179,-9018,6666,15354,-8017
10525,3448,-19509,1024,13316,-10047,11310,4577,-17812,1623,14920,-9236
9093,1200,-18493,-7671,2368,-13823,8722,2545,-18080,-7186,6133,-13904
1701,1946,-16337,-14576,-1472,-17150,5542,2849,-15792,-14989,-1499,-16895
-3931,-1152,-3925,-20278,32,-16063,-4700,-4385,-2622,-19009,623,-15725
-23931,-11408,1355,-14015,-7680,-1217,-13978,-10785,3806,-8366,-8678,559
-4961,-1120,10627,-5567,226,9872,-1430,1507,13834,-1615,-3207,10698
-235,880,5557,-7418,-2040,643,6126,859,5984,-2989,-1514,15455
10201,-1078,2185,2624,326,12032,10138,-671,3360,3653,3757,12100
8361,-1130,-113,130,2304,9237,11476,1707,1278,7181,3258,9058
8493,2160,181,8248,1,3218,12492,2919,-2044,11274,989,2982
9893,-1032,-5245,8226,4128,56,11236,8097,-5432,12277,-1807,-4389
8389,7540,-8299,2317,1792,19,8096,8143,-8614,2172,6450,-6995
8071,-622,-16061,1280,7472,-5056,7982,7405,-13764,518,7779,-5260
8069,-620,-15229,-5615,6405,-6112,8188,3107,-12976,-1253,6030,-6114
6409,962,-12353,-7036,256,-7926,7448,1771,-11216,-7104,510,-7767
2213,882,-11325,-14127,276,-7419,1680,1483,-11222,-14335,151,-7422
-5243,3696,-10101,-24558,9352,-11127,2910,4639,-9666,-19678,11879,-10690
-24243,-526,2199,-21407,12296,8,-8354,4661,3340,-21043,11700,-15027
-23565,-4992,-7731,-16384,1600,-6846,-22960,-11697,-1612,-14003,515,-6112
925,-1162,-13,1168,516,145,1582,-639,434,325,36,12800
3733,-1160,4227,-7924,2644,10,3638,-705,4038,-7933,2080,99
9493,-508,5,5248,1025,168,11432,1157,2340,5314,1065,14344
9193,-1168,-93,6722,88,224,11624,1145,-154,7983,2452,8035
7893,-1136,-1913,4760,4240,526,12150,5385,-1254,13213,-559,286
10093,9874,-7731,9736,1556,-4941,11560,11315,-5548,13996,2036,-4847
7845,-398,-14823,8512,4,-5820,9224,9437,-10826,8728,12739,-5936
-2147,-398,-20281,38,12306,128,7422,7451,-16920,827,12090,-7956
1813,-976,-16425,-5548,1409,-14974,6244,2951,-15242,-5224,2797,-12785
3719,-128,-11373,-16256,6028,-13755,5260,797,-10912,-15398,8354,-12591
2181,-568,-8093,-22520,144,-11700,1658,-4419,-7510,-20844,16,-11240
-4315,-140,7,-24436,17,-11472,-7756,-4765,2564,-22711,-10478,-7409
-5891,-400,14215,-12416,400,7489,-806,1227,16294,-3657,-7892,8045
-6253,3130,8091,-8124,1537,9504,3712,3541,8798,-3355,6151,9516
1447,896,4037,72,40,22,8018,2391,5594,5576,2619,10262
10405,510,1163,2501,6144,8018,10302,933,1524,6983,6518,7787
9349,-1038,-125,1560,768,4850,11540,2041,-604,5719,858,4740
7909,4240,-5997,8304,1024,832,11926,5967,-5292,8820,1268,607
7819,-784,-11365,8704,4,-3392,8460,12589,-9050,8260,10574,-3535
-7283,2,-12869,136,1028,-4478,6948,9083,-13456,-449,17292,-4124
7965,-1018,-15925,-6124,577,-11264,7472,7683,-13900,-5641,8554,-10831
1157,2960,-10205,-16383,5633,-12024,5028,3091,-8672,-12395,6633,-10803
3717,48,-10193,-16128,8320,-12279,3812,-707,-10234,-16689,8789,-10945
-123,-5150,555,-15738,0,-7903,86,-3763,50,-16342,-1504,-7928
-211,-1040,-2121,-16116,-3552,-6144,-6866,-451,-42,-16122,-3577,-6143
-8419,-912,6027,-7980,65,64,-8362,-593,5154,-7375,0,130
-8283,-598,16263,-5975,2208,4872,-5576,389,16404,-7600,313,4936
-8555,7416,13333,-7904,192,1288,4592,7655,13042,-242,8698,5649
-3417,-1136,6147,135,2192,7556,7538,5405,6186,3602,10978,7751
677,1522,267,7748,1313,5152,6976,2915,104,7895,1414,5397
8143,376,-3941,128,4252,4174,9114,993,-4014,6596,4666,4579
8103,-1164,-6013,8,7,5640,9350,735,-6028,6611,9287,5948
8091,-996,-9661,592,1034,4168,8334,5823,-9918,4911,15579,4468
9349,-1168,-16233,1170,128,2336,9302,12109,-11618,1130,13978,2462
9471,-1032,-16505,-6637,6152,-6142,9142,13861,-11968,-2949,7998,-5710
-2291,-640,-6909,-8181,4098,-11891,6986,5807,-6050,-5872,4933,-11618
3733,-1100,-4153,-22976,8198,-12284,7168,3547,-3840,-17090,11264,-10819
3717,-2632,-1117,-16128,3328,-11463,3718,-2995,-1000,-13197,6735,-11215
-105,-1008,4803,-8182,-10110,0,-466,-675,5074,-8192,-10080,8
197,-654,7119,6150,0,6176,576,-671,7058,5128,170,6160
8837,7568,8069,2624,2080,2322,8588,8079,7772,2468,11047,2904
-6523,-1132,-1901,4102,4514,2568,6310,9479,-2084,6908,12657,2883
-3407,7544,-8297,1818,4098,-2558,5136,8139,-5386,9854,5479,-2570
645,3152,-7707,256,5122,128,7158,3127,-6448,654,5708,2151
8207,896,-11273,2210,12320,4242,7754,2269,-11510,2203,12859,4253
8133,3952,-14447,433,11841,388,8250,4403,-13870,22,11785,1173
7949,5304,-14415,-8158,518,-8189,7734,5851,-13390,-8338,169,-7175
-7735,-1136,-7853,-14016,64,-11711,5664,9195,-8024,-12949,529,-9954
-8299,-880,-2861,-20351,6280,515,1278,9949,318,-18072,7268,-13438
-631,-1168,-117,-20414,273,-7935,-1242,-1195,1342,-17598,935,-7108
-5499,-1136,6051,157,-24278,5131,-6930,-695,8338,4100,-24347,7236
12445,-878,6841,3204,-8176,80,12916,2731,7412,7566,-5917,7196
7847,-1006,3979,48,18498,5138,11896,1963,3792,1277,19814,5497
9861,-1160,35,128,1169,6416,10662,6593,-1316,7048,10482,6579
9355,114,23,4521,1024,-3712,11684,11911,-2618,13295,1561,-4205
-4169,7072,-6901,136,1472,-10224,6792,7005,-4960,660,12474,-9856
-123,1080,-14421,-10224,20832,-4592,4470,2169,-13878,-7923,20145,-4332
2725,1226,-18163,-7991,272,-3643,2492,1519,-16954,-4394,5854,-3474
1797,520,-12411,-16030,-1531,-5592,2380,993,-12150,-11722,-1637,-5497
647,-768,-6197,-16126,32,-6525,4652,-973,-4192,-13772,-12237,-4370
-8057,8384,10147,-7968,-10240,5,48,9705,11976,-5362,-9720,1483
-7317,-1128,8731,33,-11264,656,6964,5683,14188,6770,-8636,4734
12453,124,9475,89,8344,594,13180,10395,10704,549,10799,1922
7829,-16,-61,1088,10561,-3960,8892,287,2524,3967,9606,-1667
9861,752,-2961,148,2690,513,10972,1201,-856,4326,7173,700
8849,-814,-3115,1058,10056,768,10826,-363,-3366,3492,10164,754
8087,-1094,-8317,36,13575,-1386,8054,6281,-8286,4740,14765,-1321
-8571,-144,-13407,288,536,-3184,5904,11617,-13260,334,17716,-2421
-8539,-904,-18555,-8104,3,-8188,4028,10455,-16972,-2873,10532,-7486
-179,518,-15485,-11520,4140,-11254,-70,5537,-13870,-13032,5925,-8631
645,-942,1927,-27956,20,37,622,-669,-10162,-17439,1627,-7827
1957,-1168,-6269,-15992,-7679,-4096,2010,-5897,-3684,-15531,-7701,-3018
-4219,-1014,8425,-5831,4128,5154,-2440,-8769,11204,-3694,-9704,5251
8325,2428,16677,4113,-20447,9316,7828,2381,8154,320,-16112,8202
7813,1048,8131,4258,1056,1360,12126,9211,11260,5517,15435,-1114
11021,-878,-125,130,14358,-5120,11276,5549,2894,4144,15093,-1199
7815,-1104,-4177,2053,8324,-2048,8356,2449,-3560,2835,8246,-1068
8839,-1104,-6269,1217,10388,-1903,8846,-159,-4916,3104,12381,-1139
8359,-1416,-8023,16,17036,8,7986,-1033,-8232,-140,20706,1535
11,-784,-15989,-9696,20564,2052,4210,7189,-14540,-2098,20547,3134
-16747,-1150,-16481,-6652,5,-3952,2902,12395,-14148,-4127,7821,-3538
-8491,-64,-11735,-16127,4417,-7552,1240,12395,-7898,-16093,6732,-7353
-251,-928,-6075,-16375,772,-11134,3608,5255,-1228,-15994,352,-8348
-8011,-9776,4235,170,-7792,705,-3790,-9467,8330,2774,-8828,1458
13989,-646,8263,4,4908,8192,14844,12993,9762,6161,8027,6026
7823,-16,91,-12272,292,12,10232,513,-728,-2042,31602,509
7949,3952,-12155,4288,2596,50,7952,6181,-9248,12530,6108,204
-16091,9586,-12349,19,4136,-8175,5606,11499,-14330,-683,12134,-7936
-8571,8182,-16165,-14967,4380,-12480,924,8353,-15950,-11347,6459,-7184
-3955,-648,-12361,-28360,1600,-2734,-434,-183,-11796,-19864,1840,-625
7953,-136,-4125,-21872,-7869,16,2528,-5839,-2610,-20444,-7966,1627
8393,-48,7301,-15872,-3558,4385,3710,-9467,7998,-13044,-1279,6516
8965,-80,12491,528,2,6290,13750,2509,15656,1837,2272,6548
7847,11890,11979,132,160,274,11454,12323,11634,7515,21243,-342
-12407,9328,1555,6472,256,-3004,6922,9543,1146,6557,13226,-2886
-4843,-62,-7485,5136,584,-8192,1734,3743,-2158,14180,2339,-8300
5893,-1136,-8245,-13632,16388,-2944,5268,2879,-8408,-6342,17451,-1979
1781,-140,-12381,-8136,8848,152,1992,1015,-12222,-4059,8502,-153
-169,2416,-13309,-16375,9601,200,-524,3543,-12582,-12005,9031,810
-2297,-584,-7795,-16370,2,-2671,-1160,7887,-7296,-15972,4407,-3060
-4471,-740,-103,-14827,4692,-1976,-2208,4573,1302,-9656,-2568,-1678
-7031,-880,9091,200,-6911,6802,1932,4761,9080,2078,-7198,8188
9749,-744,5575,-6714,0,5256,12294,6693,6138,-350,2723,7857
12465,-1020,4237,-8116,20481,-1896,11850,2899,2410,-1145,20904,-1531
10949,-1040,-4151,7168,8198,-3031,11112,39,-3012,7243,8506,-3023
1925,368,-11993,1056,1264,-5119,5706,2149,-12040,729,9533,-5268
-6519,5012,-16493,-16382,417,10,-2130,7329,-16336,-9382,10584,-2609
-23643,-112,-8277,-23376,1046,-4026,-2694,12985,-7116,-19036,9842,-3989
-4137,1028,131,-10999,1108,-8060,-3766,2495,1964,-10079,9312,-5225
-375,-3584,6535,-10624,-6111,4097,158,-3215,7852,-2105,-6714,5982
12309,-1034,10599,-7676,13632,8584,11980,4475,11060,-1044,17255,8142
12205,-1006,2477,74,256,2466,11830,2139,2248,1437,16854,2887
7815,-236,-8223,8705,246,-3566,8694,6971,-5564,9604,4065,-2721
-8219,146,-16221,-5048,600,-11720,3500,16239,-9688,-1816,1716,-10871
-16757,8834,-14809,-8176,180,-7968,408,9577,-12328,-8583,8696,-6584
-539,-1152,-8317,-15353,1538,-2034,-340,1677,-7690,-15507,1547,-1465
-233,-910,899,-15768,-8190,1565,2496,-4137,1892,-14535,-7527,2271
5859,-752,10691,-12119,-5888,6176,5392,-1951,11726,-7677,-489,6619
9861,1528,8603,-3808,4436,8260,11010,2063,10924,-2359,7247,9236
7813,-72,5003,8707,26,2283,10690,3199,4206,9269,14738,3446
-12635,-1168,-7973,4228,0,-7600,4756,11249,-6352,15505,9601,-5974
-8327,11182,-13437,112,4104,-8151,-1170,11479,-14342,329,15125,-6611
-4121,5028,-16501,-11500,7176,-2816,-3880,5383,-14754,-12472,6543,-2519
137,-976,-6749,-16375,-7283,523,806,-307,-1938,-15473,-7618,1896
5801,-912,8077,-15855,-2428,304,6678,-3023,8776,-10921,-1611,7471
9117,-1168,8067,-7488,1028,8260,11746,-2205,8248,-1743,1370,9237
11927,880,3991,514,9267,2048,13658,2059,5690,4345,9619,3236
11271,-1168,131,32,148,-3744,11070,5663,-722,8053,8919,-2125
-7523,11136,-6203,148,1558,-8063,6156,12827,-5782,5702,10997,-7898
-24491,-636,-16499,-7034,2130,-13463,-4790,10863,-14640,-2707,14023,-9478
-5531,-752,-10227,-8240,1058,-11136,-5680,2527,-10390,-11300,6648,-7682
-2827,-144,1155,-23424,746,10241,-1104,-4387,2224,-18219,1551,9671
4009,-1168,9223,-8190,-4084,7240,4888,-2799,10332,-4236,-2968,7574
13959,-108,8067,-8052,132,12295,15720,3269,11266,-1651,1118,12249
7877,-1038,4183,8259,2054,289,13584,3913,5344,10589,10853,710
10149,12426,-8301,8770,1353,-5855,9592,12875,-4860,15578,7758,-5440
-14683,7216,-13973,514,771,-9717,2328,7091,-9570,4616,10282,-9146
-8389,-872,-16373,-7680,6532,-9687,-1396,2829,-16528,-6859,6709,-7845
-4207,368,-8285,-23294,-7808,512,-1054,-1675,-6860,-18631,-7423,1963
3845,-142,4341,-23484,-3004,5138,4500,-1753,4750,-18503,-1938,5408
5765,-1116,10151,-15723,16304,8292,5762,-4959,10874,-13978,16761,9024
8205,-640,12165,268,132,9029,9056,2247,13196,2775,11389,8650
8261,-38,4029,8256,2658,1344,8320,7605,3388,10389,14807,1217
8587,180,-4221,4104,4256,-5105,8380,13639,-4234,12884,6145,-1084
165,5108,-10877,2072,2452,-2982,6606,5059,-10974,1519,12093,-2853
1679,2176,-17257,-7676,5136,-4020,1864,2167,-17826,-6989,3189,-3751
1799,592,-10237,-14844,23,-2899,2584,-585,-9078,-15194,397,-2240
2185,-140,-2609,-23546,659,-4032,3382,4885,-1130,-21519,5100,-1999
-8539,-654,8811,-16127,3,-4088,-7798,2403,9236,-11185,1487,-1030
-8553,-1164,16407,4672,512,4360,3904,3079,19954,7563,-4271,6900
8073,506,3011,5636,1,802,12600,6703,6766,5651,18197,4126
8229,-1160,-3965,9344,8706,1924,10224,3231,-1968,9035,8172,1650
9865,-2060,-4219,4188,4176,-2924,10556,-847,-3772,3937,5455,-2960
8197,-656,-9075,-10439,14356,16,7970,-779,-9048,-2009,14344,257
-4135,-654,-14205,-9020,2055,-952,4722,8465,-13272,-396,7807,-1177
-7961,11176,-12411,-16148,4352,-6077,64,12701,-12002,-11512,15260,-4788
-19451,8048,-8221,-24444,2054,-12260,-3418,7811,-7388,-19771,9515,-10304
-8561,-126,-2137,-32504,5186,1096,-4586,-2893,-1304,-23428,5511,-4333
-5447,-654,8323,-8189,2092,4626,-4876,-4981,10448,-3957,1518,6304
5807,-1056,8173,-8190,8360,8225,6148,-1305,9268,-1256,11965,9700
8837,-908,3971,3277,9408,8848,10990,-3489,9100,5829,13425,10782
8853,-1132,811,8224,8284,4745,11884,2439,636,11066,8282,4522
9385,-136,-12333,8960,520,-1854,9292,9183,-9340,12307,1304,-1594
-8553,-1140,-15597,0,2048,-8048,2824,10147,-16970,-674,2913,-7763
-4169,4372,-18229,-15064,-3964,-9199,-3838,3725,-16318,-13326,-2643,-8401
-4187,-3856,-9717,-24230,768,-4044,-2356,-3841,-7936,-19632,353,-766
-371,-4528,4419,-16254,-4727,5632,602,-3617,4900,-11665,-4641,6186
4309,-1066,5,-5712,0,6145,6968,-1733,10138,-5364,-2932,7152
8997,-1160,10699,402,1731,4104,13418,3825,10478,1316,4311,4342
7865,120,75,3072,1176,-2943,12184,8989,4218,8457,7312,-3142
-6163,8560,-4733,8526,240,304,6236,8901,-612,8547,4198,-7802
-7417,-1168,-6133,2103,6560,-11240,1362,5503,-5968,6414,8064,-8679
-8555,-1136,-15981,-5440,1344,-3584,-3536,2327,-12030,-1862,4963,-2857
-3883,-624,-10109,-15224,-3016,4112,-1610,47,-8778,-10878,-1065,4628
1737,-1160,-6685,-20928,130,8192,3132,-921,-4346,-17050,348,8557
4753,-1104,2963,-20480,5635,8833,5106,-2541,4062,-18788,6400,10353
-8251,-1040,10763,-16058,12050,10501,690,-1843,11752,-9028,11451,10799
8967,-904,16267,-10076,5,6400,9682,11995,17428,-2029,10082,6433
8325,7040,8323,2248,68,1556,8528,7323,9782,10839,9599,1670
9415,-904,2183,300,6144,-1424,9422,4291,2198,11659,6267,-488
10157,-592,-4145,1536,8256,2346,8146,8977,-3544,8217,9160,185
8837,-112,-7265,1538,2049,8,9178,447,-7182,7559,4069,-5925
4277,-872,-12117,-4608,336,-4088,7528,-211,-9900,-719,14239,-3396
3849,2934,-16107,-6952,860,0,5866,4557,-15854,-7501,17348,370
-6035,-848,-16477,-16215,12722,-1910,2312,7113,-15070,-14986,11286,-1428
-5435,-1036,-6265,-24560,1302,-11198,2368,14283,-4608,-24413,14551,-11662
-23929,-986,-5525,-16127,10246,-12248,-4056,4015,-2066,-11851,10489,-10573
-7675,-112,8515,8,-1952,1029,-4680,-301,9376,3849,-2537,5200
4229,-1104,-73,768,1041,8484,4710,597,2248,605,3282,8760
4237,-1168,-3773,1106,8194,6433,3688,-4183,-3168,3663,9932,7040
8405,-972,-2117,4130,2050,5200,9820,-179,-2342,5440,5729,5568
7941,1488,-5743,1,1797,581,11678,2397,-5634,8981,-141,972
8965,7088,-14061,2208,4,-4820,9246,9521,-14910,2627,837,-5045
-6307,912,-16509,-16384,-6140,-7612,-6600,1231,-16014,-16368,-7008,-8160
-7353,-1168,-4157,-30716,10,-12240,2186,7997,-2530,-26177,13303,-12915
-4043,-912,-5111,-26612,64,-6092,-4918,-799,-378,-16842,-2566,-3743
-6267,-1160,12439,-8704,18,4816,-874,-2837,12716,576,-6702,4958
8429,-1104,6071,73,9248,12320,6652,-1113,6144,-3,12374,12699
7829,112,1169,162,176,8704,10974,949,522,6463,14899,8804
12173,-1168,-6269,4624,641,4432,11958,8361,-5944,4376,13190,6127
7885,8570,-8253,6400,19,-13047,6798,11177,-8844,5978,-3991,-9662
-6331,10096,-13157,-30744,32082,-2304,3156,16241,-8696,-21275,32767,-2961
-8059,-1136,-8285,-16092,10256,-15616,-5056,5047,-1568,-8061,8796,-12965
455,-1144,1911,-15294,-6204,549,228,-5637,3050,-12545,-3167,-3258
-379,512,12419,5440,-3552,178,6364,1947,12266,8007,-2834,8352
9733,-1136,4101,34,14662,6440,9480,2713,3692,1144,14545,6609
9917,-656,-4049,9733,8400,1036,10442,1229,-2594,9777,8136,1671
8133,-2,-8185,1,5650,569,10066,3193,-8204,4232,5821,623
389,-1118,-13725,-6048,656,-1536,7092,8517,-13448,-6818,14000,-1434
-15727,-1162,-16317,-15104,121,-11502,2482,15837,-13826,-11529,8514,-9947
-8459,-524,-107,-12286,9220,-16314,-4520,8069,148,-10789,11441,-14250
-8187,-1168,1419,-14777,146,-3936,-10284,-7861,2010,-11392,3510,-2743
773,-528,5603,4368,-1792,6342,3068,-2737,5310,4587,-739,6865
7865,-120,1413,2066,5761,8480,7868,-1245,1212,2723,5736,8686
7825,-16,-4151,1536,172,6149,9526,567,-3548,3692,5017,7117
10431,5104,-8317,1124,292,4114,10342,6003,-8436,1463,6230,4183
9029,12368,-13817,-7424,19,0,9366,13125,-9646,-4006,11049,329
-6267,13456,-8315,-16047,2112,-11255,6098,13237,-7266,-12453,11634,-11757
-7147,6004,3979,-12287,65,-18400,-4066,6249,5154,-12298,7085,-17145
-17467,-1004,5059,2656,-6118,144,-8306,-8569,8454,5493,-7185,2116
4077,-912,4071,8264,-3068,2564,7040,2673,5248,11848,-606,2798
8853,-752,-6173,1,20936,32,8896,935,-4894,2408,20455,5672
8971,-1040,-12413,36,12160,2244,9272,4913,-10144,1211,11913,3338
9297,6522,-11101,-13550,14632,48,9046,6937,-11302,-10080,15127,449
-2747,12288,-87,-24160,304,-9980,5046,13417,-8958,-19988,18356,-8967
-24723,5056,4005,-7160,24,-18432,-8806,6869,2760,-3419,3011,-17741
-19397,-7184,10147,-9051,-8162,-487,-10936,-6483,12060,1572,-8851,550
3717,-1136,5251,753,-2431,9344,4308,1211,5184,4798,615,9233
4011,2984,-2045,1555,12458,8352,6990,-3049,-1414,6931,11948,10284
11935,880,-3683,1281,196,4144,12144,2781,-3732,7606,11985,5906
9959,-1032,-6171,916,1120,512,15436,7521,-5730,8160,9102,1358
7837,8050,-7915,193,6054,-4028,14478,8541,-7926,7072,5821,-2670
12549,6520,-11509,192,64,-8152,13884,6761,-10556,-325,4081,-8305
3725,-656,-14441,-16384,-12191,-14327,6436,3235,-13910,-13559,-11571,-13877
-4363,-616,-11645,-24024,1026,-11776,-2186,47,-9986,-19656,1379,-10258
-8281,-1166,-3965,-24510,4102,-4096,-3540,-3353,-2326,-22392,6014,-2530
-8571,-644,-121,-14204,86,520,-7808,-2321,11042,-5168,4128,5437
-6487,-380,8195,-11262,2057,5512,3858,7031,9544,-1310,6953,5670
-3817,944,2499,4292,592,5708,5288,1811,3336,6381,4212,7759
8037,-106,7,4616,42,8582,10528,557,-52,5991,1345,9204
9129,-144,-3693,306,-7856,2056,9810,-407,-4206,80,-8192,2048
9871,602,-8317,2627,1704,516,10414,1255,-5820,4052,-1028,1242
8139,17588,-15661,26,1130,-2048,9304,19049,-10016,-2061,17549,-3339
-7799,-908,-14301,-7165,558,-7528,4224,16349,-8682,-3354,15338,-8091
-7537,10422,-7465,-16312,516,-19968,482,10873,-7170,-15920,19489,-19009
-8057,-2184,1703,-16303,-3062,-9856,-896,-1605,-1560,-13130,-1902,-7141
-4459,-9692,203,-15915,5232,524,-3516,-9007,3254,-9550,6979,3239
4485,-1152,6019,288,581,12424,6206,-2313,5608,406,1083,12571
7817,964,1923,169,5636,12352,10160,-763,3482,6801,5570,12217
11909,-352,-2043,8968,6320,6277,14004,6931,-2224,9186,7562,5944
11157,-758,-9579,3088,1416,-6142,10708,18261,-9362,9596,1521,-7742
7835,-616,-16501,-16316,420,-14324,7246,13163,-17084,-8413,26455,-10461
8069,-1022,-19165,-15968,681,-15424,7502,7533,-19204,-14447,22899,-15823
-379,-3968,-13917,-28416,2189,-16340,3010,-3665,-12042,-20433,2658,-13405
-631,-1168,-5945,-16320,-7279,-5104,-896,-10117,-3376,-10720,-7526,-3805
-283,916,-123,281,38,0,5902,1413,-56,128,1536,16
7845,-1158,6541,4184,1033,10320,8696,-2677,7036,5281,3642,10127
9525,-654,131,6144,192,832,11700,8145,556,14934,580,1051
7845,17904,-8161,34,72,-7664,10624,12811,-6420,8769,9968,-4230
-8559,7042,-11901,-7144,88,-4088,4108,9769,-12264,-4504,25938,-4445
-3959,10130,-19051,-16052,9364,-8134,-1680,10591,-16446,-13911,8485,-8008
-75,-104,-5693,-21094,-1918,-7526,618,119,-5004,-16743,-1877,-7117
685,246,3,-12288,-2848,32,3374,-3591,1496,-11365,-2428,3100
-2415,-642,6293,4098,1032,1,-242,-7681,7660,8727,-7456,12257
14477,-648,6275,11352,-8990,6148,13530,4339,6300,10271,-7797,5803
9863,118,-1973,1026,0,2048,14664,5231,-1752,8527,13595,1622
8275,11132,-7927,2064,22,-6048,11904,11753,-7708,9920,6605,-6122
-16731,12916,-16251,-10239,4108,-18432,5206,13889,-16824,-10410,32767,-16071
-1035,-528,-22619,-14798,5189,-20479,-2264,8109,-21094,-2425,3699,-17478
-4211,-1028,-9321,-32684,129,1024,-1754,-2143,-9196,-20574,2542,-10520
-1899,-14,835,-11098,4,512,-1956,-9467,2674,-10013,-8599,1439
7835,-1168,8115,33,533,8200,10936,-9249,11348,1651,-6167,9582
16173,-656,8083,321,132,9743,16160,5679,8002,1720,9710,9943
8033,9604,-5237,1366,64,-3898,12794,11219,-1256,10269,2373,-1187
8903,11376,-4221,7726,8228,-10995,10504,12567,-4718,6020,10013,-9008
-6391,5168,-15405,-7583,1024,14,3056,6039,-11532,-2311,21077,-9713
-7291,-1152,-18267,-12284,2112,-8142,-3492,2897,-16654,-10664,1705,-6622
7885,-1104,-7899,-20970,-5375,688,-216,-2605,-8076,-16902,-5388,1107
1805,-128,3,-21814,-3000,170,1998,-2629,548,-17314,-682,8022
-311,-782,8071,-7661,130,8960,-336,125,9302,-7648,8,10273
8197,-1164,35,1,658,4691,8958,8157,13848,5568,1140,6311
9901,13712,899,4512,4352,785,10362,14213,9400,5109,14023,-247
-1085,6004,453,3588,10266,80,7958,7225,454,2306,10312,1
-345,-6,-3959,1152,1059,-3886,7100,2595,-4166,901,6869,-3449
709,-1032,-10201,1024,394,-5984,4742,973,-9642,716,9721,-5269
-121,880,-123,-15600,33,2068,1098,2009,-17234,-11689,18148,2634
4229,-104,-10357,-16299,41,424,4606,1629,-9842,-16481,2545,252
1163,-80,1991,-14320,266,-5870,4934,3009,2322,-13778,1269,-5873
-8059,114,12419,24,9,3396,-4218,-4321,11128,7467,-9873,4744
10885,1408,10435,192,66,1101,10156,9859,10412,3916,9181,4148
8391,-1120,-3197,8201,16,-1984,9942,6525,-542,10888,15221,-1105
8325,2624,-8173,528,116,-2032,9154,3243,-6314,7166,9613,-2107
9511,936,-12381,-6864,12811,-1918,9446,1195,-12370,-361,16238,-819
7821,3480,-16445,-5629,14678,-1920,7726,4545,-16366,-6112,12608,-1755
3923,-394,-12125,-15696,8706,-8187,3758,-67,-11310,-16296,8833,-8632
2709,-400,-8303,-22479,1120,-18295,2124,5797,-7624,-17932,7142,-17732
-23675,-2190,-2969,-16152,2372,-14304,-7436,-2859,-474,-13527,-389,-11719
-8439,-16,10499,1592,283,8196,-5252,2317,15118,6525,-7827,9552
-3557,6578,5773,-9722,562,10502,6012,7059,7866,-1618,5850,10467
7845,-524,3,1160,3104,7296,8416,2713,2870,1677,3569,6833
7917,-384,-3069,5824,152,261,9704,-989,-708,5880,2168,8786
9873,-1104,-2171,596,91,6400,10702,-1183,-1846,2824,7875,7408
12937,-1018,-7099,1188,1121,2562,13654,4603,-5456,6295,5537,2274
7813,-16,-12365,1284,0,-5536,11508,16085,-11876,4707,91,-5981
-8267,-1134,-109,-16104,10281,-14219,5346,13859,-12466,-12665,11654,-14322
-8479,8072,901,-25440,1056,-18416,-870,7777,-8206,-15573,14208,-17846
-359,-904,-11037,-7936,-5872,-11424,580,-835,-10624,-8083,-7137,-8668
-7185,-1136,6291,-14016,-9856,4227,-1436,-173,1432,1409,-8700,-2033
3797,-880,11,-7675,-1534,9344,4782,-3227,3604,-3705,-749,9102
8365,-1070,4009,928,1025,12360,9426,2243,5412,2280,3220,12342
9893,42,403,48,20,6218,9782,1437,-110,2,1028,4248
8841,-1134,-4925,66,24,256,7730,-657,-5182,16,2733,97
8597,-894,403,4196,4936,-8173,7732,-387,484,4106,6784,-6656
-4475,-16,-4221,-16255,290,-8192,5962,7029,-1592,-8689,23482,-5665
3733,-1166,-10237,-8180,22560,-4027,3790,3967,-11118,-4737,20771,-3018
1991,256,-10281,-7024,4740,-1784,1838,393,-11810,-7136,5136,-752
-347,-400,-7285,-16127,580,19,-106,-193,-7022,-14302,137,40
3775,-74,-109,-16372,-1386,2377,4560,3143,1456,-11619,-908,2615
-8309,-1160,12747,1300,520,5698,1302,5969,13968,5331,-832,6319
9517,368,9285,4360,0,42,12078,17185,9050,3987,10590,290
-3823,-1032,2743,5632,14336,-3584,6946,8299,3508,5873,14601,-3992
7913,1008,-3925,1670,16384,-7606,7846,1273,-4084,3828,18167,-4200
5799,-888,-9833,1440,269,3,5956,-2067,-8950,3495,8748,438
4805,-640,-11741,-14270,580,2120,4824,15,-10676,-6541,11273,3332
1691,-912,-12375,-16384,16,644,5910,13223,-10790,-13844,7237,3837
-8345,-896,-3195,-9818,2081,-7984,-8402,-419,-3914,-9631,4096,-8155
-6139,7026,8387,-11774,-8927,-4086,5132,6567,7820,-1502,-9331,-2696
13065,15728,8071,17280,704,1544,22152,17099,9472,14541,-22360,1467
7815,-1072,915,-24543,30753,-16318,10278,-1073,1388,-16976,32767,-13589
8345,-1160,-8283,-8638,20609,-1690,5514,-3439,-7428,671,20529,-1141
5637,-1132,-16317,-6624,132,-1232,4658,349,-16478,-7600,0,-1006
133,2928,-17529,-22399,2112,4617,1772,5663,-17410,-16938,32767,4970
-12575,15248,-15389,-22189,2449,-8012,-12722,15685,-16492,-22520,280,-8162
-16243,7792,-1933,-20475,524,-18374,-108,8385,634,-16324,255,-18964
-5435,3968,1667,-24440,8354,-10176,-5314,-451,406,-24383,9280,-9704
-20841,368,899,-8189,288,4881,-19314,-375,952,88,1056,6924
2737,-102,7459,18848,69,6202,3886,1133,6742,24820,-24615,6494
11927,-1168,4231,16902,-15804,2067,12730,4415,4882,17746,-12359,2207
9907,-616,1283,839,7,1045,10672,-787,1508,601,15143,1553
7885,-3192,-6701,4128,304,5184,7942,-2509,-4450,4600,9571,5208
9381,2948,-8247,2100,576,1033,11740,4749,-8644,6590,9252,1197
7815,-1168,-16507,1801,138,-8142,7752,-667,-13806,1054,2304,-7932
-8425,16624,-17019,-20282,1412,-15088,-8638,-191,-17438,-20212,1205,-16254
-7003,-1168,-11133,-9982,-6086,514,-6602,-561,-11118,-10176,-8051,530
-4947,-960,4003,-7598,589,-3835,-5694,-6995,5768,-6578,-4678,-2224
2789,-1144,8691,-6584,824,6674,3260,2585,9398,-716,4458,7978
9361,-768,4003,2594,8224,9344,9348,1441,3642,3273,8913,8850
7821,-80,-3129,387,52,4489,10402,2441,-990,5816,4527,4724
9909,-752,-3913,512,929,722,10868,947,-3070,7819,2249,857
9925,-1088,-11343,320,804,-4896,8434,-427,-11868,32,549,-4992
-12411,-608,-16497,-8172,2440,-8160,4062,10637,-15298,-6846,6174,-8475
-3377,-1088,-15609,-14848,523,11,-3388,8209,-13642,-15362,4517,-12226
-4475,370,-8281,-25584,296,-6863,-4022,-193,-7270,-16314,10,-6352
-6507,-904,399,-16362,-7833,2076,-5834,-3215,2116,-8445,-7628,4083
3717,-1168,8163,-7919,-4077,6169,7194,-521,9298,-1761,-931,5108
10117,-108,6087,1970,260,4623,10376,875,7222,2578,381,5259
9877,384,515,4098,-2048,645,10896,1319,1392,4855,-884,730
8071,-1008,-3453,1029,0,-1792,8786,-667,-4140,40,0,-1888
-14555,11128,-12285,-7803,260,-4064,-16078,12605,-12046,-7487,514,-2206
-7163,-1004,-16445,-8062,2614,-7096,-6898,13953,-15614,-3951,10123,-6961
-8371,-128,-3703,-28032,130,-2898,-7822,-579,-4068,-29662,2084,-2560
-375,-1032,-3933,-23408,11154,4112,470,-539,-2112,-23294,10270,4161
-249,-1136,4629,2048,-4628,10757,-306,-699,5086,0,-5872,10608
8349,372,5091,1123,76,8238,10450,-1469,6448,9423,1670,8398
8853,-648,-107,4129,592,4112,12674,4179,-96,4500,11135,5501
9993,-950,-6189,8209,64,-2590,13130,14691,-5268,9643,4934,-1624
8205,11122,-8317,3392,81,-14711,8244,8541,-8254,2799,15383,-12567
-8019,-1160,-16331,-16126,20612,-13755,820,9007,-14870,-6752,19540,-13493
-8315,-1168,-15469,-16240,1086,-15352,-3086,701,-12156,-8978,-20,-12416
1179,-1168,-3117,-26112,2048,-3072,1580,-645,-1400,-17395,3215,-2683
-4467,-912,3971,-9198,-3583,2564,-2092,-4757,4916,-7551,-2172,3685
4167,-116,5011,-10240,8456,2113,6150,537,6668,-1550,9625,3902
4901,-400,-123,-10213,32,4192,6794,-141,472,-1155,14364,6659
-4203,-1168,-6957,60,2433,4898,5404,4543,-4452,3336,10950,5110
-12635,11260,-15357,-10240,514,16,4326,11037,-11310,771,15140,397
-8387,-1152,-12403,-10558,10452,-3744,1900,11753,-11398,-8840,10171,-2275
1701,-574,-5241,-28288,9813,-11154,2030,6479,-4482,-16848,9284,-11169
1303,636,-3921,-12286,-3326,-7871,4054,629,-4196,-11996,-3568,-7678
-2007,-9094,3995,-7136,129,4225,-370,-8385,4202,25,1297,5522
8533,-122,3979,3082,97,6211,8558,479,4498,3089,177,4133
11415,-1036,2499,2569,1282,2561,11808,5035,1504,6534,4108,3509
8069,-400,-7789,324,11072,-4096,7918,-699,-7782,9,10760,-3436
8143,9072,-4093,164,1029,-10605,7856,10257,-3256,926,11209,-8700
-8057,9136,-13523,-7849,18752,-11791,112,10011,-8974,-6758,20847,-11101
-6523,-774,-16443,-16384,0,-5946,-2904,3881,-15322,-15409,11067,-5089
-4057,-900,-11901,-24231,1288,-3778,-1140,-2409,-12174,-19350,-1472,-2664
-119,-912,-3627,-25855,-2042,1156,3606,-4247,-4962,-15599,-3086,2422
2447,-142,3171,-13632,1538,4869,-464,901,-110,-16374,1425,5280
-377,-272,8109,-8188,16,8852,302,-673,8130,-8637,257,8833
9865,3428,-59,4224,256,4098,10234,4459,9728,5653,1501,4689
7819,-590,4739,3330,68,-1069,8382,12389,6780,7464,4949,-1368
-7883,7028,2481,4386,96,-8005,5062,10469,2524,4759,6057,-6955
-6383,-264,-4093,4352,64,-7423,1572,1871,-4636,4779,8666,-7230
3013,954,-8311,1456,7873,260,2906,1367,-8538,5082,7964,-7370
1701,-2830,-8307,2,9282,-4096,2146,-1901,-8852,-455,9365,-3763
-377,-1008,-11389,-7318,8720,-64,1838,-687,-11306,-7539,8196,416
2949,112,-8917,-12199,8232,4352,3118,333,-8938,-15807,8195,4226
3723,-1166,-7373,-24468,24,4224,3662,-573,-7400,-24575,308,4164
-7515,-88,-5741,-22208,2080,513,-7858,-447,-5208,-22396,320,132
-7803,-1168,5011,-15022,2,-1695,-1306,5459,6936,-13313,-13000,-1183
-6987,1400,14475,144,1046,6970,-1804,2961,15396,1281,-9358,8272
-3195,-1036,10155,-7248,12416,8202,7060,5281,13954,-2602,14211,8657
8383,-1112,4131,99,8,6673,8886,-703,4050,5190,10798,7674
10021,1682,391,292,8722,4096,9904,2067,584,4675,9203,5408
7813,-1032,-4217,8221,-2038,1568,8750,-675,-4206,8224,-2047,1027
11983,-912,-3189,2352,137,176,11952,-247,-3694,2080,128,32
7817,-1168,-6769,1121,4737,-2048,8054,335,-7012,1032,4802,-3224
8335,-1140,-117,-6000,1,-5487,7856,-705,-66,-8176,932,-5376
-15659,11380,-15485,-15160,17,-8544,2748,12567,-13214,-11025,15799,-9001
-8243,-750,-6237,-16302,515,-17352,-2898,6779,-5572,-9914,4687,-16565
-4363,-1088,-119,-14200,-3808,1056,-3820,4741,-7240,-14483,-5207,-9319
-8411,-872,4515,-16368,181,2114,-6314,-6943,4840,-7898,-6201,3832
785,-966,8071,32,224,4753,1364,-479,8456,2721,-7775,6062
3717,-1164,-125,-8026,16,12338,4194,1629,4638,-3575,2694,12356
8325,-654,2355,528,1136,10528,9016,-403,3430,4321,1365,10222
8381,-820,539,1429,1152,6163,10638,1461,594,5401,4022,6430
8119,-104,-3165,2155,673,5795,12738,5261,-1036,6774,4165,5725
8109,-392,-5965,9474,7176,-1613,11332,15329,-6012,9238,7282,-2526
8113,10106,-7291,2677,336,-10240,9462,10067,-5208,3165,15250,-9114
-6007,-1084,-15097,-16320,10912,-11776,-5990,-707,-16302,-15360,10072,-11479
675,-1142,-12259,-15322,3124,-9208,-386,-195,-12398,-15360,3104,-9150
-123,-1070,-4219,-16359,4,-4096,2104,-2641,-3422,-15064,574,-2821
-3963,-994,5127,-15718,554,2176,-1690,-5437,8176,-9076,1512,596
3717,-1080,9189,3104,-6139,8216,3630,365,9110,3202,-5279,8215
7975,-144,6085,2080,3212,8256,7990,513,6294,2080,4096,6144
7813,-612,-2077,2050,1459,1065,11632,9135,-1870,11493,9816,1437
8469,11120,-8253,8192,108,-5151,8184,12857,-7714,9511,9288,-4161
8329,-1162,-11385,-14336,26656,-2924,7986,-639,-12270,-6669,27718,-2567
8885,-772,-18233,-7928,16,-5885,8770,10791,-17534,-5567,18660,-6434
3989,-656,-11121,-15797,4352,-16372,4450,2365,-10726,-12679,6087,-13770
2693,-1168,-10105,-20447,3330,-13912,1582,-419,-9806,-20734,2688,-14054
-7797,960,1171,-8135,166,-6782,-5840,201,4026,-6968,81,-5110
9877,2938,-7965,129,-16262,-1792,-7346,-707,16274,-7744,-19968,3604
-9579,-968,12195,6166,8,5145,-9682,-551,10142,7237,1609,5252
9873,-912,387,2048,8804,5634,9928,6195,4438,6929,8899,5691
9501,-1166,-4211,10559,52,1300,9498,2421,-2304,10778,629,3787
7821,-1146,-7227,2689,2690,2178,7726,-705,-7270,2177,3456,2050
9893,-1168,-12141,16,15361,3136,10086,-447,-12302,388,15604,3109
7879,6272,215,-6652,21122,516,9852,6907,-14208,-2956,21126,781
9861,-764,-16149,-13812,2564,113,9968,14475,-14008,-8692,15543,-9014
-3451,2,-8765,-14208,4202,-18683,-3534,361,-7778,-12775,13495,-17087
-251,-944,-109,-12268,9456,18,-942,4049,-1490,-12122,10734,-19761
-6509,-944,-7739,-8832,-8,-10192,-5530,-8163,-5502,-7957,-1272,-9040
-4473,-8942,5035,-7040,16,5196,-1750,-8127,6240,-2519,-6707,6097
2197,-140,4615,-6907,664,16552,3624,-2379,4462,-2972,2681,16622
8455,-1160,3973,10268,280,14480,12496,4751,5188,11086,-2373,14551
17069,1520,-117,10273,1570,8742,7726,-707,-110,10368,540,7532
8845,11652,-8061,17689,2592,-2010,14782,12769,-3164,17711,4372,-1188
12943,5140,-8253,2240,15752,-7161,13086,5951,-6532,272,16416,-7111
8265,8056,-11581,-8128,5157,-9984,9466,9021,-10192,-8159,8203,-9467
8287,-1036,-13827,-7843,22029,-11628,10064,5267,-13330,-7937,21286,-10815
3861,-1162,-14393,-13143,7232,32,3918,-577,-15282,-12645,6144,1
-7467,-1168,-8315,-13520,-5824,-20480,-8382,-641,-7214,-13146,-6078,-20480
-8539,-6988,83,-8191,40,-5880,-7326,-6315,1086,-3275,-11678,-3649
-8345,2416,12881,2816,-3584,8717,-2044,3339,12734,2862,-2506,9518
-2411,-1152,439,-8159,128,10240,6288,7621,4846,-1645,2815,10470
2973,-1096,-29,261,529,146,7588,4159,2236,2497,-2095,6773
8877,-140,-107,8704,146,5657,10272,3219,398,8589,2237,5612
7973,-912,-1133,2064,1025,2449,10618,1653,-1220,6043,5307,1991
10379,-936,-2925,1213,65,-4766,10032,-571,-3054,1025,2212,-4703
9417,-1124,-8317,816,646,40,9342,12771,-9326,-254,30156,-2331
7829,13172,-16233,-4784,2203,-5080,7968,14179,-14216,-895,17426,-5251
-6387,-944,-15989,-7104,276,-16384,-6610,-573,-15918,-7168,0,-16192
-5329,-894,-7289,-12796,-6131,-14975,3252,5203,-8088,-9058,-4132,-15144
2447,432,-3979,-24448,3308,-11128,-462,969,-4062,-24461,3232,-11264
-3371,-4812,-4203,-16320,160,-6144,-3474,-4675,-4198,-14207,-3902,-6646
-7159,-1152,87,-5991,-24532,360,-2486,-10539,3886,-4036,-24066,2845
4011,-128,8589,2584,-9726,13984,4334,-337,8086,2692,-9720,14084
8869,-144,6073,-7008,2128,10752,8754,-707,8216,-7149,4120,10304
10901,-1124,1541,1216,16,4101,10818,8023,7776,4072,9966,4599
-7929,-992,-101,6468,192,432,5796,10175,2592,7878,10340,2514
-6395,-1130,-125,592,1158,-1528,-5826,839,-94,532,1105,-1664
-361,-108,-6957,4733,128,-2960,4280,5285,-7352,4166,6326,-2669
4813,-1104,-11357,-7096,16,19,6832,3797,-9548,-1357,14421,269
3829,-1132,-15481,-5867,132,2562,4146,-503,-15820,-7676,9,2064
3989,48,-11867,-16288,327,-8159,5042,4829,-11244,-12490,4900,-6006
-3963,-780,-7289,-15188,2240,-14336,4100,8259,-5430,-12409,-1119,-14069
-6327,-1062,4011,-15168,134,-14750,-1350,2465,5094,-10396,-4748,-12003
-7019,-400,13473,-6126,-5176,4288,-4552,-691,12958,-6000,36,4620
10981,-574,8547,8256,514,10274,8110,2939,8880,7543,1366,11127
10377,-1168,4997,1086,8524,4099,10350,4629,4564,5240,9517,4431
8405,1584,-3565,0,6273,2736,7856,1887,-2126,400,6661,2649
8069,-1064,-2429,2228,2,2563,7982,-707,-3880,1315,71,2592
8965,-1164,-7211,7,69,1348,8750,-539,-7534,12,672,1176
7837,6888,-101,2820,200,-3944,10094,8037,-6126,3812,9288,-4213
-12661,12720,-13181,288,203,-10240,3444,13207,-13944,810,7664,-9370
-8565,-566,-17165,-15936,8260,-12248,-8592,-695,-17516,-16376,8209,-12288
-8439,-16,-16091,-16115,-2656,-11968,-1012,605,-14414,-14020,-681,-9469
-4209,-4714,-119,-16192,-8000,-3840,-748,-4063,-286,-15809,-7552,-3112
-753,-1164,2435,-14267,-10230,6308,-348,-8353,3488,-12766,-9812,7745
-251,-624,10131,-5952,641,8218,3684,-3435,10842,-5284,-2121,9482
7877,946,11555,288,130,8738,8128,1533,11170,2052,160,8392
7941,7036,10249,5392,16,4611,7758,7505,10146,273,129,4352
-1403,-778,4229,342,32,5152,-1088,361,4082,13,1,5268
11273,4498,-1635,8338,156,3136,11198,5181,-1004,8258,45,2090
12981,-718,-3365,9289,2176,-2007,12348,-567,-3402,8209,2054,-2767
8873,-1168,-7217,1152,555,320,9678,3389,-5076,4819,3724,-7992
1989,4992,-11901,-14229,128,-7676,2614,5573,-12070,-14201,353,-7136
-13843,9120,-18557,-8147,256,-9819,3230,11561,-17194,-5588,16275,-9055
-7451,-1036,-12409,-16384,4652,-19371,-6570,9597,-11690,-13824,33,-19423
-8363,-1152,-8045,-24062,616,-13272,-1166,-1317,-7980,-17825,1016,-12188
-6325,-1164,1931,-7800,-8048,1156,-5478,-8685,2872,-7281,-8177,2704
709,-960,6791,-7103,144,257,2940,-4703,6662,-4758,729,8257
9927,960,7083,3285,522,13504,9580,1837,8536,3497,7938,14478
8357,-392,6019,1026,336,8706,14298,5821,7610,9577,2599,9031
13981,-906,1923,2316,6,932,13870,605,930,2688,9,289
10021,11636,-3579,8400,265,-11260,9774,11647,-3180,9024,4,-12144
-3803,-896,-8061,-7288,6833,-12030,-4162,-579,-8106,-8096,6624,-11645
677,976,-14379,-15860,8705,-10016,-262,405,-14378,-15743,8848,-9662
-3707,-1808,-10837,-14258,2584,-2043,-4556,-515,-10862,-14208,3270,-1428
-4411,-1168,-10301,-14703,5,166,-2388,837,-9338,-15186,2328,1520
-5411,-878,139,-20350,1027,2059,-1296,463,-2400,-19496,1806,2004
-22587,-1142,229,-21504,145,2,-4876,2403,4188,-16284,8725,618
-4399,-1128,9,-8192,2256,553,-4018,-577,146,-8183,2078,1089
765,144,387,34,-8697,8834,1000,817,6842,3413,-9421,10381
17489,-1168,9283,9029,657,12324,17530,5499,5968,11740,1387,11906
14293,-1166,4117,2,162,0,14214,711,4198,2723,12477,3215
7965,-1532,-2609,8516,850,384,10890,-491,-2274,10867,4608,189
8965,-1146,-7801,3648,32,-5820,9040,3709,-8322,3385,260,-6112
-8307,-1120,-14973,-4527,18442,-3324,4362,9573,-15326,-4076,18546,-1948
-7925,-132,-17909,-6142,66,-8127,-8634,-65,-18448,-7614,72,-7676
-2419,882,-16459,-15101,6678,-11256,-822,7339,-13892,-15819,7146,-10897
-7259,1032,-10353,-24330,256,17,-1106,889,-7942,-22942,-755,-6259
-6491,-7152,163,-24062,-3018,144,-6206,-6785,50,-17371,-2437,-836
-2935,-1160,9125,-16311,-7800,5824,574,-703,8082,-14223,-8191,5376
1765,-616,8163,-6990,512,10274,6268,-2269,10182,-2363,-1383,11521
10213,-748,8403,256,7309,8200,9938,-351,8116,2819,6743,8630
13349,-592,7817,8196,0,4224,12092,-707,7058,899,2,1843
9893,11304,-967,8708,256,-7025,9592,11761,-1130,8399,531,-7620
-8059,7348,-9083,2560,10268,-11621,-8656,7629,-9256,2053,10520,-10735
-107,-652,-18333,-7777,4648,-3579,1332,1523,-22222,-7155,4256,-4095
-4333,1632,-16509,-16032,2436,-2024,-1068,1711,-15272,-11572,3010,-1131
701,-456,-8045,-20220,2755,-688,1236,1069,-6318,-17540,3184,-654
737,-632,963,-19378,-440,532,580,-3543,3346,-18155,-712,849
649,1010,-29,-976,200,6688,1594,-707,-72,33,1096,6402
9453,-1148,8147,2588,1050,818,8814,3041,9646,2072,512,580
8837,-76,4105,8192,768,-3520,11410,6493,6014,13439,2389,-1297
7867,-1078,-6237,8322,8961,-2684,9930,5319,-2082,8090,9147,-2855
7829,1080,-7771,18,4098,-2781,7878,1349,-8038,1602,4118,-2720
8077,2442,-12399,258,13187,8,8034,2493,-10828,2,14645,32
2205,-1102,-14717,-6104,12800,-1466,2122,-579,-16492,-6142,12544,-1464
1189,-1160,-16505,-15472,8740,-6064,718,-607,-15970,-15947,8608,-8188
-19083,-582,259,-23423,2049,-12912,-3332,3089,1822,-19906,11443,-12289
-8471,-844,-117,-15984,5377,-11243,-6676,-1441,-5820,-12498,4413,-7767
-6011,-2832,10391,872,-5880,4663,-4416,-2325,9908,2324,-4585,4975
263,-1148,-123,-6076,-1759,10304,496,-675,-46,-6124,-1789,10258
7881,-896,-113,643,8960,0,12632,12209,3252,3873,8350,15691
8533,374,157,1059,130,6697,11246,3095,2786,5235,7017,7536
8167,-142,-3819,12292,272,1552,12598,6079,-1848,13193,4641,1705
9257,13168,-8293,10258,529,-3872,9422,14659,-8286,8340,5768,-3512
-6327,8560,-12323,-4541,512,-12268,7870,8513,-12330,-5984,16,-12268
145,-864,-15421,-13808,5264,-7167,110,-643,-16430,-14188,4582,-7679
231,-1040,-10105,-23375,-4064,-6112,2338,135,-9352,-18345,-2077,-6057
143,-654,-2155,-21244,-5744,208,3246,-3397,-734,-16817,-4816,-2473
-3887,-908,10147,-14111,-11006,5331,-2664,-2201,10512,-9053,-11174,5969
7829,-1166,17325,2180,3988,7172,7730,317,16454,2076,128,6152
8325,6016,6211,8620,386,3080,8262,6717,5190,9242,80,2338
8341,5236,75,3659,1,-1279,8558,5949,-2398,4098,80,-1214
7813,7632,-8053,5162,392,-4064,7870,8277,-8046,5188,3739,-2600
3845,5524,-125,-8192,17668,-4096,5670,5651,-12576,-3989,18369,-3667
645,3120,-19661,-16384,12544,-3820,582,2305,-18382,-15808,12578,-4048
549,-528,-10109,-18398,404,-9111,180,-1873,-8136,-18031,-3605,-8598
-8569,-576,3971,-10176,565,1032,-4014,-695,8678,-9727,11,72
-5991,992,16331,776,88,968,-8386,-571,16570,8,25,16
9893,892,11801,545,520,9243,8964,7481,10944,4508,5505,9743
8869,4488,1411,8192,11400,4123,9278,4479,1958,8192,11820,4136
12577,1136,-4221,8326,9888,1024,12346,1421,-3018,8452,9856,576
8857,1968,-7165,8296,8337,680,8898,2429,-7150,838,8474,515
11655,2672,-10327,384,5252,-3834,11376,3117,-9958,-5628,5137,-3967
10001,-1168,-15195,-7414,429,-8704,9392,10579,-13288,-5404,4828,-8707
-7803,7238,-12885,-14336,2546,-14272,3210,10071,-11810,-12843,2843,-14567
-8249,-1040,-7725,-14271,581,-15232,-3366,1933,-7826,-14008,2947,-14521
-7345,-6216,911,-8128,-8192,-4093,-4900,-5227,1058,-4593,-5895,-3447
-2491,-1008,5639,-8163,-2045,3136,-456,-539,4882,-8045,-1728,3072
7881,-1136,6665,-6142,530,1536,6036,-2851,6992,-1700,-9631,11706
8695,1176,6219,1280,1096,8236,7670,2055,6752,2275,-677,7922
8999,-1104,1933,776,2096,10,7874,-675,1938,790,2423,524
9871,7216,923,8211,2614,-928,9846,7489,830,8320,2066,-1392
9365,6268,-8237,8193,11424,-3072,7726,6749,-4974,8192,10835,-3068
8005,10740,-11385,785,4112,-1912,6170,7677,-7950,-754,3386,-1574
8469,-1072,-10297,-4091,4234,-1472,8306,-437,-10336,-6392,4226,-1721
3845,-140,-14645,-14080,2,419,4516,4963,-12960,-9591,13887,413
-363,-1032,-12069,-14080,9792,-6092,3520,4423,-12000,-14397,9254,-5191
-7315,3962,-5593,-24380,280,-11616,-8242,4157,-4206,-24156,41,-11534
-8251,-588,5,-21364,2048,-15164,-3086,2197,596,-16174,9839,-9984
-18299,-7120,-59,129,-5628,1161,-17362,-6187,146,211,-7343,1116
-365,1426,8067,93,32,0,-424,2141,7190,6,6,160
4173,-592,2947,317,-1527,10244,6594,307,3258,4976,-1940,10708
15001,-784,2947,9729,65,10244,14502,4243,694,9407,10399,10669
13581,432,683,8449,2278,288,12270,-643,404,8638,2052,3872
9925,-892,-7261,3664,240,-4024,9774,11085,-7022,3124,40,-4076
8709,6322,-11115,208,9223,-10240,8980,6651,-8732,-190,9990,-9406
251,6018,-16501,-13819,4236,-11901,4228,6789,-15482,-9904,4562,-9717
-187,370,-12381,-23520,2,-9833,670,799,-11608,-18944,2943,-9748
-2409,-796,-5729,-24576,264,-7678,-1260,-4165,-4796,-19121,1051,-5606
-8151,-16,3987,-14831,162,0,-5358,-2779,5344,-10110,1719,663
-18299,-990,8101,-7959,137,6499,-944,2033,8650,-1732,2315,6982
-4315,-1166,389,90,-1278,10890,4102,6029,6350,-10815,-1493,10898
1957,-736,195,2560,260,6584,1582,-579,148,2560,66,6193
8005,2576,903,2848,6426,34,7924,2377,1122,2914,6153,19
8101,2932,-3739,512,8,-5824,8744,3325,-1830,5627,-5537,-5408
-379,3712,-6141,-1673,24,-8191,-290,4685,-7658,-2046,2186,-8168
-5945,-630,-16473,-7520,1105,-8190,-5808,-381,-13356,-7004,32,-8160
-7467,-1168,35,-16072,41,128,-8640,5277,-11218,-16382,0,512
-8561,-1142,-5741,-21882,54,-2936,-8576,321,-4582,-21728,-1120,-2112
-363,-1168,1863,-16127,-6141,6720,134,-3529,4338,-10708,-4902,7393
9925,-720,4871,-8127,4680,14788,6162,-1943,8334,-9322,6032,17660
1381,196,5589,-7552,4360,12952,7674,1603,7230,-3539,5425,13110
8841,6096,8197,122,7450,6401,8322,6725,8164,4,7744,6664
9097,11154,9115,6656,1669,-3584,8266,7773,8412,7216,1612,-3888
8389,5020,899,9760,133,-3718,7730,5451,914,9216,6197,-4080
2317,2224,-6675,2080,2120,277,2130,-689,-6544,4227,2434,4
3731,128,-8279,64,2048,-5917,4448,629,-8426,1219,2687,-5259
-375,902,-12401,-8152,328,129,-70,1885,-14158,-12640,1029,362
-283,1392,-10085,-19159,2577,779,46,1597,-110,-19200,2176,648
-18251,-528,3,-20416,1160,896,-2306,5805,3232,-17357,6393,-1119
-22899,-720,6227,-14335,7232,312,-22886,-3,-100,-8104,6820,1296
-2167,368,10643,-7680,9491,2608,-1786,6045,10832,-3097,11770,3745
2373,-474,2949,-6652,1665,5120,2612,1829,3620,-108,279,7736
8439,8080,2515,8259,10240,8320,11336,8493,3852,7763,11159,7073
8341,1584,-93,2,10336,2050,11088,1027,-208,6048,11543,3910
8025,2146,-8117,10240,5132,257,10304,2935,-6874,10263,5451,-29
-1401,8184,-12373,-8032,326,-3996,-1226,8657,-14316,-11255,514,-5117
-7675,10608,-13693,-13148,264,256,-7730,11133,-15726,-14334,1,306
-8503,7280,69,-16352,640,-7161,-246,8303,-1024,-16718,7286,-6664
-7015,-514,5031,-8048,196,2306,-6704,-1417,6694,-6382,-10909,3838
8613,-874,9127,208,-7166,4608,8692,1927,9412,1578,-3768,5707
7815,-440,4557,1025,10256,5154,8254,-659,4498,1024,8281,6208
8357,-432,-97,7169,536,2072,12772,1971,684,8034,10480,1929
10893,2932,-3645,8274,6169,-3760,11486,3569,-4106,9009,6056,-3463
1673,7104,-12269,-11128,512,-8192,6842,8561,-12548,-3894,6995,-8287
-20821,7280,-22605,-15999,18,-10228,-23498,8525,-22188,-14842,516,-12054
-8547,3440,-6269,-20477,7432,-11162,-7490,4605,-6830,-21489,7184,-8132
-13921,-1136,-57,-14846,-10688,2197,-8560,-611,-94,-15614,-11981,0
279,112,7205,-4856,-7648,1024,4676,-883,7220,-4491,-6166,7906
7815,-496,899,-5632,128,40,9530,-2017,4210,138,6497,12184
7957,-576,4359,8596,273,6784,12038,2729,4936,9699,436,6229
8837,5884,39,8266,128,-2558,7726,5821,164,8457,136,-3064
8613,9842,-6267,145,1056,71,7726,10311,154,1668,1408,17
-4189,9108,-6933,-6400,1024,-6879,-4304,9661,-8030,-6648,1280,-8186
-7115,5296,-15421,-5936,12608,-8192,-7026,5619,-14954,-5518,12374,-8176
-6521,1904,-15429,-15792,1025,-6144,-6576,2365,-15470,-15805,3,-6040
187,-1116,-2041,-16112,-3328,4,-366,-451,-4172,-15698,-3827,772
5,368,5259,-14324,385,2760,-8270,961,8090,-15096,2308,3617
903,-140,12615,528,-3959,11296,1640,237,12306,1208,-2776,10272
9115,-1068,8099,4128,705,6670,9176,5175,8710,4043,9167,7002
10121,8180,3975,4416,2220,4354,10014,9125,3614,4502,7171,4275
7849,7666,163,1217,42,-1536,8636,8181,-3086,9617,-663,-1647
-377,5694,387,0,781,-7032,122,7107,404,394,536,-8157
3989,-1164,-11373,-5432,13377,-4982,3632,-643,-12250,-5110,12305,-5112
-315,-1166,-16187,-8192,32,-6975,1268,2685,-15044,-7667,-288,-6624