336,157,-140,-941,-239,2,4628,-14924,98,-422,-75,-3
404,173,104,-944,-254,0,4676,-14868,86,-395,-40,-28
424,191,-4,-510,-239,-49,4652,-14868,48,-414,-111,-22
832,173,-28,-509,-256,36,4720,-14946,118,-448,-64,-32
832,133,-84,-512,-248,81,4668,-14900,16,-437,-95,-30
870,109,-146,-454,-248,16,4744,-14974,138,-459,-145,-44
900,173,100,-488,-188,5,4770,-14946,162,-426,-72,-59
904,141,104,-506,-256,36,4726,-14976,68,-445,-56,-23
836,125,104,-511,0,36,4752,-14940,72,-390,29,-81
372,113,-134,-493,-237,2,4690,-14930,128,-369,-39,-103
898,29,-156,-360,72,36,4662,-15088,118,-360,69,-71
-48,-723,360,13,2,1,4956,-15290,432,-433,295,75
-636,-1155,-148,1608,258,849,5298,-15530,464,-389,974,907
1380,-1023,-148,352,2163,266,5872,-15614,506,429,2632,1529
1600,-991,108,528,16,517,6490,-15112,324,642,4988,1961
-60,-611,-28,16,480,124,5994,-15068,88,1680,6202,1339
1344,-5739,-412,402,7500,196,6030,-14022,-34,2485,8232,753
1386,-5169,-156,2736,8192,52,5170,-13594,-526,3095,10356,96
3520,-6147,-132,0,8268,34,4806,-11918,-1280,4103,10298,103
3628,877,-3412,448,8212,267,4006,-16574,-3512,1968,8335,1393
-448,-4243,14,4098,2113,576,1896,-20774,-4054,4748,6309,279
-54,-6279,-2124,4164,8768,-1840,3776,-17954,-1994,4753,9982,-1911
-416,-6291,-3228,648,8204,94,4082,-13834,-2514,3669,10857,-1109
3520,-3563,-3546,4416,8274,-1784,4324,-11334,-2290,4478,12466,-1762
4440,-3987,-1658,4096,8276,-2434,4826,-11526,-2026,4433,10977,-338
4460,-6031,-1680,4096,256,320,5056,-11876,-1480,4685,9452,527
4472,-4239,-2010,4391,6304,154,4972,-12816,-1448,4604,8055,966
3392,-6291,-2202,4110,5428,1136,4196,-17646,-1960,4305,7416,1189
-444,-6023,-3004,5156,266,64,-940,-6534,-3132,5362,160,8
-298,-5235,-2108,4112,8721,770,-556,-6486,-1614,4145,8278,628
-182,-6219,-2180,2573,7436,1,2104,-5766,-1148,6373,16887,-4450
2980,-4243,-4224,297,8266,104,1940,-5142,-4498,1028,1157,1233
4416,-4231,-664,162,8259,536,4264,-4486,-1072,264,3792,270
3458,-3459,-134,2128,864,-3024,3416,-3790,-604,2056,1056,-3069
3410,-3035,-66,1042,1234,-887,4180,-4502,-18,1536,1153,-764
3400,639,-156,0,3,64,3156,-6550,-2308,11,528,850
64,-5695,1920,4,0,1129,-74,-6398,1906,196,96,1288
644,-4955,-138,13,290,-6144,340,-5398,364,38,418,-5740
324,-6291,878,1028,5056,-4029,84,112,-20,352,4,-3760
3668,-6159,524,-245,1032,-1976,3468,-6486,-8,-301,672,-1996
3906,-3603,-28,150,209,258,3684,-3446,-132,234,2,585
3684,-4157,-602,1283,192,1026,4904,-12662,-440,1473,6341,1539
3650,-5779,10,0,4128,64,5054,-14350,-14,2508,5356,1346
194,-3955,394,1324,6272,2118,-300,-4438,4,1026,6693,2049
-328,-3569,102,24,8817,0,-680,-6546,110,517,8448,66
960,-5003,-132,1097,260,1101,188,-5518,-132,1168,0,8
3392,-5203,-506,2305,259,17,3164,-5454,-402,2053,592,260
3402,-4871,102,512,1153,848,3160,-6550,-18,196,1248,906
4434,-4049,-628,680,4096,-767,4994,-10930,-248,1857,4417,-567
372,1133,180,144,2050,328,340,-6038,304,132,787,272
708,-5491,1898,3328,162,641,-938,-5396,1900,3424,458,144
482,-5125,1380,32,2840,-4215,284,-5486,1398,149,3088,-4288
-704,1263,868,100,4481,1044,-276,786,876,32,4226,1184
1358,-6265,-152,523,4433,2,1188,-4106,-80,512,4619,160
3410,-3215,-1152,3,2072,20,5952,-11248,-784,2294,6693,784
3556,-3371,-1548,1040,550,1034,5846,-11694,-1184,3148,8802,1400
3520,-6227,-2196,2435,6,1632,5358,-12650,-884,4127,9116,1641
3808,-5771,-2204,4096,1040,1363,4962,-14346,-988,4094,9323,1365
-656,-4237,-920,2440,8261,96,-684,-6550,-908,2583,8576,173
-4672,-5779,-3182,5824,3104,-2766,-4608,-6026,-120,5924,3220,-3070
1092,-5721,568,265,2118,32,1044,1642,660,65,2168,358
2404,-5649,100,896,8708,-3327,2180,-6038,118,770,9240,92
-608,-5251,-154,3092,5218,8,-6178,-6410,2252,2050,4616,675
-16272,-4875,-376,289,400,19345,-17284,-6422,-1554,365,705,20608
-25278,10125,-14924,385,2060,6,-14330,-15534,-14888,-8072,2658,30219
-22912,17807,-12312,5889,-20208,0,-17320,17024,-11154,385,-20464,0
7488,2413,-8348,296,-22389,0,7764,2670,-7186,264,2076,0
8004,407,-15408,9924,5120,10782,7988,718,-15236,10528,1096,10373
7754,-147,886,10250,-4608,4610,7828,-6278,876,10286,-4031,5384
8000,-6219,4228,1233,2118,0,8324,-2966,4016,284,82,-9824
7496,-10113,4196,528,906,464,9996,-2198,-14,4224,1712,2177
-21168,-6291,2022,513,3120,17408,9200,-20348,-22810,7193,14595,19787
7890,-12625,2468,96,-736,1966,-146,-4396,1784,14494,-2018,-7416
9300,-14417,3684,8192,68,10353,1636,-9932,-168,8459,-21662,-6109
7560,-6035,-7320,1072,84,9249,3502,-6880,-2798,1597,-14980,-6633
-704,-4747,-7322,6812,-16309,5848,818,-6038,-4208,7758,-12026,-17556
-576,-3731,-2714,3092,-11630,262,-404,-8286,-2544,12063,-2081,-26123
-7862,-5139,-2204,9984,64,5377,-1082,-9486,-2336,12600,4602,-27065
-8752,-1907,-20,9352,546,1024,-972,-9158,1508,10224,-7802,-22232
-8846,3437,1382,4520,4741,2051,-1646,-8712,-736,4139,-1328,-22207
-23096,10385,2934,512,8204,6144,-3200,-14060,-846,1110,8774,-17378
-2550,-5663,-156,4,16640,9248,-2720,-16144,-1164,2016,16151,-16856
-1340,-5123,3942,640,8288,8,-2032,-21930,-4534,2297,14728,-9705
-8884,-5233,-892,644,4103,-7548,-8876,-5714,-574,834,4100,-7928
-184,-137,-1998,6337,5650,-14300,-684,-1606,-2180,6208,5128,-14336
-272,-4723,-1012,2756,2088,-8182,3238,-12456,-1730,3416,13986,-4746
3654,-6283,-2200,17,128,-7168,4476,-10700,-1772,690,6551,-815
5120,-6275,-1924,5384,12,3776,5134,-12522,-1262,-162,3621,4361
3728,-6143,-2060,1027,4181,4668,5140,-13848,-284,1707,5124,7040
4580,-6029,-2068,2304,4648,4131,4476,-17386,-618,3264,6873,6484
2144,-2141,-1660,1792,518,2240,2152,-2410,-1412,1592,464,2120
2672,-5263,358,512,6576,526,2262,-5462,414,193,6144,0
3912,-4961,-442,3104,6440,2242,3860,-5398,-148,3072,6245,2372
3400,-3177,-76,200,48,2052,5632,-11034,-140,1574,4823,-932
3432,-3919,-84,514,80,1408,5156,-12280,-858,1670,6335,-464
3520,-5827,-124,2070,8192,272,4522,-14342,-856,2366,8533,1308
-570,-1617,868,2056,9217,161,-876,-3284,684,2200,8224,285
-316,-5723,84,532,4625,-4080,-932,-3588,364,512,4608,-3963
1490,-4431,398,1313,0,-2470,1236,-4614,368,2072,150,-2528
608,-6291,1012,2065,4424,-3272,4654,-17042,-642,2393,5818,-1069
3712,-5139,776,608,8962,64,5624,-13018,-1266,3026,9164,251
4484,-2417,0,284,9987,592,6546,-10782,-1918,1788,10035,783
4170,-6099,-1818,608,2052,58,4858,-12510,-1554,1716,7257,-7
3660,-6019,-1172,537,160,-1976,4648,-13764,-1064,2604,4402,-689
3478,-79,46,320,4442,-1822,5326,-15956,116,2445,5105,102
3426,-4685,1260,704,8220,2051,4392,-19168,-216,2942,8537,2410
576,-5247,-28,2181,11264,448,100,-6294,-10,2049,8296,584
1364,-6275,-2056,1034,2596,96,2176,-14044,-712,1872,6795,-2442
3456,-5905,-1428,2304,512,67,4404,-12088,-96,2286,5678,-3483
3648,-3089,-848,1,1352,516,5344,-11610,-206,1539,5625,-263
3908,-5243,-86,0,552,32,4862,-13620,-898,1569,6768,954
576,-11,-26,0,2049,2,4616,-15462,-820,1455,6996,2109
322,1215,-156,416,12,-3072,4310,-15090,-716,2016,4916,-1093
-704,-5137,-156,811,436,-2216,3948,-18014,-1294,975,4440,-165
68,-6161,260,2760,1093,-1792,4146,-17552,-1354,3870,5779,-1718
324,889,360,2268,8278,-1531,4684,-15612,-1554,3937,8290,-1417
3956,-5267,228,1160,8768,-1022,4848,-12944,-1720,3271,8899,-565
5216,-5689,230,1,5129,512,5248,-12162,-1800,2402,7161,-237
3428,-6031,-1554,1028,128,65,5414,-12966,-1534,1634,6283,1285
5248,395,-856,2072,512,648,5176,-15094,-662,2414,7202,1902
576,-3203,-1156,93,8321,2129,112,-3452,-1060,256,8512,2076
2000,-5779,-1042,2,528,3,2216,-5922,-852,580,4,-1593
3968,1903,52,48,36,-1948,3690,1878,-48,140,2,-2041
4192,-5779,-116,2066,352,-886,3156,-6486,-144,2048,530,-919
3392,-5235,-1748,3088,0,-993,3348,-5974,-1426,3080,553,-892
-188,-5459,-4124,1088,536,170,2726,-12660,-1114,2962,8775,388
-22684,-6163,-124,5393,10506,2880,-6860,-22142,1864,-3067,11957,12937
-19760,-5003,-3098,656,4290,640,-21380,11114,-3476,548,4104,0
-25024,10159,406,0,4108,0,-25132,9974,-142,72,4160,0
-7840,1963,-3420,161,576,0,3544,-14056,-3498,5466,-9405,32767
7616,6071,-124,4608,2048,0,7108,-10686,-4254,4879,-5443,28122
7496,93,-14412,41,6176,16404,9378,-6058,-9320,1598,-1704,16995
8260,-5771,-10524,1860,-9899,8194,8394,-5186,-10372,-8810,-1037,12094
7556,-3155,-10392,3124,6157,4108,7674,-3434,-9604,-13039,-302,3904
6532,-5139,-156,14338,8837,0,7266,-5598,2860,-18349,12212,1243
-25280,-5361,356,4369,9250,9296,670,-29496,-3324,14491,17649,11890
2368,-6035,-156,16456,3211,1652,1410,-6098,8034,16449,8064,-3170
6376,-13683,-144,9760,-32764,14420,4460,-6722,-466,11375,-9478,1184
10752,-6275,-4154,4112,12752,2098,3444,-6130,-3046,6309,-17208,-9138
3442,-5265,-8348,4192,-15616,3360,3340,-6348,-2978,5524,-13173,-8056
-666,-6291,-8340,259,-28632,5916,3874,-6284,-2994,10585,-9563,-19133
-704,-5779,-3740,8468,776,8676,432,-5964,-2906,9832,1110,-21668
-7144,-5267,-3608,8236,174,576,-2810,-5176,-3856,9602,-6133,-19795
-7334,6769,8052,64,80,0,-2974,-9798,-318,2282,2586,-16688
-8574,12353,2924,32,52,2313,-4958,-15474,-418,758,1069,-12599
-6830,-6281,2156,3106,8458,16,-2644,-18828,-1232,3312,9993,-10865
-7864,71,484,2853,2560,-11567,364,-15610,-2156,6918,6703,-10461
-5758,-5713,-2204,5248,11426,-8878,1736,-13734,-1330,6213,11139,-8987
1506,-4241,-3228,4226,10752,-10880,2140,-12576,-2462,6106,14110,-8424
3456,-6245,-2964,4096,8454,-5208,3934,-13148,-2246,4399,8683,-4847
4422,-5265,-1532,5133,7188,16,4922,-14820,-1440,5793,7311,793
4676,111,-3708,4256,280,1089,5082,-16210,-1720,4604,8466,1534
332,-6225,-3476,5698,1035,1028,4214,-17894,-1638,6104,13725,1595
2400,-5095,-2040,3584,8,674,2136,-17452,-1952,3789,12790,-679
-704,-6259,-1384,1539,193,417,3032,-14674,-1232,3728,8129,-1464
3456,-6017,-412,594,4626,1091,4322,-12758,-534,3761,4835,-845
4040,-6287,-242,2217,779,10,4830,-11924,-266,2425,8053,1935
3558,-6147,-1164,129,8488,680,4968,-13554,-1182,1334,8485,2884
3076,2157,326,34,1056,25,3164,-13938,-1830,739,7046,326
2920,-6283,-140,44,4117,-2878,2692,-13676,-1516,-47,4073,-761
2848,1019,106,136,4,-4063,3166,-15462,-1328,124,477,-1780
1504,-1133,1892,560,264,165,2608,-17612,-2000,926,1374,335
-292,257,-154,2400,3790,-412,4038,-16162,-1756,2413,4414,-333
-52,-5219,-156,2113,7176,77,3812,-13196,-1926,2209,7414,432
4048,-5707,-156,29,4740,-1400,4092,-12014,-1536,2355,4659,-277
72,-5993,-1628,0,516,-1503,4170,-12408,-1704,1927,2632,-193
326,-6163,-1094,385,2116,116,4236,-13946,-1008,2607,2565,527
-682,493,-1044,2370,4288,1284,4374,-15710,212,2637,5874,1418
-680,-4467,-84,4104,74,554,3956,-18830,-1276,4439,9125,1562
3556,981,-156,80,8,-2448,3234,-15660,-1702,3045,9170,-691
-670,-6115,-152,2624,1484,-3063,3156,-15140,-1186,3063,7414,-2142
-684,-4987,-776,2581,0,-2040,3960,-13444,-530,2900,4211,-1735
4448,-6291,-644,2964,8,-1918,4506,-12756,-414,2897,6413,-1219
3408,-5851,-924,2051,72,1,4210,-13372,-964,2373,6956,416
306,-5653,364,2250,592,584,4130,-13558,-1380,2229,6911,863
3778,-6275,-58,682,960,6,3418,-12392,-2150,756,3703,-80
2114,-6001,-146,3672,288,1541,2044,-18956,-1980,-113,451,1858
-184,-5779,216,2086,4161,224,3992,-18062,-2018,2680,5052,1559
986,-5489,30,2052,8706,1324,2918,-15816,-1904,2606,9041,1969
-574,-6291,138,296,4640,-2031,3660,-13664,-1494,3373,4663,-728
3964,-6291,-54,1025,2091,-3322,4120,-11494,-1302,3400,2794,-1097
3392,-6163,-68,931,2209,17,4460,-11730,-870,2955,3031,193
3394,-6145,-916,3072,4208,515,4588,-13162,-816,3361,4286,850
3596,-63,-860,1049,6152,2050,4584,-15062,-850,3631,6386,2453
-646,-6259,-1372,1592,5144,2096,3506,-18790,-1088,3993,6169,2205
1728,-6291,-2204,1,5905,72,1404,-6486,-2196,64,5314,131
-180,-6289,-140,24,512,161,3914,-15362,-218,2719,7066,-1788
-448,-5519,-150,368,788,0,4170,-13922,-176,3559,7199,-1067
3400,-6275,-1164,4352,8595,-512,4866,-12724,-542,4433,11381,-304
0,-5227,-1108,4098,8224,112,3804,-12996,-1022,4490,10953,499
-704,-5745,-1180,4210,9216,2,3732,-13738,-520,4096,11816,539
-3712,-891,-106,32,16400,4176,-1958,-17390,18,2223,16875,5235
-14432,8863,-8348,7252,1184,172,-9792,-23358,-8064,-583,6742,17911
-19968,-1643,-6144,8800,66,544,-11642,-17656,-5130,-207,2559,26246
-8310,6157,-6270,525,-7806,0,-3848,-10394,-4438,1920,-7936,28831
8090,1923,356,658,-14208,0,3984,-9570,-3918,1784,-9478,27846
7624,-1615,-8326,256,-11136,8266,8916,-6158,-8080,-97,-8213,24158
7490,-5731,-11266,4160,-7159,16384,7208,-3738,-11836,-3372,-873,16047
7936,-6209,-10972,516,1315,39,7622,-4072,-10396,-14048,1464,9086
7554,-6227,-4180,4768,67,690,8152,-8908,-1432,-19930,4628,333
-25280,-6291,32611,10528,32767,16384,-25516,-25112,32619,-2625,25401,6578
-574,-10385,-76,17256,690,-8183,5596,-6340,5964,17510,6800,-6603
3428,-14479,-18,16582,-29687,2384,5398,-13886,-1386,18001,-8852,-7426
7490,-11265,-7448,4124,-22264,7170,3916,-6622,-4890,7263,-17475,-9563
3464,-7377,-5228,104,2152,3628,5156,-7766,-9884,5440,-15497,-12535
3684,-6033,-2878,4204,-15216,12548,3654,-8470,-2186,6364,-9545,-20733
-6696,-5261,-4188,7,387,48,2938,-10436,-1984,10054,1255,-25288
-512,-2809,-156,4487,344,8,-1550,-10802,-3174,6764,3813,-29920
-6110,-5513,4348,10064,8577,2049,-6532,-16222,-2752,-289,12652,-21534
-24088,-4719,3944,773,2304,1030,-7956,-17334,-3080,5159,3094,-16153
-8892,-5971,5316,6150,7664,8196,-3900,-19150,-3136,6688,8522,-8031
-8762,-1895,1892,10272,12,257,-22,-17422,-1780,11043,12308,-7822
-352,-6163,-2196,640,2,260,2110,-13248,-1542,8703,16826,-6166
2380,-5971,-2570,36,13315,-5024,2754,-12756,-2794,4108,12987,-4752
1248,-4243,-2670,2122,5655,-8047,3142,-12822,-2486,2416,5289,-2399
838,-6207,-1686,2088,64,0,4850,-12658,-1460,2455,2342,723
448,-6155,44,2087,2888,2560,4842,-14552,-158,2723,7409,2686
326,-4995,-148,4176,1107,544,4098,-17038,-800,4270,12183,2672
576,-5553,-1692,4208,81,2189,2272,-18536,-942,4383,10780,2286
1864,-5803,-2076,4352,4420,-1536,1920,-15064,-1348,4195,7087,-1344
3528,-4723,-1096,136,1489,-4093,3932,-12986,-468,2470,3447,-3117
5008,-6281,-132,264,2596,-1979,4924,-12280,-214,1269,3971,-984
3448,-3731,-1692,1216,4496,132,5180,-12210,-550,1612,6633,685
3408,-6291,-120,138,2586,898,4162,-13460,-882,2716,6640,835
-700,-6267,908,321,515,-1504,3342,-14730,-1072,1879,4413,-665
1360,-5579,892,192,2072,-3958,1364,-17984,-1182,2204,2239,-2885
-446,1327,1960,0,4552,-4043,4152,-15386,-1108,213,6828,-1621
2176,253,370,482,256,520,2996,-16046,-1628,1737,7438,642
3528,-5771,-156,264,36,581,4352,-12676,-1482,2948,7201,610
3524,-6247,364,1552,4480,624,4336,-12568,-1396,1632,4993,750
3404,-6111,-1884,2304,4386,280,4394,-13682,-1402,2405,4543,1005
352,-5737,-1146,448,49,1109,4434,-14224,-428,3487,4409,1382
400,949,-366,1413,1032,1250,4458,-15630,-102,3442,5939,1277
-192,-6291,388,1843,3,517,3646,-18238,-650,4058,6746,665
-512,-5779,-156,1074,268,-1821,-660,-6150,14,1024,256,-1967
-704,1261,-130,2580,1028,-3598,2700,-15156,2930,1663,5038,-3449
3538,-6035,-892,2584,2113,-2968,3698,-13930,-154,2596,2084,-2831
3514,-6289,290,384,516,1033,4834,-12842,288,1436,4999,-698
3492,-5691,-1172,1292,1153,37,4122,-13172,-548,1504,7370,180
-688,-6287,-60,2087,1024,-16,3214,-14132,-694,2075,5902,-52
1856,-5395,-12,3328,1064,36,2642,-14860,-804,-280,2922,-13
1984,-5737,1524,386,1024,-2046,2816,-18010,-768,1097,1106,-745
-278,-83,1988,2816,5416,16,4296,-16812,-504,2931,5942,254
-704,1081,1958,1033,6144,128,3464,-14930,-892,3241,7720,-99
3520,-6285,1060,968,4193,-1520,4612,-12506,-1310,1847,6129,-78
3432,-5523,-156,1581,5234,27,4842,-12750,-1182,1640,5317,253
3520,-5955,372,2064,5452,1152,5248,-13274,-1342,2175,6108,1309
3532,-5747,-152,578,48,17,5088,-14296,-1236,2770,6464,1638
868,-71,-44,168,2,1536,4742,-15758,-590,3071,7425,2040
-692,-6291,-540,1024,8453,69,3764,-16530,-352,3805,9184,1537
-704,1517,-652,536,8244,120,3632,-14878,-786,3710,11546,255
1608,-6291,-2152,0,8328,52,2446,-14458,-1674,3546,9039,-741
3472,-6283,-1936,33,152,-1712,3166,-14164,-976,4076,6373,-1120
3614,-5263,-924,197,21,-1536,3906,-13474,-942,3010,6298,-395
3392,-5139,-916,132,106,-1756,3800,-13284,-990,2673,7972,-278
-608,-5769,-2938,642,8258,836,3256,-14270,-1068,2760,8800,977
-5404,-909,-4232,1800,10912,588,-2386,-17122,-1496,1504,12341,5632
-14904,3983,-7324,9288,640,778,-11574,-24528,-6234,-2782,8946,19214
-16764,-4227,-5982,12416,4428,514,-12030,-19556,-6450,-301,-2877,28678
-17018,6077,-8212,2112,129,0,66,-9556,-2782,2610,-6640,32767
4738,3063,-5510,34,-13946,0,7392,-9324,-5450,2368,-8562,31317
7818,-895,-7322,800,8345,18996,7526,-6920,-6406,2125,-5687,23198
5744,-6285,-7836,8449,-6118,5664,6616,-2614,-8394,-2745,-1997,12752
7744,-3315,-16384,2433,1812,2306,7242,-2952,-10596,-9376,2431,7036
7618,-3471,-7292,14720,141,784,7164,-4118,-3624,-17509,5451,310
-3772,-865,-116,1046,8236,-4080,-12916,27242,32619,-3953,16472,4828
320,-2187,3940,19712,2565,90,2100,-6898,5986,20338,1296,-10923
-2000,-7755,5988,12304,-16366,8202,2942,-13502,-436,14418,-11892,-3390
10056,-6291,-5788,213,4162,-6399,3412,-6680,-5602,4260,-19655,-6724
7490,-8211,-7834,1318,-23256,1025,4458,-5844,-4694,1374,-16316,-9822
7824,-5603,-4252,8,-16016,4364,5356,-5782,-4446,3725,-13544,-18248
5586,-3907,-7288,8,-4076,4113,5316,-7738,-2778,7990,-1379,-27222
-6288,-4243,-7836,1729,4224,0,1000,-7612,326,9306,6546,-32768
-10936,10093,-6298,1576,6248,656,-10078,-19892,-4204,3955,6553,-30505
-24826,5997,390,2,1569,4228,-7776,-22104,334,399,7279,-19208
-5736,-6225,3432,8196,3075,256,-1954,-22778,-3990,11475,12401,-15908
-4800,-4755,3956,4121,96,4160,534,-12476,-1922,4110,14972,-10049
-6224,-403,484,-1532,4136,579,2442,-15310,-3504,-1295,4053,-2848
-704,-139,36,1712,9472,1,4920,-16462,-2756,1787,10224,1563
3980,-5249,-24,40,4354,256,4168,-13320,-2054,206,5318,239
3682,-5907,100,2560,146,112,5598,-14010,-1458,96,3224,484
3392,-6035,-1052,80,1069,68,6272,-13924,-1208,1217,3450,284
3906,1133,-444,1088,4136,13,6634,-15498,-22,1367,8009,176
1348,-3731,908,128,6338,1920,5224,-20000,-956,1310,7953,1913
944,893,-92,2090,218,-1268,4878,-15532,224,1991,6565,-1161
3414,-6267,-538,2096,1364,-1736,5136,-14634,-430,2020,5847,-1068
3484,365,-12,546,258,-1010,5682,-14732,6,2047,6810,-836
4880,-5233,-1052,520,8705,-384,5128,-13386,-428,2673,8784,-36
3424,-5779,-1690,0,2056,9,4798,-14256,-1208,1471,7201,617
4448,-5859,-1436,216,25,58,4796,-14216,-1200,711,5425,1651
3648,111,-1404,260,2570,10,5666,-15292,-1308,854,3824,145
3408,-5411,-88,641,64,512,4814,-18032,-2078,735,1544,1618
-702,-6221,356,117,64,6,4574,-18840,-1742,1715,4481,-52
1344,109,180,2560,8526,10,6022,-16264,-1972,2780,8730,548
3520,-4755,116,528,8459,136,5604,-12912,-1796,2786,8956,186
3652,-5865,100,144,6280,-665,5606,-12264,-1796,2634,6347,-131
3412,-6259,-1594,2120,5768,10,5998,-12702,-1422,2056,6148,193
3916,-5247,-1762,17,6692,64,5668,-13830,-634,1711,6917,1401
338,-3675,-978,4,6280,3077,84,-3826,-1172,56,6468,2195
-576,-5139,-2156,37,193,-4092,-772,-4944,-2168,8,7456,-3959
326,1397,-4106,2584,2504,-3056,4242,-15096,-608,3902,6375,-2416
3908,-6015,-156,2056,1,290,5092,-12946,-92,2953,5524,-3107
3456,-5603,-2204,1352,5,1547,4462,-13086,-694,1970,6787,135
320,-5263,-2156,1044,7232,-232,4294,-13758,-1182,1765,7065,-6
512,-6285,-2058,1048,5666,145,4378,-14512,-998,1058,5916,448
3426,-4939,-1148,672,528,-3048,4532,-13194,-902,604,4822,-237
112,-5779,-1692,14,1412,9,3830,-18672,-1580,541,3524,1615
1600,-4403,356,1376,16,520,5420,-18428,-1276,1638,5220,1346
336,-6289,420,72,9744,1747,4926,-17446,-1530,1939,9776,2124
1024,373,-60,2513,8736,8,5054,-14990,-2036,3136,8768,961
3952,-6015,-1682,1572,4704,-1024,4782,-12396,-1520,3773,7946,-277
3610,-6291,-2204,2692,4160,172,5184,-12184,-1150,2906,6224,1096
3978,-5859,-1404,704,2075,0,4830,-13330,-1286,2804,6228,1890
3396,-6211,-1162,456,5765,2139,4680,-14496,-1164,2467,5741,2160
-504,-3915,-1806,1840,4152,2192,3584,-19734,-1290,1922,5248,2741
-160,-6011,-1148,5776,144,-1532,4052,-16034,-822,5844,9081,-409
3904,-6127,-924,12,8204,-1308,3952,-13718,-998,2807,11945,-610
3680,-5715,-2164,288,8706,250,4124,-13270,-1520,3571,8409,288
3426,-6287,-3996,4642,7184,-502,4536,-13526,-912,4627,7390,-438
322,-829,-6300,66,1896,48,2102,-14904,-2026,3398,10160,1791
-2972,-143,-8252,12160,4173,8706,-1234,-16806,-2098,-403,13153,9525
-11904,-6285,-14272,12691,10128,16590,-10472,-19046,-6114,-3142,8796,21495
-16992,-1615,-8314,34,2308,72,-10356,-17934,-3592,2235,-9098,26098
-8288,6285,-3032,4224,-9632,0,-208,-8928,-2884,5756,-9584,32575
320,3949,-4818,6657,-11263,0,6330,-7516,-4972,6439,-8833,27472
8000,-143,-7290,4480,6582,16707,7828,-7310,-7304,6745,-10151,20540
7776,-5235,-8084,193,-5119,8848,8824,-3698,-7940,591,-4141,13729
7584,-6019,-14378,1320,16,6800,7716,-3370,-9094,-4997,21,7257
7556,-2001,-8284,6177,36,8,8220,-2494,-8092,-10244,2487,3929
8656,-3791,-8088,16736,0,-3003,6566,-4000,-2868,-15795,8541,-1033
-24096,-1043,32611,-16368,24997,1384,-18110,26218,32619,12664,32767,19422
-6816,-6211,2944,22594,4100,680,1946,-6144,4362,23546,-9955,-6866
1364,-14355,4964,9479,-28892,10754,1958,-7454,580,13005,-11968,800
10056,-8675,-4252,2112,836,271,2522,-6022,-4364,7267,-16144,-7816
3456,-6179,-8092,4432,-16108,2817,4528,-5918,-4698,4796,-15970,-9982
3908,-4171,-2684,528,-14308,16408,3852,-6968,-2636,5496,-11516,-17340
3406,-1907,-4228,4672,-3833,8970,3098,-9660,-2258,7577,-1431,-23871
-5810,1935,-8148,1089,592,305,2428,-10738,-2642,6981,-396,-29271
-19072,11253,4532,152,10249,3107,-3196,-17536,-2076,4215,11962,-28820
-8896,-4087,2468,6276,4889,97,-5758,-22096,-5514,6255,6835,-22010
-4768,-27,9200,389,4290,1056,-4404,-23782,-5434,10042,5713,-14539
-6848,-2811,6276,268,8784,-7935,2108,-19202,-1730,6581,12037,-6364
-704,77,244,128,256,-4064,1122,-15998,-2442,5317,14939,-3824
1920,-5391,1002,2208,8848,-4074,1938,-11574,-3190,1937,12526,-1478
-702,-5995,-2186,416,1409,-4093,3640,-11172,-2206,-185,5152,95
3780,-4483,-154,6,1539,1152,5038,-13028,-834,178,4210,2028
3824,-137,-668,400,1026,307,5246,-15912,-690,1436,5934,4039
340,-2947,-664,684,5,4352,4590,-19786,-302,1804,8487,4480
594,-6211,-140,1285,461,-3552,4498,-14262,144,3584,8664,-247
3406,-5265,-148,514,5444,-2704,3862,-15460,-90,2498,5450,-2675
3392,1149,-780,3073,2080,-1979,3534,-15498,-462,3267,3471,-1794
4448,-6029,-1084,52,2,-1535,4570,-13420,-554,3023,6328,-1208
4552,-6003,-532,2560,900,226,4612,-13350,-586,2576,9208,358
4062,-6099,-152,3088,8225,9,3880,-14004,-1228,3268,8171,1134
3788,-6191,244,1038,386,64,3534,-13680,-1356,1917,4084,66
3650,-4575,900,25,1,-4088,3596,-13056,-972,1745,3246,-1618
-184,-6227,268,8,424,2,3406,-17932,-984,1043,3473,856
-672,-5775,532,88,564,528,4068,-18138,-1292,4739,4578,532
-580,29,868,1170,8264,-3056,3752,-15888,-1070,3115,8345,-393
3526,-5331,120,1264,6281,-2544,4166,-14118,-2112,3371,6786,-329
3410,-5513,388,1156,3,-1756,4672,-11892,-1208,3383,5085,-1112
3552,-6011,-92,2123,384,-1416,4966,-12512,-1258,2114,4534,-17
322,-6257,-1428,16,4685,513,4320,-14354,-1210,2336,4762,812
3680,-5771,-1106,3074,512,96,4570,-14200,-510,3072,6003,1279
3424,-6289,100,768,1345,466,4274,-16338,-466,1858,8042,2013
-384,-5651,620,32,40,-1645,-658,-6518,588,209,8,-1770
2706,2039,356,3114,1,-3031,2862,-14604,-118,3268,5045,-3043
3648,-5969,-128,3332,3072,-4088,3620,-14186,-40,3342,3175,-3981
3488,-6287,-156,2052,2118,136,4348,-13784,-6,2382,6764,-1238
68,-5263,-22,3040,8196,32,3738,-13694,-696,3111,9580,13
3396,-6247,100,2312,8225,-1334,3224,-13622,-1094,3108,9059,-223
3458,-6287,-148,270,516,-1790,3696,-12700,-954,2406,4811,-1291
-576,1663,560,155,213,-3888,3586,-15816,-1374,1209,4218,-401
1540,-3985,548,2048,328,468,3240,-20124,-1972,3920,4079,946
352,-83,870,2052,9280,-2930,4234,-16038,-916,3174,9868,-246
-672,415,614,312,8327,224,3284,-15040,-1396,2110,8869,480
3460,-5963,-156,256,5188,64,4168,-12378,-1538,2378,5457,454
3904,-5777,-1148,2336,796,68,4992,-12346,-914,2456,5140,646
3396,-5263,-1500,580,43,1,4742,-13754,-1540,3071,5247,537
3560,-203,-1608,1322,6415,3,4584,-14868,-1158,3899,6457,612
-560,-6107,-154,1280,2,137,3566,-18180,-1044,3641,8723,1600
3478,-5939,-1028,4178,2640,400,3758,-14018,-958,4803,11811,443
2768,-6157,-156,128,240,130,2626,-14552,-1172,2850,7209,138
3394,-5715,-1156,0,0,-3539,3254,-13030,-934,4388,5139,-1454
3682,-6291,-2196,3852,354,-2048,3980,-12694,-544,3808,5786,-876
-576,-5233,-2140,369,1040,51,3532,-13782,-1410,2484,7952,787
-694,-491,-6794,604,8228,1157,810,-15078,-2914,1498,12983,3850
-8604,-6289,-7036,8758,9480,8208,-5244,-14778,-4752,-6358,8735,11885
-24826,6157,-116,8467,4737,544,-8506,-19050,-4544,-5685,6451,19835
-23208,-1099,-5780,13440,1036,2049,-13802,-17230,-4646,516,-7346,23462
-18240,6045,516,1568,-9975,0,-1578,-10134,-1572,3366,-10041,31996
3840,5149,-5756,4288,-8704,2120,6624,-7686,-6066,5513,-8091,27945
7508,2929,-11632,1376,-14271,16900,8384,-5396,-8410,2411,-8896,21257
13120,-2897,-14108,2114,2304,81,7258,-2808,-10510,-5945,-1332,11298
7488,-4155,-8244,2056,1033,6227,7708,-3516,-7432,-13440,1398,5932
7502,-6225,-3990,648,396,-2943,8308,-6510,138,-15687,4952,-1258
-25280,-6291,32611,10802,32767,17792,-24406,-15380,32619,-2083,28199,9924
-694,-12171,8324,16966,1281,0,4474,-6420,7572,16633,7095,-6426
6048,-14271,1964,64,-24286,11559,5392,-7754,2122,12775,-6226,1651
11908,-5939,-3724,4436,388,3586,3884,-5756,-3130,5847,-14823,-8860
4154,-7313,-4148,3076,-14079,4104,3486,-7004,-3568,3372,-12843,-11720
3392,-4617,-4250,258,-15774,2314,4024,-8976,-2370,6406,-12719,-21369
-576,-3219,-4252,280,38,7441,1614,-10362,-2606,9028,287,-26064
-536,2169,-4252,5452,1024,550,-698,-12912,-1496,5301,8281,-27933
-6368,14331,112,580,6,1051,-5476,-15718,-4062,8853,8679,-26823
-25280,-6195,-14234,4292,14352,48,-7898,-20320,-3182,5973,15830,-19398
-4758,-5779,1902,8962,579,2,-3354,-19532,-5122,8878,1706,-11840
-6848,-837,2164,6666,2692,1312,924,-17134,-1662,6530,12888,-4830
-8632,-1873,-156,664,3,-3835,1248,-16396,-2774,5732,14165,-3606
72,-5779,-3176,4100,8720,-2926,2280,-13696,-2698,3820,12672,-2078
2946,-6283,-2136,1028,6338,-5882,3150,-11764,-1934,910,6976,-11
3402,-4543,-2140,769,96,2056,4430,-13026,-1318,1103,4436,2484
3402,-5955,-1944,640,272,2592,4430,-13910,-1436,2082,4525,3828
3712,-5699,-2044,480,161,4192,4456,-17052,-846,2587,6746,4287
-488,-6289,-1692,5126,521,145,4336,-15758,-554,5494,10532,1431
3424,-5765,-2588,1153,1537,64,3316,-13884,-488,3006,9671,-44
3086,-5755,-1876,512,5,-1518,2840,-16124,-210,3118,4185,-1556
3736,-5137,-1276,416,2566,656,3604,-13482,-316,3422,2823,-2128
4544,-5971,-92,64,0,0,4590,-13410,-102,2618,5237,-2000
3460,-6195,-642,3080,2054,512,3346,-14728,-564,3429,7244,-459
2952,-6227,-842,2560,2304,-432,3026,-13932,-446,3716,6405,-404
3156,-5329,86,2060,1284,-1980,3108,-13710,-354,3006,5401,-1176
-670,-5971,868,32,4609,-1536,3320,-13824,-624,2745,5018,-1538
1956,1439,-82,68,4128,-3008,2836,-15042,-792,2460,4268,-712
-700,879,-140,114,3078,-2960,3716,-14860,-1282,2610,3397,-920
-576,-227,-156,4,3597,-2992,3294,-16998,-1136,2355,4023,-664
-160,461,202,266,5504,-4056,3812,-14670,-1306,3338,5619,-1349
-96,-5377,-148,256,5384,-3064,4106,-12710,-1180,1816,5364,-811
3520,-5651,-92,8,2306,26,4158,-13084,-1116,982,3970,636
-126,-5263,-640,33,3172,1249,4034,-13566,-622,1229,4006,1549
-128,273,-780,1027,94,2192,3714,-14888,-184,1157,4608,2245
-700,-6035,-156,1632,4258,293,3378,-17046,-190,1727,5458,2261
1378,-6035,-112,0,6400,2,1134,-6550,-116,2064,6468,8
-704,-5983,6,2304,0,2177,3194,-13718,-98,2437,5405,-1829
3554,-5523,116,2052,68,280,3900,-12880,210,2660,4344,-2708
3684,-4211,-152,2328,152,16,4490,-12578,30,2281,5487,-648
-184,-5267,-156,3345,2568,-1016,3652,-13706,-456,3398,6858,-949
2498,-6291,4,2184,24,-3071,2742,-14148,-1108,3246,5555,-2528
2468,-6019,-118,2181,1188,-4088,3056,-14328,-566,3090,3219,-3353
-624,-6231,292,1584,2240,513,4348,-18062,-950,1642,3360,814
-446,-6243,40,3168,3227,1608,3638,-18844,-770,3250,7905,2113
-16,893,172,3136,9764,618,3930,-15110,-1268,3653,9794,580
-64,-4979,-84,2177,8192,577,3880,-13306,-1448,2178,8292,435
3524,-6283,-1564,2088,4130,321,4464,-12540,-1340,2244,5265,841
3736,-5265,-1144,514,592,1,4996,-12976,-944,2652,4920,1529
3488,-6291,-1932,2049,96,2306,4996,-14716,-984,3249,6375,2341
400,-147,-2172,2696,520,3074,4252,-16880,-1034,4153,9026,3145
-544,-6275,-2076,5376,2566,2057,3326,-15446,-952,5505,11017,1983
2696,2193,-2096,1707,18,273,2358,-14488,-1348,3777,8713,304
1344,1969,-2178,4281,634,-2552,1810,-14348,-1710,5422,5638,-2641
-672,-5007,-3612,5121,1152,-2559,2714,-13264,-1254,5388,5472,-2350
2088,-5779,-5776,2576,976,92,2792,-12832,-1544,3856,8282,1013
-7336,-5291,-6300,137,80,2112,562,-13952,-2230,2521,11481,4275
-23232,-6291,-8316,10753,8854,4144,-7610,-17808,-5106,-5046,8238,13484
-17040,10669,-8212,13312,0,2312,-15232,-17008,-3948,-2029,280,24321
-18560,3693,-140,3330,321,0,-1446,-10986,-1826,4029,-12410,32767
3572,1901,-5788,6144,-9472,0,6082,-8572,-4282,7252,-8286,28705
9028,-6283,-8340,2048,64,21384,8782,-4546,-8042,5299,-7931,22609
7824,-5907,-8050,5250,-11902,8360,8456,-2348,-7836,-557,-3559,10036
7768,-3179,-7324,582,1057,258,7726,-2312,-7090,-7445,2132,4506
8540,-5779,-7804,1344,272,-3288,6646,-3002,-5422,-15178,10317,-1159
7624,-10387,-8,163,8205,1572,4832,-9366,10700,-15638,12307,-5103
12992,-1995,356,22806,2214,-5076,-10438,4472,7018,22205,1273,-5744
-60,-5779,-60,5,8498,4876,1010,-6154,2678,11992,8692,-1897
1600,-6003,4590,2192,-24092,897,3858,-3790,-3068,6783,-4751,3013
7506,-5779,-3638,3428,256,1,4540,-5066,-3918,6768,-13284,-6908
1476,-5907,-7130,2368,-15869,2048,4324,-8384,-17282,6419,-20436,-8330
1456,-6791,-3912,128,-30590,4352,1804,-7512,-3542,10158,-13976,-19293
1376,-5691,-4250,290,-1868,8139,2698,-9086,-2736,9741,-1724,-24731
-8860,-1731,-4186,4752,4864,2,1066,-10242,-2216,4588,6986,-30279
-8720,-4239,-8058,2308,2064,4883,-6264,-16540,-5512,7920,14434,-26399
-8896,-3903,-138,8704,4787,704,-4086,-16014,-5442,8374,4260,-21587
-6846,2169,1902,5649,5121,3848,-2770,-24254,-7310,10550,11622,-12983
-572,-627,3300,10258,8208,262,1978,-17480,-4174,10808,8396,-5898
514,-6287,452,297,8,640,942,-14830,-1400,2227,12043,-422
-5184,-6259,-3052,545,6146,-3387,2508,-14442,-2480,360,6355,-216
-704,-5497,-1788,0,648,0,3928,-14028,-1582,689,1893,702
332,-4945,-156,32,4320,1162,4520,-13454,-1312,1847,4349,1215
460,-6221,-1100,2122,5152,265,4128,-13818,-926,2249,5197,1412
3520,-5663,-1116,2144,5160,193,4556,-13988,-420,2472,5779,1661
3912,1071,-916,1220,4418,2880,4858,-15822,-158,1430,5456,3128
96,-6003,-60,36,96,2212,3964,-16634,178,1446,6641,2103
1890,-5227,-28,1537,513,711,2852,-15800,50,1756,5766,-549
-696,-5697,-92,2198,2576,768,3176,-14040,100,2211,2687,-3433
3494,-6159,106,2081,1128,73,4348,-13408,240,2963,4109,-1641
3936,-6023,-156,2352,2308,946,4522,-12776,36,2398,6550,990
-374,-5011,-828,2960,3168,0,3590,-13624,-648,3113,7522,184
2112,-6291,-138,2312,1028,-1533,2958,-14664,-966,2961,5330,-1288
1472,-6171,740,516,5,-2472,2686,-16834,-1176,2616,4827,-2105
2112,-75,884,1040,512,-2046,3254,-14780,-960,3073,2853,-2000
-668,625,1060,4,4641,43,4120,-15868,-388,1660,6023,1557
-704,-6259,-120,161,4672,386,3496,-14828,-1520,1518,6587,1315
-576,-6291,448,8,4608,-3584,3646,-13770,-1350,1844,4468,-205
-444,-5227,-156,2564,2052,-4094,4258,-13722,-1234,2705,2746,-886
3392,-5897,-786,792,4096,-2796,4778,-13524,-900,2832,4441,-79
3456,-6219,-668,550,80,1192,4644,-13496,-754,2623,6027,1273
3396,-6291,-770,1985,40,2176,4190,-14644,-792,1936,6117,2790
704,-3731,900,20,320,297,374,-3926,916,834,1024,0
-688,-4753,-380,705,8300,2,3566,-12974,104,4537,8338,-2095
-664,-5733,-668,272,144,1032,3294,-14354,-262,1307,3118,-2533
3408,-659,-132,2093,2690,0,3654,-14920,308,2692,3830,-1524
3408,-5503,-154,3092,2201,-256,4496,-12736,210,3101,6636,-39
-414,-5201,-756,3162,1577,-424,3616,-13582,-216,3239,7709,-153
2912,-5521,-916,2356,204,-154,2818,-13830,-952,2178,6311,-219
2736,-5679,100,580,1736,-760,2848,-14322,-952,801,5854,-753
1352,-5939,420,2099,2609,-448,1202,-17026,-1604,2245,2480,-423
-60,375,924,0,3095,682,3910,-15286,-866,2598,4147,2227
850,-6035,616,2208,2182,520,2990,-15220,-1168,2745,6967,2539
-448,-5771,292,3072,2697,0,3600,-13174,-1406,3989,6945,-112
3970,-6027,-156,3701,4672,-4087,4222,-12052,-1328,3923,5723,-776
3520,-6209,-20,0,4530,384,4306,-12514,-1454,3339,5074,500
4136,-5267,-1564,789,124,228,4150,-13568,-1226,2852,5357,1058
1360,-6219,108,136,4,1568,2882,-18972,-1816,2538,6828,1618
880,-679,-74,4233,8468,416,2862,-16366,-1390,6747,8809,-783
3396,-4483,-1884,4161,8194,-1696,3382,-12784,-840,3772,10174,-1127
2588,-6259,-1180,2178,1028,200,2658,-14600,-1162,2260,7084,-535
2632,-5187,-2188,3098,2577,0,3006,-13488,-1446,3635,6911,70
3136,-5723,-1626,715,2468,328,2838,-13118,-1234,4011,6708,395
2502,-5113,-4246,1564,1408,72,2428,-13590,-1722,3609,8096,1523
-690,-5069,-4092,2350,800,4192,1324,-13326,-1576,2343,7802,4356
-5976,141,-7812,0,4096,2179,-2336,-16182,-1444,710,6486,7682
-24080,-4099,-8122,1154,35,14220,-7810,-19748,-2084,1391,5228,16988
-17004,511,-4234,1578,-1912,258,-10806,-15654,-3904,6115,-2311,20823
-8640,-6147,872,4136,-7896,0,-3892,-5622,-5272,6244,-4177,24254
7524,-6011,112,4,576,18,1950,-5964,-6004,2208,-7068,24527
4808,-3195,-8340,2176,-9946,17416,4628,-6012,-6820,-1815,-8611,21757
5728,-6291,-8296,4642,-5216,6464,6502,-5304,-7206,-3367,-1009,15635
8184,-5523,-8088,3474,2178,208,8508,-4056,-7448,-8519,2742,8524
8902,-6291,-3200,16384,5664,1024,8572,-7128,464,-15534,5612,319
-18892,-6291,-15496,1666,29916,8231,5072,-27860,-3752,16498,-8618,11340
3456,-6271,150,8192,16448,64,6232,-6408,5526,9780,16808,-2544
7492,-5763,1866,5124,-24512,15692,2630,-6812,-1898,8482,-5259,-1696
7538,-5251,-3868,4672,4112,1036,5708,-4752,-4050,5228,-9610,-7077
4098,-6259,-7578,4097,-22238,1388,3752,-6892,-3944,4658,-17218,-15722
834,-8893,-3448,1093,-16366,8388,614,-8764,-2294,5262,-5055,-22721
-8466,-3683,-3220,8,2564,160,-2502,-8216,-2260,7881,4322,-25531
-8894,-1163,-2714,4680,1057,264,-3518,-9644,-2434,6678,3540,-24148
-7856,-5133,936,28,641,34,-4522,-13482,-956,3593,11635,-20331
-6820,1527,996,65,32,40,-3068,-14620,-3344,3862,10611,-13826
-8376,-5227,134,4648,2147,8201,-4160,-13052,-4278,4502,7059,-3548
-6848,-115,356,6544,4936,2100,750,-15144,-2002,5941,5214,-4784
-7872,653,-92,152,4116,640,-316,-15506,-2298,6675,5738,-6948
642,-6291,-16,323,2112,-6568,2520,-14276,-1044,4096,2600,-4338
-702,-6003,620,296,512,-6120,4164,-14372,-204,3523,5016,-1289
-568,-5831,-96,2315,1346,144,4180,-13734,-974,3834,7692,510
458,-5003,-1368,2464,8768,68,4522,-13332,-1452,3520,9649,1964
448,-127,-1904,2318,1000,1672,4252,-16984,-1740,3329,10176,3827
-158,1017,-1690,4352,1184,2116,3716,-14652,-1420,4336,11618,2305
3608,-5139,-1660,4,8,610,3588,-13296,-638,1807,9579,1634
-576,-6277,-1156,1154,281,12,3104,-14686,-722,1591,5337,197
3400,-5267,-852,2050,2570,-254,3392,-13602,-180,2069,3512,-117
3522,-5709,-146,2242,2184,-1277,4440,-13112,70,2268,3442,-1259
-372,-5637,-412,2049,84,514,3502,-14078,-372,2671,4426,-1441
-702,-6219,-22,1370,592,2,3286,-14140,-548,3475,4743,-2957
-588,-5999,100,129,2600,0,3474,-14048,-914,2334,6908,-3018
1604,365,228,44,5250,-2712,1602,-15960,-2156,2724,4697,-2059
-684,-15,358,2064,2208,-2237,3944,-14930,-1488,2271,3452,-81
2146,-131,628,1858,1826,648,3072,-16124,-1622,1933,4054,712
-556,-6163,388,2308,5392,589,3892,-14188,-1332,2951,5430,1013
82,-5363,228,2304,1178,265,4166,-12828,-1100,2458,5221,903
336,-6273,-1180,0,1281,1121,4366,-13608,-1050,2584,5455,1651
-30,-143,-156,1024,4,1570,3942,-14746,-1148,3356,5150,1655
-378,1213,-92,1090,6730,1088,4426,-14854,-930,3628,6904,1622
-632,-4947,-152,4233,8352,512,3336,-17286,-1062,4492,8489,568
3426,-3981,-890,515,8228,-3930,3122,-12018,-838,3380,8491,-1297
-126,-5943,-1148,69,296,-3962,3706,-14626,-840,3196,5896,-2573
2936,-137,-972,0,64,-4086,2822,-15002,-834,4491,4346,-2916
4008,-5743,-1618,4096,516,-3064,3888,-12950,-584,4208,4646,-2610
3712,-5155,-784,2126,2112,128,4540,-13628,-252,2193,6729,-450
-640,-6215,-988,2181,8228,2,3682,-14234,-916,2515,8273,85
2640,-5235,-138,34,1030,-184,3118,-13586,-1266,1615,5428,-156
-704,-5753,-108,8,4160,-2044,3148,-16178,-1062,1103,3998,-2108
-566,-631,-132,2048,1038,-2044,3638,-14990,-824,2262,3405,-447
144,-145,76,1344,4352,9,3896,-15790,-1058,2025,6373,123
-560,-73,364,2828,4658,3,3460,-16610,-1200,3121,6728,938
-572,-6227,100,3109,2561,128,3988,-14052,-1378,3366,6650,128
320,-5719,-132,0,2060,1,4378,-13684,-1270,3291,6762,541
868,-5197,132,1036,2120,8,4834,-13366,-1328,3494,6850,1189
3402,-6027,-1466,1084,2,913,4866,-13942,-1702,3084,7217,1993
-662,-5803,-124,4166,8192,5,3664,-17306,-2026,4348,8686,1372
-122,-5261,-1940,4290,8704,-1024,3802,-13162,-1526,4807,9735,-482
2888,1069,-1674,905,1152,2,3012,-15154,-1410,2032,7206,-380
2416,-6161,-2196,3202,5,0,2410,-14038,-1278,3988,5160,-1623
3456,-5763,-1620,273,18,392,4284,-13058,-766,3315,6412,-1012
2636,-5623,-1484,1,1620,272,3028,-13980,-1238,3128,7832,861
2572,-6035,-3868,97,768,38,3076,-13888,-1960,3680,7843,380
708,-6275,-4164,8,2,1088,2626,-13970,-2032,3074,5049,-599
-6744,-6287,-6296,38,2696,-1004,2166,-14454,-2042,1515,3693,-233
-8376,-6287,-1992,128,2052,5266,-618,-18138,-494,177,8340,5892
-24060,-3083,-124,11280,3076,0,-6260,-19386,-2564,-147,11617,16991
-16320,-3145,-7834,12649,1171,320,-14962,-19318,-7790,-495,436,25653
-20808,14705,-3960,6248,5360,20,-1560,-10638,-2666,8318,-8944,28044
5984,-2175,-3218,4353,-7680,10262,5952,-9304,-3124,4558,-5646,32767
8004,65,-7036,2080,-9408,8208,6980,-6660,-4418,3036,-8367,24719
7656,-5779,-8028,4870,3200,16896,7950,-4104,-6266,-1806,-592,15703
7612,-6287,-16140,8210,1092,6601,7272,-3600,-9940,-7033,1921,7299
8584,-3659,-15380,2201,98,66,8880,-4038,-6774,-13906,4997,1463
4416,-5395,4996,2341,1090,4096,5862,-9884,14384,-12932,12465,-4518
-4276,-3969,-68,17459,1037,-7457,-66,376,-2800,19538,29,-6670
876,-10387,-156,12289,-16383,512,-432,-7444,358,11980,-4547,1526
7780,-3963,-5242,1408,-24512,6277,3838,-4654,-3542,6655,-17387,-8668
7496,-6659,-5956,4,-20440,60,3294,-6538,-4640,2520,-18172,-8537
7760,-5107,-4250,0,-16383,4745,4046,-6624,-2052,4340,-14499,-18078
260,-2043,-4114,1282,2064,8234,2148,-9868,-2208,5929,3321,-24590
-1884,2337,-6230,92,3584,4896,-2128,-10318,-4144,9673,4128,-27880
-8624,10477,-3064,2057,65,3155,-2582,-14194,-2178,6409,7408,-24994
-24310,-2035,-4108,4480,1944,5163,-4726,-16976,-3440,4539,12605,-18642
-8380,-3953,868,8656,6280,4737,-3576,-20094,-7340,11019,5458,-11107
-8796,-4739,880,8264,1280,0,126,-18666,-2926,9493,10340,-5248
-8744,-1917,-3606,16,2146,386,390,-16198,-2836,8579,12109,-6510
482,-5741,-2356,192,8192,-7138,2614,-13874,-2162,5027,8665,-4453
-704,-5233,-4236,2114,7237,-7034,3638,-13102,-1930,2553,7605,30
3392,-5699,-4252,2856,4530,1,3626,-14410,-1882,2945,6677,2107
3914,-5967,-3996,226,6916,4360,4108,-16028,-1706,2113,6828,5037
3400,-5761,-4244,3650,6144,3441,3804,-16732,-1702,3925,7406,3930
3520,2935,-3220,40,72,2101,3810,-13646,-776,1553,8993,2682
3400,2541,-1946,1216,628,19,3354,-13468,-674,1540,5586,-413
452,-6287,-1176,97,1105,-2912,2932,-12820,-930,2027,1120,-2577
3664,-5771,-940,640,265,-4060,4132,-12826,-812,2849,2822,-3256
4048,-11,444,512,256,16,3748,-15106,-66,2911,5386,-1715
2434,1009,-140,3072,2360,524,2102,-15186,-1290,3123,5867,-2322
2958,133,412,2176,3098,514,2872,-14860,-420,3210,4060,-3585
2648,-6205,1156,6,16,65,3084,-14300,-126,2010,2576,-2686
-700,-5715,900,1040,2048,576,3644,-14214,-240,903,3900,958
-640,-6191,438,10,114,533,4160,-14166,-438,1054,2791,902
-702,-6275,-20,772,0,2176,4258,-16280,-1138,788,4520,2616
-704,-147,36,2052,914,98,3374,-16824,-1724,2730,4988,687
336,-6291,-156,768,4646,-2382,4888,-13426,-1062,2773,5044,-386
322,-6287,-1750,16,4096,238,4500,-12842,-844,1513,5276,948
352,-5751,-1180,1032,197,32,4340,-13984,-818,1438,4771,2156
320,885,-1180,1570,5121,3104,4432,-15846,-490,1667,5663,3319
-700,877,-900,4616,176,257,-932,124,-916,4651,72,32
3422,1937,-1948,464,528,288,3222,-13484,-404,1882,8437,342
2454,1525,-1164,2304,667,-2019,2368,-14674,-478,2617,3671,-2084
3904,-6159,4,3713,1,-3820,3822,-14278,218,4152,2757,-3762
4160,-6027,8,290,11,-2548,4066,-13782,-68,3310,4760,-2423
-188,-6243,-140,65,544,100,3782,-14604,-208,3524,6715,-1233
-616,-6275,-988,3346,288,248,3328,-14030,-868,3790,8046,-764
-704,-5923,4,2560,537,-3000,3410,-14300,-1010,3537,5871,-2503
2508,-6129,-28,2424,912,-3958,2990,-15502,-1024,2783,4903,-2757
-704,-6259,904,1280,2561,-2364,3866,-14600,-854,3406,2756,-1947
336,-6267,-68,4,4425,256,4478,-14880,-656,1079,4549,382
-688,-6163,-90,1160,4616,16,3300,-17962,-646,991,5015,2510
-100,-5769,-26,1537,5656,452,4034,-13666,-1008,1867,6099,450
346,-6121,-908,976,6240,1221,4584,-12530,-746,895,6196,1389
576,-6161,-1064,584,4136,32,4394,-13630,-892,884,5270,3177
418,-6163,-1164,16,129,81,4330,-14318,-418,2156,5649,3417
-670,-6001,-844,1898,1025,724,3832,-17274,-730,2074,7232,3796
726,-9,-1692,4272,716,18,3164,-15556,-402,5188,9174,1184
2774,-4207,-2186,519,7458,524,2642,-12684,-1108,2566,7624,458
2628,-6243,-2168,322,8,-494,2546,-13538,-1018,3354,6510,-314
3220,-6275,-3654,4130,2,-600,3012,-12634,-1496,4444,5091,-2
-168,-5235,-4180,2565,7216,80,2816,-12872,-1604,3586,7244,1066
1376,-6225,-4220,2690,6408,1416,2134,-13736,-1974,3044,6593,1354
-6842,-5267,-8344,2056,136,16,1250,-13330,-2406,2145,4002,519
-8888,-4721,-6204,36,260,2736,-914,-17120,-1848,306,7201,4675
-23972,-5901,-4248,14081,146,16648,-8050,-21252,-2042,-385,6635,18310
-17054,-5523,-4156,20,1056,1616,-12194,-18116,-3186,3251,-2190,26664
-18204,7093,-4212,16,133,1032,-946,-8776,-3084,18286,-10081,22003
5572,-5395,-7540,2081,1933,5154,6860,-4664,-4804,6115,-5752,29118
7490,-5641,-6680,4240,-8064,16930,5348,-5162,-6886,4776,-8974,24791
7504,-6159,-16396,5128,-10520,16905,7736,-1746,-9588,-1652,616,18920
7616,-3,-9592,72,4875,149,7978,-378,-8966,-12219,7676,8547
8576,-8339,-156,14605,64,-2558,8776,-9446,1722,-17262,8040,-3345
7492,-29395,2150,8336,22453,8210,3236,-18170,5878,18250,-10899,6600
-320,-10875,4,10880,8410,672,2914,-6576,3232,11251,8683,-3023
8004,-2119,362,8196,-23164,16401,7140,838,1082,7403,-1439,-3855
8644,-6083,-6808,5143,2568,4112,4792,-6202,-3964,5533,-13565,-11972
3960,-6273,-3740,32,-14252,0,4220,-8114,-3794,4337,-14561,-15101
3656,-5647,-6652,0,-8096,8192,3796,-10360,-2228,5236,-6871,-24705
-8768,-5139,-8282,4880,5136,1026,154,-11036,-3830,7081,6335,-29867
-20662,1933,-4892,17,8196,2066,-4848,-12176,-4792,5760,8285,-29530
-23390,-6267,-2620,2049,11840,1828,-7344,-19204,-2628,2061,12053,-23935
-7616,-5163,106,2048,10502,2560,-6716,-18884,-7360,114,8515,-14039
-4656,-5523,310,8512,5904,3402,-1090,-18082,-1736,9049,7070,-2842
-8676,-899,-1498,5128,8528,3104,-1474,-15824,-696,4533,9562,-3944
-480,251,-1810,641,8196,9,2362,-15112,-2006,4039,10487,468
1968,-5139,-2964,1280,8325,644,2490,-12754,-2276,5354,8699,1908
-38,-6289,-1884,4144,518,2078,4122,-12876,-1616,4545,5757,3033
3424,-5959,-2146,4096,1224,2060,4448,-14034,-1944,4398,5956,3159
-320,-3,-3474,3200,4868,35,4142,-15760,-1270,3467,6933,4823
3904,-123,-2188,4,1809,5241,4126,-16512,-1498,5623,8090,5164
3398,-6003,-2204,6,808,4201,4180,-14816,-764,3951,9351,4419
-688,-3987,-1050,1345,4658,581,2976,-14834,-1010,3603,6717,1301
2694,-5515,-1500,1224,2817,-2304,3258,-12878,-1244,5381,6949,-2426
3820,-6265,-1052,276,5184,36,3632,-12394,-1002,5007,5554,-3710
3520,-5675,-1952,545,5904,-2550,3606,-13050,-1176,4641,6103,-2262
-698,-6163,-1496,4868,4866,-1976,2932,-14208,-1564,5084,6933,-1181
-680,-6287,-144,4112,6291,-2952,1698,-13662,-1632,4138,6525,-1011
1856,-6155,-156,3171,232,-3966,1578,-16652,-1692,3480,3740,-3891
2630,369,-4,1600,6,-1398,2684,-14910,-1828,3816,3723,-1237
-640,-5635,942,576,6664,352,3584,-14230,-1216,3663,7876,429
928,1261,-156,1056,4096,676,2772,-14954,-2146,3772,7438,886
2386,-6227,488,144,1865,-3750,2884,-13538,-2294,4199,5955,-225
3402,-5255,-84,3521,5134,262,3920,-13426,-1464,3440,5524,554
320,-6253,-1676,44,2244,40,4136,-13600,-1474,2535,6453,2510
112,-6275,-1140,2692,265,1478,4040,-14614,-1102,3763,7366,4127
-600,-6277,-84,4256,5401,4504,3198,-17782,-1926,4467,8078,4428
-702,-6227,-2166,6184,9216,320,3208,-13042,-536,6251,11888,743
2508,-4241,-2172,400,213,-340,2848,-12420,-1072,3674,6591,-573
2496,-5203,-1656,4128,8240,145,2300,-13400,-1794,5835,8197,-1840
2380,-5265,-2042,4229,7708,128,2268,-13536,-1968,7066,7926,-1738
2370,-5267,-3476,4225,2048,-128,2638,-13056,-2296,6800,10517,-53
2432,-6159,-3804,5204,105,524,2500,-12178,-2790,5361,10064,492
-702,-6219,-3132,516,6401,-1184,2184,-12116,-3158,3941,7146,-213
2828,1349,-3092,4352,0,-3704,2832,-15384,-3054,4331,5586,-1828
384,-4337,-92,3624,680,-2016,484,-6548,32,3784,512,-2032
-660,925,876,876,618,-2862,3346,-15236,-2418,4890,5238,-797
-704,-5899,-62,906,2160,1040,3080,-14178,-2184,3029,6336,1286
3392,-6261,356,1088,4868,80,3114,-12430,-2368,3336,4869,312
-192,-6181,-130,1152,3072,-2024,3778,-12198,-2060,3175,3253,-232
324,-6227,-2172,3649,5393,1088,4196,-12648,-1590,3740,5580,1151
3488,-6273,-2134,1795,2562,2112,4238,-13470,-1640,3909,6670,3322
2,-5899,-2572,2348,2113,5120,3826,-17724,-2156,3501,7947,5191
-448,-997,-1946,6145,9624,0,1892,-16206,-1904,6581,9744,3592
-574,-5259,-2148,4099,7173,-1460,3342,-13848,-938,5743,7639,-1625
2368,-5491,-2164,513,300,-1311,2418,-12996,-1360,4575,6212,-980
3808,-3981,-3674,4632,86,0,3624,-12090,-1526,5941,5365,-1329
-688,-6025,-6232,4112,10,1218,3384,-12894,-1924,4871,7052,-608
-8730,-6155,-3160,4322,145,1411,1638,-14504,-2326,4324,8441,1568
-4800,-4993,-3208,2688,8306,4864,-3820,-17422,-3074,2434,8450,7659
-17080,-1643,-6192,2048,8214,68,-13466,-17974,-5364,-6089,11981,22060
-23216,10095,-6288,1043,136,0,-10390,-14854,-7772,-1539,-13554,21836
326,2029,116,590,1309,0,766,-7180,-3948,-343,-8036,31991
8064,-4227,-4122,2149,4482,8208,4434,-8408,-4034,2319,-8726,27064
7496,-4175,-4890,132,-7911,21008,7656,-7376,-4834,400,-5414,20599
7520,-6227,-7824,6400,-11762,296,7774,-4246,-5454,-1741,-226,9738
8384,-2191,-8988,8242,659,4,8104,-2038,-9622,-8037,5232,5159
6490,-5777,-8348,1025,161,1084,6504,-3678,-6734,-15191,5508,834
-24928,10117,26534,-16253,17717,135,-25516,26218,32619,16321,32767,25338
-704,-11411,-112,20036,6145,3585,3682,-5066,6454,19234,10777,-12216
7632,-6163,1924,10626,-24432,8960,2660,-4974,-640,11664,-9548,-4983
7618,-6147,-7684,130,14888,5392,3846,-5628,-4740,8891,-17852,-10193
1424,-6187,-7194,8,3413,6148,2604,-7316,-3886,3484,-20708,-10523
-704,-6211,-2970,640,-12030,2669,724,-11098,-1890,7785,-8405,-21671
-8800,-3783,-3752,1377,-2680,4552,-602,-11338,-3930,10775,-260,-25007
-2688,3027,-7132,66,5648,776,-2348,-12874,-4108,9643,5966,-25841
-18962,-895,-3980,2560,17,2272,-2852,-17402,-4096,6953,16350,-21839
-21120,-6195,-8284,3092,7697,14464,-3628,-18356,-7056,11018,16820,-16663
-5824,-913,436,2132,16392,8448,-5738,-17212,-10056,8413,18572,-2283
-610,-3849,-6800,0,552,150,634,-12352,-3846,7877,4475,-5661
-7614,2053,-3480,4138,1,-4056,84,-14822,-3784,3952,9269,-1346
-704,1139,-44,2082,80,20,1812,-15370,-3188,3714,6145,210
3564,-4947,-128,4302,608,-7064,3374,-13360,-2646,4863,8789,-241
4240,-6225,-2200,32,996,672,4060,-13530,-2062,3002,8110,1895
4172,-6211,-2204,256,4924,546,3986,-14564,-1722,2995,7458,3154
3908,-5185,-1628,3,4637,4384,4006,-17082,-1972,2686,7085,4270
4212,1189,-2204,1104,28,2091,3958,-15000,-1074,2989,9309,2181
2802,-5741,-1644,128,4112,68,2464,-15232,-1462,1545,5875,955
3396,-6225,-890,36,3840,-1438,3482,-12974,-790,3177,3763,-1103
3796,-6185,-744,3267,1092,-928,4662,-12410,-862,3250,3132,-392
3504,-6081,-156,3617,1248,-2048,3478,-13160,-750,3863,5893,-1049
-696,-6291,-136,2177,6,-3756,2782,-13244,-1350,3217,3956,-1538
-688,-6223,-114,2080,1,-3006,2232,-14288,-1620,2037,1457,-73
2808,-5187,164,1667,1410,129,2528,-16972,-1218,1675,2222,783
1944,-6267,-116,272,2648,37,2032,-16288,-1828,3057,4017,508
-688,-6271,-80,322,4706,176,3460,-14710,-1458,3064,4825,141
1920,877,-154,1028,4808,154,3146,-15146,-1870,3192,5001,540
-704,-5895,104,1037,4164,94,3844,-14426,-1974,3819,5454,169
320,-5519,-136,2564,4444,-1024,4112,-12938,-1878,3565,5990,-215
3414,-5235,-1882,457,1346,-1478,4502,-13028,-1892,3503,5456,-171
4288,-5235,-20,1034,0,8,4124,-12934,-1428,3261,5230,135
3520,-6227,-148,326,260,1637,3622,-14934,-1194,2291,4282,1987
1860,-4861,292,1088,4105,174,2924,-17168,-1606,4261,5086,655
3136,2193,-652,196,389,-1968,2746,-14268,-338,3369,9082,-966
-448,-5799,-668,3080,20,-3035,2366,-14200,-460,3436,5462,-2784
-636,-5011,-732,3080,2080,-2418,2802,-13318,-54,3263,2403,-2195
3396,-5267,-304,2050,193,32,3918,-13156,-112,2150,4559,-783
-688,-6027,-58,2096,330,-1983,3130,-13852,-524,3181,7004,-727
-508,-5171,-92,1024,2068,-3054,2948,-13294,-766,3016,6224,-883
2768,-5267,140,1088,144,-2910,2736,-13118,-892,1180,2204,-1008
1600,-4475,-132,112,1520,-3261,1116,-6476,524,48,1550,-3048
-182,-659,16,2178,129,-992,3770,-16940,-1608,3917,3879,-236
76,365,-152,2062,9219,1,3804,-15276,-1110,2489,9332,704
-428,-6259,484,2826,4098,48,3666,-14568,-1524,2968,7990,1005
3840,-6259,420,2049,4274,1152,4264,-12582,-1570,2706,6060,1117
3392,-6291,-1684,2146,1544,392,4600,-12056,-1266,2084,5581,1436
512,-6003,-1170,2052,5190,1280,4410,-13380,-922,2668,5345,1956
-182,-6291,-1164,2564,4617,8,3706,-16808,-1080,3005,6102,2276
1488,-6195,-1864,5475,64,96,-932,-6292,-1796,5544,8822,285
1366,-6155,-2140,5152,8192,-3676,2320,-15210,-476,5481,8317,-3314
2496,-6099,-2182,5142,1921,-3824,2792,-13300,-804,5087,8051,-2566
3616,-5763,-3196,4736,40,529,3934,-12902,-660,4648,7657,971
-536,-4971,-3972,4229,8334,2084,3356,-13208,-1952,4439,10723,2313
-534,-6259,-3740,3472,1601,1091,1126,-14670,-2818,3397,9691,3316
-4748,-6035,-7324,20,2226,8,-5250,-14784,-3768,39,3054,5940
-12840,-2187,-2444,5410,0,13580,-9980,-17352,-2764,-1661,76,16985
-15024,2157,-3868,177,2178,224,-10124,-13808,-1964,653,-4987,25107
-7584,2925,36,1224,2818,0,1274,-9312,-2678,3654,-8033,30095
4946,173,-5252,515,32,2048,5834,-8326,-5546,3614,-6423,24039
7530,-6259,-12940,333,642,17673,9302,-5122,-8578,2536,-1793,17038
7488,-5425,-11676,3586,-7936,4,7486,-684,-11360,-5898,440,9185
7492,-2179,-9500,1120,1,1026,6496,-2916,-8946,-15574,4966,6949
7492,-8083,-4246,2176,4104,678,6504,-8492,522,-18083,4994,657
-6844,26733,-12824,3473,987,12825,-1068,29874,-8952,16275,10144,15698
328,-14483,1188,512,67,66,66,-7534,5348,17349,-2208,-6225
4514,-13587,-156,13056,-24568,13517,4462,-9334,2006,13145,-7300,-260
11968,-6291,-3928,1,48,61,4236,-6114,-2808,4501,-15589,-7071
2880,-5267,-6780,3345,-15869,8580,3378,-8426,-4088,4180,-15812,-7764
4680,-4239,-3092,104,-15792,2570,4654,-7450,-4442,8939,-11737,-23096
1408,-147,-5272,4384,192,52,4938,-8678,-4590,5038,729,-32768
-7868,-1161,-8332,395,8226,0,-4500,-15904,-4132,618,13252,-32435
-23934,9133,8452,1,3074,1141,-7672,-22904,136,1830,9378,-22808
-8384,-5663,996,6410,8453,516,-5070,-19830,-7378,8555,6625,-15003
320,-579,-136,1215,272,32,898,-16236,-2398,7834,19356,-5226
-7608,385,-128,8,2846,-6011,2196,-15670,-3218,2476,12449,-1631
-152,-5099,-88,4,1147,-7542,2930,-13014,-3578,4141,9482,-1353
3394,-5969,-124,2064,4581,-9088,3856,-12454,-2044,2734,6587,-717
3778,-5097,-1948,1632,646,1281,4728,-13136,-1584,1727,3876,1461
3638,-5107,956,4,4764,14,4936,-13520,-934,1273,4945,3248
578,-6211,-154,288,1024,4644,4630,-18630,-1206,1596,7919,4701
336,-4943,-92,3394,9216,2050,4356,-16814,-198,3286,11863,2556
2656,-6031,-394,1024,18,-945,2726,-15396,-232,1384,4946,-566
3554,-5071,-140,3080,800,-2304,4782,-13918,-306,3641,4867,-1799
3392,-6281,-150,3088,2130,-3168,5198,-12346,2,3039,7149,100
3788,-5777,-146,3392,2101,20,3540,-14272,-970,3694,7395,127
-448,685,100,2050,929,-1023,3518,-14932,-1030,3191,5088,-536
2402,1005,-22,1170,4113,-2008,3070,-15516,-1012,3268,5401,-1213
1630,205,868,201,4163,-1271,2918,-15894,-876,4358,4163,-1113
1362,-5715,996,2728,4136,3,5444,-14104,-1100,2551,5289,707
320,463,38,2064,2306,1024,3948,-15868,-1832,2293,7677,1512
-576,-6035,-144,849,9245,-3072,3834,-13304,-2464,4815,8984,-893
3440,-5395,22,3077,5124,-3705,4654,-12626,-1840,3167,5098,-1593
3540,-5267,-156,265,171,-2272,4822,-12902,-1508,2238,5438,-96
3908,-6031,-1372,8,264,2057,4760,-14592,-1548,1930,7654,2573
-640,-5777,228,529,457,2144,1464,-6384,416,1029,548,2090
-704,-4589,-76,0,16,-1024,3092,-15316,-726,2208,9897,-99
2624,1139,-1154,2112,1612,144,2390,-15182,-802,2751,5675,-3147
3904,-5515,-150,3136,4213,200,3944,-13650,-20,3924,5592,-2811
326,-5715,-540,2564,3585,108,4196,-12794,-698,2649,7755,-554
-686,-5213,-1178,2304,0,-883,3236,-13484,-1446,2299,7048,-371
3488,-6019,100,1056,513,-1525,3358,-14318,-1458,1786,4658,-175
1344,-5505,364,208,2049,-1920,2136,-16652,-1404,992,2328,-580
-704,905,366,2159,2825,393,4422,-16072,-1286,2295,3234,976
-668,-5779,-156,2208,2128,10,3106,-16970,-1620,3429,6614,1545
608,-6151,484,2688,8194,10,4720,-13704,-1144,3995,8545,469
3842,-4915,-58,3316,8192,288,4596,-12758,-1802,3824,9201,900
930,-4993,-156,184,3121,1172,4820,-12972,-2052,4277,7836,1477
832,-6233,-2154,1090,6277,1090,4780,-13758,-2006,3776,6412,1201
136,-6027,-2476,2260,6664,96,3916,-17650,-2244,3398,7783,1357
-94,469,-2042,5464,788,-2623,3936,-14740,-1460,5597,11230,-632
-698,-5991,-2072,0,8717,-2557,2996,-14578,-1742,2447,9704,-207
1474,-6287,-2122,3593,1930,-2936,2658,-14224,-1530,3633,6031,-907
3392,-5131,-1930,145,576,-3034,3788,-13292,-1474,3243,7084,-519
2664,-5619,-2204,590,9360,2304,2416,-13936,-2180,2780,9435,2587
-4736,-6227,484,5504,5644,532,-4208,-14552,-3280,-804,5432,5940
-21152,-6287,100,3328,5697,66,-10970,-19532,-3650,-4235,5684,17145
-15800,-2127,-88,8,7462,0,-13338,-16140,-3748,-2956,-9333,23599
-4288,6001,-4186,3,4608,0,-1906,-9560,-3636,-204,-9930,32551
3904,-1909,-7576,2304,16384,11533,5838,-9706,-4472,3381,-8722,27994
7616,-1937,-8340,3616,-7920,22592,8892,-7668,-8062,3376,-6031,23081
10184,-5775,-11324,12608,2064,2852,6628,-4192,-11118,-588,2790,12055
9538,-3623,-8250,4356,5122,9378,6660,-3950,-7870,-12262,5225,9695
7618,-5459,-4210,14996,128,128,7148,-6110,-1644,-17799,6022,167
8032,-5795,32612,-4008,3,13314,12440,-16986,-17632,6434,2865,13455
3402,-6125,2916,19224,5636,3,5100,-4536,7602,18404,-516,-12141
1360,-6145,30,8978,-24573,14602,1674,-5474,586,9171,-7361,-3119
11996,-6291,-1884,4188,1042,7268,3556,-6856,-1850,4375,-14846,-8600
3392,-3987,-4134,3268,529,640,3048,-8746,-3370,2592,-16214,-12846
1604,-5775,-7760,4616,-16318,2240,1674,-13292,-2080,5095,-3785,-22718
352,-1923,-8212,4234,557,6070,396,-15318,-6664,15972,2747,-26414
-3728,-907,-13928,32,261,3123,-2260,-16902,-8812,16403,10558,-29672
-25280,17373,3140,13316,4480,2176,-5916,-15018,-9186,14787,8227,-30241
-14092,9105,-14492,1152,0,12470,-13338,-25226,-9096,7464,15341,-18470
-8384,-2145,1966,656,4099,4162,-6544,-19124,-7600,10656,4238,-8676
-6720,-6099,484,268,10261,304,1244,-12862,-2786,5464,15752,350
-554,-5683,62,513,17814,270,-264,-11428,-4572,9378,16924,1929
-248,-5235,-56,128,68,-2044,2000,-13310,-3718,5733,5194,-1183
-700,-4749,-152,2564,16,-6138,3362,-13268,-3132,2725,10144,-1130
1424,2173,-3724,129,4097,-7632,3126,-14150,-2954,4264,5782,-1186
324,-5741,-2200,1042,4107,91,4448,-13760,-1860,2975,4687,1664
3408,-6275,-2132,24,4236,0,5224,-13704,-1670,2252,4611,2017
4424,-5787,-3576,1157,5672,564,4418,-14386,-1264,2082,5641,2511
3466,-5971,-2202,0,6153,2064,3188,-5958,-2068,450,6341,2208
2368,-5251,-2180,1094,4896,-1248,2132,-5126,-1680,1161,5009,-1535
2500,-5779,-2040,400,2562,-3328,-926,-6230,-1684,49,2600,-3559
3498,-5587,-1180,1573,12,16,3170,-6020,-904,1548,290,136
3396,-5735,-844,2050,1024,146,4148,-5976,-1164,2097,1280,209
3954,-5903,-604,128,2560,25,3284,-6278,-564,132,2912,4
3272,-6287,-156,162,2304,1,-934,-6406,-144,104,2368,794
-686,-5647,-152,2242,2561,-736,-940,-5890,-148,2176,2511,-760
-640,-5775,454,10,256,-1024,-938,-5972,556,13,345,-1023
2504,885,872,32,2070,-1272,2264,746,940,128,2128,-1212
128,-5971,888,264,2272,-2024,-940,-6226,882,260,2121,-1952
-126,941,-112,1,5400,0,-412,430,556,0,5325,39
1416,-5131,-24,259,5698,68,1180,-5128,-142,1034,5921,-2299
-622,49,-106,160,5189,-3994,-800,-110,60,257,6152,-4093
320,-5251,-60,2694,6744,-4024,84,-5462,-84,3096,6434,-4088
3536,-6291,-1658,296,2049,-2944,3308,-5766,-1780,345,976,-3060
4032,-5267,-1692,896,130,560,4042,-12880,-1626,1992,4191,916
3396,-5263,-1292,1552,2224,2049,4124,-13788,-1038,1990,3351,2161
326,-5491,-1112,267,129,32,4104,-18096,-1230,1388,4701,4178
-704,877,36,5121,527,135,-924,816,-148,5133,2049,74
3584,1925,-1688,2346,0,32,3174,1780,-1668,2120,802,32
3154,-6155,-636,2240,513,276,2902,-6550,-644,2576,608,0
3428,-4817,-596,2048,0,34,-252,-5250,-570,2560,2624,22
3456,-4995,-892,2624,134,-1272,3164,-5268,-84,2656,262,-1257
3402,-4999,-1052,2584,2065,-761,3168,-5262,-900,2096,2048,-960
3656,-5001,-922,2048,2050,-1408,3454,-5438,-916,2049,129,-1387
3424,-5123,108,675,84,-1776,3158,-5514,204,521,130,-1942
-664,-5885,-152,130,4232,-3774,-936,-6462,-124,16,4180,-3789
1352,-6003,676,264,4164,-3260,1116,-6030,748,386,4612,-3287
-32,-6289,100,1656,5252,-3200,4128,-14744,-1682,3596,5299,-1938
1920,-1149,110,2050,5121,392,2948,-16628,-1560,3023,5717,516
-576,-6259,-156,2080,4612,544,3830,-14048,-1742,3079,6956,796
0,-5249,362,2657,4105,113,4194,-12988,-1404,2670,7224,166
68,-5427,-152,2177,4096,264,4194,-12954,-1716,2854,6036,417
450,-5267,-1692,1,1669,1602,4484,-12992,-1516,2828,6080,2089
3520,-5777,-2188,1331,84,2216,4532,-13676,-1098,3386,7639,2759
-192,-5137,-2188,3114,578,2576,3628,-17756,-1420,3212,8977,3631
-698,1471,-1948,4736,2560,512,3326,-14910,-1612,5716,11296,629
3024,-5001,-1708,2306,1348,-1471,2930,-13416,-1408,3400,9445,-94
-560,-5267,-1690,1027,292,-974,2462,-13558,-1558,3173,5346,-424
3460,-5203,-1996,513,817,256,3340,-12956,-1472,2911,4937,499
-582,-5267,-1940,558,2051,1191,2864,-13266,-1534,3053,7788,1232
-702,-5777,-2202,0,2080,1060,1454,-12072,-1414,2877,6241,1198
-8892,-1547,-132,1168,7448,8,-3670,-15490,-1788,1074,8126,6256
-21056,-4107,-5788,1025,32,66,-21372,-3990,-6012,34,1814,277
-15662,-135,-8322,1540,290,3717,-13076,-382,-7524,1617,1794,3478
-2464,2189,-6764,1136,-8575,0,-724,3310,-7504,872,-9454,1042
1418,439,-7644,1032,8832,8328,1414,378,-5274,1025,9232,1390
8000,-2159,-6220,1184,577,16724,5174,-7794,-5658,1207,-978,18385
5956,-5739,-8250,8494,2188,4395,5792,-4006,-7722,-4091,3223,13735
7648,-4733,-16120,1474,280,512,5392,-4670,-8778,-11528,3474,8278
8552,-6225,-3994,1024,1064,-3648,4648,-9784,-1396,9,452,-4076
7524,-2129,8048,16545,32512,-4088,5106,5242,10766,14602,798,-6219
-4798,-8083,1892,12468,2080,11264,-3380,-8286,-1434,13668,-1271,-1301
7762,-9619,-3596,8194,80,528,3244,-7388,-2548,8899,-18615,-7467
4544,-8337,-4500,2194,-23004,2560,4732,-8236,-4078,3754,-20841,-13446
846,-4975,-7674,1026,-23022,10779,444,-10932,-2770,3751,-5345,-21910
-446,-6275,-7196,6146,-6014,4096,1228,-11008,-4428,6780,419,-26991
-6536,1909,-7320,7232,576,128,-2972,-13024,-5474,7426,8770,-28613
-21048,14709,-6746,641,12321,4610,-3650,-16308,-4616,3321,13096,-27315
-24248,-6291,-13436,5912,12364,14416,-7946,-24184,-8660,8087,11169,-16787
-4644,-4179,106,9728,1321,1032,-3858,-18982,-4862,9517,10533,-12151
-3454,-1457,-3132,8344,2304,0,-2778,-16982,-3012,8100,10775,-3377
-2192,-5747,-4108,2912,8332,-4032,-98,-14940,-2532,4179,9423,-3276
1574,-5619,-1676,1024,8512,-3988,2760,-11972,-2204,3152,9904,-2372
3952,-5757,-1972,332,5184,8,3956,-12378,-1706,2540,7796,807
4448,-6283,-1684,2657,7176,2164,3952,-13020,-1318,2739,7336,2350
3434,-6285,-1946,320,6768,2096,4798,-14996,-1100,2009,6855,4111
524,-6285,-2060,2240,128,4101,4406,-17374,-1090,3798,8490,4679
3432,-5267,-3032,1340,1056,2072,4130,-15016,-460,3369,9847,2104
-656,-5651,-2088,56,134,-1755,3074,-16126,-720,3042,3952,-1787
3904,-6285,-1308,4104,144,0,3962,-14194,-108,4141,5092,-2071
3728,-6035,-1114,88,2052,18,4502,-12470,-710,3396,7729,97
3428,-5259,-1688,2464,259,32,3710,-13058,-1264,2437,6412,1027
-446,-6131,100,2653,1078,-1600,3626,-14724,-1054,2638,3617,-1082
1872,-5235,22,2178,3201,-4026,2762,-17470,-1018,2686,3724,-2660
2394,877,-108,1572,1032,-3544,2982,-15444,-772,3697,1117,-2048
502,-6167,228,2052,4176,-1728,4848,-14752,-752,2655,5152,-9
-190,913,580,2199,5632,45,3862,-15628,-1308,2278,7965,1967
-704,1167,116,432,5132,1624,4270,-14736,-1882,3028,7558,1550
576,-5011,148,1056,4648,262,5222,-13478,-1828,3416,7097,345
3426,-5203,-156,2177,8200,-1984,5556,-12974,-2092,3511,8831,-146
686,-6029,-2524,136,3942,32,4698,-14094,-2266,3254,7927,174
352,-83,-2076,1088,580,3,4356,-14848,-1416,3416,6972,561
-88,629,-1702,530,6176,153,4202,-16034,-1688,2599,6748,663
-160,-5977,-1084,73,544,1,3920,-15640,-1054,2987,9057,-12
-698,-5777,-2204,16,8193,-2816,2832,-15186,-1104,3184,8666,-2409
-702,881,-1180,3588,120,196,2872,-15004,-924,3860,5380,-2613
3592,-5899,-1170,96,88,4,3788,-14324,-800,4168,6029,-1564
3394,-6187,-1146,3072,1031,1280,3740,-13528,-910,2988,7695,-117
-524,-4975,-156,1158,0,512,3610,-13184,-1182,1908,6083,719
-704,-6277,-52,0,1282,96,3498,-13652,-1090,1133,3751,778
-632,-6291,-156,200,2908,-1919,3118,-16654,-1130,1229,2889,-235
1744,15,820,2064,48,-1646,2678,-16478,-1228,2296,1114,-651
416,13,-140,2064,200,96,4830,-14946,-770,2137,3728,437
-128,-6161,-124,1794,4613,132,3770,-16224,-1052,1964,6685,1740
-536,-6287,-12,184,4352,352,3692,-14248,-1620,3020,6881,238
2,-4691,76,2056,5264,-1951,4124,-12856,-1520,3044,5158,-505
636,-5239,-28,2341,4182,288,4656,-13500,-1480,2339,5187,291
3392,-6251,-1604,292,32,512,4372,-13740,-1516,2980,6009,589
3392,-6253,-1162,384,769,2052,4654,-14064,-1096,2522,6132,2300
64,-6035,-2194,2051,6594,4003,3862,-17216,-1272,2208,7766,4087
-672,-131,-1804,4736,37,2304,3260,-16604,-1190,5086,8558,2168
-590,2177,-932,1152,144,81,3318,-14358,-944,3648,9192,556
2692,-5737,-1180,176,400,-1616,3076,-13776,-846,3494,5937,-1675
3578,-5255,-2076,4620,641,-2024,3930,-13042,-754,4558,5223,-1899
-448,-6127,-7772,3489,578,32,3836,-13776,-1466,3424,9384,439
-8632,-141,-3988,832,17040,258,-862,-15528,-3856,518,16787,8010
-16320,-6283,-7816,8288,2050,2055,-11186,-20284,-5156,-4320,10111,20635
-24848,12153,-7708,8833,10252,1168,-13784,-13672,-4820,-6315,-3602,23076
-20528,10099,-7104,4098,2932,0,-3038,-14148,-4194,4833,-11508,29762
-574,2285,-7572,1072,-16127,0,3724,-10188,-5478,3563,-9864,32767
10840,-6011,-8348,1792,16609,8712,6624,-6396,-7856,1956,-6127,24939
7748,-6273,-16012,5152,-6104,8512,8104,-2924,-11230,-1396,-5713,13028
7696,-6115,-9244,144,-6080,810,8592,-2802,-9200,-9870,-1863,6632
7660,-5331,-8298,12673,0,2056,7206,-5836,-5292,-17866,5399,3090
9632,-12947,372,12288,9520,3269,6016,-13442,10302,-17524,10464,-996
11602,-5105,1132,21624,5132,134,-12212,-1352,926,23969,4094,-2185
7488,-2071,52,16449,2119,4992,298,-3726,2596,17635,5471,-4723
9542,-11123,356,8391,-14332,8707,2070,-7740,-3096,12794,-14938,-8776
3466,-7059,-8340,4624,18,8497,2978,-6628,-2920,5100,-19197,-6895
3648,-5773,-4246,8,-27584,17001,4938,-7996,-4220,5284,-18974,-16435
576,-3459,-8040,4753,-8064,5636,238,-11978,-3434,8567,-2090,-26704
-4702,1913,-8348,8240,6968,4280,-3838,-11156,-6282,7880,7581,-27758
-24492,-5747,-3732,1284,261,4384,-6204,-13880,-3032,9572,4719,-27538
-7994,-4347,1124,5648,64,2054,-6194,-16062,-5114,6195,10898,-17633
-7872,-5163,-156,14491,-4824,1601,-3270,-23054,-994,16254,2571,-10262
-8896,-6019,-3708,7529,8705,4170,-376,-19102,-2286,6947,10523,-3092
-6808,-497,-88,576,10243,2,1240,-16454,-2566,6569,15296,-3002
1416,109,-28,4368,8208,-4064,2348,-14336,-2742,7042,13474,-3904
3034,-4243,-20,4136,8481,-5096,2888,-12410,-2994,4065,8978,-524
-670,-4685,-2204,160,10,1081,3534,-12708,-2152,4022,4107,1416
3456,-6227,-2134,2560,1280,289,4166,-12646,-1904,2955,3415,2473
3584,909,-1428,2304,4388,2433,3978,-15402,-1692,2821,5362,2330
-328,-1655,-2204,4100,6242,672,3406,-17910,-1716,4632,7636,2685
-48,-6267,-2068,440,2124,1097,3754,-13320,-366,3180,11934,1163
-670,2093,-1916,1536,4140,1346,2150,-14610,-962,1906,6080,-372
2368,-4365,-1400,1696,2082,1159,2432,-12616,-462,1948,2732,-898
3496,-6275,-124,2081,1024,1832,4350,-12482,270,3277,3560,-2040
208,-6227,-1304,288,2306,1044,4034,-13734,-256,3480,6732,-199
1892,-6259,-652,4362,8961,60,2762,-14448,-418,4800,9140,-212
2120,-6067,22,1027,10,-3046,2878,-13920,-682,5038,5856,-2806
-700,-6289,436,2580,807,-3802,3304,-13918,-1406,3474,4824,-2136
2080,-113,-156,2316,674,-4076,2960,-15476,-1322,3897,4023,-1802
84,-6131,436,2084,4232,-3583,4196,-14344,-1786,3081,4905,-1428
1604,-5759,466,1153,4352,-3984,3078,-17018,-1654,1945,4433,-97
2582,-6115,484,544,4106,-4070,3256,-15958,-1594,2881,4727,-503
584,-5355,-1004,4,4353,8,4396,-12594,-686,1586,5650,76
3434,-6275,-1052,2,4114,1541,4810,-12626,-1080,824,6174,2140
3526,-5619,-1172,1037,260,4353,4294,-13834,-1022,1162,5874,4420
3400,941,-1892,2176,1648,4105,4132,-15532,-1102,2145,6050,4131
-684,497,-970,4416,2320,512,-928,106,-116,4128,2125,273
1516,-5473,-392,16,9557,2310,2940,-13846,-404,2866,9382,-1879
1614,-5707,-1160,2760,3328,2203,2346,-14374,-490,3877,3684,-5076
3904,-5779,-796,1061,768,2056,3742,-14188,-170,5086,4131,-4408
1018,-6291,-20,4556,261,1563,4880,-13536,-576,4562,7105,-2213
-608,-5971,-148,3972,9472,82,3922,-13368,-620,3958,9712,-868
-704,-6225,52,3401,1323,-923,3348,-14148,-1540,3462,9431,-619
-592,-6287,554,2624,320,-2015,3226,-15292,-1742,2719,4704,-1062
-694,-1075,-156,2050,4185,8,3204,-16414,-1194,3617,4278,-65
-636,-65,420,2097,2436,12,4110,-16358,-496,2055,7622,316
1874,-5539,740,10,3090,161,2994,-15922,-1338,1840,7086,1046
-274,-5699,292,168,4392,80,3654,-13952,-1340,2492,6233,577
3532,-6155,-1176,2234,4514,0,4194,-12356,-1234,2289,4329,62
870,-6275,-900,2192,4994,5,4718,-12430,-922,2193,5125,632
3392,-5231,-1754,904,2,1024,4386,-13584,-1196,2032,5255,1842
3428,-6227,-924,561,640,16,4230,-14470,-710,2626,5858,2099
-658,-6283,140,291,0,2057,3262,-17356,-928,3003,6254,2015
-654,1165,-450,4280,8201,210,3432,-15342,-438,4238,9139,165
836,-6289,-1146,2627,8712,104,2560,-14246,-700,2894,8689,-437
1546,-4755,-1818,3201,2073,-1008,2346,-12908,-1174,3349,6528,-727
2880,-6287,-3180,72,0,14,2822,-12520,-1076,3111,5271,489
-488,-6127,-5660,1160,6152,2688,2278,-13750,-1556,1344,7784,3997
-23744,141,-7836,7298,5125,4224,-8064,-15952,-4096,-1252,16264,14501
-25280,4701,-6632,9794,133,1184,-15648,-15946,-5094,-4021,6589,20943
-25208,3503,-6248,97,529,464,-6802,-14208,-4946,1109,-6851,26940
-8832,1901,-8348,545,-12208,2179,148,-11392,-5798,-3013,-8558,30592
4424,-107,-8218,4132,12,17354,5200,-8400,-6282,-2394,-5707,22982
7490,-6159,-6042,6144,-3387,2584,7508,-6134,-6752,-2038,-2884,10564
8576,-5229,-8132,10021,-2015,6416,8314,-5158,-6330,-6455,77,6173
8112,-4115,-7772,66,2053,69,8034,-4082,-5724,-11742,2573,3160
7776,-5779,-4156,13443,552,3152,7702,-5608,-354,-17477,9626,-1186
-25214,2157,6166,258,17570,5120,7590,-4334,32620,3722,403,14420
-702,-14459,13444,18452,8530,260,4188,-7800,10322,17541,16685,-9523
-2240,-6003,-140,0,-24256,9504,-536,-4900,-1296,12899,-7776,-2058
8264,-6159,-3916,10416,14752,4149,4026,-5948,-3326,10195,-18276,-10602
3676,-9203,-3448,2410,-23342,4108,4586,-8538,-2924,4251,-19984,-11893
2368,-6289,-2202,6497,-13820,8289,2358,-10522,-2232,6162,-7272,-23146
580,-4051,-4252,306,1096,4259,722,-11940,-4544,9137,1659,-28137
-8510,-523,-8298,2057,10259,1,-1086,-14698,-8800,8121,9631,-29561
-24232,11757,-7100,353,2048,3,-1438,-24424,-1742,2987,12544,-27717
-25272,-6179,-3996,8852,4982,13632,-7402,-21752,-5654,11300,4261,-20202
-3752,-2193,2056,269,8388,5961,-2076,-19224,-1240,3580,13943,-9502
-7840,-1779,166,0,545,66,352,-15976,-2542,2741,18841,-2098
-500,-4739,-5114,832,10240,520,1828,-12894,-3970,729,10042,564
528,-5467,-2194,206,3944,16,4624,-13784,-910,405,4236,1378
592,-5267,-3216,744,4112,965,5158,-13426,-916,852,4168,2021
3392,-4751,164,2,6533,594,6328,-13008,-636,887,7277,2670
3392,1085,-2196,160,2,2441,5812,-15448,-970,2254,7503,2541
3456,-6291,-2204,2176,768,2053,4742,-16208,-608,2617,9345,2120
1996,-4235,-2074,2184,2057,64,3020,-16428,-540,2585,6964,-707
3936,-5987,-1916,256,2336,-2040,3964,-16182,-872,2518,3459,-1795
4936,69,-916,352,6144,16,4648,-15124,-324,3445,6738,-225
3698,-5505,-822,2312,8320,448,4612,-12884,-334,2454,8362,502
3392,-5251,-776,1666,578,402,4266,-12900,-760,1956,7010,482
64,-6271,-1108,2176,512,152,4222,-14652,-860,2222,4777,231
3392,-6281,-78,1072,602,280,3806,-14556,-1012,1905,4714,331
2662,-5107,-156,1060,4614,-4056,2930,-17262,-1166,1770,4775,-652
-704,1165,698,40,3088,1,3134,-15342,-1252,2355,2862,205
584,-6257,388,1033,4096,1,4450,-13598,-540,1778,5027,1095
-156,-6223,228,1040,5783,128,3832,-14594,-1290,1862,5641,1170
-664,-6291,-144,320,2176,97,3388,-15184,-1878,2551,3295,503
718,-5767,-156,1025,3208,-1388,4780,-14234,-1230,3159,4103,11
1112,-5777,-1050,2,4098,512,5126,-12840,-1520,2591,7308,937
3488,-5235,-1240,2,2208,2073,4476,-13110,-1132,2134,6203,2064
96,1133,-1148,0,273,128,3918,-15106,-1046,2090,4894,1953
872,-6255,-120,2048,4101,514,2712,-17764,-1256,3270,4351,390
-436,-6163,-1308,1546,4355,-3008,3372,-14390,-136,3530,7583,-2568
-92,-5779,-154,1345,256,98,2076,-13740,-122,1367,5123,-2408
3692,-6033,-150,416,2605,1062,3710,-14424,-56,1554,2763,-685
3394,-5929,40,324,101,520,4128,-13740,-168,2439,6359,871
-608,-5131,-636,160,6532,704,3478,-13366,-548,1646,7000,1789
2250,-5933,-154,1040,2833,128,3106,-13776,-834,1208,3739,476
3416,-6163,-6,2562,3684,-1788,3822,-13914,-336,2591,3858,-1043
1728,-4691,100,518,100,-1756,1872,-17534,-832,2200,4217,-791
-608,177,228,2310,35,-1004,3608,-14784,-1192,3726,3870,-639
-688,241,102,3077,2640,4,3710,-15302,-918,3482,7074,443
-700,925,388,2081,961,528,3596,-15128,-1390,3968,7250,669
3848,-6017,-26,678,4650,-2294,4154,-12722,-1664,3724,6754,-315
3392,-6285,-1612,2308,5632,-2496,4494,-12522,-1482,3402,5986,-305
3680,-4979,-1596,264,8,65,4454,-13416,-1268,3513,6507,643
3754,-5513,-152,1696,7170,128,3990,-13996,-1098,3680,7805,1268
1562,-4431,164,133,6690,2562,2776,-19320,-1676,2565,6778,2648
-308,1421,-666,4240,128,-984,3608,-14714,-580,5171,8942,-269
2388,-6259,-560,1408,86,-244,2814,-14750,-412,2002,6214,-305
-622,-5645,-1178,2952,1553,16,3544,-13800,-824,4052,5876,-979
3524,-6257,-2204,81,2072,80,4286,-12812,-782,3961,6911,172
-702,-5747,-1816,544,9915,1104,3956,-14084,-1218,3903,10437,1340
-6848,-6267,-6148,1536,8448,2122,1654,-14508,-1850,3751,13131,2954
-2336,-6211,-5776,8,8262,256,-2862,-16332,-1392,2028,13640,7820
-16574,-5255,-6452,8706,1133,1095,-12970,-18158,-4874,-1141,9355,18341
-15808,-3761,-8348,2208,38,4102,-10380,-16370,-4860,3351,-5806,24795
-20404,4469,-5324,8418,10,0,-2482,-12184,-5154,-482,-7853,32767
3410,7549,-7450,1106,-6144,0,4660,-9606,-6566,2167,-5902,29898
8680,-2033,-8346,3266,-3832,20496,8192,-7024,-8294,3576,-3602,19426
9160,-3601,-16220,5376,-11136,521,8346,-3054,-10774,-3584,-2516,7596
8036,-4295,-8260,256,5160,61,8018,-4586,-6712,-16649,5894,4754
7556,-12929,-156,529,8592,1984,7500,-13202,15720,-21232,15630,-2462
1856,-5967,1924,18434,24584,-12252,7746,-3388,3304,20143,-8446,-10481
-2482,-6285,4492,12800,1176,8844,-5190,-2090,-688,14823,-985,-4616
7760,-10127,-4748,8224,-24288,17700,3416,-8148,-5220,11201,-18302,-8421
10130,-7315,-7484,1,0,1364,5542,-7276,-6696,1743,-15894,-8791
3656,-6035,-8266,1024,-22395,4137,1410,-6990,-5030,1270,-17959,-11919
68,-6019,-8308,4420,-13264,10248,940,-9494,-5046,4722,-7163,-22350
-1216,-6003,-3932,5664,8215,5128,-1876,-10410,-2886,6020,10868,-24934
-7136,2097,-4764,1607,4305,3080,-4516,-11500,-3076,10576,5727,-29085
-21118,2273,942,556,572,2065,-4782,-14978,-1920,7338,5359,-25165
-8888,-4859,1668,5393,2698,0,-4908,-19242,-4756,5613,6109,-16414
-2334,-4107,4454,515,2690,2320,-3916,-17556,-1042,9440,7862,-6797
-704,-2131,1906,512,48,-7808,446,-16290,-1014,10574,12733,-5708
-8640,-1427,-2644,2112,100,-7666,734,-15452,-1852,5975,10796,-5259
328,-6289,-156,1058,2624,-7888,1062,-15010,-2970,3998,7336,-3601
2370,-5771,-152,4100,3145,-2046,2870,-13930,-2296,4443,3298,-1370
3414,-5259,-1420,214,4420,154,4662,-12088,-1446,3074,5046,1017
3936,-4755,-1162,1553,4960,2080,4704,-13170,-914,1597,7288,3532
4092,941,-1644,514,4193,4852,4102,-15684,-1256,521,6986,5049
1452,-4755,426,1,2048,3860,2824,-16924,-1518,2747,6267,3482
-572,-5263,-1176,1024,4642,8,3290,-13492,-464,1623,7832,1032
-606,-5255,104,2112,5412,1035,2870,-13562,92,2352,5330,-2551
-284,-5747,-76,2593,3396,0,2990,-12780,110,2982,3410,-2757
448,-5939,-52,272,326,72,4370,-13432,-18,3418,4592,-1888
-688,-5965,262,4162,32,-2048,3528,-14506,-184,4412,7451,-1886
2628,-6155,422,272,8216,-4048,2768,-14466,-686,5394,8482,-2832
2992,-6291,118,288,5129,-4056,2786,-14308,-738,4976,5798,-4069
1648,-6161,908,16,4164,-3068,2930,-17370,-1320,4267,4177,-2871
-564,-6291,-122,337,1560,-2802,3940,-14446,-1276,4216,6227,-1995
3404,1017,-124,1671,2048,-2982,3354,-15312,-962,1583,6002,-50
-624,-6161,740,1056,5157,99,3566,-15904,-1546,1882,5214,503
384,-5009,-148,5,4644,514,4246,-13130,-1128,1226,5789,612
3560,-5251,-88,277,33,256,4498,-13148,-1246,548,5849,2012
3624,-5251,164,1316,4,3110,4124,-13126,-324,1373,6300,3135
-60,893,-156,160,6402,773,4146,-15920,-952,1401,6675,3910
708,-5779,-44,148,298,2,142,-6118,364,132,341,1174
2520,-5267,356,3120,772,-1358,2234,-13064,218,3026,8686,-1359
-536,-6163,-120,128,1449,-3068,2144,-14098,42,1364,1697,-2841
3396,-6161,-122,2515,2073,356,3370,-14120,334,3626,2441,-3493
384,-6271,102,292,1280,396,4260,-13736,300,4510,5689,-1537
-608,-6033,-82,4184,288,-896,3824,-14516,-356,4782,8504,-605
3270,-5777,-826,1092,8210,-1408,3058,-13946,-834,5179,8731,-1451
4004,-5715,132,772,4096,-3960,3902,-14218,-1318,5095,6187,-2090
1424,-5267,-80,3077,4402,16,3130,-17578,-1954,3713,5362,24
-348,689,46,33,4132,-5616,3414,-15612,-1952,4387,7743,-1409
-704,-5811,170,2348,4224,-5120,3058,-16330,-1706,2885,6412,-1090
3394,-6195,376,1040,4645,-4088,3750,-14510,-1386,3101,5919,-1075
4424,-6291,422,72,4,-2560,4344,-12452,-1222,2065,6136,-399
4432,-6125,-1658,1552,4098,8,4384,-12328,-1482,1854,5783,155
3968,-5261,-1932,280,1139,772,4082,-13192,-1426,2419,5219,813
-190,175,-2100,32,5171,1809,4066,-16750,-1334,1816,5310,2199
724,113,-406,390,32,1408,632,-358,-148,1046,35,1344
2128,-5151,-1564,4282,6401,514,1720,-13968,-502,-1762,6831,2304
1412,-6207,-92,1296,5472,353,2534,-14504,394,1312,5626,-688
2432,-4883,-122,38,513,33,3084,-13270,450,3409,4769,-1544
-26,-6033,-1564,4104,10290,256,3816,-12866,-504,4118,11095,437
1418,-6291,-3716,1552,9474,2818,2034,-13726,-1710,3549,11530,3047
-4224,-6115,-4248,1232,8840,4097,-1492,-14562,-3178,1553,10167,5545
-22958,-307,-1884,6208,10579,4608,-5552,-17094,-1964,-2089,10587,13572
-24060,-19,-7812,8352,3110,4033,-14280,-15670,-6444,-3157,6567,21048
-25018,10101,-7962,0,98,0,-8528,-13798,-8096,-142,-8159,29676
-704,5813,-8086,4672,-12264,0,4004,-10554,-7678,-1829,-9557,32767
4448,-1553,-8348,1600,18769,20587,7636,-7834,-7322,-69,-5313,29952
5832,-6227,-7706,4740,-10608,16653,7122,-5872,-7902,-1543,-2249,16063
10592,-6259,-8084,8849,-9728,4160,10350,-5284,-7450,-7668,-639,4536
7488,-5779,-7554,2223,2069,-14060,8288,-5662,-7146,-14306,2677,-372
11848,-9843,2568,0,587,-3776,5856,-9054,4900,-19595,7742,-1769
11584,-5251,-4120,96,28388,-10972,-168,1816,-3718,14250,-6584,-4194
1612,-5769,4004,1568,2570,8498,3098,-6344,1646,12851,2708,-2099
10328,-4929,108,10508,-14828,1320,2162,-4434,-3652,12020,-15882,-11889
8068,-8337,-3708,1792,1106,412,3658,-7738,-3100,3658,-19567,-9298
1898,-6027,-3740,4305,-25487,32,2902,-7904,-4458,4717,-16261,-18169
386,-6243,-7308,36,-16302,5632,422,-8784,-2536,7168,-3949,-27298
-3582,-4119,-4180,8257,4440,4100,-3558,-12440,-4078,8527,6415,-27605
-4748,2159,364,8514,675,4,-3842,-13378,-3792,9701,10183,-26126
-20656,1965,396,6656,8228,1060,-4480,-15622,-2704,8057,14673,-22014
-7834,-1935,3180,404,8920,5069,-5434,-15284,-9042,8522,10396,-13594
-3732,529,4974,3328,2115,8616,-1074,-17278,-3126,4056,10876,-3097
-8832,-6187,12,580,83,416,-1158,-17728,-4754,4992,15118,-4542
-352,-6281,-140,1026,7257,-4094,604,-14530,-3372,2993,7293,-1651