712,1353,359,-446,-156,32,2095,-14071,-1252,-376,-7,-25
812,1231,379,-447,-180,64,2145,-14041,-1224,-464,-50,-17
684,1255,327,-507,-256,14,2197,-13991,-1234,-514,-110,32
740,1387,359,-512,-224,76,2205,-13997,-1160,-431,-90,-62
808,1103,419,-477,-192,-69,2179,-14147,-1192,-408,-81,-79
676,1295,469,-500,-214,-115,2201,-14031,-1166,-403,-51,-69
812,1399,337,-952,-160,58,2139,-14169,-1180,-417,-132,-80
838,1359,71,-511,-226,-128,2181,-14093,-1336,-379,-44,-88
868,1167,187,-960,-256,1,2171,-14113,-1110,-446,-128,8
678,1423,239,-958,-384,0,2213,-14073,-1188,-445,-66,2
676,1371,71,-444,-239,36,2273,-14097,-1140,-445,-89,51
936,1179,199,-504,-256,-22,2315,-14061,-1224,-387,-44,-37
678,1355,111,-503,-256,0,2279,-14103,-1182,-378,-66,-97
676,1319,167,-510,-108,0,2241,-13985,-1136,-369,-59,-117
772,1487,399,-510,-64,22,2099,-14065,-1112,-395,-83,-177
838,1427,217,-974,-448,69,1977,-14099,-1210,-448,-348,-194
984,-5497,247,-768,9,64,1795,-13661,-1102,-714,-730,-107
-3354,-5557,-811,-1274,386,156,331,-13445,-746,-1341,-1577,191
-7516,781,455,-4000,288,257,-4891,-15133,-1262,-4053,-2808,4935
-11082,-1001,-697,-10174,164,328,-8537,-17781,-2478,-9297,-1528,12083
-11084,-2809,75,-14335,1488,528,-7681,-18347,-5758,-13205,-1879,15037
-11546,-1463,-787,-16319,16,292,-10929,-17165,-8700,-16031,-6431,15980
-10618,723,335,-16382,2312,130,-9373,-14771,-8120,-15300,-10711,15347
-7468,-3429,71,-11232,1056,796,-4727,-14165,-5402,-11283,-20620,13786
-3392,-5553,-953,-3646,2074,832,-5057,-8297,-6744,-4378,-29432,15234
-6492,-3159,-645,512,256,24,-5653,-11443,-2802,2898,-26751,13641
-2896,3687,-4775,11264,4194,15020,1083,-14107,-3784,11208,-26855,16490
7398,1673,-1845,12441,770,7313,7607,1461,-2096,12950,542,6190
21220,-2833,-881,19460,1069,27728,14377,-5527,1260,17444,3722,26640
7338,-729,-7861,7714,1024,3542,7597,-1545,-7980,7174,2312,4096
10918,-5405,-8213,16522,9092,5151,11463,-5771,-8212,16800,9269,5120
17340,1751,-9081,11362,201,4096,17467,-5599,-6932,9991,2208,3076
13102,-1449,-14967,-3967,259,0,13867,-1649,-14864,-7028,512,1380
12986,6295,-943,-23384,7322,-23904,5043,-5453,36,-20411,7444,-24472
-11306,6859,5199,4132,8256,-32768,-6467,9791,5896,7009,26482,-30172
-26402,-1433,-24403,4165,9376,-8124,-26681,-1637,-20884,2178,9480,-6613
4968,-4973,8391,5129,8513,2476,7593,-3541,8208,256,1552,16
2788,-5561,-5041,161,9225,4705,5821,-8889,-3332,2365,8727,22426
12996,-5367,-9001,10392,8366,8196,13969,-3195,-7326,11841,9899,14258
11044,-5497,-7081,12355,624,1088,10373,3901,-7248,12163,8887,626
4838,2955,-825,-4072,4,-8120,9547,8789,-17410,-4726,12745,-8200
4772,-5561,143,-28604,5148,-23039,1209,6515,-884,-28651,5587,-24023
-17692,79,-801,-4028,1286,-28159,-17913,-25,-820,288,801,-28607
-3384,2697,-9893,-4096,513,-4736,-10773,2435,-8084,-3892,1096,-4087
-3354,-3829,9865,417,4491,1120,-3017,-4475,9784,288,4609,0
9068,-4953,1609,-8116,8704,47,9195,-5741,1248,-8184,8832,344
8800,-5561,-2489,529,5160,12337,5067,-4685,-2866,2192,4576,11776
11428,-5561,-3015,4365,2376,1024,11473,1183,-3526,7501,14828,5011
9386,6731,-373,64,2064,-2015,9717,8705,-7302,10149,7444,-1990
4840,-4521,-14243,-1023,653,-12287,5271,-4237,-16188,-2048,3616,-11344
-596,-5297,-807,1027,1485,-28495,-3109,8785,-972,2458,1552,-31287
-1878,-5549,-13489,-3072,2565,-18370,-2137,-5113,-10226,-4059,1412,-15962
-11354,-441,8433,-8192,8200,2144,-7209,-1669,9364,-7924,643,2185
4780,-9393,1739,2,9778,7180,5033,-9577,1550,384,8208,128
9652,-5369,-2615,8420,8512,3105,10755,-7617,-2984,11134,12219,19172
15044,-5505,-5935,9402,5184,256,15137,3607,-6060,11745,13991,8149
6822,4751,71,32,705,-4960,11787,6935,-5934,-982,10787,-1998
6964,-441,-887,-20350,1472,-19155,6273,-1675,-5872,-19935,4482,-20224
-11608,2697,1239,-3440,4134,-22426,-11345,3959,64,-1427,1,-22004
-11354,-5515,-8089,388,4128,-1008,-9193,635,-7220,1042,4261,34
6824,-2485,5321,459,8460,560,7461,-7403,5642,6470,-1189,13347
6456,-5017,-741,129,1986,5153,6097,-7101,-1788,590,21169,13336
9384,-4713,-4529,4872,4751,1408,12911,-2191,-3640,6554,13290,13137
11012,-3449,-935,3096,5064,4657,12859,6685,-9966,3744,14238,4773
8904,5971,-361,-11712,4113,-2900,14093,6085,-12888,-10710,13572,-3628
14500,703,1183,-32160,5055,-24294,6727,-1249,-930,-32120,5203,-23535
-10074,-4521,6237,-12158,3236,-32111,-10321,-5741,7212,-10176,2819,-31151
-1236,-5255,-31161,-15744,1546,-9116,-10889,3481,-30752,-14271,4097,-4606
-5192,-5305,7271,139,410,8,-4821,-3713,5196,841,275,2048
4900,-5431,-3001,-7976,274,297,7487,-5965,-4396,4316,-12201,14190
5948,-5041,-2665,12546,1540,8889,12167,-6823,-2138,13929,5245,16616
15028,-3863,-4971,8196,0,9370,14919,4445,-4604,9062,12471,9173
13260,2635,-727,6422,71,1,15147,4809,-4172,6457,7631,812
13188,-1461,-935,-14304,8489,-13820,6079,-1589,-436,-15344,9666,-14976
-3164,4699,-943,-15788,80,-24512,-3033,2455,-1076,-15280,40,-22778
-3004,3015,-8073,-8112,8230,336,-781,2845,-11306,-8160,10528,130
-10322,-4785,1671,130,5,1298,-9801,-3693,3612,1040,18,2051
6086,-6185,-409,2116,160,4240,6059,-5509,-1066,66,2054,4122
4836,-13585,-821,593,544,37,2891,-9749,-3670,3873,303,16714
9252,-1441,-4567,5128,65,272,12787,1427,-5076,5310,5387,12614
7358,14951,1903,264,14336,4354,14925,18371,-5212,378,14841,4934
14070,7821,113,136,6569,-7932,15655,-5487,1676,41,33,-7164
4776,8795,-2937,-18304,129,-20352,-6603,6593,-1010,-18170,2848,-21696
-7508,-359,6215,-15128,544,52,-7249,-1165,6100,-15360,647,4
3000,-2997,-16045,-16238,8585,40,3557,-25021,-14944,-14600,7612,5592
-1368,-4405,1805,-6973,11013,1024,1443,-12477,2002,-75,-587,18836
9316,-4503,-433,1736,783,4128,12729,-4103,478,2343,8143,21072
17064,-5529,-853,10368,4612,368,18701,6723,-890,11488,7101,10914
13300,-953,-953,15360,1059,-4087,14529,16371,-2068,13939,-3328,-5352
4988,5719,-14521,-8128,4773,-16320,7591,6535,-1028,-7840,4128,-22223
-3324,2695,-801,-18425,4618,-24538,-3713,1023,2488,-15710,32767,-17801
-828,-2477,-17303,1041,108,-7928,1747,-2325,-17698,2444,-11427,-5258
-5468,-3247,-183,-9664,128,288,-3427,-11499,1460,-9023,8586,1026
4796,-4839,-729,80,736,4678,5953,-5565,-1406,684,5192,14221
6054,-5041,-3127,2336,2050,4291,6457,-5099,-628,2686,2963,14814
12964,-1271,-2737,5315,1396,822,14585,7107,-1624,5182,2099,6261
6092,2631,-441,2594,4176,146,10777,5337,-1332,3563,3300,-504
11076,-4535,-697,-4016,8972,-11263,12447,11699,-4532,-2671,9676,-11337
-2884,5815,-945,-11923,1340,-15924,-961,4367,-786,-10080,14526,-13429
-346,-5257,-4897,-9980,8752,514,1313,-1307,-4538,-530,6997,-5756
-5912,-4499,-761,4288,68,3108,-4941,-11815,-78,4599,757,8361
2852,-5301,-4769,208,0,1664,4637,-5139,-2910,2060,5017,11925
5380,-5537,-3001,652,6672,4226,6969,-5287,-3022,1297,6523,13352
11120,-4217,-4793,2049,514,3076,12693,701,-3206,3237,8846,6623
8362,2715,-817,104,2576,-4095,13199,5867,-4498,3925,7395,-4104
5236,4365,103,-7168,4492,-12154,5165,4597,-1028,-6848,4236,-15289
-3412,-5297,-951,-15796,522,-20479,-2473,-5765,-498,-15359,290,-20478
-1272,-4409,-7025,-5376,800,-9976,-601,-5421,-8242,-5343,50,-9444
-2908,-4615,1671,7240,9232,1289,935,-1163,3092,6658,8210,0
12990,-5529,-905,-10871,11269,6290,12853,-3167,-1572,-673,12012,6362
7146,-3413,-8999,1,4128,584,7693,-3707,-7246,5941,6802,3088
9254,-4777,-8577,-2040,8354,2203,9089,5037,-9182,-2361,15122,-5388
2052,2695,-953,-17917,68,-11740,2063,5693,-13958,-16003,23631,-12081
-16728,839,-953,-12256,4176,-23928,-12087,1109,-4528,-11759,3813,-17901
-19516,2633,-4989,-11261,809,-7572,-18433,-12449,-1912,-9108,-161,-2112
-2612,2663,8351,11,1104,16400,251,-5695,8196,725,-6070,17723
11110,-3481,3417,4296,10376,833,11043,637,3548,4947,16259,15815
10920,-5353,-6835,7434,10400,3328,9195,-5773,-6772,7175,10995,8208
4936,-4257,-9097,5220,9000,3150,8171,2021,-8422,7051,13918,2995
9148,2969,979,4,0,-8064,6715,3971,-1068,416,513,-8191
-1484,3161,-941,-14048,5001,-24144,637,3211,-1156,-10954,14162,-18467
-3390,2759,-801,-7552,5120,-14316,521,3527,-4914,-5589,6929,-13266
-9052,-413,3145,1601,2321,6214,-5945,-7499,4628,3453,-5625,7748
4776,-3497,327,-9181,3619,2052,5479,-3971,134,-658,13152,14511
4068,-5549,-4521,-10722,8250,354,4481,-5835,-5388,526,11311,16735
9402,-5561,-4853,77,9102,10784,10097,-3783,-4058,4391,12920,15068
10916,-3385,-8313,2056,4240,512,12725,1203,-8206,2157,12450,9389
5870,6279,1115,-1912,32,-3295,10427,5347,-6206,-1124,7706,-3209
5030,10829,1095,-13248,7168,-20439,10623,15209,-6464,-14448,8489,-18834
-11452,-5537,71,-8826,4232,-20456,-8689,-779,9054,-7089,12737,-19979
4794,-3505,-945,-1992,4560,-9712,3661,-11949,-9748,-172,-4751,-6678
-1116,-3959,3661,8481,4680,2400,149,-8045,3794,8581,-2404,8285
5802,-3961,-3905,226,8192,5120,6037,-6559,-3640,2219,10808,13322
6344,-2995,-889,8192,5121,1168,9741,-1875,-5886,8397,5428,11973
12966,-4537,-431,2073,2624,100,12807,14283,-10102,1676,12890,1551
8912,6823,89,-6112,0,-14319,10295,10787,-7932,-7046,-1052,-11136
-3292,3791,941,-22460,2202,-23806,-485,2069,5282,-22155,23604,-17720
-2370,-5493,-6577,-3307,4104,-12288,2327,-2045,-8764,-1671,2513,-10096
-3420,-949,5191,2120,2592,9256,-1011,-7563,5490,2442,2872,9327
7212,-4407,-945,1538,8469,4164,8379,-5851,-1054,1347,16968,13969
7338,-3001,-9111,110,9155,3841,7939,-1293,-7830,5057,10521,11715
11940,-1337,-5999,1184,364,2129,12073,9137,-5852,5260,6533,1492
8904,4529,-13241,-8158,36,-8110,10375,7851,-14950,-8324,360,-9538
-794,4679,-249,-27642,4240,-27574,2239,3413,946,-25597,20589,-26191
-10076,-1217,-9073,-2911,7424,-23868,-1571,-2107,-10398,-3700,-1665,-21191
-19796,1671,4575,528,4225,8260,-12675,-13595,6446,1205,-4869,9400
-2892,-5433,329,-6890,8833,1158,397,-5905,2010,-6112,8642,18173
5422,-3511,1623,1549,8448,5384,7857,-4451,372,6190,9988,16022
8876,-2999,-817,2948,5296,4114,10051,-1223,-2646,3915,12863,11826
9958,-2103,-953,2,17,385,9915,1609,-4400,3582,6077,4421
8870,-3413,-697,-3040,4356,-2432,9599,4673,-6350,-755,6847,-2876
-1372,6759,-917,-12032,1028,-15838,4467,9075,-5866,-12446,9593,-11130
-3412,-5561,-921,-11704,98,-19328,-11343,-5485,-1012,-12287,3116,-19384
-1116,-5561,-6581,-4024,2124,-12096,-2105,375,-5136,-4080,400,-7808
-3252,-1399,5209,1161,3625,72,-2711,-1645,4172,1316,4176,416
5798,-3513,-881,580,8846,256,6063,-3447,-2096,546,8196,4
9072,-4393,-5033,1314,8736,6984,10189,-5645,-5170,1282,8195,6422
10412,-4405,-921,2580,1959,898,9639,-4419,-980,2922,2056,576
13096,-3497,213,-6110,1031,-10106,12969,5929,-5394,-6661,-1698,-11681
-3256,4747,977,525,8,-24576,-3161,3723,-532,2,680,-23647
-1030,647,-933,-2171,2593,-22200,-985,-1541,-1066,7,417,-16380
-8268,4299,7277,4352,1292,9216,-11041,2435,6348,4104,1293,9813
5540,-4019,4311,49,84,33,5095,-5757,3120,17,2320,1048
7334,-5561,-3893,320,8266,432,7129,-5753,-3976,8512,8205,520
12016,-4217,-7065,2464,10690,1105,11479,-3467,-7594,2114,10259,4
9776,-5177,-8073,-8180,0,64,11225,-5601,-9012,-8120,3081,1152
9492,583,-799,-22208,81,-16256,9585,8411,-8144,-22055,17812,-14704
-7754,4295,-161,-8126,2060,-24575,-4517,4603,2680,-6747,7875,-24320
-1812,8025,-631,-10240,4,-15346,-10727,10625,-816,-11262,2563,-11751
-3278,7755,-393,5120,4100,8280,-2519,-5765,-788,4244,48,12682
5458,-5425,-663,-8144,8449,288,5099,-5731,206,-7960,12,448
4908,-5545,-791,8218,2051,2085,6621,-7509,-1354,9531,3558,14570
4794,-5561,-7097,11284,5226,1408,12841,-5755,-6708,11440,5698,1092
11204,-4793,-953,8193,4963,260,13021,861,-10774,10805,6145,735
9196,-4505,-101,-5968,4640,1408,10433,4437,-17096,-5122,12852,-8087
4956,6345,-417,-20458,4096,-17903,6169,10109,-7494,-20319,22429,-18136
-10944,7079,3143,-7168,128,-22512,-11097,6535,1740,-3960,4112,-24192
-18268,3243,-5977,140,388,-6491,-19545,2551,-4788,1313,260,-2665
-824,-5497,4203,7204,8736,3074,-237,-3949,3148,6414,512,32
-1876,-4121,-4505,2720,2304,2568,1147,-6175,-4438,3540,6215,14829
8356,-3753,-6479,194,8780,5120,9031,-3897,-6312,6190,9385,13440
13992,-2993,-11161,4177,1024,106,14451,2321,-9120,4723,4928,7664
8874,-5273,-12887,1040,266,-3018,11847,3887,-12060,1985,-1271,-3595
5544,4709,101,-19964,190,-16313,10325,10247,-10388,-20637,17454,-16042
-3372,4175,-855,-20464,4043,-22944,-1839,5995,4292,-18013,32767,-23398
-10200,2637,-953,-3056,2089,-6132,-11257,-11133,-5316,-925,-10138,-4226
-1190,2647,6099,256,6656,2752,1195,-7691,6196,-217,391,12531
2756,-5497,-937,-7160,134,64,4647,-9735,354,1058,5141,19859
17126,-4793,-2169,8352,3167,4629,18523,287,-1756,13991,4881,13854
13092,-5039,-9049,8322,10752,35,14613,3133,-8696,10679,10419,1827
13890,-5027,-673,64,5892,104,16355,-2671,-10190,-848,8137,-6840
6960,5191,1083,-26432,3081,-23089,10959,8331,-6394,-26295,29258,-21680
-10572,4681,-697,288,2320,-24448,-6397,5579,-8498,2543,1622,-23449
-18964,-1457,4263,-7549,9888,4096,-19029,-1549,5204,-6014,8204,4926
-348,-5261,7377,-8174,10226,610,-593,-5773,5132,-8176,11790,19
4784,-5223,-945,128,9314,4392,5479,-5769,-788,0,9378,672
15028,-5497,-4739,8196,5696,4609,15415,1859,-6046,13387,6102,13218
13348,-3881,-7089,8328,5380,668,14831,5035,-6502,9456,5806,1420
14148,-899,-865,-4096,1024,-9168,14603,2927,-18040,-4219,4415,-10611
5000,-3353,111,-18432,525,-20216,7011,2079,-6436,-16315,21396,-19837
-11580,6863,-169,-4088,1193,-28656,-4591,7513,-5062,-4388,17790,-24156
-27828,3159,-4921,-8176,2312,4,-21043,-12545,-3340,-4292,12458,1168
-11324,-2977,-4973,1296,4874,804,-11,-12121,-516,3447,-10222,16195
9648,-2995,-2977,6410,8996,4100,11191,-6223,-2636,6228,-5857,21075
11476,-4057,-7021,704,0,7265,13479,-1771,-5294,2650,-53,15561
12980,-3397,-2745,4352,1039,4448,14183,2573,-1474,6656,2223,4992
9900,-5015,111,-3966,9,18,12871,3641,-9678,-2777,10425,-6596
5810,4687,649,-15340,2341,-20479,8885,8263,-5022,-14797,18771,-17704
-9308,7159,-679,-5834,130,-24479,-5103,8669,5708,-6264,10663,-21803
-1712,-4521,-521,-6109,1281,-11760,-729,-6621,-7892,-4946,13,-8245
-3308,-1457,2311,292,5651,2080,-675,-8729,2582,4644,-1633,12713
6070,-2227,-2489,2657,9730,13,6703,-6659,-2822,2947,9719,16862
12964,-5049,-3883,384,6274,4864,14895,-341,-4462,7298,6636,13504
13220,-4309,-8107,5460,512,161,11941,10321,-7258,4949,9051,69
9892,847,-953,-2036,1600,-6127,13659,2791,-2612,-2257,-1673,-7961
4778,8779,287,-19453,1636,-20437,5079,7495,-1094,-19690,21323,-17284
-8528,6795,-941,-3642,4302,-15327,-2009,7551,-978,-3040,4101,-14286
-16142,2857,-9841,50,321,4098,-15787,2419,-6196,3274,21,4630
812,-5049,-935,-6912,536,518,4227,-2873,-1462,-625,5944,13264
5292,-5033,-3849,-10655,9043,1046,7005,-4085,-4344,-2048,9566,11086
13480,-4969,-4725,653,2593,5408,13965,3661,-3226,2631,4062,4947
4900,-5561,-3745,1,4621,2084,7525,1943,-3590,3549,-1853,-2056
932,663,-309,-10240,2256,-14559,3579,9341,-4780,-11447,13615,-12905
-9564,-5543,727,-8040,3268,-16018,-3265,8043,742,-6215,26113,-15818
-11048,-5393,-951,-3632,1794,-1888,-11333,-2291,-348,-3886,4100,64
-8492,2279,103,1034,65,8216,-2033,-5375,-2096,1157,7680,8195
1718,-5497,-2489,2084,129,5152,2151,-5385,-2606,2277,64,5120
6854,-5507,-2953,321,2084,9488,9007,-4301,-2672,3398,6878,11364
9002,-3315,-5037,266,8502,4876,11419,1407,-4914,4136,8751,4510
8876,-2991,-825,-3839,1,-3774,8937,1023,-6642,-3830,5706,-4242
946,2825,1395,902,524,-14224,999,2451,1004,68,0,-16364
-11228,6763,-769,-3744,5129,-21504,-11333,6519,-520,-2544,1568,-20928
-11556,6745,-945,-4092,160,2064,-11325,4789,-34,-3036,520,3392
-3036,-2649,-569,-6644,4,160,949,-3469,24,-7135,3,1040
5172,-5377,-1913,1121,480,1140,5287,-5381,-1842,1104,360,1028
10416,-5171,-2485,1043,2691,1120,10623,-329,-2796,1175,7117,7243
7516,-5525,-2873,334,2068,148,9245,4007,-3784,3662,1075,-16
6836,-4975,583,400,256,0,8235,3263,-3168,-387,-3818,-4147
-3116,3787,1161,-9975,2352,-12240,753,5909,-1774,-9991,3357,-11759
-10780,-5337,-909,-14072,1536,-13311,-11321,-5773,-1076,-14302,21,-14030
-3400,3143,633,393,4129,-11228,-6517,-3719,-948,417,1152,-8183
-2268,-5527,-689,1104,3104,44,-1157,-3727,5294,3311,-3975,5582
2976,-5177,-409,1681,0,1,4773,-5699,-448,1680,6878,11898
5096,-5549,-1817,513,1088,4184,6725,-7007,-1440,5164,6840,13606
10420,-5489,-3765,4112,4928,5120,13183,605,-3476,7242,6206,7305
7652,-3385,-521,-1663,768,208,11625,5365,-6968,-2355,6417,-3567
6820,6857,-439,297,1024,-16383,7419,9599,-3262,-21323,21461,-17090
-11480,-1449,843,32,530,-23420,-7105,2805,708,680,2560,-22712
-11348,4237,-441,16,1057,256,-9113,4547,-1076,512,1032,1173
5292,-5401,5719,-3024,3072,14372,5423,-139,5618,-1759,9700,14981
6888,-4533,327,1040,6656,1168,7409,-3957,524,6278,8064,15430
11716,-4281,-2985,4129,8257,1202,12007,-213,-3888,7086,13567,9012
11002,-4961,-7541,4163,147,8,11387,6569,-6052,3741,7406,438
8868,-1977,-561,-11420,2049,128,9127,2819,-11822,-11156,-1374,-9455
-2900,-5561,1095,-19119,137,228,-703,131,3680,-17301,12075,-20782
-1324,3723,-945,-6048,128,-14846,5221,1269,-7290,-4587,2800,-14012
-11546,-4409,-429,8194,1580,4098,-10327,-5069,-1012,8419,548,4897
164,649,71,8312,4180,8720,4933,633,3074,8198,6423,8744
1700,-3949,-821,256,8514,3281,4425,-3985,-2874,7623,12477,11971
9192,-5537,-929,9154,768,5280,9583,-1595,-5888,8750,7520,7095
8996,-5557,-841,1036,550,412,10473,-425,-8546,180,8943,499
4822,-4391,-399,-11008,9314,-8127,8381,-341,-10476,-11507,9403,-7340
180,847,609,201,5635,-14928,4019,1237,-830,-13506,5704,-15335
-3162,6797,-825,816,20,-20480,-1599,9901,-1434,-3830,2958,-16154
-17708,-5033,71,2304,1792,0,-12611,-4363,2478,3539,-9630,1086
676,-4495,-945,6146,1584,12394,1789,-665,4354,6487,-1725,12288
1260,-3441,-953,2048,4693,54,4887,-3601,3076,3682,13638,13037
9064,-2485,-1843,8740,6402,4112,10145,-6085,-2722,9323,14692,15121
9926,-1209,-7001,2696,8404,586,12991,-607,-6920,6567,11735,11720
14004,-4281,-697,4096,4730,96,16773,3503,-7312,4099,5758,583
17060,841,73,-15840,4132,-17766,19873,8941,-12084,-16535,10191,-18879
-3416,-3507,729,-15808,278,-32512,-3249,-2343,7802,-11999,18622,-32297
6420,-5529,231,-5100,6145,-20664,4587,-7593,-15572,-5424,5249,-18631
-8432,-433,-441,2306,2433,480,-6887,-7997,3318,6044,-21979,1222
1710,-5049,-3759,-7722,2084,264,3095,-14941,5008,711,3155,16359
-3158,-3511,-4531,128,329,1062,1143,-10135,-4632,6234,201,20019
6316,-2961,-1881,64,4608,1024,9293,-5817,-4098,4686,13316,19193
9392,1063,-913,4288,4140,14874,13397,1991,-3848,4632,6609,14315
14362,-5425,-501,4152,2064,280,13543,12809,-2136,6129,3034,1820
14526,2889,-441,2368,3104,-8192,15609,7435,-1836,2754,-3499,-8985
7022,3215,-953,-12202,5248,-20338,5103,3753,-948,-11512,5507,-19705
-1610,-1463,75,-6070,5474,0,-1457,51,-20,-6140,5456,2176
-2908,-2745,-1943,-7580,4104,3076,1789,-3163,-2196,-1538,7198,-13214
-6928,-3493,-4913,-2476,544,272,-6623,-16557,-1304,-892,5159,10412
-748,-2935,-947,2768,18,2050,1361,-6689,-266,3801,4300,15859
5332,-3443,359,192,1540,16960,9351,-2341,494,6713,8193,17401
13988,-5297,-823,8704,1024,516,14313,-5659,-820,8772,129,621
12970,-2887,1611,2,0,-1248,13351,2485,-564,-2288,528,-2554
6470,-3065,-937,-24444,5699,401,5719,-4653,-564,-24576,32,170
-860,-5049,71,-6079,1105,2752,-851,-5501,-52,-5606,170,64
4964,-2445,-951,-13810,36,2530,5309,-5773,-5996,-14820,40,2233
-6140,-3287,4041,8202,2048,1160,-2597,-3557,-1076,8257,2290,1
5428,-4537,-905,6544,2181,15104,5587,-5497,-964,6176,0,14924
6070,1623,231,10816,10,12449,6703,2419,460,10938,258,14088
4772,-3445,-409,10256,257,550,8311,11979,-6850,10164,8390,2543
5302,4871,263,-1342,88,-6132,12005,9763,-12856,-2891,10047,-6079
7982,4807,-945,-21727,2145,-11224,8725,5429,-7908,-17173,22015,-10999
5300,-229,-887,-7670,4608,165,5289,439,-3028,-4958,4195,-14510
-2778,-4277,-6353,512,2568,621,-2089,-5243,-1048,8,8,1044
-3376,-5173,-3417,454,8560,1032,-3121,-5361,4696,2048,8196,224
804,-5239,-5961,12416,0,15822,5167,-2793,-2466,12290,0,1
12982,-2865,6535,528,4140,67,11547,-5001,4812,-3420,1,256
4772,-4397,-185,-4015,3563,32,7325,-3103,-3658,-144,32767,8336
5284,3657,-697,9216,2066,9,5559,6515,-1076,12215,14653,9485
4900,5375,-905,-3198,25,-640,13839,4687,-9542,-643,19922,-863
12972,1233,-889,-14317,1025,80,13111,9959,-10600,-14670,19836,-13250
700,-903,-439,-7152,0,3392,3527,-1557,-5072,-6387,-1201,-20891
-2898,-5049,-933,-7864,5031,258,-91,-5675,-4104,-8252,-465,-15056
-11600,-5537,2759,-6511,2112,4100,-11583,-16465,3108,-5981,-4694,-320
2604,-5561,-793,5508,-7669,168,3319,-7421,3752,5306,-5442,13947
5396,-1425,-953,4609,32,12810,6883,-999,5066,4868,11613,14301
4852,-4469,-681,7492,0,8327,12677,12127,-282,7044,15472,9224
5286,7113,535,10836,3602,4426,5049,2787,460,128,2852,4097
5092,3671,-409,1101,512,-2037,6055,2719,-48,0,4130,-3023
9156,-4511,-867,-8000,2240,1036,9521,-4973,-812,-8025,2240,576
6726,-4471,-949,-7656,360,0,6575,-4971,-306,-6112,6407,165
1230,-3769,-5657,-8123,2866,32,2523,-4957,-2756,-8450,-15326,-13060
676,-5561,-561,-7606,364,12,295,-3285,5712,-6704,-16346,-8951
5176,-5527,161,12576,0,10707,7871,-3425,5248,14657,-32768,10081
4886,-2745,1355,-4448,65,-1157,8439,2085,5356,-4187,25608,-1389
-2908,2643,1133,2048,742,24,4707,2301,1286,3302,29361,889
5044,1607,-817,8272,1120,154,9489,693,-5378,10972,18844,3969
4796,-4405,-813,266,5295,1072,10099,4459,-7152,2423,23604,1316
7166,-5497,-845,-3832,2304,4352,11403,-273,-11242,-1138,9295,-4759
5044,-4313,-409,-12278,2048,2528,6355,-331,-10734,-10119,-8676,-13433
-6166,-3209,-249,-12264,2570,-11744,-4013,-2749,182,-11067,-847,-11651
-3164,-2191,127,4,-10154,-8168,-5715,-11657,3220,-5952,-9741,-5934
-534,-4791,-949,256,-19488,9242,5613,-1165,-1074,1536,-15680,9994
4840,2631,-441,-1260,80,2064,-473,-1099,-492,-992,265,3104
5540,-5299,-869,8976,257,8485,6569,-4937,-242,8801,4160,8457
8902,-5039,-793,8340,5126,2048,11407,3445,-8742,9487,12632,1763
12998,-1465,-305,-7540,8596,4770,14743,493,-18984,-5681,11792,-3693
4806,-2393,-9071,-11903,1026,203,5159,971,-8506,-9679,2646,-17632
-6982,-5549,-371,-9910,288,138,-6563,-3737,-3320,-8624,-530,-20668
1704,1865,-441,-8029,549,-14272,569,-8607,-8518,-7931,-18879,-12612
-9228,-5497,-95,2178,193,396,-9137,-3653,756,2622,396,608
-2136,-3169,-697,-3952,12546,545,-3157,-3469,-1060,-4064,13762,577
7034,-877,-415,6376,4,298,7695,-1453,-1076,6410,297,516
8872,-1465,-937,9232,6159,642,9255,-1677,480,9344,5632,273
12996,-2729,-177,10378,4098,4256,13255,-5769,-148,10368,2496,4096
13040,-5527,-905,-3072,0,1072,13341,-5725,-1076,-4032,1321,656
9380,-3511,-357,-14067,2209,0,9647,-4749,-948,-14310,2768,-18688
-2636,-4009,-713,0,3635,-28024,-2577,-5371,-52,0,3660,-28654
-10746,7643,-423,3592,8,-14330,-17485,6519,-362,4642,96,-16000
4776,-3385,215,272,-31061,8480,7607,2683,-502,1041,-28128,8360
-3196,-4537,523,-6632,2176,8216,-2905,-5253,-756,-7918,33,8202
4776,-4009,-913,-6683,4805,1024,4709,-4007,-1788,-1603,21245,17797
4900,-1839,-761,8792,8195,4676,10421,-1533,-3388,7938,12207,13994
9676,-5545,-8033,4116,2688,1216,12291,4457,-7952,5760,7395,6703
9252,-121,-757,-7164,1280,2048,10407,-475,-946,-7104,2176,1537
5032,-2481,-241,-24576,1329,2120,5225,-3203,-962,-23551,432,1924
-9268,-5489,-857,-3804,1288,768,-5983,-1325,3570,-2421,18765,-22439
-11612,4963,103,-8044,225,1600,-14455,-10323,-7060,-2323,-284,-4867
-9042,-3407,73,5344,5196,272,-2301,-2903,8424,4359,-8896,10304
-2132,-1957,87,-4066,5378,2048,1241,-6187,472,107,4770,14893
5284,-3509,-907,10240,8200,4512,7297,-7301,-2862,13051,7798,12364
9892,-5433,-6321,704,4258,4354,11703,-1419,-6860,4615,12720,12334
9156,-185,-389,548,4136,1025,12355,539,-8410,511,5330,4995
15030,4945,-295,-5088,569,-7424,15559,2565,718,-5016,98,-7928
6008,5719,-949,-11884,3602,-16192,5031,4483,-482,-11196,3730,-21388
-2072,-2793,-867,-15872,1892,-24536,-3119,-5133,-948,-16384,4102,-22512
-3420,-5305,-693,-6902,68,-13150,-3157,-5537,-1046,-7166,6148,-13311
-14736,-4261,-883,2312,81,192,-11353,-4749,-1056,133,0,1120
11942,-5545,-953,10768,66,4361,11567,-5773,7776,10657,2088,4386
6824,-5561,-1061,12327,4136,408,7087,-5607,-1582,12294,4382,521
13060,-3689,-633,12302,4888,2576,9799,-1021,-698,12401,4641,2827
4836,3665,-441,272,268,1552,7511,4019,-366,42,2240,1168
5416,6747,163,-15288,64,320,12603,9821,-8778,-15739,28182,-10914
-1306,3149,75,-7040,169,-19456,3561,3947,-5140,-3252,2665,-19454
-8410,1105,-945,-7932,4112,134,-3079,829,256,-5222,6980,-15420
-10588,-1337,-7073,-5430,4620,184,-12727,-17179,-5208,-2602,-4531,-1434
676,-5553,3177,8192,39,192,2373,-9493,3442,8240,-15245,13054
8012,-5381,1103,5124,7184,2146,8175,-5481,562,5260,7808,2049
14252,-1081,-2223,9144,4226,11776,15437,2587,-2942,11549,7499,11281
13692,5007,-173,12304,3904,544,13391,4533,-788,12434,3842,16
12966,-5559,-953,-6063,0,-11647,13263,-5617,-784,-7168,2140,-12288
4798,4687,-889,-12023,4141,-24052,-1971,3519,-530,-8178,136,-24368
-11396,-711,-951,-4096,4096,139,-9029,-973,-564,-4021,4098,32
-18716,-5561,-2897,-5080,4101,225,-18445,-5773,-994,-7130,146,2320
4836,-2929,5703,2156,0,320,5223,-2933,5404,149,544,409
5484,-3817,3335,3272,1348,1024,7407,-7899,3222,3632,1650,17805
14004,847,-873,4609,5394,13841,15185,1773,1106,8081,5856,13480
15012,2793,175,16390,198,2440,16649,7413,-2046,17191,1460,1680
7976,7047,139,577,928,1376,7209,3603,-1076,-3456,688,1169
5836,-3441,-949,-7655,1036,32,6059,-3453,-1040,-7678,5138,332
1724,-949,-861,-5197,642,2456,1095,-1645,-564,-5400,528,2051
1220,-5357,-951,-23119,264,2112,947,-5581,-1012,-23392,136,2088
-9426,-3481,183,-14076,5660,2052,-8629,-3675,-3120,-7486,4256,152
-302,-3425,7759,210,320,1029,1055,-3405,7360,434,3,1029
9060,-1365,9803,6400,896,8256,9197,-653,9692,6157,512,8459
5064,5383,-943,9411,24,7296,5069,5109,-756,9744,40,6946
5578,-2489,-437,14407,2052,264,5847,-3451,-1044,14352,2465,137
6820,-4981,-10101,8848,2816,650,7145,-5613,-10772,8196,2083,513
7886,-437,-14263,-7144,2178,3104,7111,-1529,-14300,-8144,32,3112
4920,-3129,-14189,-7615,4224,512,5815,-1651,-14316,-8174,4100,4
-2258,-5561,-793,-15685,4374,160,-3161,-5377,-1076,-16368,4096,260
-2892,-1161,-689,-6632,3072,-16380,-1557,-1419,-930,-6592,2069,-16256
-10584,-5033,-697,1824,2212,4968,-10823,-3725,-530,1550,2601,8768
5296,2983,-301,282,392,12800,5071,2517,-712,2,20,12292
5928,-1449,-475,2,100,14600,6151,-1665,-900,3220,6219,14720
13636,3239,-3865,9106,2336,552,13225,2467,-5108,9088,2052,354
7016,-1431,-5993,9242,1153,12,9257,-1029,-7112,9216,0,834
13740,-3255,-9017,258,4193,544,13359,-3197,-9124,-5103,5150,172
10986,-2949,-9141,-8184,1093,2088,11513,-3661,-9232,-8182,1604,412
6884,-1289,-899,-8090,64,-22528,5093,-1161,-996,-8184,3601,-23804
-2908,-5515,-857,-3420,130,-28132,-3447,-2101,-1566,-1017,-248,-25969
-3418,-4001,-841,-8000,213,-20087,-3073,-5323,-936,-9904,1027,-19374
-19580,2827,-797,-2035,2050,5128,-11097,4851,-972,288,2312,8704
-1948,-2135,-937,1035,1541,272,-3145,-2699,-996,1056,1701,65
4774,-5529,5255,-7007,2561,8,5163,-5709,5076,-6652,2055,322
5836,-2461,-1641,2,5476,68,2295,-4733,-1812,2178,4228,2621
9892,-2425,-2561,5641,4112,32,10151,-3697,-2964,5641,2561,418
10132,-4343,-7083,8776,274,10336,10767,-4749,-7284,8722,268,10336
13004,3147,-37,4096,10401,2050,13287,2691,988,2832,10323,2088
13496,6887,-313,-1662,232,-12272,13993,7165,-50,-1886,131,-12230
4790,5339,1219,-16312,296,-24544,-345,4883,1040,-16256,770,-23664
-11452,-937,-629,-5864,2144,8,-9529,371,-944,-8000,3331,372
-14044,-4467,-309,-6996,4212,2304,-14185,-3077,-924,-7022,2913,200
1324,-4537,-313,8324,7168,512,2397,-8273,1800,12289,-7738,11177
4774,-4473,967,3616,3136,656,5125,-6895,832,7464,4152,12754
6852,-1957,-943,5122,1104,13888,8415,-5575,-640,7525,7524,14015
14244,7001,667,4620,2320,6786,16561,9457,-5190,7631,10750,6643
5928,5805,-791,4237,338,305,11153,5101,-7964,6795,3925,998
12972,2633,-353,-7936,2352,-10232,13599,8625,-15582,-8297,16133,-9736
8360,-3483,-681,-15840,1185,1296,8635,3885,-8050,-14963,20296,-14887
836,-2279,-8501,-5840,548,3078,2315,-2815,-8306,-5525,1139,-21132
-3260,-4361,-909,-12222,4114,75,-617,-8277,-4756,-9036,-3964,-14812
-11416,-3369,-879,-3432,530,1092,-9681,-15865,6154,901,-10507,6535
1958,-4005,-869,5188,588,512,5483,-3513,8262,7050,-1742,13005
6824,-5561,-937,5792,1537,32,8475,905,4980,7955,13139,14539
5796,7303,-949,8752,1076,514,10969,7537,-4762,8979,17617,12608
6068,2651,-853,12224,1056,2048,12975,7303,-7516,12157,9668,6641
12988,-5473,-931,-8063,2560,165,13817,3309,-13552,-4413,12581,-5568
9156,-5561,-825,-16350,386,257,9395,-1443,-8610,-12629,8351,-14933
1700,-4729,-953,-16256,4096,32,3855,-4451,-280,-13747,13775,-18562
-3380,-4487,647,-6144,338,-19840,-3329,-5671,-6134,-5868,3040,-16381
-11408,-5537,-243,12576,2720,4228,-7873,-3479,4852,14359,-30509,5573
-3348,-3161,-903,-7040,1040,1793,1951,545,10328,-4812,13236,4411
-1204,-3885,1287,3104,1210,136,3707,-2617,1640,5080,11684,13916
5296,-1465,-1657,389,4613,3136,8567,-393,-2140,6983,13973,11584
10410,-5557,-4949,8196,3588,272,11489,-1523,-4900,9204,12000,10687
8908,-2295,-7095,9252,5772,5380,12691,2781,-9516,9482,7383,5601
8868,-5527,-8761,2048,3104,520,12559,2519,-9124,1415,11428,1552
7848,2775,-337,-3760,900,-10064,11829,10343,-11668,-3792,9531,-10430
5288,5239,-281,-14333,873,-18367,6111,5409,-7362,-14216,13019,-17697
-11096,-4825,-921,-9468,68,-23447,-5437,-1163,2120,-9045,9609,-22695
-3270,599,-681,-10208,752,120,-4109,-10313,-7316,-8592,-2724,-8064
-7512,-1193,-945,3589,353,98,-3845,-8719,5846,8482,-23163,9565
6836,-2089,-937,2576,8834,1548,7637,-2379,4636,2327,1695,13148
5320,-5241,2375,16,8704,128,7933,-4905,1326,1420,14427,12394
10524,-4281,-889,5728,10272,9733,10985,-1531,-2452,6190,10638,9659
14004,-2479,-7077,6408,132,2048,14815,6277,-7454,7393,9887,6253
5476,2631,-905,4,4103,17,11329,6407,-6856,3045,11809,1916
5156,-5545,-8977,-7664,1410,-10750,10853,10207,-8454,-8385,10000,-10906
-1498,763,1403,-14250,168,1108,381,49,2444,-8103,2084,-17172
-2908,-425,1103,-7916,20,2305,-1055,-81,798,-1959,-6639,-12541
-11292,-3417,3789,2256,2323,3120,-7643,-15187,6254,7698,-18395,1314
4812,-4729,5287,8576,4480,2146,7467,-3793,5918,10843,825,6992
1750,-3449,-1769,4,1538,6176,4145,-7615,-2322,1567,23677,8134
10166,-1401,-631,8970,20,8474,10761,323,-5146,8850,12872,9577
6724,-5561,-409,3,2082,2114,10227,12083,-10736,5942,9931,3119
4870,7047,-535,64,3660,-4056,5307,6599,-680,20,3328,-4862
5108,-3513,-441,-12288,388,517,5815,-4749,-1076,-12285,0,420
-3416,-1209,651,-14272,1104,193,-2439,-1603,-1070,-14319,1025,770
3304,-5305,-421,-14840,5136,1356,4633,-2275,1592,-14855,7664,-7032
-11604,-1425,-2997,-6138,0,2563,-10949,-17579,-2446,-4917,-26,4443
2868,-1081,6635,4106,1664,13072,3681,-6179,6886,4682,2400,13059
7848,-4765,5749,665,0,12424,8433,1257,5446,973,18479,13530
4836,5719,1991,8212,642,2,10671,10283,1908,9445,8627,9322
4904,2679,-2839,10513,1400,5504,7735,6793,-1312,10794,5165,5354
6860,647,-4791,1062,32,293,8533,543,-5462,5156,9204,2578
9126,-1457,-9089,-7920,128,2073,9127,-3715,-8748,-7806,97,2052
9132,-4917,-8345,-7910,6177,3072,9161,-5257,-9212,-8064,5320,2368
4772,-5529,-4911,-12283,2176,-12282,5295,-3147,-5028,-12259,2066,-13232
-1820,-5049,-185,-7420,2308,-16318,-2229,-2971,6712,-6993,-959,-16003
-844,4459,-923,-1024,411,-12253,-719,4887,-1044,-1024,351,-12000
-3340,-4535,2247,8713,1448,3080,-2129,-3429,2252,9090,514,2738
-1268,3547,1419,5144,1297,-1471,-943,2613,-1076,4897,3185,-1304
724,-1465,1143,-6142,8384,1237,687,-997,-1062,-5632,9096,2
5296,-5549,-941,2194,7300,3429,5031,-5517,-940,2148,4,3457
8876,-3001,-921,11,2210,2337,5167,-3191,-1042,2,2212,130
5028,-4537,-425,-6632,4352,-3575,5159,-4621,-1062,-8123,3342,-4096
4944,-5049,105,-13184,40,-12255,935,-5581,-1076,-14184,169,-12160
-11600,5327,137,-10176,7808,-16000,-6555,5253,1908,-9493,7860,-14165
-11598,-5559,-873,-4784,688,-4094,-10495,-5095,-1208,-4220,-9837,-2299
-3324,-875,-917,9092,584,512,3959,-673,8260,9587,-22766,12546
8906,-4985,8807,266,4115,1826,9113,-1465,8130,1880,8451,7940
6828,-2361,-931,4612,786,3596,8301,-6107,742,5415,10345,7851
9348,-5333,-1797,10272,0,2050,11007,-5283,-1674,10971,8473,2443
6476,1233,-953,4102,145,-2815,10607,1759,-9098,3892,8781,-3129
4774,2937,-313,16,4,-11135,5273,4115,-8028,-8918,11565,-8999
-11350,2631,-729,-10106,512,-16317,-11351,2935,-1074,-9799,110,-15855
-2250,1319,-937,-10234,-1326,-11136,-1065,419,-1072,-12220,-2418,-10160
-11496,-953,-889,-7164,304,261,-11065,-1409,-1042,-7284,5,1024
808,-579,-911,71,512,11,-1497,-905,-1074,144,1024,0
4854,-4791,7755,564,1696,1536,5167,-5701,7884,768,449,1040
7996,-4279,-953,4644,3268,1088,8375,-4613,-1060,5264,3364,292
8878,-4397,2131,8384,3,6515,9127,-4493,1740,8196,148,6164
9926,-5409,-927,10304,11,802,10271,-3725,-704,10273,1698,540
5964,3181,-857,4800,1124,276,6071,3347,-1076,4326,1168,272
5898,2697,619,-7141,1400,7,5165,3283,112,-7039,4,128
4916,-5561,73,-8184,1408,19,295,-5205,-926,-8188,1564,0
-3388,-5305,-689,-12075,4501,6,-2135,-5755,-1052,-12284,4362,1196
-2396,-2865,-945,-8191,32,2080,1319,-3019,-1068,-6496,16,2144
-6810,-3209,-307,-4088,4101,2180,-9641,-3719,-474,-3920,0,262
694,-1391,2935,4290,2339,97,1065,-1669,3120,4176,0,177
700,-5393,-417,-2048,561,13312,935,-5707,-548,-2012,8,12818
4792,3203,-929,2084,768,10242,5031,7043,-1044,2144,422,10291
4776,4679,2279,1044,4160,5259,6577,4145,2796,2424,4124,5730
7252,-5431,2269,1123,1078,1072,8471,2223,2628,5288,2273,1192
8104,-1465,-951,4,4508,2560,8183,-1339,-2090,192,4560,2560
6132,-2681,-2909,2305,4216,2060,6313,-5737,-3042,2593,6161,1032
6310,-1977,-7095,8196,4630,136,6475,-2189,-8242,4545,4616,2098
4900,-1301,-9641,1036,3840,196,5159,-1451,-10220,280,22,4
-594,1799,-773,-7404,162,-9932,-953,2455,-436,-8066,512,-10028
-3332,3163,-921,-15360,544,-16379,-10325,2917,-7984,-15307,18,-16384
-8532,-4021,-4653,-16384,361,-12077,-8217,-4725,-4352,-16120,272,-11990
-11068,-5561,3159,-10752,2128,128,-10137,-5757,3130,-10736,2049,259
-7260,-1177,-825,-6776,1074,3336,-7157,-1277,-942,-5871,1280,3073
1284,-1273,4489,-5584,4737,4608,1995,-1649,-1074,-5352,5004,4228
6844,-5401,-409,4177,2289,4123,7341,-5613,-1068,4226,2336,4136
9066,-5531,-233,9290,3105,512,9357,-5645,-820,10259,3588,464
9064,1225,-633,15617,3376,5441,13417,1291,-1074,15360,72,5128
5860,5097,-913,-2048,1028,-1001,5689,4499,-844,-2037,384,-1479
5540,4681,-953,-12126,582,-13312,5105,2953,-1076,-11000,1032,-13311
-7972,-89,-3703,-5856,48,-16320,-8275,-1677,-3354,-5232,142,-16126
-2778,-5465,-1433,-8112,4096,613,-2681,-4977,-4084,-7884,2876,645
-8532,-3491,3911,-7656,1555,5,-8235,-3469,3092,-3576,544,76
1732,-1447,6635,256,1160,898,2023,-2173,6126,18,2202,261
6888,-5557,4167,4227,4096,516,7535,-5743,4044,4250,4229,0
12964,-4381,-441,9288,4368,66,13415,-4221,-690,9419,4388,457
7236,2633,-625,8467,1874,449,7079,2567,-816,8196,2172,5
12020,3143,-913,-3904,2306,264,12465,2491,-818,-2800,2089,101
7844,2639,-887,-11258,2376,1088,7623,-2973,-356,-11224,2947,80
-3372,-439,583,-7786,4098,774,-3145,-1405,588,-8192,4129,12
768,-849,95,-14560,4096,17,943,-901,82,-14336,4516,1088
-4436,-3253,-613,326,645,2176,-4105,-2685,-300,4418,2,2210
6886,-4793,-951,8320,64,96,8103,-4491,-562,8593,0,1160
6820,-2433,-649,4192,640,9216,9209,-5515,-460,4112,1537,9232
4804,3339,-441,4101,1024,8282,5103,6519,-594,4120,260,8880
6824,5523,-881,4428,4098,2048,7383,5491,-1070,4869,14983,3518
9708,-2455,-947,-6109,520,32,11955,7115,-13134,-6737,16695,-6450
5860,-1319,-951,-14076,8833,2513,8723,427,-11484,-9796,10116,-12986
2214,-5145,-1461,-16384,5138,2052,2019,-4965,-1666,-11279,22271,-18180
-6876,-5417,-889,-3568,2562,522,-7425,-10493,-10976,-1028,-2422,-6723
-7372,11,-949,6146,2342,5648,-5781,-7065,4430,7836,-13993,6401
168,-5403,-889,4864,268,152,5587,-347,3418,4490,-10246,14812
5288,4999,491,4099,32,0,7969,7033,-610,6885,7968,7650
6916,2889,81,10804,4200,513,11335,6183,-6004,10548,6745,6070
8876,-1421,87,4118,2056,8,11451,-347,-9968,4006,10977,343
10988,-3463,-437,-6896,2090,1154,12063,1193,-16578,-6462,9269,-7340
5372,-5559,331,-16111,2085,1,5661,-1917,-7046,-14377,10401,-14610
-3284,-4519,-927,-11966,3648,-18933,-753,2493,1440,-9679,7355,-19169
-18740,6803,107,-6617,2176,-7359,-14369,-8515,472,-5074,-1503,-5247
-9016,-5305,-935,1032,776,4672,-3173,-4411,6902,3778,-2555,8111
1060,-3465,2633,2052,2179,14354,2961,-3207,2412,2941,2242,14133
10532,-3369,1425,2054,8608,4112,12831,1749,750,6433,15008,13133
9126,-2487,-3769,2215,2568,4484,11723,2521,-4152,6240,10463,6744
9126,-937,-5497,5134,0,2084,10607,1629,-5592,5964,3779,-2068
4956,-5497,-439,-9635,102,-12224,9691,3953,-11438,-9866,9615,-12472
-3276,2695,727,-9968,161,-20350,-1931,2129,-5676,-9083,6796,-20026
-9948,2847,393,-6080,1024,-15934,-3125,1649,-12752,-6276,-1802,-13906
-9530,1175,-181,-4845,258,272,-8665,-6029,3258,-4832,-11538,999
-3292,-1401,-867,-7648,2756,512,-2199,-6131,3852,-7365,-5407,10264
3364,-2729,-441,33,4234,264,4727,-5731,5482,3073,-2383,11084
6856,-5411,-585,4374,5,32,7967,-3985,3524,7108,745,7749
9080,-2977,-881,9857,1024,4260,9883,-2221,-472,10354,4349,4496
6054,4825,343,8196,2566,2048,10919,5149,-7026,8282,11342,1872
5068,3655,583,48,2565,-2352,7295,6979,-7622,56,14478,-2627
5404,3729,-885,-8108,56,-9600,5671,2483,-1074,-13567,594,-9916
684,-221,-7057,-15227,128,1094,-2065,-637,-6176,-14701,132,1056
-2396,-5493,-7007,-15840,6404,1072,273,-4771,-6790,-10722,-1571,-6507
-3036,-4431,-2981,-11254,2216,197,-1053,-9077,-2574,-10811,-5788,421
932,-1257,-921,-1904,386,74,853,-4537,13086,-654,-6001,8735
4774,-3993,95,40,20,320,7375,149,10952,1387,659,8915
4838,3927,199,5122,336,1,6965,4103,9498,7922,3608,160
4972,839,203,8361,8480,537,6411,803,1586,10346,9379,-3722
1060,-5551,-953,1294,9248,896,4897,-3349,-7470,817,26260,1514
5220,-2359,-927,34,8276,1025,6537,-1981,-12680,4765,11639,3225
5030,-1345,-441,-11872,71,136,5037,91,-14932,-11918,1371,-4376
-3146,-863,-953,-19956,3088,-8128,65,1267,-1926,-17533,3671,-7676
-3416,-3257,1153,-12154,1280,-11276,-1979,1023,2724,-12176,2092,-7374
-3418,-2933,-695,-1982,1616,4544,-2701,-3197,12548,-1012,-1939,5076
-1100,-5497,-407,2,3585,10240,3483,-1879,11382,2309,-390,10266
5028,-3493,-789,11538,640,1046,7939,-1695,5180,11423,1874,7045
9032,-5169,-593,8756,4166,2049,9709,-2971,-1310,11744,12803,1783
9902,-1393,-10897,8192,0,1024,10533,2569,-11540,8415,16593,789
4870,-1369,-663,-2552,7537,258,6871,-615,-14596,-2587,6190,-3399
-1348,2695,-935,-15872,4352,256,2713,3229,-9868,-15163,6557,-13441
-11604,4787,-885,-15076,2058,-13358,-4655,4089,-2498,-12798,1883,-12833
-19156,4695,-937,-3064,1409,512,-13617,-7275,4702,-2171,-10009,1537
1764,-4021,-429,34,740,11264,2661,-3975,7004,424,-11167,12235
4846,-5159,-905,1,1705,2070,6267,-2049,3552,3281,3576,10465
10232,-4873,-601,8448,4608,3202,10697,-1923,-1118,9276,4409,6972
11204,-5041,-825,8218,8458,322,11431,-1863,-6994,9303,10750,5326
9130,-5525,-857,4294,4368,2088,12499,691,-10986,6284,12575,2903
7332,5209,-953,-5589,2232,-1718,11901,5367,-13326,-1747,10703,-2231
6564,2679,-10681,-15868,6692,-14328,8357,7531,-10212,-15936,15078,-13734
-2574,871,-849,-15740,8209,64,-3047,467,-466,-11345,11675,-20260
-2388,-4649,-5423,-5612,6166,192,2535,-2847,-5900,-5452,-2381,-11582
-11612,-5273,13903,128,2088,2566,-5663,-10099,3542,5843,-22493,4147
13748,-5233,-921,4361,514,532,16363,63,12218,3363,-768,4477
1796,-2961,-949,4106,4401,8,4405,-6717,-312,7495,20847,8335
5414,-813,-877,9257,76,389,9205,809,-9092,11362,17593,4365
5288,-5433,-497,-2988,650,545,5205,9957,-10550,-1224,19936,1649
-2268,3471,-931,-6507,526,841,4503,10033,-18884,-2867,2999,-4886
-1628,2919,-11959,-22262,5474,1345,3869,5697,-10870,-18361,7407,-10800
-3228,-5553,-2441,-16255,4631,72,-1889,1283,-1710,-15989,5102,-8989
708,-1009,-6005,-24043,6336,225,2715,-1729,-4722,-18573,6140,-5667
-11610,-2425,1385,-7136,6209,11,-8867,-9983,3210,-6208,-2711,4686
-2892,-5365,7351,-4095,256,64,-2391,-9013,6936,-1743,2932,9555
1228,-1201,-425,1,4358,0,2369,-8525,6042,853,4522,12556
6316,-5383,-907,3330,4146,226,7401,-3395,2978,3626,5550,13791
6908,2685,-921,657,8233,10308,7177,2531,-496,128,8192,10540
6740,4427,143,9216,8448,2354,6827,2423,-596,8192,8257,2183
6086,2631,-1625,1062,4080,1045,6269,4579,-1840,2604,12306,-3396
4828,-2739,-5049,-16029,9489,4100,4943,5267,-5164,-9176,16663,-9320
-924,-949,-2917,-6830,2504,3282,-727,-963,-2248,-6072,10266,-13264
-7476,-5007,-2937,-6976,0,2347,-3739,-3743,-2926,-3166,1121,-8595
-10680,-2481,-1445,-12016,37,24,-9465,-11543,-546,-8651,45,-1140
-2904,-3239,3529,32,2080,10761,-95,-6319,3576,399,-1327,11385
5322,-4273,-279,5288,1537,14756,7751,-345,6570,4718,13289,15652
7334,-5557,79,8193,577,10345,8961,1525,3254,7787,11494,11592
5892,7023,-373,8581,1041,6308,9959,8999,-2832,8943,8555,6682
7088,3661,135,807,4356,1032,7081,2451,-12,1027,4352,1138
7482,-3369,327,-8120,4100,-5975,8473,6259,-17504,-4636,10568,-6726
684,-621,-905,-15808,8516,881,3137,1341,-9382,-11819,10759,-10416
-3292,-5529,-7097,-14335,2209,3152,-1109,-4359,-9590,-9475,1583,-8501
-1364,-4785,-6561,-14836,4898,2306,1075,-3675,-8374,-10143,-4627,-5568
-6192,-813,-857,-11200,2048,128,-6119,-7497,3352,-7282,-6639,3032
-3288,-3769,-921,-2944,0,8539,3929,-1459,8524,-960,-3882,9400
-2876,-2377,-373,-2924,260,6254,3275,589,12268,-254,13202,6465
5356,-5295,199,4613,810,10248,6237,1011,8128,6562,10174,10197
6916,-441,-949,10245,8840,1764,7725,603,3238,10633,11067,7659
8650,-1205,-921,9508,8196,4184,8937,-653,-2250,11622,14269,6548
9476,-2085,-10137,8454,2376,4101,10193,2369,-10426,9105,10442,4112
9190,-3385,-8887,-6079,4232,770,11639,327,-12842,-1700,11090,103
5316,-3481,-12441,-7665,3136,1344,9221,513,-11934,-8628,4105,-11242
-3420,-5521,203,-14320,642,-18656,369,-787,-1846,-12173,6899,-16659
-1880,-2669,-709,-10207,38,-12286,-2039,1525,-1186,-8485,-2022,-10930
-10140,-4533,-937,1024,2576,1033,-6913,-4283,8124,3536,-16734,4731
-852,-1321,-951,-4096,5232,6148,3407,-987,10138,-1128,-212,6148
756,-5369,5255,3076,129,2048,4005,-3963,5444,4297,8704,7231
5576,-2585,-945,2610,1300,3584,7953,-3011,1842,6802,12208,7857
6852,-5025,-913,8320,1613,3072,8673,-3163,-1144,8983,12163,7087
9512,-887,-8499,4418,516,5776,12111,253,-9000,6883,13218,5843
5852,-1457,-919,-5104,1690,33,10673,5927,-14430,-5702,24657,1571
4820,-5191,239,-6007,11649,-4347,9685,2079,-10060,-4471,10397,-5217
6886,2831,-685,-16344,6170,-15292,6957,5133,-6012,-14151,7899,-14980
-11612,-5045,295,-12219,2212,64,-7435,617,3338,-7584,6262,-16320
-3226,-1397,-691,-7536,4108,1024,-451,-577,-1528,-6447,-4534,-9947
-7400,-4791,-873,332,4425,2400,-5165,-4459,9640,3728,-16350,3176
1268,-5041,103,264,33,1034,4099,-2333,6492,2474,-4962,8966
2724,-873,201,2562,8722,1090,3869,-7209,2214,3362,12815,9350
5894,-4521,-937,2820,1162,12298,8519,-4227,54,7175,9841,12340
10132,-1075,-649,8641,128,8722,10089,-929,-2732,10740,8379,8612
8388,2703,-565,9488,140,4168,12453,5587,-7076,8915,10172,3742
12584,7607,-819,-3990,0,1221,12579,7335,-10630,-4276,19461,-842
5348,5191,-9657,-13998,3168,1030,5545,4787,-9744,-14072,2078,644
-2776,721,-953,-16256,6168,336,-3055,635,-1040,-16377,6213,36
1190,-1137,-3763,-8184,650,1536,1705,-1659,-2858,-13312,512,1604
-9500,-1953,5583,4097,2052,340,-6021,-2505,6412,4096,800,852
9014,-1961,8447,5692,132,6536,10219,-1931,8908,5260,2049,6304
4906,-1449,4073,272,2048,260,2223,-1421,-1076,1408,2117,256
8936,-5433,-633,8337,1604,8,9127,-4705,-946,8364,1568,8808
7620,-4497,-929,10240,262,8001,7271,2707,-1022,10496,1,0
4808,-3865,967,4128,4096,1025,5543,-3973,-1074,0,4484,1096
5100,4847,71,8,8334,464,5627,3717,-1012,-5568,8259,40
5824,-441,-361,-15799,9218,2560,6091,-1245,-1042,-15807,8352,2084
-284,-5559,-761,-15328,6472,160,-255,-1517,-794,-15360,6325,0
680,-5553,-409,-14742,5936,2305,1031,-5765,-564,-14832,5635,2688
1330,-4409,-425,-12184,0,1348,-2393,-5549,-484,-12278,16,1664
-6332,-3445,-309,594,2564,8,-7045,-3643,-436,9,1688,-990
806,-819,-545,4104,1617,6145,987,-1403,-884,4100,2049,6166
5804,-5401,719,4306,97,6163,5287,-5043,-1072,4150,16,6148
5444,3671,-951,4256,192,8297,5703,3461,460,4416,20,8192
6844,2635,-921,8516,897,7240,7175,2509,-556,8576,1024,7500
4852,1897,-5559,8705,1153,12,5333,1411,-5616,8704,1568,1248
8908,-1465,-9137,2050,2113,2056,9227,-1661,-9268,2070,2314,2116
9912,-5009,-14063,-3836,33,16,10151,-5515,-972,-4079,90,18
5804,-2489,-543,-12028,2,528,5159,-2557,-1060,-12239,4,133
-2394,-889,-497,-16336,4,-16365,-3137,-1641,-120,-16287,770,-17896
-10792,5703,201,-12192,448,-10094,-8633,4467,292,-11456,2722,-9210
-9436,-3445,455,4104,160,8,-2873,-5773,52,4417,4160,1041
692,-1249,299,-3677,8461,2120,965,-1673,-1044,20,8744,2048
4900,-5029,-951,3190,423,528,6057,-2189,-1002,8258,9248,4931
4900,-4465,-689,10756,578,4364,5099,-3307,-548,10648,25,5152
8868,-889,-393,8192,5300,10,9271,-5773,-270,3872,5696,640
6854,-5177,-569,-2816,1224,80,6637,-5757,-668,-4064,1058,52
6920,-5337,-953,-4032,3020,-4592,7779,-3723,224,-4080,2244,-5616
5368,3671,1159,-13888,6368,-10971,5113,4693,974,-14334,6726,-11264
-3356,-3513,79,-11775,400,-11258,-2873,-4189,-52,-11776,498,-11263
-1292,-2167,-953,-11772,89,2,-2063,-3501,-868,-11020,2598,129
-7452,683,-373,1088,2220,388,-3141,-635,-1028,4104,2048,194
8932,-1453,-821,4628,4236,2832,9255,-1547,-932,4097,4198,2628
6212,-5305,-805,-2544,4128,281,6127,-5197,-562,0,4180,1065
8904,-4235,175,8450,1280,2,9393,-4377,-22,8340,1136,0
9932,-4787,-937,8716,4176,3648,10159,-4221,-562,8384,4161,3090
8628,2793,-393,5544,560,1040,8687,2423,-948,5192,32,1024
5302,4711,-433,-3827,3456,43,5671,3443,462,-3966,3396,140
7090,2761,-437,-16350,5384,64,7211,2611,-1076,-14200,4096,580
-2780,-1049,-591,-15814,1089,1152,-3127,-1677,-900,-15680,2,1126
724,-1401,-441,-14198,8448,64,1991,-5193,-902,-14071,8264,104
-10582,-4279,-953,-6016,3136,833,-10137,-4173,-1052,-6098,2976,2192
9896,-5433,-821,1104,13,146,10293,-5261,-660,1040,0,578
4796,-5561,79,29,90,128,5335,-4455,-1072,256,387,69
7846,-1373,-39,8355,52,2,5031,-1517,-370,8840,6,384
5796,4783,-751,8192,4202,556,5543,2443,-20,9252,4562,161
5424,3663,-569,0,4228,1169,5687,3069,-1068,576,4112,1408
4804,2663,-12211,352,2592,2560,6191,2809,-12802,261,2624,2048
5810,-1449,-9831,-13372,5138,2053,5035,-1101,-10028,-14328,5164,2116
-3144,-2445,-4857,-14588,4416,1089,-2905,-2669,-4098,-14588,4125,1024
1708,-2489,-953,-16064,2054,-7104,2119,-3185,1286,-12081,26,-7162
-7194,-3255,-821,416,1593,7297,-2637,-4237,-800,280,1033,8192
5160,-5481,-929,-2732,518,0,5097,-5245,348,-2702,2052,224
4786,2711,-905,11904,32,898,5391,2427,166,8192,464,320
5540,2679,591,12353,8456,80,5671,-2901,220,8726,9216,131
5108,-4311,-947,4355,385,536,5543,-4797,-1076,256,672,512
5284,-1205,-825,1060,4354,2337,5745,-1645,-20,1155,2088,2312
5030,-2137,273,-14047,4426,145,5399,-2281,464,-14302,4288,47
704,-5495,239,-12288,560,770,1239,-5513,82,-12028,132,771
-3052,-425,81,-15350,0,-11456,-319,-525,-756,-12286,3,-12160
-11062,855,359,5442,1601,4376,-11217,885,-1062,6280,1,6752
13060,3183,135,8,76,2,13741,-5001,-1050,-1852,1696,256
7334,-3699,209,160,2048,320,7851,-4741,-32,144,2050,2433
5956,-5423,-417,8520,5121,2560,5065,-5257,-1076,9088,4113,2572
5478,-4505,-545,12692,516,1338,5645,-4493,-692,12416,41,1080
8356,-3833,-937,4132,2116,1176,8359,-3981,-1036,3104,401,784
6980,4975,-889,-2031,4353,-5968,7623,4731,-996,-2028,5570,-8190
166,3207,-281,-10128,258,-12272,511,2709,-562,-10160,578,-12268
-2140,-1449,-793,-15359,1053,-10207,-2905,-1641,-230,-15277,1024,-10236
-6744,-1335,-241,-15742,57,16,-5705,-1659,-512,-16264,12,5
-1756,-5297,271,-3832,593,14,-1601,-5381,-1004,-3828,2184,596
5040,-4217,-249,3156,1026,76,5223,-4133,-498,3088,1408,64
5940,-5557,-953,1473,576,1313,6061,-4733,-692,2177,272,1225
7336,-3993,3271,8704,800,2048,5095,-4333,2832,8560,896,2112
5802,-3383,-181,10928,4105,2484,6119,-3725,-932,10753,4163,4157
9012,-3513,-4281,11274,4624,4108,9193,-3325,-4588,11362,4616,4100
9416,-1461,-8041,3906,1024,3078,9255,-1357,-8490,4124,304,3137
5300,599,-937,110,4166,1109,5659,887,-852,4,4388,1050
6272,5355,-313,-7772,64,-7064,6185,2581,-468,-8152,272,-8128
-3150,5283,-547,-16383,3465,-15095,-1017,4087,-1076,-16376,4113,-15208
-3348,2655,-951,-16384,1280,-13312,-3089,2419,-862,-15680,1162,-14123
-16178,-361,-849,-12616,4100,80,-15441,-1253,-1066,-7424,4096,1034
-6996,-367,-949,-7533,4148,16,-6585,-637,-998,-7488,4132,800
2074,-5279,-665,187,5221,2048,6059,-1675,-1012,288,1024,2120
8948,-5177,-949,4352,1152,11782,9643,-5485,-1068,4489,2073,11339
10692,-5543,-825,9216,3337,8196,9175,-5757,-788,9293,3472,8216
8884,1095,-953,9740,384,4708,9135,443,-1076,9778,900,4736
5290,7633,-953,4624,2,1041,5375,7539,-20,4690,320,352
5860,4337,-697,-5782,1024,2069,6057,3475,-820,-5712,1285,2056
4780,-4505,-9143,-13247,4608,1416,981,-5629,-8748,-13292,4380,1025
-3100,-5141,-4015,-11904,6160,2761,-3129,-5649,-1072,-11999,6146,146
950,-1497,-885,-11740,4496,1354,1579,-2981,-1070,-12250,4370,1280
-7240,-3501,-737,-2783,39,641,-7177,-3329,-1072,-3067,2,96
4776,-5529,-441,-1536,2056,10914,5033,-4749,-1060,-1536,212,10752
7416,-5045,-697,4754,258,11460,7543,-5709,-724,5186,69,11270
5832,2633,103,10310,2128,7380,5099,3187,-1040,10280,2320,6600
5814,3059,-209,12288,4096,384,5435,3963,-532,8798,4172,0
7368,623,-6581,65,4318,129,7591,595,-6940,3280,4097,1570
5486,-4985,-11137,-7033,4256,129,9127,-4741,-13108,-7895,4160,1595
1744,-889,-8009,-12190,3148,72,2087,-1607,-7988,-12223,3202,2
1192,-5513,-1209,-15863,266,-11263,1321,-5611,-1588,-16119,128,-11736
1828,-873,-901,-11264,1554,-8112,1103,-1165,-1010,-12032,1539,-8128
-10840,711,-111,1285,100,4679,-6473,1415,-1060,1416,32,6404
-604,-3287,-953,1538,2320,294,-1041,-5773,-364,1593,3076,513
4804,-2847,599,4102,4096,264,5031,-3725,1004,4519,4107,515
7082,-5559,75,8198,5388,2118,7617,-5645,12,8226,5792,2129
5040,-133,327,8218,8577,548,5567,-381,-52,8192,8210,299
8868,-1257,-951,2177,7685,410,9135,-1163,-594,0,7682,196
5046,-2425,-913,-4094,3088,107,5287,-5757,-540,-4000,2586,1152
5286,-1177,-135,-15582,8,-10234,5495,-1657,-1068,-15616,97,-10240
-1370,2635,335,-15840,64,-16076,-281,2839,-752,-15854,27,-16000
-9788,-5465,-693,-15870,896,-9982,-10665,-4485,78,-16383,552,-10143
-11096,-5229,-825,-3230,640,216,-10583,-5517,84,-2560,5,2224
-2380,-3129,-857,11,1035,1056,-2137,-3085,-1004,50,32,343
5316,231,-785,1319,4416,1,5551,-649,-1074,196,144,513
8902,-5425,-945,8608,1617,802,9447,-5645,-980,8192,2112,675
6004,-5303,-873,8752,4614,273,9127,-5765,-916,8865,4420,16
8996,-4537,-503,8640,3394,2,9229,-4621,-552,8456,3664,36
5256,-3127,-271,776,4114,12,5289,-2683,-560,256,3088,138
5828,4679,343,-6144,128,512,6215,5331,-814,-6528,2712,1556
-2136,4857,-65,-16253,4128,257,-1813,4279,-812,-16304,4333,256
-3420,-1397,-529,-12192,5220,134,-3153,-1677,-1076,-14976,5120,3
-6808,-5459,-953,-12023,5137,2561,-5689,-5229,-1058,-8064,4616,2304
-1850,-4437,-817,-6824,6346,4,-1493,-4643,-244,-6400,6464,1536
5934,-4889,-953,256,256,650,5047,-5003,-1020,534,576,644
4796,-3223,519,4097,3104,106,5293,-3337,526,4146,3086,450
5604,-4465,-567,10249,2864,5898,5801,-4683,932,10770,2992,5648
5796,4687,1095,8264,10,249,10373,5783,-2528,10354,9767,2007
4916,3177,-665,3668,6243,2,9373,6085,-6840,3087,16983,-634
6340,-4877,-645,1638,8196,2144,6903,2241,-9412,1911,12725,-1873
6966,-3317,-12569,-7356,6208,515,7083,-3721,-12322,-6100,6272,131
676,-821,-7593,-14976,1045,474,-3151,-1277,-7300,-15032,1089,257
-3008,-697,-3511,-12263,4629,-11232,-3045,-1421,-4082,-12159,4562,-11264
-7378,-1151,-953,-7274,2092,-3838,-7257,-1389,-1010,-6047,2189,-3316
-2896,111,-313,-2032,192,4146,-2813,371,-532,-3711,544,4865
5828,-5533,-953,519,608,659,5293,-5541,-52,544,82,544
4838,2763,-681,8224,1188,734,5551,-5051,-688,8590,1042,592
4900,-5559,-153,8480,4224,2118,5127,-5705,-396,8214,4608,2220
6056,-249,87,8211,1160,3076,6411,-861,78,8192,128,3072
1250,-3185,-329,-2296,3856,548,951,-2621,-690,-3326,784,226
682,-4405,-811,-12192,2179,40,985,-4429,30,-11513,2081,157
-3382,-5305,267,-16278,2048,-7116,-3145,-5773,140,-16310,2345,-7140
-2346,2665,-817,-20415,256,-9855,-2001,2787,-948,-20350,1984,-8125
-10964,-5553,-501,-16240,576,-3439,-9161,-4619,-804,-15799,448,-2816
-11100,-5553,-313,-7920,304,4353,-10313,-5005,-1038,-8190,652,4098
-3388,-5555,-877,-6143,2117,1123,941,-5725,-1072,-5952,2176,1537
4900,-5239,-953,1155,1928,2564,5567,-5773,-948,1306,546,2592
5304,-5545,-917,1045,5254,33,5601,-5749,-1026,1292,5152,8
5800,-4905,-889,4686,16,256,6087,-5259,-978,4818,0,1
5156,-889,-889,4194,2186,4112,5033,371,-1072,5780,2308,3276
4784,2905,135,1539,194,260,5067,2983,-28,1297,0,288
-2810,5983,-937,-3004,736,36,-3033,6045,236,-3952,1,256
-3388,2759,327,-11760,3649,564,-3153,2483,84,-11770,3616,298
-3420,-5561,-569,-12224,4744,16,-3085,-5443,-1056,-12288,4864,73
-3276,-3497,203,-11872,4372,1481,-3153,-4733,-980,-11001,4176,1753
-1868,-4021,-937,515,272,65,-3159,-4105,-1068,516,389,104
4772,-4261,71,1840,4534,10368,7951,-4145,6552,3919,-2629,10218
5822,-5545,-633,6660,880,5963,11291,-1115,5422,7192,6202,7876
6596,2967,235,8832,4544,4104,12973,4155,-450,12161,8209,3773
4900,2817,-439,9026,5128,64,11119,5757,-9354,8634,13664,121
4812,-3745,-12887,438,3456,2249,10115,4393,-13564,100,11383,-6146
4772,-873,-953,-15174,1282,848,4975,913,-8430,-10892,6057,-11732
-2844,-5305,-4277,-12288,4204,1472,691,-2253,-4574,-10187,4843,-12517
970,-5301,-3885,-15566,256,-11696,1677,-4865,-3494,-13479,4397,-10192
-7442,-905,2633,-7768,-3512,-2740,-6549,-9069,2450,-5136,-4099,70
-3258,583,-919,-1786,-1010,5121,-3089,-5717,7386,-424,-744,7962
-3404,-5561,-55,2336,480,8196,1901,-343,8128,2391,1662,10557
5030,-5557,101,4913,24,12329,6151,1667,6576,6259,4922,12240
6440,-4469,-945,10818,6163,0,9345,2257,1070,11245,-1217,7919
5572,-301,-3705,9227,1536,192,10997,1633,-4092,13825,2167,2928
9348,-3513,-7607,8201,4104,16,10151,425,-7796,8441,6626,1014
9380,-4857,-12217,272,2848,256,9639,-817,-12558,2152,3768,-3942
5320,-1463,-689,-7886,12,-10240,8357,-245,-12586,-8293,5569,-10241
-732,2639,361,-14955,141,-15863,4457,2897,-9130,-15079,5134,-12749
-2266,2761,-695,-19633,1802,-16113,-1977,4121,-2360,-16654,6295,-14411
-8940,-5497,-561,-16380,2202,529,-8977,-5289,-2234,-12517,1527,-6616
-9452,2379,-953,-7675,4932,1412,-5591,-5139,5744,-7518,-2813,1744
-3148,-4755,6239,-6144,4352,2305,-317,-4751,6054,-5788,-3196,6503
1196,-5273,-953,-3935,328,1367,5329,-8041,8366,200,4969,11550
4772,-4537,-871,4136,2050,1,7315,-3339,4796,5913,6545,9078
5428,-4211,-941,8448,2114,8290,7007,-4045,3460,9374,7402,8619
6952,-3465,435,8708,8,4146,8313,1349,594,11056,8464,5234
6820,5303,-889,8196,654,4,8519,6569,-5354,11719,8871,1683
7076,-1973,-873,4120,3361,566,7529,5697,-9344,6936,11712,-1175
5804,-5545,265,154,0,528,6249,3037,-15946,495,6307,-3637
4872,-5537,-941,-14335,528,0,5375,2279,-14740,-13440,5352,-8539
236,-3441,-305,-22016,1724,192,257,-3803,-6470,-18093,-1808,-11924
-2364,-5033,-633,-20384,12,-13184,1037,-5045,-3374,-18121,578,-12779
-10828,3015,103,-7167,17,328,-5481,-9041,7594,-4441,-9571,1168
-3412,-4513,-885,-3967,141,752,-2495,-4875,11012,-3831,3529,9497
-1372,-5557,-693,325,708,577,2935,-2365,9890,1221,-708,10506
8970,-3469,-433,5376,609,2604,8793,287,5538,5924,8420,9090
8904,-3513,-631,8264,2176,9,9269,-4055,2100,10001,7137,6332
9036,-4889,-553,10296,1072,832,9255,-2871,-1674,11298,8072,3736
5188,675,-815,6144,10376,64,9555,2433,-6742,5933,10848,1012
7334,2647,103,198,58,-3806,8461,5925,-9530,985,12225,-2753
5068,2695,-569,-6008,520,-7056,5135,9135,-11068,-5590,4834,-6791
-1228,5225,135,-11264,1768,-11820,-169,4787,-5904,-11188,5525,-11707
-1756,617,-569,-12283,5888,1644,-1163,559,-4406,-12453,-2461,-8097
-2828,-1173,-409,-12160,4672,2051,-2963,-6881,-1950,-11791,-3735,-4614
-2390,-5037,-305,-7928,128,2060,-1753,-8479,4254,-7311,-5781,2924
700,-5417,-953,-7150,32,7889,717,-8333,5200,-4764,591,7979
1508,-1337,-281,16,80,1,4069,-7551,6172,2758,111,11402
6854,-4393,585,4161,2322,256,8503,-497,6508,6774,4058,10620
5584,4713,211,8498,4,6553,7887,4757,4020,8872,8234,6261
7352,2739,-947,10474,6264,20,7785,5031,204,11059,6671,2113
5298,-4503,-3445,1042,8332,2585,6819,3309,-3386,7521,9403,-564
4778,-1209,-6073,280,1609,2184,7385,-177,-6090,4053,10015,-1915
5028,-4393,-8877,0,8,634,7443,-379,-9212,-183,9300,-4265
5414,-1257,-10125,-7933,1152,-5872,5525,-1049,-10306,-6476,5181,-5841
934,-249,-9141,-12272,1792,-9214,2281,1905,-9120,-12322,4119,-8355
-3354,-5305,-697,-16375,1038,-10114,-2901,1329,-1982,-15573,7270,-9722
-9436,-5289,599,-16368,3599,200,-9149,-5475,1108,-13448,2765,-4581
-11450,-5025,769,-8192,2052,2053,-5371,-4597,10992,-4473,-4520,3732
-2836,-3915,-893,-6397,4610,3085,1363,-1457,8580,-2011,4758,10584
5556,-2741,519,2,2112,544,5869,-2631,4172,4811,2900,10530
8948,-2289,89,8345,4130,2076,9975,-2507,-114,9876,4381,7395
9412,-3641,105,8225,1052,3736,11085,425,-6252,10470,5457,3498
7988,-4245,-757,1812,38,66,8963,3453,-8828,3019,8569,319
6316,3399,-441,-3504,500,-5614,6717,4099,-10526,-3104,8559,-6019
-2842,4183,-681,-11774,5392,-10236,3033,5955,-6068,-10785,5328,-10399
-2908,1607,-721,-11002,48,-11216,-2197,1941,-680,-8819,1435,-10179
-828,-3507,-937,-11275,1057,338,-1265,-4377,3460,-10374,-2516,-5748
-3388,-361,-817,2592,1032,544,-1643,-7015,7660,2567,-17500,5072
9004,-4529,-937,5120,32,6416,11585,-4549,12116,5229,-4719,8179
4904,-4953,-921,1108,1089,4112,7713,-2755,5148,3535,13605,4237
6058,-5329,-937,9889,688,2816,8529,-1577,1108,10036,8794,2659
5300,-1401,731,9312,1057,-360,7637,1583,-6028,9095,5201,-679
-3098,3047,1139,392,648,516,2465,4577,-9908,2858,1419,-5561
-3292,2637,-853,-13282,2370,536,-2175,7043,-12802,-9374,4185,-7798
-9560,-5561,-905,-15936,4096,2065,-4183,2647,-6786,-15010,4033,-5434
-9308,-4393,-417,-15196,1405,18,-4351,-4759,-3108,-14542,962,545
-924,-2213,-889,-11456,1828,2057,-465,-6331,440,-8908,-6458,6308
1700,-2969,327,-3822,2336,1712,2845,-7041,5346,-3411,-9727,10311
8868,-4793,-25,2226,64,9217,11211,-3599,9468,3604,-5353,9424
4782,-5527,377,6433,4232,3140,10951,735,10360,7382,4701,2887
5036,-4025,-917,12354,6720,-1966,9625,335,5592,12945,7062,-1558
6828,-3437,-937,8329,784,0,7417,1533,-996,9185,17568,-2832
6318,663,-953,10498,4608,512,6627,1351,-5762,10437,15017,-527
5062,-1463,-12617,1024,2624,1193,6027,943,-13126,4555,10670,-848
4772,-1465,-13995,-7518,4225,28,5165,777,-14144,-8196,4834,-3945
1708,-4977,-7061,-20158,2658,1345,2427,-907,-6830,-17298,2966,-6874
868,-249,-945,-18938,324,-11511,3417,407,-880,-16496,5787,-10786
-11098,721,-941,-7088,546,-3838,-11139,-7081,3236,-6072,243,-2135
-1360,-3241,115,-2495,177,6272,-911,-2711,11730,-387,-1203,7191
-2204,-5489,-953,-3833,0,276,2603,-373,7900,-1332,260,8583
176,-4153,-825,9728,1026,2823,5783,-1231,2392,10562,954,8423
8566,-1195,-1,9767,5184,1297,9155,1141,-2600,12065,5256,5168
8886,-2697,-945,9508,2192,544,11251,1219,-7218,9082,6810,1596
9384,-1369,219,0,737,2,11023,29,-11448,-754,8976,-1004
8880,-3513,473,-13804,160,-10611,11051,4033,-15810,-11656,8675,-11366
6072,-3609,3151,-15994,336,-22499,5293,1735,-3942,-15091,12719,-23049
-2268,2651,-295,-11264,544,-19548,-741,2471,-5530,-9658,11470,-17988
-19740,-1433,-777,-3564,149,0,-13629,-9937,-1854,79,-5344,-892
-7516,-313,-881,-4080,2050,1040,-4679,-5689,3076,-674,-8757,12059
676,-953,-917,-4339,3721,1536,2199,-6063,3244,62,-12769,12186
9764,-5561,6219,4642,4872,50,12691,3263,6234,6278,6025,15810
9508,-1401,-761,5388,3073,88,12631,559,4280,7770,4736,10982
9014,1127,-931,12564,2240,3352,12017,2559,-494,12638,4560,3116
5828,6311,617,5398,400,46,12405,6277,-8260,7507,14613,-1107
5028,5547,331,0,4105,392,11507,6099,-12206,549,13423,-6007
7084,-2069,-825,-7924,4200,2112,8037,5433,-11178,-8379,12279,-13715
-2866,-2233,-865,-14302,4932,1025,691,-2111,-4312,-9767,6845,-14903
-3396,-5501,-697,-12255,4,650,-767,-5839,-7916,-9007,546,-11263
-3402,-3501,-681,-8192,2060,1411,-463,-7307,-4410,-8424,-10210,-4160
-7452,-1297,-915,-3072,1036,2272,-4631,-6905,4514,-2144,-13115,4452
5562,-2321,1417,-3808,1026,8194,8255,2811,10854,-2244,1028,7835
-2394,-3189,-949,-4076,900,8834,743,501,7682,-1025,6355,9285
6892,-3511,71,2690,588,9984,7767,1125,6196,8333,5083,9883
5876,71,-945,8498,8192,2560,9011,-329,348,10957,13010,6879
9940,-5167,-4889,8644,10292,0,10535,-1205,-5334,14773,11034,4252
5068,-5433,-13097,9280,2066,2066,8943,4065,-10290,7481,10970,-1068
4780,-1445,-18105,-8192,129,2240,6167,1507,-16698,-4780,8474,-9249
4772,839,-889,-19656,522,16,4959,821,-9236,-16722,7811,-14270
-1308,-4665,-817,-16127,33,-15290,-1005,1263,-1390,-14495,7099,-14689
-18700,5585,-945,-11168,2458,-4832,-14839,-6997,896,-8158,1375,-3496
-8922,-3175,-953,-3872,4240,72,-3557,-2309,10808,-1858,-858,6473
-3020,-5561,231,-3976,323,1,1105,-2395,4726,-2836,1695,8777
9620,-1337,-691,4228,6528,198,9483,879,2566,5023,5955,11190
9092,-5525,75,4130,6408,3025,9105,-2017,-716,7215,7414,8139
8872,-1437,87,8194,64,4128,10355,1831,-6396,9204,4802,4583
9124,-4985,-55,2580,1077,657,9979,4993,-9312,3188,9865,384
6976,4487,215,-3968,21,-4084,7905,4621,-11434,-3420,8424,-4487
4810,3399,-825,-13168,4832,32,4993,5059,-6520,-12734,7003,-10965
-3352,-5481,-425,-16256,0,259,-2273,853,1728,-11765,5276,-12023
-3388,-5425,-693,-16295,259,34,-4759,-6571,1236,-10574,1525,-3955
-6968,-313,7819,3079,2176,98,-3513,-6329,7454,7615,-13799,5831
6444,-1461,9307,3072,3462,65,6783,-1405,9134,2745,4575,6312
4798,-5009,2157,3616,6408,0,6011,-4175,2020,4520,15439,8033
5940,-5397,-135,4208,32,1056,8951,-4173,-332,8272,12060,7549
9012,-303,-693,4240,64,768,9381,2183,-6334,5693,8832,2688
4916,2631,-921,-5376,6274,1292,8985,5599,-8966,-1477,15434,-1045
5288,-5553,-881,-6143,2050,2048,7485,10413,-14510,-6535,3618,-6103
-1092,-2983,-561,-14048,4168,1184,245,5177,-8902,-13044,5587,-11256
-3276,-5241,-593,-14317,5701,1097,1241,-2627,-3644,-14328,-260,-6887
-7124,-1911,7111,-5504,6664,515,-2769,-9661,7798,-3592,-8806,2062
678,-3799,9031,356,7200,417,4373,-7959,8804,4033,-272,6601
7340,-2485,-825,8840,3620,5142,8145,-2141,5200,9228,3846,5243
6826,2631,-881,8258,528,2104,7483,2651,-3116,8615,10759,1942
5812,3207,-757,4105,1040,512,6421,4939,-7234,4953,13660,758
-1252,4303,-13849,3072,1057,1025,5203,7097,-12464,2423,11454,-579
-828,2647,-17327,-6702,2400,1032,5031,6619,-15340,-7529,10276,-2971
-2346,-1465,-9137,-16144,16,2084,229,-1969,-8342,-14153,5272,-5789
-2204,-5557,-889,-15872,81,70,319,-3465,-2698,-15948,1141,-6732
-7388,-5425,-933,-12160,2720,662,-7827,-11705,5264,-10465,-2205,-1994
678,-1201,-183,-3512,2353,6832,1787,-7101,11408,-2233,-4924,7084
5028,-5561,943,2944,1024,173,5601,-3307,11014,3286,3986,8247
7372,-4905,-695,8814,6410,3,7515,535,5602,9178,7329,6213
4900,5207,-57,9864,128,577,7167,5025,-136,9865,8762,602
4772,3465,-809,3352,6,2049,5681,4203,-6366,7383,11260,-1009
4840,87,-887,1536,6304,2728,5463,2101,-13074,1270,6171,-1487
676,-4453,-51,-7936,144,513,4377,-1009,-12274,-9270,2838,-3497
820,-3449,-881,-13704,1088,152,1491,-2823,-7942,-13869,1057,-3638
830,-5305,-697,-16320,130,-4443,2009,-2637,-2248,-15188,479,-4430
-8402,-5497,-857,-7920,849,33,-4087,-3257,6192,-7197,-5884,620
-2132,-3477,1101,-3938,2,5633,5013,1243,10602,-2479,-4012,8007
-2396,-5557,151,273,1308,5122,2199,117,12220,1991,5560,5588
5548,-1265,-313,1537,4249,69,6041,-1101,7398,5868,6902,5180
4820,-4961,-601,2180,1388,2693,7089,-3019,2620,6883,10228,3595
6884,-3505,-817,8196,514,2074,7647,-3613,-1236,9972,9786,1962
6312,-4209,-5545,4200,3648,256,8789,23,-5672,4613,16825,1405
5444,-373,-949,76,194,648,7991,2257,-12574,2839,15525,-812
7348,3655,-945,-7936,20,65,7601,5411,-14216,-6514,5902,-5891
-2588,3207,-417,-15870,336,-11712,1233,4313,-6804,-14067,5484,-11562
-10510,-4537,-753,-15616,1106,16,-3743,1861,-1708,-14485,653,-9452
-8846,-809,-953,-12272,1280,8,-8961,-7183,1260,-8766,-5775,-1962
-2116,-5033,-825,-4000,5396,1120,411,-9241,10094,-1680,-10663,5509
5044,-3385,-953,224,4680,162,6363,-5867,6670,3436,-2519,9212
4814,-5561,-405,4356,4488,1536,8175,-2943,4214,6786,7148,5836
4964,3703,-361,9730,2048,2564,9855,4573,-592,9806,11076,2788
5284,4233,73,8344,144,-2432,7291,8433,-5848,8387,10454,-223
4902,3915,-409,1538,4481,-1923,4839,5279,-5148,1273,14484,-2034
-1236,-3499,-825,-3952,3090,128,4255,5163,-9684,-2290,11436,-3551
-532,-693,-841,-8061,1035,1033,4083,1731,-8262,-6973,5438,-5248
958,-4473,-917,-12288,256,332,1195,-4623,-996,-12288,16,17
940,-5429,-825,-12248,2221,1122,1319,-2107,-1044,-11488,2196,1024
-3312,-1191,-725,-8192,-12795,-3775,-1229,-6173,4720,-7236,-12799,-3335
-3018,-157,-169,256,160,9728,-705,-7673,9720,1863,-19107,10341
6950,-3815,-423,-3575,328,5140,6167,-165,15864,-2097,13593,5402
5094,-4533,-249,5121,2056,66,4751,175,9964,6007,10178,6097
7412,-819,-873,10240,74,2048,6189,-1499,1810,10829,15817,5627
4908,-2227,-659,8240,4118,3270,7817,-2023,-2932,8661,20397,7889
5444,-1441,-953,848,8228,3856,9219,1255,-7342,4782,14280,8172
8870,-1383,-249,1,2049,538,11165,-865,-9420,813,10949,1480
6120,-1459,-913,-7024,12,-4963,10457,2257,-10756,-6661,8767,-5400
5808,1623,-481,-12284,1025,-12219,5565,2249,-5008,-12082,9141,-11642
-10874,2631,393,-10836,9,-12128,-3575,3441,2176,-8513,10886,-11631
-11400,-5465,-889,-7648,2098,-7920,-5709,-1931,-2468,-6776,5067,-7414
-11076,-4025,-657,41,12,104,-5249,-4097,4768,4100,-14132,4831
-156,-4407,-297,66,16,2656,1329,-2651,4104,3970,-13782,7065
684,-4153,-281,4097,392,2,3597,-4835,2794,5884,1737,5724
4774,-3001,-887,1035,2048,5782,7199,-3325,122,4068,11854,5821
5800,-2323,-933,4256,672,5120,8807,-1703,-1498,7452,8951,5078
8996,585,-813,5136,5,1115,10077,2303,-5238,7638,7472,861
7268,2783,-953,640,400,134,8083,5031,-7256,184,11499,-3570
-2396,3655,-313,-4068,21,690,4645,8123,-13306,-4189,7863,-9942
-2136,2631,-943,-12019,512,2262,-2253,2421,-1076,-12032,129,2080
-3034,-1445,107,-12284,8,2706,-2065,-1421,-16,-11719,6309,2689
-7504,-2053,-441,-16104,4352,2120,-4131,-6225,-2126,-12845,-3470,-4850
1000,-5431,-937,-6142,2822,20,1579,-5679,4024,-5651,-4915,4508
694,-1953,-687,-1788,2184,6848,3247,-5617,5418,-302,-1702,6850
5942,-3213,107,4192,1,5634,6309,-2707,6894,4648,-417,5804
4772,2699,3143,3144,1802,1024,7077,2623,5258,7802,2235,3874
6374,2889,-135,8289,512,1221,6695,3725,382,8385,6894,1416
5612,-4521,-5521,1793,1154,80,6111,3705,-5682,5773,9417,444
5796,-5369,-9805,-3676,1408,772,5887,2347,-8510,-2115,13906,-1367
804,-4023,-10169,-7066,785,158,4261,49,-10094,-6460,6532,-2635
758,-4969,-6775,-11773,36,-6144,3307,-935,-6710,-12160,4202,-6133
-2904,-265,-375,-16124,16,-8158,-487,-265,-1712,-13789,4310,-7159
108,-273,459,-15854,88,-7887,-127,-1059,-1886,-13688,4228,-6414
-9458,4681,327,-8189,2722,552,-8457,-5853,6232,-4593,-1512,778
-3156,-5209,1113,-6078,1024,288,-2515,-1035,9416,-1452,2109,4605
-1044,-1337,1319,66,408,2480,233,-1277,6408,133,733,7584
4776,-869,-801,463,960,1085,5557,577,2758,6052,8119,7824
4806,-1401,-651,2840,2,3162,7841,411,-1338,6913,8151,7020
4772,-3001,-697,3200,2104,1600,8335,947,-5758,7520,2854,3472
5304,-2483,129,289,418,932,7885,1539,-8836,-326,8631,893
6864,3159,-759,-7406,2341,-4864,7247,4289,-11068,-6896,6098,-5016
-3218,2633,-953,-16248,8,160,593,4331,-3406,-12158,2341,-9988
-3404,2703,207,-12128,6248,400,-2023,6351,1970,-8733,5577,-5521
-11604,729,-423,-6107,802,128,-10533,-8377,-2212,-855,-8612,1403
-1334,-4533,-929,4176,256,372,3985,-5361,8126,8178,-10597,5282
4844,-5541,-951,5524,1564,1041,7253,-3419,4950,5677,5445,3840
5508,-5557,-893,1328,4096,4690,6165,-5283,270,3791,13379,4823
4780,-4999,-949,5384,320,2864,8553,-1031,-3926,5896,12675,3927
6952,-383,-559,-3584,140,1044,7623,8131,-9666,-3590,25161,1957
4778,3369,-951,-3820,1297,1344,5859,4959,-9000,-1452,14985,-1017
5284,2631,715,-8188,597,1338,5219,6211,-11432,-8594,8350,-7464
-4,1223,79,-14940,112,1761,133,819,-5210,-10726,3341,-10362
-3188,-4407,-4757,-15344,2176,12,-271,247,-5316,-11205,1662,-7954
-8028,-5561,83,-10624,5144,84,-4139,-8103,1394,-9826,-2565,-2636
-3314,-5427,-937,-1834,384,3489,-981,-5427,5046,-1655,309,4148
1750,-9,-945,5505,9,8960,3193,-5897,6390,5808,-3712,9309
5296,-5177,-793,8320,556,8200,6977,571,5562,8670,1191,8080
5352,3987,2041,2816,3204,3648,6855,3741,1612,7004,7868,3819
4776,-4241,-2983,8193,272,257,7313,3811,-3096,8199,8816,1298
7336,-4145,-6417,-5116,4165,3586,8485,4177,-7872,-948,21042,-561
6310,-3689,-793,-4348,7,176,6743,557,-10118,93,10993,-3699
6504,-4537,-8553,-12208,1216,0,6521,-551,-8450,-10414,4004,-9565
-3352,-5433,-933,-12264,4612,-12268,-459,-2937,-2098,-11280,4879,-12190
-3260,-3489,-885,-11110,20,-8160,-1509,-1919,-4162,-10579,1951,-6945
-9468,-3511,-311,-2526,-5094,3,-7787,-2493,7034,-2023,-4661,1261
-10076,-3503,107,-4095,1308,152,-3557,99,4360,-4208,3183,8045
-3412,-3369,-521,-3581,298,43,-37,-1079,1422,-767,-8009,9072
5496,-1461,-697,8192,2560,521,7507,777,2626,8913,-3883,8830
4772,-3893,-305,8514,337,1152,8007,313,-1354,8804,59,5102
8872,-1305,-825,8456,1629,1923,9791,1503,-4704,8366,1918,1683
8868,-1297,-893,4308,3733,-1786,10179,2093,-6092,5893,3921,-1798
4776,2759,103,-1966,1314,-7168,9627,4055,-8144,-2544,5931,-7225
-2652,2707,-419,-12084,512,-14162,4113,2315,-6788,-9868,8708,-14711
-10986,-3065,-825,-11743,12032,266,-2969,1471,-118,-10418,12520,-13467
-9420,-5483,-815,-14328,516,77,-7139,-6843,-7862,-8623,3445,-6665
-7450,-1065,-879,-5104,130,10,-4339,-5995,2904,-766,-5225,4909
-2908,-1449,1131,-8154,0,8821,-319,-6215,982,-5586,1162,9791
1764,-5269,1355,1056,1668,10272,2917,-4859,1400,2026,-2919,10843
5940,-489,2641,4704,784,8201,7299,1585,2340,5464,897,8523
9004,-1465,-821,8196,182,640,9551,6747,-1474,10136,1116,2291
6838,2719,-921,4486,2051,916,8545,7349,-5968,7363,7017,-1181
5190,2649,-917,544,5442,3096,7677,6725,-11558,1409,7572,-4983
4856,-2471,-919,-8060,152,4258,6155,4963,-10898,-7339,8827,-9528
-3100,-1581,-6441,-16365,4353,3458,1637,-2017,-6192,-12737,5088,-12769
-1850,-5493,-863,-16224,4358,2570,2605,-4683,-5260,-15306,4797,-12511
-7308,-5561,-367,-10751,1351,280,-5213,-10167,-866,-9619,-3160,-3656
-3296,-3985,-809,-3704,48,4098,-1791,-8013,4222,-2335,-3440,5595
-2880,-5017,-171,-158,32,8192,1787,-4819,3974,-76,-198,9906
4996,-4537,1127,2176,2052,11090,6039,2861,5684,2590,3495,11000
6052,2967,-889,5256,20,0,6461,7199,3192,5427,2071,5199
5030,2913,-723,1292,272,292,7345,6595,-910,5402,3115,2821
6836,-3793,-3513,282,4289,1665,7419,4119,-3644,4917,5004,1776
4820,-2219,-5367,128,4099,3,7263,1803,-5574,3469,5222,93
4776,-2461,-8297,4,1056,788,7085,1595,-8386,611,3463,-3523
958,-1209,-911,-11773,1376,-7924,3475,907,-9050,-11762,7995,-6266
-1354,-1361,-581,-23552,482,-12284,-1551,-1987,-346,-21231,15276,-12257
-2332,-5521,-945,-16372,130,-9390,-3055,-5649,-5490,-13837,5540,-8624
-11098,5063,-793,2,1056,320,-6033,-6483,9440,405,-6419,1638
-2376,-3255,-439,-4076,2056,516,-2019,-3627,6574,-3589,6127,8874
748,-3513,-953,65,4098,268,2055,-4087,3334,1337,-3266,10823
5350,-5447,-937,4104,70,3584,7239,-8767,5434,9046,-3466,10940
5036,-853,-849,10824,4320,136,9997,1461,-1248,10584,-1095,7091
5290,-5049,-915,0,289,40,10013,4245,-5372,9730,3957,2095
5844,2891,-953,3080,8961,-4000,10187,6749,-8294,2512,9118,-3667
4772,2631,-695,-7840,6656,-12160,6727,5239,-8898,-7605,7215,-11580
-3210,-5417,-313,-16340,512,0,-859,-1617,-1300,-13043,8810,-14884
680,-1389,-661,-16253,4096,0,915,259,-7660,-12667,4827,-11657
-11612,-5287,-697,-7909,545,131,-8907,-10303,98,-5724,-8134,-27
-2268,-905,5095,-3837,4677,8193,-929,-6089,5198,-1264,-2557,8823
708,-1465,2831,-3994,2384,12930,1059,-6141,2860,-259,-1465,14366
6132,-1431,-867,2657,1640,16226,8787,-1081,3034,6884,2236,16073
13014,4137,-937,8466,517,273,13679,9441,2276,10556,1300,7479
5156,6921,71,2189,1231,3072,11529,6485,142,7106,4623,-1534
4864,2673,-729,-8184,4128,1058,9953,8195,-8380,-3133,13695,-10951
5196,-5297,-885,-8188,76,4145,5283,2583,-5594,-7134,19029,-10709
182,-1421,-825,-6012,2,73,4793,-1413,-9206,-1070,3551,-12344
4772,-2993,-825,-13291,4608,2057,4537,-7639,-8080,-13451,4205,-12979
-2136,-3335,-951,-12288,587,-10048,-991,-7455,-6768,-10083,-10707,-8415
-6940,-1437,-689,-6071,598,82,-4325,-7373,4284,-4161,-7295,917
-3290,-5305,855,-1648,5214,4097,789,-621,10730,-393,6651,5084
-3164,-3429,89,330,80,9290,-3153,-3325,-480,2119,392,9508
-284,-4279,-441,1024,56,400,-1015,2427,-532,8449,4388,32
5300,-1205,-687,316,652,2206,6095,-1265,-732,1927,8216,2304
5084,-2233,-1817,2576,8196,3136,5059,-2683,-1552,2952,2056,3074
8956,-3505,-3993,3482,68,1024,9133,-3677,-4100,4128,1832,256
9448,-1785,-947,4097,130,98,9687,-1675,-916,4354,104,1282
8886,-3501,-953,-4174,2848,-4016,9151,-3721,-1024,-8126,34,-5302
5894,2959,-889,-15978,4230,-18432,6071,2435,-946,-16185,5384,-18358
-2328,-2489,-405,-13239,17,-22015,-9817,-3443,-922,-8175,68,224
-1282,1873,-5045,-13104,5254,3330,-849,1395,-5924,-14302,5144,64
-17684,-1397,-949,-7376,46,377,-17329,-1605,-1044,-7344,2068,10
-9434,-5259,119,-4092,1161,5156,-8469,-5631,336,-7024,1028,5251
-3388,-1361,71,-3900,686,3408,-2519,-1659,-932,-3990,1074,2
4852,-5487,-177,2068,4356,13312,5287,-5707,-1058,4104,4288,10560
9108,-4965,-249,7218,105,13249,5191,-5229,-1042,6657,2048,12322
4836,1631,-745,7811,0,6305,10051,1655,1372,7711,4168,7776
5292,2631,-889,6148,8235,4132,10051,4457,-522,6447,9256,4847
4800,2635,-97,4152,2400,526,10743,6809,-2642,6501,7526,435
4780,2641,-695,1520,786,1035,9309,7823,-6474,968,9233,-5749
5542,-5413,-649,-7903,144,1608,5809,-5767,-804,-7644,68,1556
2312,-2393,-377,-8128,424,1091,5097,-1673,-676,-8159,26,771
708,-4407,-881,-13276,593,-15326,2487,-1667,-500,-14176,520,0
-2324,-4369,-633,-14304,28,-12209,-1991,-4749,-1076,-14320,1314,-11952
-10636,-2481,-887,-6142,166,772,-11085,-1675,-620,-6127,20,128
-7898,3183,359,-7663,4,388,-8185,2933,-2,-8168,329,386
-10460,5707,-911,-6003,1557,2272,-3135,-5799,4932,528,-3583,10883
-316,-1049,-639,-6139,68,3972,-2009,1427,-756,-5744,4992,2887
934,-889,-307,4617,4752,34,5035,-1081,-988,4618,4810,272
4836,-5027,-937,4800,5512,1024,8903,-5493,-40,5153,5037,1040
8902,-4849,-953,8457,256,640,9275,-5069,-1076,8514,708,261
8900,-2359,1097,-3958,3842,424,5703,-2363,998,-3694,706,465
7354,-4281,-949,-8127,2370,8,7263,3689,-7410,-7315,12100,-9834
-3420,-2973,1127,-7038,18,-16016,899,2221,-1916,-6768,6139,-15074
-626,-4953,-949,-8120,1268,-14335,-641,913,-4820,-8408,5196,-11987
-9228,2977,-483,-2272,3593,144,-8491,-6263,-664,486,-9784,-944
-2394,-4281,-919,-3484,2339,8332,-1229,-4599,1862,-2357,-5484,8750
1958,-5045,-377,-3977,5160,12,1753,-4539,1488,-4237,-4085,12093
4772,-4017,-437,4312,192,11470,5775,-3229,1100,6291,2568,11760
6180,-1209,-953,5377,393,7008,10003,1285,1292,7784,5725,6841
5032,-1303,-629,4891,2068,320,9359,7419,-4198,6213,3257,-3380
4816,4681,-935,-11921,64,1160,4535,4581,-5480,-8824,16926,-11478
-1364,2825,-817,-8184,4422,2592,-1733,4969,-6384,-8208,12713,-13604
-2770,-5537,-729,-11632,7054,48,-2893,-3353,-10230,-10874,-44,-6853
-7244,-1927,55,-8174,1052,2576,-4047,-5845,-756,-6939,-6917,3100
-3274,-3217,-309,-8128,4193,1034,-907,-7121,1102,-7107,-906,9415
2000,-3509,-245,-4032,4129,272,3191,-6517,3522,2,-2206,12866
4774,-4521,-857,4417,3072,385,8535,-1921,7750,7052,-164,12917
4960,4679,-441,8752,512,10281,10489,5343,5090,11105,663,10228
5812,4125,-953,12552,1094,1041,10229,6171,1152,13864,1771,850
7080,2635,-407,4618,2432,8,8241,2441,-4752,4321,15374,-928
7334,-3629,87,-4416,6540,384,8479,4117,-10060,-729,14641,-4702
4780,103,-11785,-6000,5529,49,6415,2023,-11980,-4939,4227,-8673
-1372,-5297,-7097,-13234,2052,2244,2575,-3995,-4412,-13658,-5290,-12296
676,-1433,-1589,-14112,1096,0,1963,-2461,-1644,-13651,-3439,-14028
-6918,-1337,-805,-6012,1045,9,-3875,-6847,6132,-5713,-8663,1621
-3276,-5005,583,-3796,772,6601,309,-4119,8676,-3597,4581,6813
-3192,-5361,109,68,1080,6474,1773,-1267,8938,-266,9632,7682
-3396,-1457,1097,225,4196,1314,1189,1129,4036,2101,3254,8538
4998,595,-953,3296,4137,128,6841,837,2156,7198,6854,9655
5062,-1309,-457,8516,6145,2247,7289,-287,-2682,8779,7026,7753
9132,-3303,-941,4424,1025,524,9569,1527,-7420,4438,9255,5640
4986,-4017,-233,1,0,1551,8753,-13,-7854,885,3607,-761
8102,-1465,-563,-8167,2119,-4992,8671,2349,-10154,-6781,3110,-5357
4788,3467,73,-16382,144,-12032,5253,3515,-5166,-15977,6306,-11069
-10570,2651,-929,-10752,162,-11900,-2773,2341,3776,-9934,4887,-11657
-1876,-4515,-945,-10974,1280,-7752,-3571,-4377,668,-10232,4752,-7156
-9552,-5541,-565,-4794,3594,264,-4689,-4227,8878,-425,-8556,4544
1220,-5545,-891,12,264,1060,1965,-4443,7056,2391,-5659,7738
5798,-2481,5995,4386,1892,170,8413,-1701,5782,6733,10805,12277
8932,-4791,1383,12320,1025,785,9385,-2547,2402,12778,6290,7362
9336,-431,-2479,8312,225,807,9197,799,-3298,11887,9160,3199
6952,-4521,-7567,4738,4544,0,8131,3485,-7838,6434,8335,-1006
6060,3911,-11545,-7903,2561,0,6981,6607,-11392,-6716,11636,-6626
-2386,4329,-905,-12732,0,1569,2415,6163,-6718,-12724,11895,-10717
-3356,-4533,-1173,-13404,1024,0,-1631,3727,-1114,-13274,13670,-11096
-968,-1337,-5033,-15926,2560,1536,-1083,-2585,-5312,-13595,10230,-8097
-7484,-3111,-833,-2040,2050,1032,-6077,-7555,-1826,-468,-10550,-274
-2632,-1977,-953,2273,0,5666,1091,-6009,1040,2549,-15440,5930
1716,-5493,-373,72,580,8328,3449,-5533,3776,1744,-2080,9765
4804,-4505,-697,3104,2320,10880,9153,-1885,3796,3385,4333,12213
7012,3655,-177,6345,1310,8520,12001,4151,1478,7726,5215,8214