887,-275,296,-909,128,128,4703,-8100,-462,-569,-115,-112
947,-401,-140,-2048,290,2,4845,-8122,-268,-1186,-1276,-2
1267,-451,-122,-1920,86,280,5103,-8280,-80,-801,-577,-80
837,-335,-140,-1764,384,320,4927,-8204,-292,-577,-147,-188
1159,-595,-120,-992,0,41,5071,-8188,80,-605,153,-61
1153,-529,180,-912,1040,20,5003,-8382,-50,-369,1117,71
811,-587,-112,-479,1057,32,4869,-8194,-360,-255,1090,96
683,-595,-92,-472,256,34,4931,-8170,-276,-226,244,133
719,-529,454,-499,130,16,4815,-8438,-494,-115,376,157
653,-593,-58,-672,267,-127,4769,-8096,-186,-49,216,-106
627,-209,-60,-399,-831,-336,4709,-8194,-12,-229,-324,-47
627,-333,118,-1014,-912,17,4369,-8214,-138,-752,-1070,24
1037,-595,1624,-751,-3452,256,3939,-8226,1532,-676,-3241,1430
887,6339,124,-3060,10,97,403,-8800,3648,-443,-1693,5212
-6531,5617,-130,2336,4384,256,-2729,-9950,5788,3813,-1651,11818
-7303,5565,952,6672,8323,519,-3121,-9342,4272,7155,-4425,15383
-7369,5583,1926,8192,10450,180,-6023,-8274,262,8441,-5791,17652
-14981,-579,892,8212,64,2360,-8801,-6870,634,10374,-11527,22953
-7013,957,1116,8192,934,16,-1449,-6534,-3358,8363,-18796,26925
3319,3703,-36,8609,674,848,6743,-4472,-1270,8833,-12167,25865
8951,8317,-10,9344,142,21537,11585,-1672,-4390,9863,-24527,21220
18163,-435,-4684,8192,3585,9318,17585,2758,-5126,13978,-24293,9953
17027,1509,-5772,10389,2084,-3065,16629,2770,-6822,10200,-7313,-2772
11973,1743,-7690,40,21,-8191,11655,3468,-6688,575,7814,-6878
9255,4659,-4226,-15183,8193,-7783,10831,4288,-4434,-8753,28558,-7898
8823,3837,-2004,-11936,10252,-6348,11113,7834,-2102,-13722,32767,-7635
4741,-211,-10364,-10240,8900,1808,6259,9074,-10472,-10527,32767,-2390
-12575,215,-15208,-14270,270,3172,-7983,5880,-8268,-13916,7266,-3764
-7561,-435,-3002,-26495,836,4097,-3829,3898,-728,-18315,1117,6847
-15725,7729,5004,-12278,912,7170,-9283,-1486,5714,-11698,-6781,16129
-7497,707,468,-5106,9280,772,-2217,-4474,9738,248,-17874,20283
10897,4031,10100,14337,4143,1024,11927,-1810,9024,15095,-11602,17759
9479,-339,1172,16905,4231,8204,16267,2042,608,17413,-11135,7557
8875,3629,-58,11288,544,10368,16299,4584,-6440,11505,-10368,-5414
9605,-77,-72,270,7433,4289,13165,5070,-7820,301,-179,-10009
8835,4799,-8302,-13279,1024,65,8847,5230,-7104,-9428,4091,-9228
659,4141,352,-20480,4612,-3824,5743,5018,156,-18214,16257,-3390
2677,4245,3654,-20478,4167,88,3417,4498,4018,-19344,24660,1163
707,5805,-84,261,3316,561,5441,5768,-1082,-25055,32767,2798
-11627,7629,164,116,128,3202,-10879,-3356,1418,-23292,24060,8103
-13165,7861,44,1088,25,4168,-12813,-1976,9994,-10686,-1174,14387
-7565,8817,476,0,2065,18434,-1489,-2640,13564,-5217,-5224,19182
-4343,7837,452,784,795,21666,653,-4298,12348,3558,-7759,21897
5811,3535,3078,8548,0,16645,8367,-2970,6652,13226,-15845,21444
13043,-593,116,6556,8226,13337,15083,528,534,16112,-18046,14895
17023,2893,-138,16416,-18143,5504,16867,3768,-3172,17112,-16579,4810
8823,4157,2452,7232,6800,13392,14737,4528,-6000,7167,-8093,-3215
9115,1197,-64,-15228,296,66,13165,5832,-6446,-5267,888,-8382
10643,3757,886,-14336,1032,8369,10411,5006,-2346,-13701,13126,-7630
9397,6573,2564,-22528,30408,3200,8461,6690,1996,-22558,32767,-4325
1651,2479,-1468,-22524,6,24,1805,2658,-904,-22667,27808,-3469
-13893,1933,4354,-13917,2624,20,-14397,-5362,6908,-12982,9289,8578
-4171,-527,8348,-12776,3073,18824,-3467,-5858,10106,-4157,-4713,19964
2429,4093,6014,4133,2400,21762,6991,-3332,6732,5446,-13655,21712
11203,565,3964,14080,672,17928,15507,1396,4630,16373,-23220,17597
19127,7665,420,14604,9,6016,23153,8024,1116,14350,-12169,5224
19059,505,1156,5129,66,2304,18433,9780,-3384,4848,3167,-5989
9171,3825,134,-4076,8193,320,9369,6840,-3486,-4667,10908,-10988
-3421,-523,-136,-6556,136,0,-831,2644,-2750,-6648,-501,-6316
1139,2237,3956,-30864,2546,13,4845,2562,-2062,-18975,3245,2374
1139,153,948,-22493,11267,517,3891,-164,9986,-16707,16318,13708
2035,3631,20,-2047,9860,3456,7115,-2864,14444,-14,9234,15693
9855,-333,14422,8193,8192,15632,14337,204,13728,13125,9625,15804
9171,-563,2708,4608,2048,10768,13563,2802,3156,14937,10491,14641
10867,5581,-6212,2067,1284,1432,15783,5932,-2438,9959,1183,7004
8823,4017,-3654,1568,1415,-8044,14877,6482,-3448,1042,-4507,-3985
10659,-83,-3596,-11769,2,-12024,9875,4598,-2750,-8916,393,-8926
4763,4533,888,-16056,2432,64,4887,5526,1614,-15462,9057,-5160
2759,-591,372,-25072,4,4104,2619,6084,2452,-16829,17151,-412
-7563,1581,12196,-11514,2856,128,-6791,1674,16430,-10974,10963,9744
-7565,5613,14228,-6835,4225,0,-5477,-1480,14360,-3565,5899,16915
627,3757,216,1937,42,1032,1427,-2166,8510,2253,209,19759
3699,5711,3316,326,516,2368,8249,-2152,3080,7055,-7244,18904
9875,-83,-66,8233,8560,1059,14419,702,-1316,10924,-18728,12810
11955,4013,372,4036,192,2608,16123,4464,-2284,7006,-14841,2534
9947,181,2318,-4046,4370,4360,12009,5804,-5732,-3353,5530,-3392
647,3507,2710,1128,29216,659,7723,5704,-2676,-15786,29402,-3619
3787,-525,-124,-16240,1098,-5056,4351,2380,7702,-14685,16107,-4858
-6537,4527,8124,6208,4769,11400,-1135,-1092,10204,8287,-20210,12822
19059,1071,15476,5668,8214,8036,18381,548,13690,14003,10297,8178
8831,1511,-1098,16552,491,6468,13845,3660,-1222,18342,15645,7582
12485,61,-5772,11820,4360,81,16379,9246,-6100,11567,-2706,-488
9139,5,-6284,-5085,3074,-8123,13007,8622,-6162,-5170,8016,-7262
1171,4015,-4236,-16128,12,260,4743,6352,-3814,-12332,9812,-10078
-4325,3517,380,-14074,521,4113,-511,6776,232,-12933,11149,-8791
-4747,45,1172,-32118,14352,0,-5337,1968,2206,-25059,14713,3434
-15729,2853,7622,-13535,538,2320,-10891,-4462,7980,-12670,-2956,16142
3739,8659,14196,-16088,2048,4786,3423,-3506,15234,-2135,2606,21779
1291,3781,5500,6436,16418,7554,6469,-3914,6692,8269,-4763,24117
8823,3799,-138,2305,15130,408,14651,-268,-82,14872,-16888,18382
17147,1485,-2186,8403,4626,3739,17847,4028,-3796,11079,-19049,2637
9843,2009,-4748,1032,1224,2070,13867,3832,-5026,357,-9952,-9229
9027,453,886,784,896,2076,11239,5688,-7326,-9802,-1496,-13504
1715,4173,52,177,2436,-12671,8117,6008,-4076,-15367,8212,-12793
1219,5805,136,17,16640,-15296,4725,5688,562,-19712,22771,-9989
-6515,2713,-104,-20480,23230,-8158,-1777,3696,2924,-20871,23094,-3642
-13709,9677,4104,-23360,1108,6288,-12585,-1198,3830,-22433,21239,7874
-15659,7885,-140,-23545,59,16386,-12533,-3728,10214,-16772,10458,16834
-5197,-595,52,-12288,65,16512,-4959,-8424,10486,-9480,-4088,25018
2711,729,7604,0,2693,16536,7827,-6950,7508,1722,-13894,27161
15091,4589,-108,529,532,20480,15735,-2600,1216,9352,-15049,20987
17363,2477,432,4356,8208,640,18757,3844,-4050,12708,-19795,6713
13939,3137,-3596,6400,4160,1088,16099,3700,-3470,5894,-7087,-5537
11479,4557,8,-8191,1024,1154,11433,5328,-4762,-4046,8752,-10621
1707,3663,2036,-15850,273,3104,7701,5316,-2600,-11703,21264,-12972
-3469,-495,1040,-13789,22531,6209,4831,5894,-224,-13632,22315,-8427
1657,463,1972,-32605,5,8768,1319,5484,1398,-19329,25030,-3234
-15211,-147,1178,-32256,272,80,-10835,210,1004,-19260,17854,3015
-14699,4093,3956,-15832,12320,12305,-10207,-3854,6780,-13529,-1534,13897
-4227,-385,9076,-8192,518,20513,-3895,-5900,8488,-5835,-9250,21848
939,3505,8056,8,1536,18437,5543,-3580,7510,3569,-15018,23097
12667,-577,2192,40,6272,17588,12789,-14,2140,9966,-18490,17361
12659,-337,-128,2081,196,80,16803,3656,-482,10809,-17902,6343
17019,4049,632,304,-12285,4265,17009,4768,-3886,5433,-9444,-3539
8847,3517,8060,4419,400,5508,13907,4058,-5000,-2694,927,-10642
9395,1017,8312,-9072,2561,-16370,10197,3362,-4068,-8804,7887,-13129
4741,-331,-138,-15584,12352,-11520,5219,2700,-368,-12760,14326,-11224
2573,4825,134,-13776,16385,128,2347,5908,2510,-12854,16703,-5682
-3469,-579,3958,-28214,22049,44,-1055,4988,4814,-19863,22887,1502
-13195,8625,6028,-20428,32,8320,-13731,-706,6038,-17353,17961,9308
-13323,3965,9608,-16120,1081,17601,-8995,-3682,9810,-11112,790,18248
-6541,1717,5752,-11328,9228,21504,-1181,-5460,8200,-2312,-7621,24624
8999,3069,8200,8260,545,22041,9501,-4956,7892,10108,-12396,22356
12931,5613,164,18596,68,14757,15637,-856,1342,18865,-14896,14479
17333,3501,-5770,4160,512,64,18269,3994,-5986,13469,-7057,3043
12939,4167,-10070,12,177,1649,15735,7074,-11216,-237,2677,-6659
9075,4557,-13292,-27616,6149,3620,8309,4772,-7060,-12022,7268,-12376
1203,-553,-7932,-32440,3842,4162,2731,3550,-3466,-15962,12266,-10772
-2917,1965,-122,-27698,6144,10785,-2155,2418,224,-19917,16064,-4215
-4833,4557,1086,4143,16512,2468,-5453,-1636,1704,-27521,18769,2872
-15739,-513,6648,13392,6600,0,-13093,-8132,8048,-18206,6095,9628
-6873,-587,2374,8720,-14256,17600,-151,-7376,14780,-6965,-4418,19964
1717,429,132,391,-5856,22785,4853,-7164,11220,5250,-5144,22983
8887,10031,-120,9000,-14638,20996,11727,-4978,5120,13383,-8413,21190
17011,533,372,4258,968,10369,16909,1656,-16,15796,-11212,11273
18171,6061,-2828,534,9232,34,18237,6584,-3188,8340,-6783,-586
8867,8665,-6010,-8062,128,-11258,14515,9598,-5120,-2253,3394,-8747
1915,7663,244,-10999,858,-16380,5391,9002,-1252,-11629,11437,-12076
-4477,445,1262,-27852,0,-12280,-471,9356,558,-18857,16535,-3805
-7117,453,-12,-32640,65,2048,-5227,2514,1266,-27373,16457,2995
-11589,1261,406,-16222,184,9856,-9227,-6980,8656,-13932,-3649,12991
627,-497,11194,-11896,320,192,3715,-7340,11068,-3204,-2861,19767
1959,-275,4732,4746,67,150,8329,-8042,4292,8408,-11551,21649
8851,3581,884,6190,264,429,14021,-3932,2660,14632,-19350,17481
8883,95,-140,8490,4362,9486,16893,70,-740,15098,-18530,11913
17605,1325,1284,8968,4161,452,17441,2654,-3744,9843,-12001,-267
17269,4047,-6252,4618,1474,5763,17521,4716,-6224,5542,-3521,-10855
10875,3761,-5728,-6784,163,14,14357,5182,-5756,-1256,6195,-15625
10871,4013,-5768,-16063,6215,2120,10719,4736,-4992,-7520,15347,-17016
1157,4015,-5984,-11254,17,-12800,4783,4564,-4210,-11399,17773,-12345
653,3513,-4234,-14316,1188,-8192,683,4458,-2636,-14618,17619,-7793
-4877,3529,-2124,-21215,132,-4704,-5137,4016,-1114,-21573,16353,-97
-14727,-447,4788,-24576,4600,2130,-12953,1318,7306,-22890,12143,7118
-15493,8217,15748,-16032,0,12674,-12913,-3842,15986,-15259,4378,14336
-5949,493,900,-8023,8708,2162,-5281,-5380,14834,-7337,-1728,19378
795,-531,436,24,2924,35,913,-5958,10626,-903,-5527,20439
4725,465,-100,4176,657,1030,6975,-4628,4140,5817,-11213,18104
10359,4045,422,2064,6672,4352,12737,-3294,2134,10781,-16785,14334
9843,3657,1076,3081,8964,12,14375,-1288,-930,12230,-16472,8677
10869,-561,-2950,2209,526,2564,16057,924,-2606,10091,-12199,3188
10867,575,-3924,2082,67,5442,15075,3386,-4280,5856,-4978,-988
8963,5589,-4232,576,2053,72,13531,6048,-4312,564,3176,-4078
10995,5597,-6154,-6909,8288,580,10593,7026,-4610,-4678,9175,-7784
2979,6077,-3468,-12238,8249,43,6781,6576,-3574,-10617,13619,-9699
3503,4531,-2156,418,6176,1351,2999,5516,-1592,-14044,14884,-8718
-5771,4533,1272,6272,933,128,-209,5076,-1152,-17780,18776,-5713
-7425,509,1140,9733,22292,272,-5929,746,3532,-22746,22205,-1191
-13867,9459,5522,5600,6467,0,-12695,-776,7782,-18114,14041,4856
-13665,7869,10108,-14196,2180,9960,-8673,-3040,15096,-9735,2314,14613
-6763,7605,-140,-12111,8201,19465,-1281,-4566,8972,-2395,-2141,20146
661,2477,6016,4112,1,16896,5777,-4506,5750,4897,-9640,21237
12915,5557,2292,1043,4579,17673,13185,-1858,2080,9944,-11864,17380
12927,-455,632,3244,4100,10244,15943,714,360,11342,-11563,11560
17031,-531,-1932,1428,7201,0,16859,2650,-2328,9924,-8751,4703
14027,3829,-4072,4480,5233,-4351,16541,4462,-4444,6192,-2135,-597
13451,4021,-7308,128,848,-6144,13085,5438,-5314,180,5345,-6330
9115,6319,-7104,-15318,1540,897,8571,6862,-5818,-7476,10057,-8322
4741,-465,-4124,-16374,4392,1668,4311,4874,-1672,-14228,12642,-6405
-4773,-495,-4172,-32716,1160,4641,-1589,3764,-2162,-21550,18335,-3039
-15629,453,372,-32736,2,2311,-10193,944,3610,-24293,18230,3760
-23437,7597,12164,-16303,452,2564,-14825,-4316,14378,-15128,3963,12685
-3213,2485,14516,-8128,-7928,18988,-2477,-4994,14058,-2286,-7357,19089
1723,1497,372,4540,2049,1122,3721,-5802,9334,5223,-6399,17898
-387,3503,3516,11729,2050,2900,7985,-4196,3104,12237,-13947,15953
8915,1967,628,14496,214,9792,13499,-1348,358,14920,-10468,9604
11509,509,-134,16,32,218,15757,1178,-2058,12457,-2595,6094
12027,3633,-132,8227,0,-8117,16695,4562,-5096,8184,895,-1020
10419,4045,-8,8,5778,-14788,14011,5570,-5392,644,6101,-6799
10515,5551,-100,5,1460,-12784,10355,6180,-5398,-7519,9859,-8655
4729,5071,-68,464,1368,-12498,7453,5454,-3200,-14051,11658,-8379
1651,541,892,0,544,-15616,1935,4760,-24,-18790,9971,-7023
-14093,8111,408,-22264,4160,1124,-10329,-2830,10092,-21141,12679,4581
-15533,7835,-106,-16335,1049,5121,-10949,-2838,16352,-15851,9275,16577
-6171,4525,15096,-15968,0,0,-1561,-3068,14614,-6769,-346,21848
691,4541,10232,265,4168,0,5221,-2856,9748,893,-4056,18792
1651,4015,4084,976,7257,358,8179,-3922,4810,8346,-8691,16650
9975,3745,124,1088,16,8288,11989,-3758,930,11692,-7740,12319
9843,4909,-2042,8772,4,4224,14127,-184,-1852,12784,-7914,5040
11123,3261,-3980,8705,3345,785,15527,3850,-3952,8573,-4602,-3672
9339,5629,-4748,2305,772,-9091,15423,6604,-4914,1767,3389,-9260
10867,-51,-4188,107,10241,-13245,11003,8958,-4904,-5785,10841,-13782
1139,4653,118,68,289,-11774,965,7160,-810,-14005,18997,-10920
-4109,5581,-134,-24508,773,-12272,-183,6250,-5442,-24863,22282,-3708
-13709,3645,-124,-31648,4,19,-9609,-3786,3812,-28524,13200,1441
-14221,1453,-140,-22206,4610,9856,-9823,-6298,11132,-17525,-1427,12696
-4931,-45,11642,-16384,8480,1025,-3693,-8046,11222,-7396,-1972,20285
1653,501,100,2125,609,1026,1963,-7338,7060,3871,-11161,23703
11067,3519,2940,8328,654,33,11769,-3854,2302,10210,-13455,20141
10877,2483,-1158,4128,1420,2496,15327,3338,-668,12746,-16363,9964
9923,4813,-3060,6144,4426,40,15919,5118,-2540,7561,-10506,-374
8853,4781,912,-4472,4372,3840,13227,5704,-2934,-1052,-1132,-8744
11393,2221,-40,0,488,1795,11005,3450,-3282,-7146,3293,-12515
8899,3573,-72,-16000,208,1346,9071,3822,-2064,-13150,8936,-13087
3191,3613,-130,-26350,38,1032,2757,3902,594,-18681,17359,-10397
-5517,-595,-32,-22463,256,-4224,-6547,-374,-90,-22232,19030,-3606
-15725,3505,9208,-20062,4110,1729,-12365,-3960,9544,-19536,12807,6333
-14941,7597,11260,768,2114,7249,-10527,-5934,11372,-13115,-1226,16323
-4493,2477,116,695,2117,20967,-3723,-5390,9004,-5710,-6312,21063
1187,1709,892,128,4,21528,3593,-4634,4804,825,-12006,21488
9335,5805,884,4116,768,17232,10343,-1934,1282,7011,-15689,17885
13955,-323,124,8224,142,12422,14155,174,520,8991,-15085,12254
13139,-203,2118,1038,5736,4,15967,2136,-1930,7898,-10283,3588
11891,1631,-140,2560,4303,2442,15779,3448,-2636,3559,-3591,-5707
9091,4151,388,5,1154,321,14079,4594,-4146,6,-711,-11272
10131,3917,404,-7836,2052,36,12329,5580,-4320,-5831,3013,-15724
9849,4305,-140,-15038,8800,8743,10115,5466,-2254,-8953,9261,-16650
1875,4109,-138,-12032,1316,40,5165,4354,-2576,-11063,11617,-14701
1147,2485,-2180,-26364,3072,2053,1657,3276,-2694,-18249,15924,-9423
-5517,6061,-2188,-30208,7172,-3900,-6505,-2118,-1056,-21464,15363,-3366
-15627,3829,3972,-24309,4100,4188,-12319,-3306,4202,-19532,4459,7382
-13645,1493,14212,-15032,929,16524,-9559,-6414,14522,-14652,1264,19519
-5509,8165,12180,-7132,4098,20994,-4575,-6756,12908,-5912,-2751,23344
3699,3513,404,2176,1032,22531,3911,-4076,8434,2448,-6406,22849
8867,3517,-140,2533,840,370,8933,-2140,1912,6830,-8591,19526
12499,4045,1140,8704,129,4360,12531,-286,884,8793,-12169,15344
13047,451,0,8220,6436,2080,15259,1044,-1668,8394,-9508,11863
17027,3525,-3594,4138,8485,2,17289,4970,-3830,6463,-6384,6644
9875,3789,-44,200,11271,519,15547,4880,-3356,1761,-323,147
8819,4529,-128,-11263,64,9489,13205,4926,-3646,-2445,2497,-5167
9075,3521,-136,-7142,5125,272,10919,4288,-3366,-6829,5249,-8688
9863,453,248,-10024,4160,5168,9617,3368,-2062,-9306,7426,-11191
2683,1455,-52,-12270,1,16,8037,3482,-832,-12159,11394,-10913
643,1721,26,-18292,1249,-10176,5473,2596,1132,-16737,18237,-8224
-4925,6069,7100,-19429,2052,-4064,-1701,-924,7054,-18537,28280,-2577
-22765,8845,7450,-16189,2051,192,-17693,-5306,8318,-12137,21494,6124
-15693,7629,13216,-6136,193,16514,-14275,-4160,13116,-5900,8509,17308
-7337,3567,-90,-3309,290,24872,-5305,-3938,11112,-2923,1086,25435
3835,4653,6524,-2937,1188,24588,4583,-2490,6362,212,-4892,24793
9843,5597,3992,4145,848,16448,10731,-1710,3614,4510,-13173,18213
12919,5581,-136,8326,4130,9472,15263,-688,1652,8607,-18111,13170
17011,553,-2186,1872,2320,4097,17923,3384,-2570,7742,-12207,5624
11987,5973,-5244,1572,6170,1107,15817,7402,-5068,3326,-194,-3111
11467,-587,-98,-8176,2561,3601,10863,8222,-6032,-2960,6726,-8795
711,5229,122,-12282,2066,6153,4633,7528,-4560,-10715,10380,-10223
889,-465,4084,-24054,576,2064,673,5076,-602,-17225,19078,-5179
199,469,2936,-32128,8226,194,-411,2764,-1210,-23679,29316,-214
-12671,4541,662,-27502,9338,2752,-13363,-3874,2632,-18197,11771,3658
-13637,433,11356,-13936,4104,2820,-7711,-5010,10876,-8485,-3077,12566
-7545,3701,9080,-6906,80,228,-2925,-4168,8868,-2242,-4685,16920
1651,4785,6264,160,554,2234,4287,-2652,6256,6035,-14452,18232
11141,5861,4216,10242,778,14338,11679,-284,3820,11780,-19418,14645
10907,-591,894,12288,2104,4370,14911,1108,522,13294,-12140,6912
12023,4257,-2140,8469,768,2314,16575,4678,-2270,11189,-8616,2329
11627,4597,-3018,5760,2052,-4990,15309,5554,-3352,5451,-182,-971
13175,3501,-3716,80,2080,-7510,13871,5492,-3384,1349,2687,-4433
8831,1181,-3722,-7412,1026,-6653,11415,5562,-3962,-3653,5419,-6493
8851,3501,-3976,-8099,4703,-7676,8579,6008,-3470,-8432,5734,-7707
4731,3629,-1516,-14236,4296,-7152,5017,5980,-1586,-13077,7087,-7074
3123,5549,126,-23476,4310,-4094,3299,6418,928,-19471,15631,-3577
823,-311,2292,-32255,1664,1043,787,6006,1886,-26535,26678,-617
-23647,5849,3188,-24040,2084,1033,-18321,-2276,3110,-22894,21155,5734
-14573,1725,6,-13056,512,4160,-14105,-4734,10900,-12747,3604,13511
-5061,431,-140,-12928,4728,2116,-4431,-5142,9424,-7856,-489,19265
3061,3551,-140,9,6148,2578,3133,-4034,4576,592,-10766,19263
9399,4595,-40,6400,10256,153,9567,-2964,2078,6617,-16753,17542
9079,5097,-60,10257,6146,209,13559,-626,-132,10938,-17350,10981
10963,-321,436,10628,193,512,15587,2914,-1710,10650,-6434,1423
17171,3565,244,6146,3,1,17053,6146,-3556,6617,2945,-5274
11027,3829,-5004,17,280,-15294,14709,6336,-4638,-88,8775,-13562
2813,5613,-6248,-8168,2824,-16367,6907,5660,-5950,-7010,2274,-15568
3451,3683,-2186,-14321,2376,-16128,3037,4824,-1784,-14748,3030,-10072
-4925,3553,2420,-22219,2151,-12112,-867,4182,2596,-22849,12177,-3289
-4489,-263,2932,-27646,2113,3092,-5367,-186,3130,-27311,19307,4094
-15243,7933,11140,66,3136,10628,-10365,-2742,11968,-18386,15505,11659
-7561,4653,13052,-11756,3393,16898,-7035,-3298,12692,-10106,7474,17380
-6405,3505,954,-7103,2268,3234,-2141,-3506,10582,-4342,2475,20131
883,4981,408,274,65,520,2009,-2894,8172,694,-4508,18848
3187,5709,-74,96,2304,6898,7273,-1242,5848,4383,-9615,15869
10959,-587,436,6220,2056,3105,11201,-40,3430,7378,-13004,10942
9087,445,14,449,144,2,13721,1338,1256,8688,-14003,6185
9083,-129,532,4272,4352,0,15025,2880,134,7519,-8581,3436
10887,3629,-972,4771,5888,2192,15365,4094,-1450,4528,-1646,2084
11127,4781,-3724,1858,2312,397,14867,5378,-2846,1674,2584,250
8821,5805,-4234,-8172,4456,0,13341,6174,-3112,-2210,5150,-1860
10871,6157,-2636,-6140,6713,-4031,11051,6892,-2716,-5719,6995,-4271
3835,4141,-2172,-10748,8266,-7639,7563,6526,-1862,-8978,10172,-6125
4231,3505,884,1264,8193,-6008,4089,5788,-692,-13044,12907,-5874
-6957,3837,1168,4640,64,1094,-855,4276,3130,-16824,21261,-2687
-5005,2481,886,641,8,424,-5839,2668,828,-19704,24122,1078
-15689,6065,6524,-14218,4136,177,-10731,-2070,6802,-12462,5361,6625
-7299,7599,3572,-15091,9282,12545,-5163,-3946,7368,-6482,-2921,14470
-4921,3645,-134,64,2438,17291,609,-4250,5718,1602,-10370,18499
8949,4525,4380,280,102,16388,10083,-2528,4532,8790,-15764,16380
10451,-579,1012,8194,1287,8224,14591,990,1400,10954,-12560,12430
13443,3569,-1160,266,162,2065,15507,3970,-1340,8310,-7021,5811
11383,4201,-2916,3850,1548,68,15387,4788,-3088,3565,-2026,-233
12915,3645,-6156,-8152,0,-6012,12457,5912,-4950,-2306,1545,-6228
5363,4113,-4228,-9728,164,-6910,8355,6768,-3730,-9916,2734,-6714
1719,-579,132,-24576,272,1568,5157,6548,2524,-19025,17841,-2115
-5089,5663,5210,-30682,5563,1445,-1855,6288,3982,-21422,32767,1422
-21865,-81,5532,-25596,384,3016,-16291,840,5930,-16856,20174,8436
-20617,5059,7290,-12029,2433,12804,-11765,-2920,7242,-9932,2522,15290
-2425,4165,4988,-14328,333,0,-2117,-3648,4824,-4199,-7317,18529
653,3761,152,2309,4,138,6889,-3594,3160,2690,-15533,16873
13193,5841,-32,8200,5195,4206,13349,-1476,1892,9132,-18896,13566
17017,1101,-2028,11338,2048,6752,17053,1464,-2334,11782,-13156,6336
17109,1761,-3204,4368,524,520,16797,3192,-3402,6654,1483,327
10363,4549,-3708,512,65,-6986,14127,5370,-4060,1107,10785,-7410
8819,4017,-3912,-7789,328,-12126,9767,4470,-2914,-8154,17075,-11993
907,2991,-3138,89,19780,-13808,4031,3406,-3182,-11964,20180,-12757
-3325,-593,6,8192,23854,-15712,-1689,1286,-8478,-22523,24609,-8972
-19847,-591,534,114,14469,27,-20355,-374,-948,-19055,13031,1073
-21901,-559,124,-14057,1409,2080,-16261,-166,8716,-13794,3848,14942
-7195,8371,14,-12207,1177,2241,-5029,-566,7512,-9744,1520,19187
703,4545,1304,-16316,600,1827,1563,-2332,4998,-3396,-10221,18069
3755,8119,912,131,16388,6146,8129,-2268,3584,3381,-15684,15256
9145,8117,-44,2050,2212,1632,11689,-126,1116,6518,-14072,11820
10435,1765,60,2131,6144,6772,14675,2084,136,7127,-9803,6641
12919,1233,-4204,4416,5184,320,15195,3820,-2076,4273,-2353,159
13943,3547,-3656,-8054,140,384,13417,4776,-2974,-1475,8702,-5888
6405,99,-3136,-6125,82,291,8145,4516,-2536,-5702,11135,-9275
4851,3565,-2042,-11255,15393,769,4685,4538,-762,-10661,16106,-5928
1919,5549,-1932,17,17169,73,1809,5864,-950,-16910,17412,-2835
-7497,-51,372,2376,6144,4112,-1605,4016,1618,-26424,24588,-1593
-17277,7693,28,2600,1031,641,-16619,-3866,5514,-17291,7910,5481
-7309,7837,1146,1408,1120,9251,-6653,-6028,10888,-8253,1574,16740
-6349,2129,3012,-7279,8264,263,-155,-4354,6618,-1790,-2573,18707
2939,5207,-140,2080,512,136,7113,-2676,4562,3736,-11832,16931
11573,3697,2452,4098,4613,12355,11719,-1052,2290,6366,-11782,13380
9923,-73,508,7296,3328,8257,14121,1510,30,7387,-12969,7954
13043,3757,-1164,523,5728,519,16199,4458,-1460,4374,-7740,2307
12979,5917,-2186,-4928,2608,-8160,14751,6780,-2260,-1052,3244,-3726
8859,5621,-1656,-7424,2584,-7677,10289,7680,-1464,-7685,11631,-7566
1651,5621,-4,-12789,4,-7543,5299,6792,170,-12915,16973,-7091
1411,4049,504,-19444,1076,120,955,6230,1594,-19521,28623,-3674
-7369,4461,1908,-22528,4192,2144,-3813,4450,-3158,-22254,28923,-1632
-21757,6605,3972,-16252,5189,400,-16951,-1318,4778,-14714,12235,4050
-15101,4541,1284,-14184,1094,8752,-10433,-2868,5532,-8629,890,12354
-7565,4095,244,-15223,10273,6272,-2867,-2750,3852,-4287,-5509,15786
1669,4541,886,5,2180,4137,2317,-2806,2596,966,-13748,15566
1413,4109,-12,10,5121,832,7747,-1508,1740,6025,-19385,13986
11035,-567,-140,9348,1985,261,12493,236,1050,9707,-20200,10389
10883,-203,532,8712,2717,408,15593,2378,-678,9621,-17324,5191
12199,3579,-100,4104,2055,202,16123,4096,-1674,6203,-9120,-130
11717,4141,-2956,1600,1058,-4075,15785,6148,-2568,1405,1963,-4102
9075,4721,-1856,-7671,260,-8070,13133,6138,-2058,-3949,9374,-8060
10403,4269,-1786,-13152,649,-14080,9899,6554,-1974,-8730,13384,-9356
2739,4799,-1100,-15712,2049,-8190,6441,5666,-1382,-15048,19136,-7052
887,3501,-1416,-19966,1,-5503,4507,3918,-1646,-19876,26035,-5446
-6277,505,-2428,-22528,96,-3968,-6999,544,-2640,-20673,23810,-3386
-23693,7737,6580,-16208,587,1040,-17267,-2124,6550,-13291,5528,10867
-15245,7763,-132,-15232,1152,976,-9105,-2212,5016,-10914,575,19574
-5517,4573,-136,-7856,4144,4098,-1205,-3054,4542,-4215,-12365,20504
2197,4061,2036,708,1091,2,6965,-1662,2586,5273,-23744,17527
11897,4527,1012,7690,1696,4900,12181,-242,410,7765,-22456,12892
9339,523,900,6208,4,6752,14411,1392,-1356,6178,-15887,6473
9403,1713,-132,850,2050,161,14611,2804,-3014,3650,-8327,-220
8989,3565,-3956,644,4793,2048,13909,4284,-4050,422,-2808,-4597
9343,4695,-3932,-3815,2469,1028,13383,5156,-4202,-2814,2886,-7244
10435,3793,-138,-7288,1240,164,12173,5802,-3268,-6451,12052,-10209
9185,5549,-640,-9080,1312,-14944,8551,6006,-670,-8423,20107,-12821
2691,4575,884,-12540,258,-7840,2293,5426,1044,-12849,24472,-6862
-4971,4559,4,-17920,0,-7552,-893,5148,-138,-17797,28510,-1951
-6541,-401,-12,-24288,29005,1092,-6873,2216,-2724,-24464,28438,1446
-14731,4557,-1132,-23997,3841,772,-15039,-1654,-2222,-23400,14405,3734
-14841,1965,-108,-19192,2064,8336,-13607,-6296,7050,-15552,-7089,15755
-6277,2477,7032,-14045,6274,16550,-1485,-5440,7010,-9518,-9840,21563
3337,2637,6532,-10719,257,16515,3351,-4818,6386,-1566,-12033,18535
3699,3759,3960,5648,8472,16768,8095,-2836,3964,6066,-21094,16597
13235,3549,2702,1105,12,128,14057,-502,2276,10304,-21098,12609
13059,-67,-76,2121,2816,772,15481,1732,212,10401,-11879,4541
11639,3555,-4108,4168,4224,5939,15607,5026,-2622,4675,-2368,-2578
9381,5569,-4232,560,2316,3233,12949,6360,-3756,276,2733,-8816
8839,4791,-3116,-7647,4112,2128,8897,5024,-2952,-5787,6301,-12906
627,3605,-1594,1120,9240,2436,5387,4770,-1734,-9327,9724,-13136
1653,3897,148,3126,12320,1545,1637,5870,1136,-13241,15006,-8180
629,4807,-38,258,17180,-2176,807,5226,130,-19214,17686,-1813
-6501,1501,2084,-23221,520,776,-2349,2120,2116,-23339,18956,2102
-7049,5681,6036,-22509,2576,1677,-7857,-2562,6580,-21299,14337,6382
-15243,2157,-74,-14331,641,8448,-9779,-4098,9322,-12990,4322,14278
-5517,3525,-12,-8103,3164,16432,-4099,-4474,9374,-7670,-962,23073
627,3557,192,-4092,816,23074,701,-4172,6664,-1703,-6575,23022
3017,7789,120,834,4098,19498,7279,-2526,5656,3212,-11589,19202
11891,-531,-140,2573,137,8528,12181,32,4614,7325,-14018,13701
12923,941,-120,4,4096,5130,14423,1448,2730,9491,-11916,7581
12935,-551,4,515,1228,2584,15613,3564,-516,8734,-6651,2331
13427,1495,592,6146,4120,1036,15333,6190,-3876,5824,-3356,-2888
10137,2263,116,648,0,136,13937,7492,-4802,485,1489,-7282
8827,3853,-108,-11572,33,96,9427,6718,-4806,-3617,4922,-10271
1907,4655,-2700,-8064,2050,2050,5595,5030,-2740,-7375,10932,-9924
1331,3895,118,-14272,172,8312,2047,5754,-1060,-9451,15426,-7056
1653,6579,446,-15976,2826,4096,1747,7052,-860,-14104,20429,-3769
-7357,3549,70,-20367,2178,1044,-743,5374,1834,-19882,22874,-2808
-15735,5585,-620,-18622,112,32,-12567,-1586,-488,-16022,11813,651
-7303,3821,4992,-14142,898,10752,-6461,-4030,5156,-9211,-5488,12424
-5453,1587,6264,-6082,4928,20609,-69,-4996,6510,-1405,-9670,21052
659,3763,5440,4634,129,16416,6147,-3700,5652,5057,-14248,21162
11731,5181,3972,8254,4128,16792,13113,-476,3542,8300,-11004,18067
11897,-337,-136,8384,2115,8515,16605,2322,2538,8649,-5546,12739
17269,1007,-140,6544,4362,4098,17597,3604,-374,6369,-1636,6196
18191,4397,-76,2,12,32,18011,4776,-2192,3451,243,-235
17019,4935,-2060,4,289,178,16907,5886,-2332,80,3069,-7479
9459,4531,-2828,-8064,2696,137,13209,5314,-3140,-4289,2961,-12255
9407,3823,-3340,-15803,32,2128,8935,4836,-2486,-9798,5485,-14398
1203,3567,-2178,-16000,2561,4612,1611,4626,-2280,-13079,11774,-11348
-5513,3521,-12,-24320,24,71,-1821,4404,164,-19520,12230,-5607
-14149,-271,148,-23550,5224,910,-8709,494,1900,-23161,15833,2506
-15485,3637,244,-13824,4616,2561,-11055,-3794,8222,-13339,3896,12400
-6413,-47,-140,-6008,4110,1089,-2281,-5802,7628,-4916,-4358,17715
823,2645,116,40,4225,2304,5267,-5144,6084,2872,-11282,19278
8821,5549,-88,9413,128,14352,10409,-954,3776,9635,-13967,14918
9343,-395,-12,8704,2322,1537,14463,1636,4198,10685,-5155,7847
11063,2497,1424,8324,3076,4,15739,3524,1344,8557,3519,3835
12239,3501,-1160,2432,260,-7927,16079,5876,-718,6240,1216,-2425
13363,3761,-2700,4,3072,-7147,13311,6082,-3050,570,3136,-7302
8855,4581,-3720,-8124,4867,-16360,9357,7288,-3876,-7875,8657,-8237
5299,5613,-5638,-13160,6789,-7931,5943,7246,-4738,-13375,15328,-7792
-5513,4077,-3688,-24192,3108,2694,-1283,6384,-3674,-20144,20462,-9424
-7005,465,820,-23424,22753,9857,-8157,2572,-6542,-19183,21967,-5830
-15231,2067,3556,-14320,209,8795,-13779,-5914,3428,-13154,-958,9873
-7405,-77,2164,-15097,7960,56,-1217,-5544,2712,-6370,-8746,17223
887,1841,1396,163,8220,1120,7535,-5382,3836,2736,-21816,17751
10363,-3,1966,9216,64,1792,14375,1436,1796,9751,-24345,11764
17139,4885,-396,8216,256,1050,17415,5722,-712,8918,-15374,728
10875,5809,-2028,2313,2081,-5374,15143,6040,-1300,2510,-918,-5641
8827,3609,-1786,-8180,2178,-11472,12569,6632,-1886,-4072,11226,-9550
4277,3695,-1388,-15352,2350,-11695,8249,6026,-1708,-11315,19268,-9720
2739,4783,-1672,-15355,3080,-10685,2749,5004,-762,-15733,15617,-10210
-4397,1997,-940,-18424,2496,-7888,-4467,3078,-1208,-18514,9694,-6994
-15613,4529,-108,-15606,2144,6208,-11305,-3372,10078,-13072,-1781,7040
-5257,1517,-58,-5632,70,68,-4163,-5218,9122,-5138,-3253,17008
2677,685,2086,1,2048,64,3263,-5162,6010,3137,-9616,19880
10687,5549,2164,8740,1624,1361,10695,-2158,1914,9303,-14670,17414
10059,-467,2164,8726,148,22,14537,1670,-458,10430,-16116,8726
9843,3635,1240,2850,33,5128,16789,4954,-3078,6463,-9509,-3266
8827,5075,-122,1024,3232,1664,13567,7514,-3224,877,3862,-11077
8823,5885,-3860,-8175,2,236,9671,5272,-1926,-6595,13264,-15357
1907,3505,-2892,-15344,3072,-12282,5351,4006,-2590,-11268,7140,-11360
1907,1589,-1164,-24556,4224,-6011,2247,3178,-666,-19163,5172,-5285
-13627,3773,6388,-22508,1792,1680,-10057,-2964,8366,-21336,11792,4692
-15717,8117,14484,-14323,4176,18474,-9709,-5026,15906,-13765,7609,21034
-4493,-563,12800,-8140,7689,27720,-3753,-6698,11702,-3105,7012,28259
1715,3613,2044,529,6147,24578,5933,-1982,6680,1853,-1089,24524
9907,-275,2080,4233,19,1330,9779,2150,2252,4302,-5651,13246
9395,1477,1588,4320,-11643,1,11583,3672,-782,5398,-10719,5749
10003,4033,1430,4321,306,10375,12209,4346,-3082,4300,-9640,-1635
8837,4525,1200,16,5288,9222,11623,5078,-3230,-391,-1721,-6495
9859,6067,-68,-7680,2052,0,10301,6728,-2120,-7051,6787,-7797
2867,4399,212,-12783,2832,0,6753,6698,264,-12992,16769,-7030
2915,4037,1972,-19962,210,-8055,2585,5740,1134,-18152,21580,-4969
-6921,-339,-74,-24548,3011,-6437,-8075,226,384,-18652,14427,-1545
-14725,3537,6132,-15867,4101,9347,-10597,-3966,6110,-13377,4598,10084
-5491,973,6772,-7968,4616,16452,-4079,-6924,7502,-7130,-2904,18787
1179,-239,6644,-4076,34,18444,2481,-5654,6768,-2024,-7390,19822
3107,3509,-108,4265,3590,16518,7167,-3712,5898,4836,-13279,17269
10989,4979,-136,8624,4,32,11379,-570,3932,8829,-16553,12015
10875,53,-140,8230,64,1312,14807,2608,2632,9700,-15604,5195
11955,3701,408,8200,4288,2562,15873,4898,-680,7938,-8400,-640
8915,6653,376,0,4873,297,13309,7426,-2466,2786,-860,-6277
8861,5709,52,-12276,6160,1056,8671,7758,-2086,-4558,7159,-6348
693,5101,380,-9200,8706,1566,5755,7602,-1860,-8817,12456,-4250
2811,5037,-1164,-13678,8200,4115,3997,7328,-1050,-13043,14706,-2901
1397,5313,1908,-25567,394,7298,1127,5512,1816,-16946,19695,-646
885,3829,-332,-24564,6183,145,1099,4232,-930,-20225,22728,532
-15369,3763,2172,-19872,4130,776,-8911,-1410,2810,-16089,12375,3331
-7309,4539,-140,-9146,2049,1248,-6039,-3382,8034,-7888,-880,12166
-7411,4013,92,-2300,0,16522,-147,-2840,8896,-1793,-3876,17791
667,5645,-106,5796,1056,17408,5129,-2136,7154,6734,-11398,17286
8829,-339,404,521,576,8256,10295,586,5018,11228,-13515,12469
10871,2397,54,438,82,6658,15197,2770,2612,11149,-11233,6215
11123,3903,-132,7730,-5563,7,14961,4874,446,7434,-4958,-158
9843,3791,-124,220,-1496,-13614,13957,5676,-444,2348,159,-4606
9395,5041,372,-2500,4240,-8063,12167,5842,-1732,-2431,6337,-7176
9659,3725,-1674,-6064,1058,-13247,9097,6448,-1886,-6239,9547,-8467
4731,-559,-4074,-15276,2304,-8064,6281,8242,-3900,-8954,10666,-8075
2675,-527,-4108,-16293,6180,1,2209,7656,-3970,-15514,15098,-8137
-7053,1517,964,-24510,645,2082,-7247,2820,632,-20089,26418,-5867
-23821,3533,1022,-15600,6208,1889,-17565,-3478,-214,-13945,4440,2725
-7499,1967,1908,-14064,49,8449,-5937,-4786,5936,-8429,-3080,14558
-4905,-83,1908,-9082,4112,192,951,-5554,2500,-401,-12316,18653
8895,5293,-136,299,5121,1076,9823,-2358,646,4675,-19485,18197
9351,5837,-128,1704,1304,2496,13875,-524,-288,8415,-23069,14778
17499,3505,-1036,8788,3072,106,19469,4946,-922,9837,-20237,7665
17627,3545,-2180,4106,0,641,19129,6320,-1792,7621,-11073,-3903
9337,5069,-2608,1024,512,96,15005,5502,-2864,2881,-76,-9921
8827,5563,-4236,-3584,1108,-15599,12437,6634,-4352,-4085,5505,-13924
2739,5517,-4204,-10094,1,-13020,7409,5704,-3852,-9530,1678,-12485
3187,3507,-84,-17790,2069,-7804,3879,4724,152,-18438,8040,-4637
2739,3683,36,-24288,273,-7904,3333,4178,1340,-23387,18276,-411
1815,1617,-4,-27110,3048,704,721,2586,1850,-27076,23591,4178
-13701,5549,-16,-22528,3600,9474,-8883,-1464,8246,-21262,19443,9870
-15753,4629,-28,-15852,9,12385,-11091,-2618,9862,-13369,11663,15017
-7369,3759,-122,-8176,2220,19600,-6645,-3950,8388,-7105,2240,20474
-5245,3521,1940,-6133,3137,1074,-827,-4148,6370,-1063,-5570,21554
1395,3759,-68,1088,387,2112,5551,-2222,3648,3984,-13924,19480
10611,5021,-12,7312,4626,6188,10631,-902,1598,7895,-19361,14035
9845,-479,1662,352,8244,10,14265,1388,-698,11294,-22459,5693
9843,4029,-106,0,2320,8200,16363,4496,-2360,7930,-12262,-3960
9161,4717,-4156,2640,3353,6658,15057,5500,-3992,2594,-253,-9585
10691,4525,-5188,-5843,1068,16,10259,7054,-5348,-2164,1074,-15460
1397,3569,-4108,-13787,98,-12240,4579,4404,-3978,-14219,5751,-11465
1395,1717,-1648,-23808,3119,-4302,1151,2842,-1428,-23212,12026,-3866
-5379,499,2052,-28274,769,257,-1697,656,2840,-28310,17545,1708
-6787,3505,3512,-29696,57,40,-6761,-3668,4374,-28348,16103,5334
-15213,177,12164,-18422,514,8194,-10933,-7820,12070,-17336,5076,13267
-5225,-81,376,-9504,1348,20483,-4723,-7490,11794,-8951,-386,21988
827,7669,1526,-3064,1280,24608,801,-6616,9602,-2268,-3095,25111
2451,2099,1908,130,4105,23184,6685,-4376,7102,6790,-10751,23038
9091,-563,2036,8772,4145,193,12113,252,3170,10324,-12316,16008
13075,-587,212,8196,4152,4408,14345,3136,50,11301,-11607,5849
9913,3633,120,7561,4107,8260,14479,4468,-2304,7265,-2559,-2356
10245,3505,-138,3089,1152,8918,12399,4946,-3712,3076,3925,-7592
9145,5553,244,-7376,40,0,9645,6486,-3872,-1692,4036,-13388
925,5565,1466,-8062,1536,384,5743,6416,-2328,-7240,1605,-13109
3203,3793,-108,-16384,64,16,3281,6440,-568,-13868,5642,-8703
1251,4685,-648,-23167,385,-7392,1803,4760,-314,-21627,14277,-2951
-7021,6841,4236,-24554,1536,2315,-6251,-1396,4730,-23100,17654,3939
-15733,1461,8766,-16380,12,8264,-10375,-5640,9238,-13144,3728,14124
-4483,685,10488,-6780,2568,18318,281,-5098,10240,-5893,-547,20533
3967,3571,-106,1665,2064,17410,3941,-4206,5564,2337,-9832,21556
12939,5841,-36,9280,5376,16514,13611,-706,3192,9486,-19059,17088
11895,3615,-132,9344,3114,1281,16283,5364,-2098,9665,-12642,3147
9331,-509,1468,2050,6656,1185,13091,7994,-3926,3193,-423,-6738
8931,4655,-76,-3966,160,396,8221,6940,-3874,-3724,8858,-11924
2747,5549,-136,-16094,1184,517,2221,6216,-3538,-11567,18288,-10448
-6269,3507,-128,-32250,144,2592,-2151,4748,-2862,-20159,19682,-5168
-6519,301,762,-32760,258,5234,-7021,222,900,-22518,20224,276
-15679,4181,6908,-16376,544,3137,-10749,-2676,7872,-11620,1074,11918
-7035,3759,8062,-7534,2696,3,-1515,-4006,7654,-4755,-1401,16459
949,4177,6108,1540,3089,13586,5183,-3518,6176,2104,-9565,15543
11637,-435,4652,4936,2084,12544,12431,484,5450,5081,-8260,13928
8829,845,2956,164,1297,529,13365,3136,2990,5633,-2185,5206
10971,3513,1156,128,197,-7450,14939,5856,722,4435,904,-3842
8955,4061,212,1584,160,-13771,12565,6416,-2292,-335,3332,-9925
8997,5037,-44,-8032,14,-14240,8435,5466,-2876,-6645,4993,-12481
3795,4147,52,-14332,264,-9976,3751,5482,-2722,-14334,8718,-9684
-7559,1581,-132,-23656,2448,1224,-4055,1916,-1296,-21727,10831,-4494
-14651,5043,884,-24510,2208,4160,-14443,-2808,4246,-18884,6516,6449
-13707,1711,2552,-13183,1559,6299,-7813,-4742,7756,-11989,1827,15770
-1837,-563,1718,-13787,8224,1409,-1583,-5196,5382,-3883,-5901,17893
1917,3573,1966,2923,2128,69,6661,-3418,3594,3420,-14109,16793
11391,4087,1044,8736,5704,656,12417,-1694,1298,9249,-18838,10466
10427,2989,398,10512,24,789,16277,3364,40,10383,-15453,360
11539,6095,-1612,756,2095,-8852,15025,7620,-1558,5388,-733,-8530
10899,5557,-1932,-5312,2228,-11048,10853,6872,-1662,-4687,12011,-11170
627,5605,-3324,-13248,1026,-12096,4773,6040,-2348,-12877,18389,-9707
907,3533,-1804,-20222,2112,-7136,405,4050,-1892,-20471,22576,-6645
-5389,437,-1930,-20468,2051,-3456,-6271,898,-1794,-20534,14973,-2628
-14597,3551,4988,-15828,2084,8821,-9879,-3064,5668,-15599,1972,9721
-4489,2477,6356,-14703,4161,16,-4569,-5452,6188,-10217,-969,16854
883,3757,5032,-7803,4120,2178,1561,-3880,5726,-2191,-9079,19392
2747,4339,916,3905,3772,1172,8701,-154,4492,4274,-12837,17786
8819,781,404,6656,136,8224,12997,3374,1018,7723,-15293,8750
9139,5591,2070,2084,4172,8276,14397,7054,-1914,6082,-11822,-3533
9075,4525,-58,3,4613,4660,11111,7182,-3728,1489,-3385,-11581
2675,4015,-138,-5710,2,376,6977,6206,-2146,-5330,2599,-11476
627,3575,-136,-12227,512,-6911,4491,5856,-2318,-11765,11036,-6149
1205,4085,-10,-19290,2242,-4080,2965,5324,-710,-17361,15157,-3337
627,191,-132,-23519,1211,-7164,843,2020,-1232,-23394,19935,-2956
-15237,3601,132,-18304,273,2050,-10387,-4288,4570,-17017,5699,2886
-5483,1467,-140,-11776,-1020,8258,-5033,-5930,8490,-10290,-990,13410
-5933,1457,136,-3568,512,16912,-1951,-5846,7018,-2858,-3857,17350
2995,1649,-72,1093,140,16513,4347,-4952,7004,4482,-7612,17068
10189,5101,244,3892,1701,14436,10413,-266,5430,8350,-6493,14919
9411,-79,196,10776,3094,160,13459,2394,1978,10724,-9051,6893
11419,5685,-76,8,0,2063,15125,6392,-1312,6288,-3207,-1035
11541,-587,-5130,2129,2065,4129,10969,7970,-5550,1739,-6187,-9787
2691,6099,314,-14307,132,4632,7881,7810,-4624,-6541,-4560,-11661
2723,4191,384,-14207,1089,6400,2495,6514,-3600,-14679,2339,-9667
-5517,3757,-2,-29120,6160,2624,-1805,6212,-278,-21271,7759,-4952
-7437,567,20,-32621,0,264,-3379,374,-732,-24896,9751,942
-7523,4701,7804,-24272,4096,4636,-6479,-3506,8116,-20502,12488,7428
-5973,-531,10264,-16372,4692,4200,-5607,-6582,10038,-11577,5262,14482
-6541,-587,10116,-3791,640,2192,-111,-6910,10068,-3336,1534,19848
1011,3653,6658,2698,512,2,4997,-3850,6336,3143,-5759,20411
9365,5837,5302,7176,52,16400,9553,-1196,4912,7537,-10226,16355
11061,-339,2076,11266,0,3920,12431,1482,1738,11956,-16555,7366
12021,4141,916,10272,1034,153,16097,4550,944,11236,-12314,401
11051,4625,-876,5570,9,-4080,15175,5776,-1302,5096,3696,-1678
12917,3917,-3076,-2556,3392,-3712,13013,6814,-3042,-741,11945,-3841
10867,4141,-2784,-8169,2185,-8192,10123,7024,-3038,-7221,14619,-6346
1043,5809,-4736,-13312,85,-7648,5179,6292,-4906,-13726,18712,-7689
-4907,3505,-1852,-21856,4551,-10048,-763,4482,-1544,-17687,21364,-9268
-7465,3509,-94,-18550,340,1301,-6133,4620,-2782,-18539,18531,-8857
-15501,53,378,-17152,6144,4248,-15887,406,610,-16463,5220,-2848
-14957,4045,5140,-12272,384,6304,-10473,-3626,6900,-11421,258,8803
-6985,561,3956,-16240,9476,3296,-3605,-4908,4744,-6516,-3245,16509
2737,493,3332,-9726,2179,2048,2903,-4944,3060,-1390,-10011,18690
2423,3647,952,3586,4096,513,8881,-3776,3316,3848,-16959,17861
8847,4653,382,4129,272,40,13941,-1940,2912,7330,-20221,14781
12211,-531,-60,8224,1126,6273,16573,2292,132,9388,-18698,7327
18035,3721,-1674,433,49,-8174,18325,5404,-1452,5465,-1452,-4409
9915,6061,-3110,1155,864,-15638,13667,6014,-3268,1297,9418,-11817
8837,4077,-4232,-6976,3584,-16330,8713,6520,-3668,-5519,16740,-14810
4771,4799,-4200,-14848,2049,-11771,4785,5124,-3910,-13249,20197,-11321
-4641,3517,-4108,-16384,2069,-9131,-1271,4220,-3434,-16615,18087,-8716
-3917,2645,-6140,-24056,370,768,-4563,3340,-5608,-21119,9593,-4922
-12673,6069,2036,-23804,4224,1304,-12687,-542,2410,-21524,3712,2328
-13581,3531,7288,-22488,2144,1025,-11777,-2806,7452,-16074,-587,12474
-5645,3757,372,-14838,66,553,-5621,-4122,8630,-10258,-1572,17382
-6019,3667,1988,-7917,161,2061,401,-4194,6746,-3173,-4136,18997
661,4525,2744,1160,34,1296,4781,-3474,3408,1570,-8343,17592
8893,3541,2036,56,578,6146,9449,-2166,2218,6697,-14146,14372
10411,-403,-124,8450,9320,513,12585,-108,390,9170,-18941,9629
9079,433,932,9629,8709,2176,15137,3008,-1472,9481,-19502,2706
8947,3953,-136,2050,4104,147,16335,5470,-1840,5943,-9564,-3829
10383,4669,-60,1712,176,-9180,14263,7564,-2546,1591,1831,-9436
11389,5041,244,-3007,196,-11787,11589,7358,-3300,-2860,9020,-11919
8827,6061,-2684,-10176,2144,-16336,9491,6202,-2880,-9364,15452,-11255
1395,3503,-3144,-16312,1162,-16344,4943,4698,-3258,-16636,17670,-10885
887,1559,-3160,-24304,1025,-7505,1411,1936,-3994,-24688,21483,-7058
-14555,3605,2870,42,1041,-4092,-10569,-3832,2992,-20182,8179,-918
-13653,-315,-68,-12746,778,10002,-9065,-5758,11032,-12081,-3733,10880
-4301,-587,-120,-7897,1024,104,-4185,-5498,7272,-6086,-3274,18757
707,1773,9124,-5623,514,275,931,-5108,8918,-34,-2270,20751
883,3761,6020,2050,2080,4162,5163,-3268,5228,3692,-5202,20618
8849,-323,1412,12,1568,518,10147,130,3344,6052,-8709,16556
10643,453,1268,8523,2308,6145,12627,3040,1430,8596,-14407,6931
10611,5049,3002,4112,1296,5120,14505,5970,-972,6116,-14394,-2792
8883,3669,628,561,5248,4904,12455,6222,-2668,220,-1629,-8458
9587,3693,884,-6126,14,201,9371,4956,-4922,-5823,4141,-12176
1395,3503,194,-12248,32,-12124,7333,3732,-3798,-12569,8931,-11814
2207,3583,116,-18392,2064,-11224,4119,3968,-944,-17500,18998,-10567
-5513,1107,-8,-19391,13,-12032,-345,3456,-1726,-19244,20551,-9952
-13549,3541,6,-20424,800,-5085,-14203,-2660,3216,-18095,11454,-3513
-15229,-139,7126,-12264,-4080,11656,-13669,-7076,7628,-10800,-4835,12712
-5933,1077,-132,-5049,-8428,19336,-1441,-6902,6594,-4619,-8469,20441
827,1517,5110,832,661,18512,5407,-4766,4854,2439,-14132,18480
11379,5045,3580,8194,2113,13344,11625,-340,3752,10016,-22354,13687
11171,751,900,8192,1160,42,15165,3256,426,9208,-18745,10932
12983,3565,-652,13,2088,1696,15519,4430,-988,6360,-9286,1130
9397,6349,-2954,2340,3081,34,13225,7224,-2852,2990,3906,-6038
2295,-439,-1612,-14839,4096,4160,7793,8628,-1736,-7655,13251,-13030
1689,6061,-4228,-14184,33,4752,1319,6814,-4290,-14792,19466,-10296
-7437,1469,-936,-24576,6220,2562,-3605,2894,-466,-22213,15028,-5138
-7557,3521,-12,-22016,2368,2136,-8355,-2514,870,-21019,10210,3012
-7525,4349,10,-15932,2252,4872,-5483,-3716,9474,-11322,1933,13728
631,-531,0,-5052,4544,65,789,-4992,8186,-4017,-1543,19794
1679,3503,-76,597,1034,4,6339,-3904,6438,3032,-5170,21176
8827,5331,-140,8216,2720,17416,12127,-254,4520,9314,-9239,17216
9847,1473,0,11686,66,4736,13999,2612,2016,11667,-9888,6197
10873,5557,132,7200,1409,-7146,15015,6092,-58,6859,171,-6508
11123,5821,132,-3028,1024,-14324,10829,7134,-2238,-355,8206,-12879
1651,3823,-2828,-12666,256,-15151,6267,5608,-3042,-9156,8696,-12653
4019,469,-2188,-16256,3097,-15936,4035,2924,-2096,-15391,11527,-8986
-3341,445,884,-22416,56,-4032,-2077,3152,694,-17824,11011,-3558
-13165,1469,2428,-22779,4096,2965,-8951,1918,2538,-16284,3848,3624
-12653,5805,6196,-16320,64,128,-7967,-684,5824,-13484,4610,12805
-7405,5345,-140,-7807,517,1156,-3053,-2422,5946,-6920,500,17612
883,3693,792,-5628,2048,32,5557,-1952,4620,-1248,-5939,18126
8827,-337,2172,2730,1128,8448,9817,-126,2444,3484,-11103,14280
12915,1069,1402,6177,7680,4164,13763,1546,-810,6471,-16523,5764
9107,4561,-140,1155,6242,4299,15089,5494,-2190,3661,-8098,-4496
8829,-75,-1126,-7160,3394,289,12395,8206,-1226,-3912,4994,-11634
1663,5585,-1156,-12159,1053,-15104,4985,5880,-1600,-8822,13813,-15043
-7009,1583,5116,-15982,2136,-8189,-1963,1866,5108,-15526,14465,-7556
-5461,-235,2182,-19128,1028,3233,-5137,-118,3414,-17016,3328,4174
-4469,5573,10612,-11264,1026,10320,-4329,-1894,10288,-10662,3580,14916
675,4017,10772,-6613,517,17744,2879,-2634,10272,-4035,525,19938
3463,3635,118,1096,7,20544,7573,-2030,6124,2384,-4006,20649
11927,-467,398,4128,1045,15360,12011,476,4248,7051,-7143,15156
9907,5039,212,3154,4160,3,14915,5584,436,7606,-11971,4471
11125,-545,2020,1232,768,166,14623,8574,-1516,1589,-3546,-7224
9083,5613,948,-5631,1025,403,8727,5854,-2632,-5803,5643,-13884
693,687,372,-15871,5906,4232,4283,3000,-3522,-12462,14287,-11985
723,-337,-40,-24572,6160,5026,205,1916,-1374,-17456,14872,-7998
-7553,4631,118,-22496,1764,9,-6835,-2030,-524,-17888,13321,-2116
-15053,5677,180,-14208,203,11460,-8619,-2272,9306,-9864,1316,12268
-4333,3517,-130,-7412,162,16433,-75,-2426,7980,-4137,285,19788
723,5113,7668,588,592,18564,5179,-2498,7420,1019,-5008,19971
8853,5397,-56,6176,72,17416,11197,-100,5352,6792,-7589,17190
9589,-579,2356,9217,4120,8706,13591,2790,1936,9837,-9941,8070
11319,4525,-1544,4113,1610,-3050,14969,7144,-1848,4319,-3891,-3800
8955,-591,118,-6007,0,256,8539,8906,-6636,-1561,-6874,-15542
1655,4205,126,-23168,4472,2088,1141,7240,-6746,-17110,4703,-10291
-7557,2093,116,-32736,4870,8251,-3125,2164,3440,-29758,15891,-2174
-15243,1589,120,-31232,4120,8232,-11441,-5078,9444,-21534,13124,8955
-5517,-457,888,-9725,6552,36,-4903,-5834,8682,-8964,7523,16728
683,-51,-140,-10239,8557,0,1221,-5714,4826,-1481,-3059,19769
1687,3523,-122,1,5312,1050,8137,-4092,4256,2833,-11278,19565
8825,-593,3060,8224,336,72,13211,-170,3102,8637,-15711,16444
9639,1711,132,8608,2178,2304,15829,3758,1342,11835,-12607,2319
11013,5587,-90,6656,528,-7088,15209,7550,-374,7097,5751,-5214
10995,5565,-1476,-1307,66,-13760,11775,7532,-1760,-609,15467,-9753
2805,3757,-140,-7676,1032,-15359,6465,6034,-3754,-7999,13109,-11021
4745,3505,130,-15208,4608,-10592,4079,3916,-2758,-15025,7507,-10325
-4491,437,-136,-20351,2050,-7960,-795,2426,-942,-20200,2506,-5502
-6257,4041,-132,-19064,2052,28,-6315,-1914,9460,-18653,2184,3764
-4493,4721,-140,-11125,2176,0,-3757,-3168,9802,-10113,2415,12690
-5453,3833,-88,-3259,2079,540,-1253,-3600,7606,-2821,1810,17300
2807,4083,24,2744,2122,12,3421,-3466,4892,3252,-6131,18378
3271,4929,2344,592,4640,4097,8315,-648,2528,7049,-12256,14553
11403,-435,1590,8608,4136,2560,12929,1848,1114,10763,-20536,6073
17013,5565,120,8704,32,3700,16645,6324,-272,8780,-15486,-4739
9335,4535,-1148,2336,588,580,15061,7000,-1486,3667,-1012,-10723
8859,5615,-2156,-3932,626,-12930,12391,6602,-2682,-1606,11670,-12958
9619,5555,-3192,-5085,278,-15343,10473,5984,-2648,-4514,13591,-13219
3509,3917,-3082,-13356,1032,-15352,6753,5642,-2922,-8573,13591,-15409
2365,3501,-3948,-15606,598,-15360,1531,4038,-4200,-12770,10792,-14972
-7431,-83,-1818,-19442,3468,-16128,-4337,-192,-1408,-17561,7461,-10888
-13187,5085,-1916,-19959,2312,-4054,-9691,-1536,-1690,-18075,-2510,-1407
-13307,3665,7058,-15776,1547,12417,-8359,-3798,7732,-15386,-5869,15090
-6025,1997,8246,-14227,2052,21288,-1769,-4708,8254,-12666,2397,21549
-3853,4021,8578,-14319,768,24,283,-3890,8594,-7946,437,23696
629,3519,24,-6144,36,2690,5307,-1740,8208,-910,-3983,24426
3891,4077,116,4098,1029,4145,8817,-772,4034,4930,-7462,20921
8871,-337,1940,5128,2052,8200,13063,2260,2274,7581,-9490,13818
8883,1983,388,2609,4452,1600,14031,4764,178,7700,-9764,4846
9843,5055,2228,276,263,8960,13927,5270,-1500,4526,-5194,-3783
9955,3523,-86,-6127,2050,4616,11971,6074,-2580,-1002,3570,-10057
8899,4687,-58,-8190,136,5,8775,5846,-2174,-8564,9433,-11437
2691,3589,-4,-16244,4145,-9470,6597,3940,-1540,-16045,13693,-9277
931,1509,1920,-19630,4,-7900,1917,1456,2220,-19425,17500,-7236
-5381,6061,166,-20336,2144,-8191,-5367,-572,-444,-17953,9416,-3726
-13693,3533,8116,-16296,2268,12,-13047,-4204,9424,-15752,2023,6170
-12557,-305,10196,-12284,528,17280,-7631,-6104,9990,-10450,347,18066
-3979,559,10612,-7520,320,20481,437,-6654,10262,-4949,400,22828
643,-429,7748,6,1286,20656,4659,-5604,7230,1054,-3126,23737
10451,3769,6790,128,281,5,10711,-2788,6296,4382,-5760,20497
11251,-81,4020,8368,4652,1058,11539,-326,3240,8746,-10243,12996
9891,3781,532,8740,216,3084,14811,4708,-682,9741,-15808,3283
9591,-495,148,130,8,962,14417,10142,-3818,3197,-5711,-6719
8851,-339,3076,-3951,2,2144,8319,9514,-4656,-4348,3016,-13580
761,5557,-136,-13200,3584,704,4905,5774,-4484,-13393,8052,-14262
661,1455,2240,-24575,1104,4936,1651,2788,-5092,-20291,9650,-8966
-7509,4529,656,-24223,621,514,-2115,-464,2664,-22873,17225,-4121
-13661,189,900,-24320,1026,64,-13265,-6960,9258,-17963,9552,6061
-15225,431,464,-8160,5644,73,-8343,-6880,11788,-7419,-912,19598
631,429,126,96,11,22658,2321,-5342,11352,852,-4246,22890
9587,3507,6392,4098,608,16387,9829,-3488,6114,6692,-7901,19811
8855,6573,2948,8194,2368,8193,13833,-234,2224,12607,-18540,10882
17013,3501,-118,8192,81,128,17351,5110,-706,9354,-13092,-740
11009,3517,-1994,3329,528,-8122,15337,6650,-2266,3000,2484,-6712
10947,4021,-4874,-5048,84,-11944,10449,7428,-4548,-964,9363,-11043
2933,4575,-3910,-7412,4234,34,6635,7060,-4152,-7194,12896,-11881
3189,6127,-5194,-16096,4416,776,2943,6444,-4900,-14727,15435,-9024
-7421,3809,-3724,-23296,5762,3,-3147,4780,-2716,-19199,16236,-6907
-5261,4013,120,-21300,4225,3190,-5339,5344,-2518,-20724,13213,-4203
-14381,4525,-72,-24000,1024,2320,-12581,-1316,1900,-21562,5236,3667
-13789,4013,2940,-16204,74,4224,-9181,-3978,7068,-15221,-281,13028
-6501,1455,3060,-13818,1282,517,-1847,-5092,6694,-8059,-4475,17588
2933,1455,440,-11264,9565,16,3845,-5306,5342,-1836,-6991,19186
9083,3629,908,3632,450,2504,9287,-3822,5302,4241,-12148,19231
8825,6325,-40,8325,288,2184,13577,-1470,3648,9588,-13884,15314
11133,-83,-118,10625,100,296,15207,2364,1030,11196,-11495,7534
11507,3805,-108,10309,2048,-2749,16791,5106,-992,10141,-5353,-2778
11009,6849,-1672,134,4244,-13280,15869,7614,-2346,3873,6240,-9610
11387,5683,-3148,196,80,-16224,10953,7134,-3050,-58,12496,-14624
4747,3553,-4064,-11772,1569,-13806,5397,5872,-4368,-9948,18402,-13547
-3453,517,-7288,-21452,2224,-14072,-935,2790,-6464,-17817,18504,-9556
-6701,1453,-5476,-23546,1297,-4088,-7175,2798,-5118,-19396,8406,-3075
-12683,5679,628,-24187,1312,18,-12689,-1960,3254,-19827,1415,7565
-6541,4855,6004,-15260,432,2084,-6247,-2520,6014,-14775,2351,14881
-7405,3757,900,-8032,1217,0,-2381,-2226,4902,-6957,-3346,16792
1715,5697,-100,130,-10240,11793,6127,-526,4848,-341,-8815,16094
9917,533,-90,2508,4528,11331,10023,1344,2428,3701,-11019,11111
13571,49,1908,4101,1647,577,13705,2870,1428,4364,-10526,4266
15363,3541,1012,176,8264,3669,15149,4218,744,2234,-3300,-4779
10011,5309,-636,-7158,8,-12187,12467,5706,-824,-1025,868,-12233
3459,4015,38,-8138,512,-16120,7157,4684,-2112,-7282,11094,-14842
3189,2381,-12,-14207,4166,-14782,2501,2416,1472,-12907,12572,-12286
-6541,2489,656,-15325,129,-11460,-6775,2322,226,-15684,12127,-2250
-15749,5583,-140,-10680,1105,5768,-10837,-1440,8950,-10554,3468,14882
-2955,4013,-122,11,768,19009,169,-2550,8014,-6893,1512,20251
1651,3893,0,-5624,32,528,4575,-2208,5186,-606,-8378,21292
11411,4613,4734,277,2080,5121,11619,-308,4318,6839,-13706,15572
8821,4205,192,8192,35,578,15365,4786,1314,8496,-14067,6498
8835,4269,-92,32,526,10372,15007,6802,-2184,4097,562,-2291
9371,6159,-140,-6136,1808,3584,11065,7940,-4968,-799,10026,-8984
1019,5555,-140,-7080,770,197,7233,6222,-4308,-7549,11558,-11439
2167,4781,164,-16313,34,5573,3967,5130,-5538,-16680,19844,-8717
-6237,-211,20,-24576,324,80,-4883,930,642,-19984,20528,-6850
-15497,5629,-12,-14936,5122,2,-11959,-2238,3528,-14399,-1527,2421
-7371,1543,8822,-7741,210,16916,-3329,-5022,8376,-7312,-1543,17755
629,1521,-134,545,257,17621,1741,-5924,7772,1285,-8259,21775
11419,5817,6024,10304,130,17920,13193,-1544,5438,10556,-14921,17727
11961,1737,214,9482,1552,8192,15771,2672,2612,9419,-5962,7806
12109,3535,-124,2064,545,-6781,15957,6184,-428,5927,-2098,-3141
10355,3633,148,11,18,-14135,14047,6514,-2804,853,856,-8707
10355,5551,-4994,-5624,24,-12126,10061,6236,-4456,-6058,165,-11559
651,5551,-3096,-16096,5296,6,4169,6242,-2534,-16047,8336,-10768
-7531,3565,564,-21999,71,26,-3979,5762,-434,-22209,18133,-7202
-14605,-595,52,-24560,12936,8706,-11173,-1092,626,-21650,13186,-648
-14731,2109,494,-13759,708,8224,-10261,-5836,8490,-8100,-2667,15535
2965,-335,2060,-8120,8200,4128,3181,-5124,7262,-1107,-2565,21065
9345,4655,28,2176,6144,3088,9827,-2762,3976,3731,-9966,20052
8947,-183,630,8928,4373,264,12865,1074,916,10103,-19544,10512
17067,4607,388,8192,4216,-1968,17155,5148,-922,8602,-10957,-1019
9203,6573,-104,7,4298,-8191,14385,7142,-2314,3851,4863,-8201
10869,6255,-3178,-7996,2060,-16253,10993,6770,-3218,-3395,10577,-12248
1491,3765,-3708,-13916,1306,-15838,6069,4990,-3940,-13999,14452,-11601
-7155,205,-1804,-23744,5256,-14012,-3139,618,-1224,-19806,16044,-8328
-15661,4021,948,-24316,4737,538,-15915,-1916,2244,-19754,6216,3637
-7163,2301,12280,-15120,4,65,-6625,-4664,11846,-10506,303,22424
3219,4031,9598,-7395,16,944,3519,-3762,9482,-1626,-3396,25395
10877,-595,404,336,548,64,11647,308,4326,5394,-11795,18381
8819,1501,532,2177,1304,4480,15061,3278,280,5910,-12958,7013
9653,3989,1908,1,40,9261,14501,4832,-1800,2009,-7480,-2941
9987,3949,2036,-7883,1922,6400,12021,5336,-2432,-1840,2437,-10130
8955,5845,-12,-6904,128,2112,9477,6372,-1520,-5003,9271,-12946
2199,3565,-140,-7936,5252,-13308,5925,6914,-1930,-8431,15872,-12645
2875,3587,-96,-16196,640,-12288,2679,3648,88,-16109,21341,-9091
-6909,2285,3188,-18238,583,-7000,-1797,3120,2514,-17259,21833,-4779
-12653,6335,892,-15744,2184,-7160,-10009,-972,2846,-13949,10364,98
-12683,5805,6068,-11766,464,8728,-7603,-2358,6294,-11235,-1985,9785
-6529,3569,7820,0,162,9312,-1827,-3482,7536,-7742,-3716,16593
2291,4021,-138,-3582,216,19496,2383,-3552,6174,-3206,-7327,19734
4469,3885,372,501,0,19008,8571,-1638,5144,1879,-10718,19984
8851,-587,420,4352,4632,20,12281,522,3378,4671,-9438,16500
9875,1585,1140,2048,34,1769,14139,3512,1396,6082,-7570,9377
11285,5843,2036,4120,1,369,15163,7556,-782,3973,-3839,1997
11263,1589,4484,-2941,2064,2368,12299,10660,-508,-677,3705,-5206
9397,507,3204,-5335,2560,6672,8817,8980,-42,-6153,11736,-9604
1141,4591,1916,-15808,1024,274,5001,4806,-1244,-13838,20579,-6648
-5513,439,788,-13762,2354,4344,61,3174,1200,-12534,18280,-3275
-7555,479,60,-12254,9763,75,-7065,472,1086,-11746,9453,1785
-6473,6107,7286,-7904,0,2440,-5943,-1418,7676,-6595,543,11331
-7369,6593,8056,-6854,4241,514,-587,-658,7596,-1847,-2957,17230
3407,3629,5620,522,101,264,3563,-658,5644,1878,-4707,18685
3443,173,5532,4608,1,16420,8863,512,5714,6053,-8170,16540
8947,1821,3958,5128,547,12374,13209,2272,3772,8006,-6827,14567
11091,4013,2620,5376,16,8291,14807,4364,2470,7349,-1562,7900
11155,4545,-130,4808,2114,180,15591,5500,1384,4569,2801,1058
9427,3629,134,212,4120,-7540,14169,6026,-344,855,5228,-5613
11943,4141,-104,-3967,2048,-10046,12081,5500,-1444,-4300,7257,-10371
8823,4525,244,-10716,170,108,8613,4766,-2688,-9035,8620,-12569
1651,3525,-108,-16376,2244,2,5933,3878,-1954,-13987,11121,-12150
635,1525,888,-16304,8,773,141,3006,560,-16449,12470,-9192
-5501,687,-114,-22436,2122,1344,-6139,1080,1006,-18188,11433,-4409
-15755,5293,260,-16336,2049,3340,-11991,-652,4782,-15799,5859,4345
-13483,5453,-138,-12155,12,5234,-7659,-2520,8650,-9098,1236,15877
-4395,3501,916,-7642,24,2067,627,-3266,5452,-2050,-5777,19670
2805,5037,2934,808,1,1040,7325,-2452,3168,3079,-10416,19665
10915,4017,2420,170,64,172,11281,-1286,2050,6510,-14575,16792
9103,-49,118,9632,6273,2090,13575,1808,-408,9839,-17603,9542
11331,3677,-68,616,4124,1300,16315,4396,-1788,6633,-10679,1291
9875,6585,-74,3217,1,76,16265,7970,-2886,3530,678,-6458
9011,5049,-140,-3920,1681,-13298,12933,7312,-3450,-984,6079,-13485
8947,3501,-108,-7859,64,-15630,8513,6506,-4200,-6843,10385,-15324
703,4029,-3148,-15867,17044,-15872,5717,4222,-3074,-15290,17561,-11161
-4451,2493,-892,-18928,21537,-14336,-1159,2932,-720,-18865,21484,-8215
-7563,2159,-140,-24576,60,-8192,-4339,2174,-2982,-22569,19282,-3379
-21369,5573,2944,-20412,6,8,-17387,-1250,2956,-19133,7179,4195
-14333,839,6524,-15231,2577,13346,-9299,-4920,6524,-14694,-1848,16250
-3435,-195,-76,-12780,26,288,-3161,-5922,6226,-8271,-5588,22619
4469,1589,4342,-6877,4388,656,4765,-5026,4666,-1605,-10240,23370
9075,4013,4980,353,274,2304,9845,-2606,4502,3416,-13967,19831
11211,1469,118,0,2048,3097,15327,3182,188,7009,-17365,10893
10675,4781,2204,160,258,139,16371,7432,-1348,4230,-4474,-278
10037,-587,62,540,76,8196,13747,8236,-3354,302,4698,-7219
10867,6189,1268,-10974,142,0,10593,7222,-2738,-3038,9772,-12368
2787,5167,910,-11520,37,6148,8407,5682,-1410,-11165,24350,-9290
1175,4799,-110,-14832,54,2054,2905,5590,-5282,-15011,22164,-8988
-5003,-515,-1644,-21960,137,8,-91,1638,-1678,-21116,17138,-8189
-14885,1565,1420,-20196,512,-4032,-10707,-5190,2688,-19408,12128,-1359
-12799,-83,6004,-14812,928,12297,-11149,-6580,6634,-10041,-2841,14599
-6429,-399,6006,-8127,2304,20482,-2167,-6154,5828,-3803,-5249,22326
759,3765,4484,-3568,134,20533,5777,-3420,4676,-209,-7714,22450
10371,4917,-60,1040,42,17800,10539,-450,3754,3677,-12223,17379
10627,229,56,4108,192,8320,14949,1676,1768,6191,-15566,7833
18165,4541,-140,1506,5450,-1939,17861,5668,-222,3831,-7536,-1288
9719,1461,734,-3070,64,1161,14203,10076,-3724,-793,539,-11341
3875,429,1332,-9184,4160,0,8139,9598,-2798,-9394,7209,-15730
2743,4623,990,-20198,4832,256,3255,4824,-2646,-16873,21661,-12556
-7149,1677,2548,-26560,2592,8192,-3043,2316,-766,-17723,22834,-6606
-14669,3501,28,-16302,8592,580,-13017,-2514,906,-13808,7542,1522
-6245,3529,218,-8060,4096,72,-3537,-3902,6360,-6966,-3908,16953
-5901,3517,124,-5374,2113,32,585,-2950,4528,-796,-10538,19786
2685,4853,-104,664,665,17760,8311,-760,4156,5515,-20159,17562
8835,945,-102,8224,47,8282,13921,1300,3408,10456,-19982,12088
17205,3825,400,8297,-13024,3,16973,4754,164,10221,-12233,4333
11943,5597,-1660,5120,1792,-7679,16543,7582,-1902,6809,2905,-3534
12923,4719,280,89,536,-7936,13715,7272,-4044,515,10207,-7505
10109,3503,-4714,-7646,1536,-15840,9833,5704,-5052,-7036,10087,-9656
4791,3797,-6218,-15616,8000,-11136,5089,4422,-5762,-15257,8193,-8910
-3467,429,-2948,-32738,8280,-5886,-1489,1040,-432,-22814,12103,-5666
-5513,-519,900,-31680,8197,194,-7173,-368,1290,-22710,10639,2153
-13157,-559,10384,-12718,5200,6182,-12863,-458,10560,-12033,4821,15180
-7565,6103,2934,-8172,289,4649,-2023,-1618,11122,-5433,4775,21266
631,4655,4000,-8060,4272,5444,3301,-2938,5720,7,-2203,21759
9875,4781,-44,2368,7196,14,9979,-2496,3750,6660,-9356,18799
9971,-581,-120,33,0,0,14237,-546,736,8780,-11651,11959
17127,2675,-68,8256,6568,512,17343,4224,-460,8506,-9364,1854
10931,4543,-2188,160,1120,-8103,15681,7568,-1766,4995,1971,-7324
11385,6585,-3712,4,1088,-16359,12085,7168,-2932,1041,11848,-13686
2803,5679,-4108,-8044,2112,-14123,6495,6202,-3186,-5955,15675,-13745
2949,3599,-3972,-14845,10,-16361,2445,5116,-3602,-12925,17461,-11293
-4729,5489,628,-14062,1068,-7648,-3441,6068,-772,-14515,12830,-3086
-15623,-77,1652,48,4865,6528,-11831,2160,1824,-15667,5626,8548
-7275,5583,-140,-16383,0,15361,-5165,-2368,4458,-14733,2108,15671
2939,4015,7348,-8192,2050,2178,3083,-1748,6544,-5035,-6111,20398
9595,3533,-118,777,176,20,9857,-1228,6342,4311,-7803,18115
10139,733,652,4385,3796,8704,14225,1762,2296,8271,-8247,9177
8821,3517,1912,4642,3621,14504,13031,4770,-2362,6684,-4374,-1702
8963,5293,3460,104,8224,4,11005,7678,-4710,2133,-3629,-10523
9109,5589,380,-5872,10756,1024,9353,6388,-3034,-6246,-229,-11009
645,6585,0,-16334,6178,-11520,6567,7144,-1140,-13753,8506,-8191
659,3871,116,-20423,526,-6103,1481,4106,644,-20342,18421,-5504
-4669,-337,3956,-19916,128,299,-4763,202,3460,-17539,11650,607
-12669,3579,-108,-10428,20,5376,-8221,-3604,12082,-9672,-1443,14538
1139,3757,-140,-3424,9,19580,1515,-3632,10846,-2934,2146,20100
3755,8115,-68,515,1573,16933,7855,-2542,7276,5072,-216,18953
8823,-595,3808,8196,4114,8709,13033,1522,3328,8826,-2506,12354
12919,4599,-1156,353,2,640,14083,4956,-1152,4675,526,3571
9331,-477,-6156,-10232,274,68,9839,8668,-5212,-1844,115,-8483
1139,5709,116,-15360,4,14,4719,6772,-2880,-15832,7377,-11895
-5389,3639,126,-20479,13122,10497,-5425,3910,2432,-19993,12848,-5338
-6499,7599,2932,-28142,817,1036,-7361,-2808,4288,-19351,4015,6408
-5487,3631,-140,-15998,2452,298,-989,-4262,9836,-7138,2157,18071
1525,4275,116,768,8208,353,5823,-3384,6982,2208,-3569,21311
10931,-531,-120,4480,4665,16692,11867,-82,4680,8369,-10087,16806
9859,3537,-130,11011,5640,2181,14285,5076,872,11028,-10122,6091
8995,5589,-140,1280,16,-6125,13561,7222,-994,4960,703,-5000
9227,5557,-1090,-6911,552,-15078,9091,5636,-1384,-2500,13654,-11210
1141,4525,-2932,-16384,664,-12280,4969,5112,-3152,-9622,18477,-9939
771,1457,-2116,-24047,2576,-5934,-293,3432,-682,-17098,19631,-5831
-5001,845,-3724,-24540,4624,1280,-5643,2528,-3852,-16377,13113,40
-13705,5557,4468,-16379,256,9,-9015,-1262,5652,-15365,928,12907
-5501,4591,6164,-9711,3,280,-1137,-2416,7478,-9000,269,17165
2971,-559,4140,-8183,10,6310,3997,800,3632,-2727,-7739,15940
9335,749,-42,552,3105,9222,11499,3266,3584,3780,-12969,9275
9877,4625,-60,2560,4227,2064,14017,4986,1144,2822,-9744,1783
10187,4655,3036,132,4584,4628,11839,5280,-808,583,-1057,-3765
2957,3507,180,-3020,4232,1792,8187,6270,-3148,-2541,4773,-8578
635,3567,140,-10232,6145,-10208,5469,4104,-1316,-10508,7456,-10061
-7453,1461,1144,-15744,66,-6141,-1449,2694,5706,-15352,13035,-4435
-5229,-595,276,0,1105,1554,-4689,-344,3326,-16190,7952,2669
-4969,5633,-124,-7223,1089,8203,-3705,-1988,10914,-6801,3005,15905
3099,5835,204,-1918,1092,19153,3413,-1118,9870,-1418,1188,19170
4739,4079,-128,4480,392,16434,7649,-450,5452,4782,-6153,18484
8843,369,-136,6129,2344,9728,12745,1878,3082,6307,-5501,13539
13091,3541,1688,65,4164,5386,13897,3814,1444,4088,-623,5465
9597,4013,-900,1121,1610,674,13609,6980,-848,1386,2033,-3795
8839,6205,-2956,-13173,2200,4362,8739,7492,-3032,-4775,2111,-11330
1093,4277,-118,-16352,1153,64,2513,4254,3222,-16081,13033,-10487
-7523,4527,1140,-16357,4649,10244,-919,5742,-378,-15698,11937,-5473
-17803,3641,-140,-16118,4,4168,-8341,-440,8366,-10507,2416,7859
-4857,3765,892,-7935,1233,3585,377,-2168,7150,-4823,1130,16188
803,3663,-140,44,2117,576,4805,-2016,5662,1352,-2317,19170
11127,685,668,4880,772,17604,11059,1432,5558,5072,-2764,19862
8823,1711,516,1162,2095,10307,12977,3804,3300,5327,2768,14034
10875,3629,-122,1086,2162,1600,14811,4792,3238,5167,2568,3506
9975,5997,1540,1024,2096,-5344,13777,7296,1406,3361,7651,-4654
8835,3501,46,-6075,4613,-7995,10363,6102,-224,-2012,13233,-8087
4087,4589,-3178,-16384,908,-6684,7781,5578,-3682,-9183,25872,-6714
2301,1485,-6156,-11703,5130,16,1459,3328,-6186,-11702,14713,-9928
-6541,2477,-4228,-15357,4242,2048,-6219,2942,-3366,-14823,5685,-5491
-15161,-523,2036,-16008,645,5128,-11133,14,2368,-13660,250,5989
-5001,-587,-68,-16318,4128,3330,-5147,-892,3356,-7887,-3424,11918
1715,4529,918,-8192,5316,9216,2007,-1138,3080,-3258,-9080,15645
9363,-577,120,136,4737,6144,9405,-196,2090,2635,-17163,14147
8855,717,350,1538,8323,160,12983,1538,-2,5813,-20156,8774
9877,3885,40,8,2756,257,16165,4722,-522,4634,-13114,493
9331,-575,6,128,514,273,15177,8096,-1856,1576,1190,-7872
8981,-299,884,-3540,2568,-16256,9477,7936,-2150,-1867,7294,-15247
627,4525,376,-8128,4680,-13664,4641,4634,-344,-8088,13794,-12821
1395,1519,-812,-16375,101,-6848,1969,3214,-1022,-14560,16719,-6508
-6529,1525,2434,-19437,387,-7166,-2259,2960,3598,-17381,14703,-2298
-3975,-79,1604,-19968,296,688,-4945,794,2262,-19789,10152,3353
-11613,4335,11156,-13279,1,11072,-7953,-1604,11266,-11880,2417,11810
-3445,3759,8516,-7928,102,17106,-1465,-2284,8416,-6556,177,19311
663,4339,7292,-7166,22,768,4013,-2392,7502,-1947,934,20268
3733,4845,6388,156,4224,964,7861,-744,6912,2027,-2727,19267
10675,461,3988,786,2073,2624,10467,1402,4110,5056,-6066,14451
9843,685,3064,16,1172,4224,13827,3314,2630,6145,-8729,7046
9097,657,-8,2688,522,75,15283,5624,216,2340,-3005,297
8919,121,-1670,-5914,2884,8722,12581,8012,-2046,-2036,3121,-6013
691,-435,2420,-8189,160,1251,7259,9116,-1800,-8503,4022,-10903
819,3989,1052,-16352,64,6144,3245,5974,598,-15709,9804,-8996
-3959,3501,1160,-23998,3076,3880,-283,3544,-1124,-20090,11247,-3852
-4877,5621,-44,-24576,10288,1792,-2047,-2208,4896,-21401,10756,2460
-7547,-559,20,-16368,2049,0,-6393,-6598,12104,-9596,7199,13353
1011,385,-140,130,16,22312,1173,-4474,7522,510,2159,22674
1699,4865,1172,4944,1080,24936,8171,-2262,7602,6350,-3158,24936
11379,-595,630,8322,1408,21218,11865,224,3198,9611,-6666,20656
11635,245,460,12544,10,10512,15607,2890,1056,13162,-11684,10368
17811,5933,-1164,8384,451,256,17901,7052,-1474,8827,-7064,-214
11515,6197,-1608,2082,9,-7112,16051,7854,-1774,3371,6052,-6965
9411,4227,-100,-5950,5248,-12283,11157,7520,-4106,-2240,13826,-9839
3189,3625,-6024,-7925,4672,-16224,6815,6924,-5220,-7212,15012,-10502
4731,3885,-5516,-16159,4160,-11008,5079,5188,-4922,-16333,21403,-8680
-5245,3637,-5952,-22452,576,-8047,-5883,4014,-5152,-18385,18278,-7776
-7501,725,-5752,-24444,772,142,-8505,1360,-4012,-20295,8534,-3070
-15739,5965,4998,-24254,307,514,-10969,-1136,5618,-17013,3898,6197
-7509,4695,1430,-14313,37,4354,-6771,-2762,7254,-9500,-263,13142
-6281,5299,-112,-7552,-5355,400,243,-2558,5098,-3745,-5657,16912
731,5839,-132,514,2369,8,5909,-1996,4076,2057,-10372,16608
8827,5613,2646,7680,6150,8836,11207,-994,2154,8068,-18808,13672
10131,941,46,520,5121,0,14563,1534,280,9066,-19183,7797
9845,4525,-140,8,6402,3083,16545,5276,-1516,6268,-8995,-1501
9843,-423,-2636,1808,272,18,13901,8036,-2950,1668,2911,-10118
9139,-467,-3206,-4096,105,-14585,8691,7954,-3314,-3849,8790,-14234
635,3661,-2184,-12282,616,-11982,4261,5840,-2018,-12848,19964,-9529
883,4057,-140,-19454,1,-5984,401,4242,374,-19156,23643,-5711
1651,3549,-4096,-23134,560,-7679,737,3746,-4502,-21181,18407,-2928
-13707,4049,5032,-14308,64,672,-13639,-1552,5928,-13315,354,5683
-5005,3931,-136,-9198,2608,16384,-4567,-2956,9570,-8152,-4344,17619
1907,3525,1022,-3472,257,20736,2291,-2262,7608,-2893,-2168,22759
3013,6957,-140,2148,2,128,7063,-750,6180,2805,-4986,21457
11571,445,-44,5712,4137,136,12963,1918,3710,8146,-11002,15943
12063,3509,-108,5229,5312,4642,16481,5576,712,7402,-8650,5873
10899,5563,4020,820,4386,5137,15843,7498,-1884,3642,-2089,-2963
11987,-577,3688,41,4120,132,11805,7874,-4652,414,-492,-9653
9589,5685,-128,-14196,0,3136,9389,6502,-3708,-5387,1511,-12354
887,4783,892,-12287,1408,4290,5197,5172,-3084,-11228,7996,-9802
2751,3533,-136,-24554,4673,1536,2839,4602,-1668,-17706,13177,-6161
-5915,1709,-122,-22784,4096,1322,649,3812,5218,-18522,15741,-2485
-14901,3591,220,-14746,2627,6144,-10429,-1838,9032,-13407,6009,7714
-4381,3813,-76,-6656,1670,17420,21,-3114,10698,-3904,2131,17822
639,4813,7180,72,2648,18497,5173,-2352,6476,2169,-2059,19273
11891,-531,4662,9265,1080,8320,12179,-52,4152,9600,-13223,15954
10931,-339,-132,9216,4500,10329,14963,2082,1704,9023,-9266,10437
10931,3797,-12,2450,2212,4419,14935,4290,-800,6893,-5254,3965
10869,4943,256,752,4625,-1688,14671,7386,-3738,2617,-2005,-2011
8949,6671,-3722,-12128,256,34,12329,7240,-3966,-4463,3467,-6380
3187,7603,-2956,-12928,4100,4864,6553,9064,-3046,-13036,16302,-9428
659,5613,148,-29007,906,8228,359,7194,1262,-20642,25495,-6794
-6635,5869,-44,-23392,4356,8530,-2021,7056,3758,-18867,23084,-4869
-14333,4021,394,-23295,2252,4150,-11165,-3256,-236,-18423,9769,5787
-7557,4525,-8,-16316,6466,8565,-6617,-3410,9992,-7277,-1878,15514
915,3853,-120,-11252,8328,4116,3185,-3936,8236,-18,-3850,20809
2187,4057,-76,5154,8389,320,6277,-2816,5254,5919,-7949,20693
10009,4797,212,9217,2048,2200,12863,-402,3634,9427,-13063,18343
10867,1501,52,9220,316,68,15289,3314,1170,9568,-6056,13821
11277,3575,252,9442,448,4224,15235,5348,-40,9637,-5800,3396
11129,6093,-138,4096,5250,-7600,16409,7640,-372,5490,464,-5725
8899,6317,182,-2488,722,-15339,12693,7694,-918,-2859,14841,-10379
3125,5743,84,-12268,770,-16384,6419,5926,-2164,-10383,17357,-10888
3827,1581,380,-16122,2720,-14472,3653,2596,-498,-14158,14974,-7915
673,-523,636,-23534,4513,-8111,1435,2276,374,-17046,13585,-3656
-7565,-563,-1028,-23988,5137,21,-3741,310,-1016,-18081,4267,312
-5515,5357,8148,-15586,4163,8480,-4991,-2292,9076,-13868,-4161,9576
-4169,5813,10996,-8128,4,120,-233,-2076,12022,-7656,1266,16846
-5509,-139,11136,-7930,136,76,-537,196,10886,-1317,3417,18085
677,1069,404,514,284,2083,4937,1378,8330,5180,-3955,18475
2339,1069,56,8192,453,1584,8617,1384,5092,8299,-3478,18217
10899,-323,1956,8211,1297,10374,11021,1652,1592,10206,-5223,14319
9909,2653,3132,8704,5130,2376,14271,3826,-1174,9775,-10518,6431
9015,4525,116,4096,9216,10450,14929,5136,-2636,5840,-5609,-1282
8819,3513,-130,1292,3970,2208,13529,6138,-3426,954,4634,-6201
9021,5685,-3420,-11168,9216,2826,11713,7154,-3634,-2596,9370,-9788
789,4621,-4230,-6111,1536,-13312,7221,6990,-3978,-5245,10039,-13429
1691,5189,-3000,-12256,528,-11728,3681,5376,-2948,-12559,17727,-11059
-4745,759,-136,-19444,2585,-5120,-301,2734,-444,-19391,27223,-4072
-13525,1645,-5002,1024,5712,-6079,-8931,1402,-3884,-14619,4206,-657
-12547,5557,8060,192,-3564,8920,-7577,-2036,8572,-11772,-2681,11999
-5389,5565,36,384,2184,16545,-967,-2114,8022,-7291,2256,18750
645,4125,-72,352,192,19458,3249,-1422,5694,-848,-6600,19663
9923,445,124,1040,-9976,16708,10739,1004,5426,3303,-10000,16931
12915,-413,404,768,2689,10440,13495,2702,2520,4979,-9506,9861
10867,4529,84,2167,32,0,14735,4890,718,1976,-6380,2095
9909,6109,-12,-7548,520,2706,13667,6616,236,-2765,1092,-4841
9907,6685,-96,-16256,4360,4362,9521,6942,-280,-7449,7554,-10034
627,5967,4,-14269,5204,5122,5703,6168,-156,-13256,14090,-11230
2131,1997,2436,-15262,146,66,1601,3258,2804,-15237,17656,-9714
-2921,-333,628,-14304,6171,649,-1233,3510,1666,-13410,13942,-7176
-7437,5557,-116,-14208,3272,0,-8357,-1452,1808,-12905,3209,2078
-5517,3829,304,-14720,9800,4128,-5177,-2624,9176,-5945,-154,13150
-5029,5231,6228,-7676,8386,2826,-39,-2302,6832,-31,-3745,19640
693,3629,5364,256,5384,210,5685,-1806,5196,4780,-9294,20853
9843,469,-130,8449,2563,36,12271,1402,3274,9089,-12365,16222
8823,4029,148,1,320,7968,14939,4634,382,8525,-10249,7424
9331,6063,1020,1024,-6140,-4056,15377,6634,-444,4862,-5275,-2592
9141,5589,-68,0,3392,-7873,13905,6900,-170,343,4656,-7940
11915,6473,948,-5070,12357,-16319,11629,6692,-588,-5254,13629,-9555
2951,3597,-8,-12288,17504,-10239,7005,5080,-976,-10163,17770,-10047
1267,687,636,-12275,4353,-15792,1961,3018,1478,-12080,13652,-9349
-3085,499,-2186,-16337,8,-8184,179,3040,-2554,-14337,10086,-5128
-12173,173,2716,-24576,262,1,-8593,572,3274,-16180,2224,2135
-6529,5553,8308,-10112,23,13825,-6291,-1318,8556,-9534,1105,14559
-4683,4655,436,-7808,4002,2848,-347,-1260,6294,-2224,-4381,20576
2815,-83,372,2657,-6144,2604,8187,388,4380,3193,-5969,18800
10997,437,60,54,3394,8195,11737,1680,876,6628,-13504,12122
9019,3549,280,4632,6260,482,14935,5058,-1376,7451,-17665,451
10355,5869,-106,1246,5,1668,14263,7036,-2196,683,1586,-6502
9027,-513,-4220,-15808,4320,2180,8967,8544,-3742,-7981,14329,-10123
1011,4853,-3208,-16374,6,-8111,4615,4864,-2752,-16618,19967,-7866
-7047,1663,6010,-16366,528,-2550,-2417,4014,4716,-15776,21031,-2220
-15611,5549,8128,-12144,434,4630,-10883,-2024,8594,-11021,793,8617
-5179,3501,10150,-5056,1160,16656,-415,-2262,10090,-4371,1008,18039
1337,4719,6282,3150,273,16672,5627,-1242,5942,3532,-8054,18863
12147,461,472,6176,4122,17416,12349,922,3228,7349,-9274,17183
12947,4021,404,1168,4545,9472,15035,4390,70,5438,-3325,11223
11931,5813,-136,2120,6292,518,16057,6718,-904,3416,-1703,2060
10977,-83,-106,360,0,6650,12021,9406,-3988,430,-8317,-10055
991,5905,4884,-15318,1809,196,6325,5712,-266,-14046,5090,-10797
1689,1493,1140,-30187,1249,9569,1815,1964,5722,-21747,22271,-2285
637,-15,-2172,-30972,1368,2,321,-700,-1138,-18397,17291,1512
-7037,5597,12540,-8028,1088,1184,-4663,-934,13226,-3947,5720,12499
1179,-559,10236,354,2048,212,3165,46,9852,3871,3270,18371
2821,813,5492,8836,32,16549,7103,1802,5048,9342,-4785,16681
10967,2037,-116,10246,289,8224,12031,3548,3304,10928,-5577,11314
9719,4053,-124,9028,1056,2,14707,5814,584,8823,-706,5738
11155,3877,1158,2,1025,-5630,15003,6306,-572,4324,5576,-393
8851,3825,-140,16,1028,-6112,13005,6726,-3490,-180,9282,-5214
8915,3501,-140,-6143,4112,-11776,9423,5898,-5514,-5395,5185,-10781
659,3599,-5996,-15546,5410,2,4683,5682,-5464,-16117,7836,-12565
-7127,945,408,-30967,4174,3074,-7885,1540,1732,-22467,15470,-8045
-15549,1759,6504,-24444,1026,5892,-15825,-5166,7058,-16932,3214,6984
-6221,3965,-82,-13632,257,64,-5627,-3884,9210,-8073,1926,19074
2675,4271,-60,-5042,264,4232,3941,-3388,5892,-351,-7405,20538
11587,6063,996,8238,9090,553,12889,-1236,2916,8468,-17466,16716
17271,1645,500,8195,32,1064,17357,2022,1104,8834,-13337,8773
17031,3509,-1148,2584,2916,2560,17063,5328,-1466,7711,-7776,-1798
10869,4141,-2692,448,1032,258,14455,6632,-3044,1576,5715,-10722
8819,5589,-3168,-5984,1220,-12256,9379,6468,-3348,-6367,10241,-12230
3859,4333,-2184,-13310,2624,-8064,3423,4608,-1860,-13591,10773,-7626
-5505,-35,-114,-16368,840,-8174,-827,2606,-204,-16456,2208,-1435
-5479,5551,11636,-18112,6,9384,-4725,-692,12636,-17561,1897,12622
-6477,6193,-124,-12032,4648,20512,-2185,-1920,16390,-8899,8163,21433
3379,3735,-104,-5616,4608,22529,3183,-2868,13974,-981,14262,23628
2967,3505,2486,2341,6244,4417,7405,-1678,6430,3619,6448,23753
10995,-595,2934,2388,96,768,11209,428,3152,7122,-272,17895
10131,1485,-76,7,6786,1224,13955,2342,286,9730,-9918,6589
9471,3789,1396,44,168,8324,15433,5510,-2842,7953,-10251,-4235
9459,-583,-12,1304,9248,4640,12417,7010,-3920,1094,-4874,-11052
2703,3509,-1096,-8068,4128,0,7761,6192,-828,-7634,-3408,-13544
889,3629,-4,-20284,584,-7424,1551,4048,-22,-18181,7102,-4829
-4313,-463,2428,-21498,1548,4226,199,632,4122,-21621,10175,7222
-5867,-593,17064,-11869,0,16518,-1985,164,17638,-10626,18018,16907
2771,4237,9174,-6048,2146,17872,3205,-226,9606,-3941,11358,22015
627,-435,7028,-895,0,21700,4847,-88,6996,-143,4879,21662
4469,-479,5884,2520,4096,24,8539,530,5604,3298,-2453,19492
11421,591,-140,8356,162,800,11639,1486,2020,8767,-14639,12420
10867,4221,-392,8213,4434,3144,15525,4624,-638,8192,-18866,2636
11211,6077,20,2304,4099,1421,14967,6618,-2332,1868,-9065,-4560
9593,-593,756,-7328,1044,4416,9199,8472,-3328,-8024,1677,-10985
2483,5685,-130,-20456,4176,64,4013,5954,-260,-18419,13774,-7185
3957,1807,1216,-24444,8256,5311,4039,2864,3484,-23913,25650,-2721
-5445,5551,1078,-28528,9344,2568,-2647,-1046,-860,-19606,25101,-858
-15245,3517,500,-15356,1744,16,-12779,-3530,7770,-8178,2450,7572
-7275,3579,1204,-3327,4626,16772,-317,-3868,11132,-2005,-912,17335
2707,5805,148,0,1155,20674,3015,-1496,7612,1979,671,20773
3705,-467,628,2049,280,19457,8167,-174,5292,6523,-8342,19759
9603,181,244,8225,2569,8973,13817,568,2956,10576,-12436,14884
11907,2865,1032,10624,1536,8281,16483,3538,612,10977,-7874,9505
17155,4653,380,2052,396,776,16885,6998,-1956,6022,1707,3623
13045,5383,-84,1,6680,-5995,15163,7736,-3046,1898,6967,-2258
8855,4019,-3966,-6622,4448,-7550,12267,6638,-4102,-2935,7167,-7604
4981,3789,-3948,-15360,6697,-10232,7511,6160,-4332,-9827,8213,-9834
4723,3775,-3692,-27768,4112,1472,4763,5118,-3010,-18850,15391,-6103
-7443,193,1396,-31488,836,3075,-3283,3724,1502,-21282,17357,-4925
-13659,-591,444,-30716,576,1032,-9535,54,1600,-21817,12269,2235
-15229,5597,468,-15847,4098,9009,-10779,-1780,10952,-11202,4194,13816
-5513,3529,628,-6992,2432,3073,-825,-3114,7290,-4034,3538,19646
1429,3503,138,-9984,7241,193,2497,-3560,4446,6,-896,21088
1943,5825,276,874,8200,3599,8243,-1922,2520,3143,-7165,19760
8987,4909,2552,6410,672,6180,11677,-424,2156,6733,-12079,15666
9151,-83,1080,8194,2626,845,16267,2590,792,9493,-13452,8671
17799,4157,-1156,2576,2584,16,17387,6996,-1074,6622,-4662,-627
10717,4789,-136,2240,496,96,14323,7710,-1254,2310,5157,-8389
10931,5685,-10,-4860,3857,-11262,10307,7448,-948,-4789,12641,-10924
1013,5549,368,-10750,577,-13264,6073,5836,264,-11045,18392,-8715
1811,3533,2296,-12856,389,-5840,1183,4446,2100,-12872,17150,-5044
1015,4045,394,-14784,1476,-8084,1291,4406,-78,-14998,13195,-1704
-6009,-339,246,-15872,1540,768,-6753,354,4734,-15140,5018,6502
-6853,5229,884,-10108,167,9248,-2443,-452,8794,-9437,199,14465
1411,6141,900,-4096,1028,18436,1529,-728,9136,-3018,1306,19667
885,-255,1940,641,4872,19522,5411,1110,7268,2953,-525,20006
8819,1523,1360,2057,1314,40,9469,1716,5064,6466,-5187,17610
9847,3773,1124,8200,6661,6528,14493,5450,1088,8440,-9510,7549
11203,4815,884,2048,8242,8208,15577,6972,-1452,2368,-4060,-4323
8947,5809,154,-13797,2134,2072,12507,6004,-3158,-1780,3041,-9937
1717,5037,-3340,-16247,4168,516,8215,5466,-3352,-5956,4855,-11714
907,967,-1480,-14781,2304,4418,5135,3430,-1556,-10836,10751,-9624
1651,1597,-60,-15868,2179,2048,1733,2776,2552,-13523,14977,-5634
1847,4573,-10,-16383,262,10,1007,4608,640,-16550,17061,-2858
-13581,5055,344,-16312,1024,4224,-10243,-320,6758,-12868,8375,4873
-5509,5677,-116,-7602,32,12706,-3693,-1924,11862,-6772,2897,13849
-4457,4781,9078,-6908,3376,17488,125,-1032,8916,-1978,3439,19987
691,4529,-68,1314,420,20744,5121,-1282,6736,2407,-1055,21488
9995,5037,4028,356,258,17558,10535,-446,3916,5083,-5451,21705
10459,561,-4,136,2102,16688,14599,1876,3038,5368,-4808,16390
11897,1471,-4,68,2706,8224,15849,3394,702,4137,-4497,8599
17075,5997,-520,2272,5250,-3804,17275,6126,-764,2551,-2401,-2032
9471,1461,884,1832,512,-11968,13301,11246,-3654,1489,981,-11714
2809,1453,632,-7840,4241,1300,6697,10740,-3910,-6245,7332,-14530
627,5553,3586,-16368,994,4393,-155,5758,-5076,-16347,16949,-10154
-6797,1709,3220,-28656,96,4768,-2547,3038,-1614,-19541,7849,-2997
-7181,5549,2054,-30720,4329,6412,-6267,-2370,7468,-17240,6125,7158
-7557,3757,-6,-16248,3072,6148,-3277,-4066,10512,-7367,3351,14997
2235,4021,8566,-9193,6432,1057,2683,-3594,8118,213,-1370,19656
627,4377,6012,1088,2122,45,7613,-2032,5860,5752,-5875,20069
10889,1093,3338,10307,32,512,11939,1530,3002,11707,-12588,14273
10883,1199,-124,12324,3584,4164,15275,3788,1500,14046,-12498,5078
17011,5605,-1370,9281,141,-5515,16547,6906,-1746,9509,-2566,-1661
8831,-483,-3884,1046,44,-7408,13525,8116,-3654,2921,7819,-6600
9879,4845,-120,-4031,324,-13824,9627,7050,-3734,-4284,9850,-9569
1715,4087,-1676,-12086,4326,-13230,5323,4402,-1148,-10666,12734,-7888
851,4565,1468,-15608,1426,-3658,815,5146,1588,-12526,13642,-2792