781,-6642,-49,1283,81,-3071,608,-17061,-2070,1309,13605,-3094
605,-6578,-125,32,16492,-4030,678,-15937,-1768,9,18415,-1309
-433,-7022,267,8,4100,-2039,-498,-14521,-1196,-1060,14907,-895
-1027,-7150,523,530,58,-4094,-986,-14749,-438,-1422,2863,-2995
1597,50,403,0,393,-3768,1940,-15301,3048,900,7585,-1698
1677,282,1275,200,8196,-2560,1580,-15389,1326,895,9959,-347
-451,-7134,1027,1360,0,5,80,-13887,-1182,1805,6319,330
-385,-7154,1927,64,2592,206,8,-18063,-568,1155,3696,1124
573,-7010,1571,2317,1813,-3647,1426,-15233,-434,2856,4384,167
1597,-6126,2003,47,8202,326,1432,-15751,-376,2840,10408,2290
2685,-7154,1987,2061,1324,139,788,-14545,-978,3153,10162,131
573,-6894,1063,2897,8224,-3839,1310,-13787,-958,2785,11803,-728
701,-656,227,2112,560,-3958,598,-14679,-1876,2269,10955,-1196
647,-6642,395,2065,48,-3564,986,-14081,-1596,2572,10346,-2207
641,-6122,939,704,16,-3056,442,-15675,-2358,1913,10467,-3087
-323,-7150,-115,1222,114,-6087,-288,-17353,-2128,1194,11125,-5153
2689,608,387,-846,5197,-4088,596,-15083,-276,-342,13801,-2659
2629,660,387,-895,8338,-4062,-404,-14983,-714,-925,10115,-1302
2649,30,135,-1804,1282,-4074,-410,-15399,2148,-656,5571,-3450
69,-7148,69,-1024,9770,-3968,-106,-14071,1774,-439,9576,-2045
-1015,-6546,531,264,545,-2494,-554,-14005,1460,300,2430,-257
2879,-7090,1547,304,80,520,-24,-18175,5540,2109,3081,4241
-12565,5648,5111,13388,576,259,-8438,-23305,6160,14586,11507,14458
-13507,9266,4549,20512,464,144,-10226,-21345,5002,20469,16409,29190
-5471,-2994,-1721,2445,2689,0,-4988,-14485,-1012,15722,2790,30262
-1983,1150,-4149,4674,-5552,3660,-1926,-10097,-4294,6235,-1298,28052
-1217,22,-7803,5713,-16361,129,-370,-6577,-4726,-2452,-5388,20632
-17,-7152,-7287,640,-7163,11784,-280,-6469,-5266,-7879,-5022,15935
-3,-4530,-3691,1024,-3708,12579,188,-7545,-3662,-13453,-853,13074
2625,-7090,-53,13578,64,20,1048,-9335,266,-19302,200,9084
8029,-4946,4005,176,0,-8128,-20794,-4187,-10196,8246,8611,-5023
4173,-7018,1945,1282,-6104,8225,4282,-4347,2440,-5365,-3010,-4287
3235,-9070,-125,2112,-7678,3401,4676,-6407,3940,-5815,-740,-13370
4039,-9458,2565,6848,915,3072,1342,-9231,2658,-9323,3048,-21305
-5443,-3282,2963,69,107,289,-2496,-10889,3616,-11184,2977,-26289
-6595,590,-117,3104,6918,2085,-5730,-15681,1470,-13240,7364,-25528
-5481,-6130,-117,2048,17415,260,-5080,-17671,122,-12801,17939,-22478
-3475,-7116,4039,2197,5124,14980,-2892,-21689,-2464,-9422,24700,-16371
-5313,-7152,1047,43,16645,1024,-5082,-21251,-4384,-4447,20850,-10286
-4035,-6768,4519,2112,80,1032,-3844,-17629,-3516,-1569,8598,-4735
-3041,278,3027,-1792,192,-2046,-1628,-15117,-924,-1377,8771,-86
573,206,211,-4092,784,2080,774,-14943,168,-2156,11358,3836
-317,-6888,111,-1532,12832,2436,1604,-14903,652,-1383,13188,2947
1021,-6434,-117,1184,14512,32,1576,-15767,1080,1341,14492,1529
605,-7116,967,2080,1920,1923,1070,-15749,1160,2455,11877,2007
573,310,483,1664,6533,3124,552,-15217,462,1943,6753,3267
637,-7026,387,544,624,3072,528,-14523,-516,832,4515,3298
-705,1294,445,260,-4596,1926,406,-14315,-676,429,-526,1825
651,-7088,-125,1040,-4040,12,1396,-14603,50,1129,-2057,282
1663,-6512,-789,16,304,610,1834,-16003,-866,1557,1126,1029
1605,-6898,147,144,385,1563,2018,-17275,-1540,1351,4782,1656
575,-6778,547,128,2391,149,1264,-16253,-1496,2229,7313,139
589,-6862,-65,1056,640,260,862,-15405,-1548,1792,9202,347
77,-6724,899,26,528,-5588,148,-14171,-1040,1557,8716,-355
2623,-6862,963,1124,0,-5047,836,-13495,-1172,1659,8446,-746
575,-6878,3,10,1082,-3416,484,-13921,-1698,2100,9641,-1354
-193,150,1317,136,3088,-4079,262,-14899,-2390,2526,11659,-1863
193,-7122,1555,0,2077,-3072,84,-16755,-2264,2377,14431,-1018
77,-7090,25,0,3681,-992,388,-15969,-1994,1972,16187,-839
-451,-7006,-109,9,5393,-1940,-472,-15465,-1300,608,13782,-948
-423,-498,165,1184,5217,-1672,-792,-15721,2664,1554,13373,-611
-1473,-6642,5,2963,2116,-1534,-1150,-14183,138,2946,6067,-380
585,-7154,-125,1284,-5632,-1455,532,-14107,-194,1704,-102,-1441
1151,562,-49,416,1026,-1912,998,-14813,-216,399,1856,-787
573,-112,1155,200,785,92,404,-15811,-450,182,6206,328
-1475,-7136,-125,120,520,-3560,-244,-16597,-158,1256,4472,-156
701,-7152,1427,97,2306,1099,1054,-15597,-336,1742,3477,1199
1149,-6858,-67,48,1088,1040,1038,-14865,-112,1830,7482,1230
2749,1040,2563,1028,3180,-3961,496,-14479,-656,1553,7336,-1175
67,-7130,1925,1709,4096,-3052,394,-14165,-844,1729,6113,-2879
851,-6630,-17,136,8292,-4079,736,-14195,-1516,1907,8683,-1685
-63,-7058,3,24,5209,-3840,-150,-14195,-2028,2288,4959,-1844
583,-6898,1931,1319,214,-3968,726,-15427,-1430,1415,4836,-2114
1101,-7090,937,64,2464,-3328,988,-17619,-1058,566,11178,-2195
1085,-6338,293,-1344,2312,-1532,1244,-15699,468,-49,15273,-1179
701,-7154,37,-1984,3620,128,600,-14649,182,-949,11787,230
845,-882,-121,1056,101,-2303,1040,-15527,2342,1740,6629,-2161
1607,478,-61,776,10261,-1278,1784,-15239,920,1941,10888,-1096
645,-7072,15,1171,10312,260,476,-15021,-90,1673,10209,312
-673,-6638,-317,128,2698,457,374,-14181,-292,1077,6929,538
-1089,-5054,-125,1028,2306,-4413,-116,-16067,-78,-461,2656,-537
573,308,7,1552,24,-5055,572,-15409,4274,1820,353,-131
-1329,-4818,5573,4704,525,4208,648,-19457,5572,8331,11719,4838
-5563,-3058,647,12544,34,64,-4374,-18183,4788,14954,19228,11132
-13379,-2026,-13,11457,9421,8,-5500,-15469,1844,16193,15124,16986
-11147,1040,1043,12804,3105,320,-5818,-13575,-292,12966,3485,19450
-13723,1166,5,528,518,4112,-6336,-10619,878,11775,2871,20811
-5521,-1522,-1765,324,-1912,5204,-5412,-6611,-1508,9349,-1968,21778
-1839,-5104,-3817,283,-5820,1568,-1800,-3997,-4004,4007,-4146,18096
-1437,-7018,-7289,4230,-2580,1042,556,-4083,-4612,-4429,-1937,13676
655,-7154,-3961,1101,-1355,0,1354,-6019,-3854,-13740,-325,10326
2941,-5016,1155,4096,17,5796,2756,-8645,-680,-20736,-1691,5589
-5023,-7024,2067,772,4649,4104,-570,-2285,2036,4722,-9531,-8564
2881,-10722,995,386,-11776,257,3318,-8223,5878,-3792,-3207,-17437
-835,-7146,2327,8200,4764,257,-1344,-9883,2352,-7571,5344,-24672
-4481,-7130,2503,4130,5226,32,-2748,-13275,2078,-10963,5737,-28391
-12499,-7010,355,776,4521,4240,-4684,-17817,2074,-14615,5434,-26779
-3473,-4202,3,2345,1540,1029,-2646,-19939,1866,-13894,14866,-25254
-11681,-5098,6043,588,860,2881,-3272,-23533,-1818,-11442,23490,-21273
-13697,4702,2249,321,18723,12960,-5546,-23177,-1076,-6380,19900,-17063
-13203,-6450,-121,0,8354,5656,-6792,-18313,-154,-1860,9661,-10258
-5251,-6570,3973,2852,2054,-5118,-4092,-17199,-370,-1165,-1916,-3684
-3011,-6142,-121,1058,228,296,-1916,-15915,-450,-2326,-812,1602
105,-6066,-53,-3412,322,5152,560,-15345,328,-2150,2965,5250
641,-6098,183,18,6913,4132,1108,-15089,-1228,663,8366,4298
861,-7154,35,544,3136,4120,984,-14951,-2370,1706,7984,5243
2941,-7122,-589,1106,74,4632,3752,-14559,-636,1855,8327,4639
2781,594,-1077,1569,1296,16,3248,-14661,-1062,1867,6014,1503
3397,-7078,-2139,2325,3140,274,3376,-14445,-1896,2377,8286,391
3333,-7152,-3707,131,4164,28,2168,-15217,-3680,2160,13040,59
3297,-5598,213,49,4940,-2788,1464,-16945,-4494,1741,15497,-676
2639,-6130,-1,1120,18500,-380,-148,-17361,-2866,1566,18715,-250
-571,-6770,-717,2320,16384,1024,-480,-16235,-610,2415,20126,1241
-1211,1014,-823,2712,6148,176,-1352,-14679,-880,3036,14809,1390
-435,-6758,-1021,3200,4672,-2815,-144,-13699,-1168,3524,4232,-898
655,-7154,-1653,1026,53,-3504,984,-14129,-1490,1664,3123,-1349
899,576,-1661,194,516,-2044,936,-14709,-1282,394,3079,-871
641,-7026,-125,162,258,-2773,1250,-14847,-322,142,5710,-621
993,-6576,-107,580,2561,-3583,828,-15983,-58,585,6658,-404
-1079,-7138,119,1089,4100,-4088,-448,-16035,-1138,1484,5451,-834
-185,-7024,199,267,153,45,488,-15663,-1818,1361,3132,743
3849,-7150,-57,32,1292,1537,364,-16187,-2146,1016,5569,1594
2621,-5970,2467,1024,789,264,618,-14973,-1640,1791,7367,408
2631,-7042,1959,20,8254,197,552,-14037,-1680,1662,8320,248
85,-7058,-109,34,6912,20,340,-14031,-1596,1053,7879,581
2663,-7140,19,1066,4097,-3061,758,-14091,-1698,1060,6686,-222
613,-7154,-123,102,8201,-1376,892,-14371,-1884,1131,8293,-333
1133,-6752,919,1042,8456,-830,1074,-15927,-2720,1053,10700,-561
575,-7146,589,512,9260,-588,650,-16753,-1094,1638,11688,-507
957,-6376,-125,1025,4940,-448,1416,-15781,458,1076,13260,-1
829,654,-99,1162,8452,-726,552,-14921,-174,1467,11210,-91
-449,718,5,1664,5409,-1790,278,-15031,-600,1719,5098,-1322
605,-7146,43,1152,3136,-1656,1052,-14569,-344,1151,3100,-1588
1791,-7024,-7,128,645,-1912,1790,-14317,-490,642,2790,-751
1605,-7140,131,44,1029,-2396,1952,-14581,-428,329,5272,21
877,528,-121,73,1152,516,858,-15039,-668,46,5218,589
837,-7150,131,67,4139,-3061,828,-18669,52,418,5149,-401
621,110,1031,65,520,-2558,1230,-14853,-858,1393,3808,186
695,-6508,3981,36,476,1167,458,-15685,-1090,1705,8203,997
705,-7154,2451,1548,1164,-2416,678,-14405,-1608,1854,7512,-335
-1219,-6994,-83,1028,576,272,300,-14203,-1466,1285,8914,307
-263,-6802,147,1173,512,68,142,-14221,-2046,1230,8767,43
-383,-7070,227,130,512,-2804,286,-14185,-1960,1443,8759,-137
701,144,295,1092,1162,1099,572,-15765,-1786,1370,9994,1164
-419,-6898,779,2,464,4,252,-17861,-1162,2590,9151,37
1633,-7104,163,3080,56,710,1828,-15323,1640,3104,12830,902
2729,-7146,387,8,2716,1050,442,-14339,268,2752,11834,888
-191,-5974,-105,2112,2064,-3947,240,-13679,-166,2575,6288,-2550
101,-6898,-29,528,4134,-2518,370,-13667,-372,705,6993,-2264
-803,-7112,391,-1175,562,-4044,-822,-13955,-342,-208,2657,-1456
-2419,-6634,2821,1034,409,266,-2170,-17619,3362,-837,2567,1000
-13615,-6892,4035,8576,3245,516,-5558,-21715,4604,9300,8065,8535
-13491,-6552,1477,275,31,5636,-8922,-20635,5352,16504,16206,22649
-9143,-1000,-53,1028,2336,1538,-8270,-14743,-196,15165,2376,26288
-4439,1188,-3965,3331,-1984,209,-4534,-10561,-2668,11277,-1926,26662
-5555,1358,-7609,129,-14206,3088,-3448,-7951,-6384,2975,-6246,23986
-1443,-2030,-6121,8256,-8184,3220,-1470,-6675,-6010,-7344,-6786,19353
671,-2638,-1779,193,-5543,14976,788,-9821,-1436,-16199,-4502,14929
6781,-7026,4229,1041,2888,594,-14566,-12957,1206,7826,12198,1926
2631,-7010,147,4633,-8444,8211,4136,-6575,388,-3679,-8158,-6135
2785,-7854,2987,68,-6133,16512,7136,-6805,3702,-7390,339,-15574
2949,-7120,389,1188,4453,1408,452,-9251,2494,-11245,8287,-25116
-5519,-4582,133,275,8400,4136,-2660,-12291,66,-12881,10319,-27430
-5307,-6880,1299,712,9121,2308,-3730,-16421,-2542,-15737,9489,-26396
-12715,1166,3975,576,2696,6538,-8110,-26937,-2892,-15456,14817,-24351
-13379,6258,6021,6200,0,14358,-6122,-23083,-1240,-9299,10559,-17710
-3761,-6098,3591,39,8640,1924,-3802,-17363,-420,-4293,9812,-5661
-3517,-6322,6279,1153,168,2561,-2436,-16895,-1888,-2853,12900,2997
-951,-6184,1097,-1856,1233,7488,-784,-15551,-1050,-834,18142,7726
3693,-7024,-113,-1390,16645,4256,5468,-15639,1812,-45,17479,5157
705,-210,-75,2816,12134,1026,802,-15873,702,3788,11566,1055
-321,-7150,-1113,24,64,2305,118,-15223,-600,1633,6077,2569
-1059,1106,-1149,328,24,3344,-406,-14157,-1182,415,805,3515
767,-6332,3,-3840,-7160,2,1474,-13819,-694,-176,-2263,1989
981,350,-121,21,-5116,201,1490,-15723,-674,189,-70,1273
969,-6994,1163,16,-2462,512,2152,-16163,-974,1625,-376,609
1757,-5936,-89,1201,2160,48,1496,-17089,-1592,1862,2651,280
849,-6630,1923,423,2064,-4796,1500,-16077,-1990,2558,7541,-761
577,-6386,173,2058,0,-4792,422,-13693,-1856,2025,9984,-164
3669,-5586,2251,792,56,-3000,-102,-13027,-1772,855,8551,-283
2941,-7106,195,1045,6144,-1984,-60,-14175,-1968,1191,6671,-2039
3013,-7026,1425,0,584,-1927,416,-16235,-2738,863,9238,-1624
113,-5930,2007,1600,4129,-1528,24,-17349,-2052,1724,12520,-1105
1277,-94,901,8,6208,1,1262,-15597,-966,2405,15002,109
1651,62,67,142,17490,288,2100,-15569,2424,2196,20719,1637
-1315,-7106,203,514,16898,2882,-1574,-15257,138,2728,19347,2931
-1441,-6066,1051,2198,5124,-1024,-1310,-13577,-730,2437,4300,-376
-435,-5874,483,1312,-5824,-2504,132,-13543,-578,1205,-1860,-2462
673,-7018,981,-2046,-3584,-3557,704,-14337,-346,-1037,-2445,-1406
581,-7014,589,-1279,132,-2047,540,-14613,-468,-1314,320,-295
591,-6894,761,-1010,5224,64,428,-18079,774,141,5358,277
1093,-7134,1411,260,4241,-2674,2106,-15325,-390,1849,4498,62
355,-6880,2899,320,0,512,320,-15401,-1316,1247,7637,464
317,-7154,1987,1317,96,-3454,398,-14647,-1436,1535,5906,-1123
-931,-7018,707,787,259,-2683,238,-13989,-1310,794,6006,-632
709,-6854,-117,129,8,-2863,664,-13825,-1540,945,5757,-571
1597,-6402,327,1025,772,-2808,1976,-13895,-1890,1569,9318,-702
3197,-6618,471,1602,4394,-1790,1172,-16241,-3378,1635,14999,-1103
781,-6002,1477,320,16419,1040,670,-17651,-2552,1286,17664,-124
735,-7122,-77,532,16920,274,1008,-16063,942,723,17264,1483
-443,-6898,387,2564,1536,266,-550,-14445,296,2657,11130,307
653,-6322,-729,35,202,-4060,544,-13869,-832,2159,4188,-1904
829,-7130,-2157,401,212,-1832,748,-14417,-1552,396,3338,-941
639,-6994,-1103,-768,2082,-2364,926,-14517,-764,-200,3044,-289
3393,526,1767,129,4164,-1983,1284,-15169,-226,-73,4362,-652
1609,-7136,967,290,897,104,1378,-18769,1024,460,8210,97
-1217,-6930,965,2088,4112,131,310,-16033,-764,2079,5867,354
215,-138,1035,2584,16,2048,420,-15743,-892,2692,5646,2130
595,-6610,403,2824,6384,1040,436,-13843,-1322,2930,6960,1604
655,1040,-109,512,8519,802,614,-13511,-1958,2505,9595,714
2645,-6642,-109,1544,6216,-3840,2,-13751,-2154,1607,7485,-790
2653,-7154,1955,12,6212,-3520,210,-14395,-1964,431,6673,-1448
-163,-7112,2277,-879,6016,-3712,-218,-14539,-1244,-631,5954,-1630
-291,-7106,971,3,8715,32,366,-17977,3808,2850,9445,1377
-5245,6158,4355,10274,4613,2576,-6340,-23419,4274,11035,21511,11711
-13723,-5042,167,17576,10754,4129,-11686,-20119,4226,17774,15351,22850
-9049,3598,-3965,15764,128,656,-8498,-11395,-1678,15306,287,25029
-4739,1038,-7005,392,-3758,1,-4550,-9977,-4694,8302,-3695,28901
-3007,1042,-7797,1544,-10239,392,-2760,-7929,-6324,1289,-10149,25750
-1475,-7152,-7733,8760,-8189,4362,-708,-6755,-4656,-6022,-5331,20446
581,-1958,-1757,4,-3926,12482,1112,-8767,-1626,-15227,-989,14803
14909,1154,915,1196,4867,6658,4422,-8479,5454,6405,7592,3227
4671,-9064,933,-3776,130,4131,4192,-7923,734,-3822,889,-4799
3275,-7080,1943,1930,-11900,2122,5272,-6083,1984,-7179,-54,-17896
2807,-5074,391,131,3720,1536,1016,-11287,3376,-12132,4143,-27400
-11641,1214,323,160,6193,266,-2572,-14757,636,-13227,7277,-30302
-5787,-6982,205,0,16650,4162,-5626,-19719,126,-14226,18029,-25311
-3515,-5874,4995,5122,8785,224,-3554,-22081,-2872,-11020,26186,-22958
-13685,5144,2085,1760,2768,12897,-11686,-25163,-4882,-1930,21298,-16715
-10643,-7054,7561,2152,155,1093,-5350,-18577,-270,-392,-1166,-5889
-5521,-5874,3999,1104,2204,1044,-3628,-15191,-1126,-379,11056,3654
-4505,-7026,1735,-2031,641,529,-1766,-13729,-2386,-145,2314,4473
605,-6754,-1533,64,-14276,1824,2080,-13407,-1424,828,-1857,1754
1635,-6962,-2037,180,792,2,2536,-14089,-1824,1231,1108,1253
3773,158,131,1068,4170,514,3800,-15183,-2334,1152,4633,470
4093,-5738,403,99,612,-1212,3996,-16877,-2196,2249,13729,-35
829,-5994,-2509,2312,16576,1218,1246,-17359,-2508,2876,19713,1525
1105,-6636,-813,2581,19204,2243,1320,-16049,-598,2741,19360,2306
-87,366,-89,2504,16706,36,-220,-15431,4,3081,17526,1602
-745,-7152,-493,3366,9252,-2504,-900,-14231,-704,3496,9606,-580
-1331,-6114,-1397,2109,1416,-3934,-890,-13617,-1244,1975,5348,-1332
-1207,-6824,25,256,515,-3583,-912,-13719,-1512,299,2423,-1276
-451,-6386,103,-947,-6134,-2013,-584,-13915,-994,-618,-1250,-1557
605,800,-93,-1020,-7168,-3964,572,-15027,594,-607,-2847,-2467
679,-496,531,16,-3984,-3711,1154,-16521,758,-800,-1162,-1389
1085,-6130,-57,128,2177,-2304,1004,-17169,458,303,2484,-117
1597,14,979,3,555,531,1748,-15359,-1104,1582,1977,575
1197,-7042,2795,432,579,1083,1106,-16129,-1452,1473,5148,1415
707,-6118,2053,1573,2578,256,524,-15155,-2060,1558,7884,355
801,1040,2311,1026,3248,-2683,608,-14279,-1844,1037,7381,-75
-409,-7086,3,4,132,-3072,426,-13911,-1526,461,6490,-369
597,-6866,-77,281,5130,-3064,490,-13869,-1544,354,5922,-727
595,-6888,405,0,5136,-3050,530,-14355,-1618,659,7567,-933
-19,-7026,515,20,1033,-2686,372,-15491,-2414,1048,9493,-529
129,-6162,2179,902,2304,48,-86,-16649,-1872,989,11828,167
701,16,387,312,4114,2152,1236,-15513,536,921,13764,2219
957,-306,-125,272,4128,424,688,-14933,964,1994,12178,1377
-415,502,515,2,828,-1158,-166,-14943,-242,1842,6815,-190
573,534,751,1195,1056,-1408,574,-14843,-258,1413,3763,-1185
637,910,-125,212,1024,-1981,586,-14813,-106,172,3186,-779
717,530,-77,4,2304,-2934,616,-14893,-96,-2,2404,-870
925,82,17,37,8,-3962,714,-15131,-88,146,1526,-1329
1343,-6946,-61,705,64,-2960,900,-17175,-392,-140,536,-824
581,48,1859,1280,32,-1446,1088,-15501,-288,1470,812,-1157
835,-7154,2179,1210,720,-2944,1554,-15809,-1588,1286,2860,-6
1729,-7142,2435,560,136,-3422,1542,-15631,-1402,1678,7789,-209
901,-6760,2117,1169,8256,-2927,840,-14743,-1982,1123,9316,-12
-319,-6818,1931,775,8192,-3584,320,-14189,-1968,780,8358,-533
15,-7122,-125,657,272,-3424,424,-13525,-1666,642,6300,-1132
2655,-7130,-125,20,6539,-4062,748,-13653,-1606,657,6457,-1335
577,-6550,19,530,6688,-3070,430,-14147,-2114,662,7740,-851
2655,-6626,-75,288,73,-2496,512,-16219,-3370,246,9013,-237
-185,-6544,899,661,2056,-944,-276,-17827,-2924,46,11131,-281
2627,-6894,133,272,16457,2120,2802,-16441,1512,599,17196,2872
655,-478,1367,66,16433,2187,816,-14719,1042,2943,17867,2309
-445,-7154,-53,265,1004,-1996,-210,-14211,-1220,3121,7776,-466
575,-7110,-83,272,16,-3013,512,-14173,-1690,665,4673,-896
1085,-7026,-101,-1021,1064,-2680,1080,-15091,10,-446,1874,-578
1741,-7146,-87,32,528,-1982,1942,-15285,968,75,2672,-1230
1087,-7112,293,0,8,-3024,1002,-16653,166,141,2828,-342
719,-4032,491,1032,2562,-2430,788,-19007,644,1543,3822,-492
829,-738,899,12,4,-1628,910,-14883,-990,3300,2165,-360
1661,46,1923,64,67,2628,2052,-14959,-500,3138,6415,2926
833,-6642,387,65,1,69,628,-13649,-1788,3235,10282,2208
2637,1238,979,84,8357,131,588,-13189,-2440,2311,10910,804
-195,1072,995,148,8288,-3736,-416,-13715,-2444,1389,8271,-1169
-329,-6672,-125,516,144,-3936,-264,-14235,-1896,666,5446,-2921
3069,-1002,515,528,6656,-3574,-120,-15837,540,710,6939,-1096
445,-994,723,2368,17412,578,-12,-16443,2818,3268,18876,3216
-6339,-6618,915,17,281,8584,-6182,-18663,3832,6168,18006,10186
-13739,-4270,11,8738,11346,16384,-13570,-19933,1894,12219,11549,18214
-13497,9310,3505,9312,86,8557,-12812,-18149,3384,14184,5420,25448
-9587,1472,-1139,12420,1552,3840,-9008,-11633,-662,12110,1555,29115
-13443,5136,-5085,98,0,512,-6032,-10461,-4952,5143,-4070,31164
-4931,1230,-8041,4224,-8672,3333,-2724,-8885,-6832,-2478,-8195,27780
-1211,-2978,-7773,1024,-6139,5136,-1260,-8201,-4598,-9196,-4554,21481
2653,-3014,-1257,657,-7150,14389,778,-9995,-1016,-16061,-721,15378
6765,3838,-125,-9647,8768,6408,-2846,-13605,11928,3637,13675,3680
5249,-8044,-47,297,-6910,8618,4624,-7723,1768,-2436,-367,-4278
5953,-7122,3587,2048,-8127,14338,5326,-6869,3386,-1571,-3850,-17266
3013,-6688,-77,8384,2113,484,2620,-8589,2512,-7864,-1615,-24090
-1065,-6738,1971,0,264,3088,572,-11449,1730,-12008,4686,-29650
-12405,-6114,915,2048,5638,24,-3912,-16031,870,-13402,8091,-30018
-5251,-7058,1447,1024,16513,4228,-3264,-18533,-628,-14777,17294,-27299
-10139,5522,4999,0,134,48,-9916,-23393,-1010,-10721,16802,-24018
-4993,-6026,4445,773,2050,36,-5280,-21359,-3658,-8269,24064,-19916
-8387,6422,4131,1026,3157,20,-8788,-23405,-2688,-3625,19021,-14751
-13731,-6990,5571,450,19,4672,-6976,-17791,-470,1516,8347,-7668
-4479,-7136,171,34,8385,24,-4552,-15945,38,10,9770,610
-2871,-7072,2319,-1760,1094,3224,-2856,-14869,-1514,-497,5069,3445
-3331,-6636,965,-3007,-12272,3462,-1486,-14137,-2680,-709,-1254,3429
1357,-7098,-2077,-491,-12174,163,1574,-14315,-1760,-437,-2425,2702
2625,-7142,-2165,42,-16384,1536,2588,-14245,-1874,354,-2348,1553
3679,-7090,-1909,4,130,1152,3650,-14437,-1818,557,403,1350
3521,274,131,1064,20,517,3376,-14831,-2426,1069,5571,560
3653,-7122,963,206,14,136,2334,-16085,-3148,1370,10522,645
2819,-6578,1955,2112,8483,33,704,-16865,-1904,2212,12920,353
129,-7122,647,2182,5920,2049,376,-15475,-308,2292,14181,2468
845,-7142,131,2086,1160,269,912,-14447,-382,2191,9445,1047
1117,-7154,-61,2308,6722,-1978,1030,-14697,-652,2255,6906,-942
581,-6898,-61,1025,64,-991,502,-14425,-1174,1386,7283,-812
-319,784,-125,453,520,-1492,64,-14811,-1164,523,5871,-262
829,1214,611,600,457,-1916,832,-14437,-440,602,5181,-418
-177,-7146,1427,196,5152,-2047,88,-15555,-588,126,4998,-425
-1153,-6130,2059,144,1029,-2428,-808,-17055,-902,539,1372,-415
1231,-7148,899,1570,520,281,1644,-14747,-758,1517,1333,996
601,-6768,2213,1284,280,1568,380,-15869,-1824,1400,5257,1401
3299,-7136,1605,1216,4388,-2432,532,-14633,-2194,1744,4679,-358
69,-6824,2051,330,1957,-3071,-154,-14373,-1944,831,6002,-215
-115,-6642,571,256,305,-2636,-52,-14167,-1400,393,4372,-60
413,-7120,1945,770,165,-2030,464,-14631,-1470,840,5489,-243
-667,276,1923,896,16,128,276,-14933,-1652,914,7336,492
661,270,1981,7,123,452,600,-14953,-1930,1563,8254,490
2629,-7154,1925,521,1026,32,762,-15923,-1984,1514,9571,543
3005,-7110,1923,120,2096,76,842,-16273,-1358,2194,10560,192
1181,658,955,1,3080,1027,1194,-14923,-192,2266,12223,1147
627,816,771,1,4608,272,702,-14857,-194,2162,12840,1283
-879,-7138,131,2324,8194,-1514,-690,-14597,-894,2299,8961,-117
125,-6938,1027,1088,2694,-1944,128,-14183,-210,1247,3537,-1289
-131,658,387,528,16,-1840,184,-14615,488,537,3027,-791
-187,46,1411,-1528,352,-3512,-222,-15009,-682,-264,66,-1215
257,-7122,2035,-339,80,-3157,54,-17069,-534,-123,-882,-1157
637,534,1957,88,256,-3000,906,-15153,-1294,1372,-1178,-765
581,-6606,2437,338,260,-3190,1028,-16101,-1550,877,1497,-149
597,526,2307,1024,1220,-2556,976,-15033,-1930,1071,5822,-348
597,-6962,2069,560,38,4,586,-13921,-1460,566,6262,304
869,-7154,787,8,32,-2352,858,-13507,-1342,573,4821,-329
581,-6576,1925,171,5260,-2558,1268,-14117,-1494,1015,6217,-455
1111,-6598,401,264,514,580,954,-16001,-2586,1000,11122,583
157,-6104,2155,1866,4357,32,222,-16695,-1882,2020,12803,149
621,-6866,3,88,2074,128,692,-15951,-1156,1658,14425,1034
623,560,-107,8,0,129,890,-14883,296,1365,10663,618
767,280,-61,50,425,-1788,684,-14847,-112,1639,8457,-735
829,532,-109,1058,1568,-1536,824,-14745,-378,1071,5671,-1470
2621,656,763,48,82,-3192,980,-14783,-134,573,4144,-1027
2627,816,421,-1408,2624,-3067,1334,-14929,-666,-189,2797,-856
989,270,947,-1792,1588,-2552,802,-15345,-488,-494,1440,-394
1727,-4032,-77,546,128,25,1738,-19599,546,86,2737,291
609,46,-51,3079,2080,-1791,1278,-15209,-86,3638,3446,-567
1693,246,1411,24,2049,2306,1684,-15171,-700,3440,8361,2964
2877,-6130,1931,3205,3274,1700,224,-13353,-2038,3145,11905,1662
3205,-6130,-119,553,9442,-2800,-26,-13429,-2336,2585,9734,-241
-451,1038,1923,28,1029,-3302,-534,-14499,-1692,1340,4899,-2210
5,592,669,24,578,-3260,-2,-14829,-1384,469,2795,-2032
573,-7026,1415,64,512,-3248,504,-14539,-650,581,6198,-1121
2889,-6728,1959,263,1124,-2536,-280,-14239,-1002,815,9357,-278
2621,-7082,1925,70,1081,-2038,-520,-14355,-624,1062,9517,-167
2749,-6994,-77,16,8324,2704,-1262,-17477,3024,466,14354,3110
-11971,-6114,5061,9296,0,11820,-6558,-21633,5024,9769,17318,12879
-13755,-2934,3547,9375,12,16439,-13088,-18577,3282,13760,16920,25971
-9371,1086,131,9156,7432,1025,-8884,-13357,-2780,10878,-1364,29953
-4035,2290,-7257,164,1667,1928,-3812,-9163,-6970,4260,-4530,28534
-5515,1246,-7251,4391,-7995,142,-2046,-7353,-6882,-4266,-5887,25238
-1475,-2958,-7145,6275,-13159,512,-730,-7545,-4808,-10392,-4515,18673
573,-2818,-1147,12429,259,12426,468,-9543,-572,-18070,149,13042
-439,-8432,135,8725,258,260,-350,-3083,-462,8629,2214,-2608
3519,-10220,-93,-5275,-14672,832,5188,-8715,1216,-3424,-3183,-9003
4689,-9152,1419,6476,672,128,4604,-7851,1304,-10100,2345,-18261
1547,-4656,419,4224,4137,5892,1258,-11395,2726,-11498,7313,-27361
-5055,-738,1159,670,262,1058,-4042,-16303,1696,-10471,9186,-31025
-5441,-4818,2951,1043,16448,98,-4050,-21115,-982,-12913,17203,-26304
-5515,7254,4507,8728,8456,2072,-6028,-24455,-3884,-5590,32219,-21006
-11665,5680,2955,259,5,14528,-12078,-23079,-4948,1250,15087,-16031
-5559,-6962,5891,1776,12,4148,-5024,-16665,-2138,1677,-7466,-9028
-3777,-6614,3459,1440,1328,2304,-1610,-14717,-506,-2795,3655,2718
-703,-7066,2455,-1720,1060,776,-844,-14457,-1782,-1475,3093,5000
-1423,-6592,165,140,801,801,-50,-14181,-2014,281,485,2674
2981,-7146,-105,1024,-12222,1026,3186,-14639,-1460,1099,-599,1112
3775,66,-121,119,2064,258,3784,-15181,-2172,519,2039,1197
3517,14,-121,260,2049,96,3210,-15493,-2548,1519,6397,356
2993,-6636,455,1258,1058,116,1852,-16195,-3484,1757,11857,348
1085,-7154,-73,1536,4096,72,876,-16427,-1834,1678,14628,684
413,-6626,-93,1604,16541,2176,276,-16017,1214,1993,16923,2629
61,-6834,3,2563,8204,-1212,268,-14311,-234,2964,8772,-379
861,-6194,3,1865,395,-1824,670,-13641,-1052,1676,5095,-1326
-449,-7154,655,-764,2304,-1334,126,-14191,-1252,-225,3445,-353
701,-7020,-91,-502,2124,-975,940,-14485,-196,-225,2791,-768
719,-5762,259,1050,1066,-1271,1646,-17425,208,-41,4186,-303
831,-230,2053,528,1420,52,878,-14877,-1070,1706,3904,127
849,-7154,2313,76,1028,1092,746,-16495,-1752,1119,5769,1204
631,-7124,1923,148,1089,-2536,662,-15475,-1940,1431,5953,-223
-435,782,451,768,2048,-3200,158,-14701,-1350,731,6843,-99
63,-6858,1043,160,2,-3000,320,-13847,-1080,756,5760,-144
1037,-6638,395,688,36,-2976,854,-14043,-1566,962,6311,-645
1117,126,1701,1025,7296,-2174,1036,-15071,-2500,1262,7748,6
1257,-6066,2221,1040,2572,40,1074,-16889,-1814,1887,11103,85
1599,18,1099,0,4746,736,1512,-15631,-314,1921,15209,1083
-435,-7154,-125,184,16527,2052,-144,-15471,1066,1712,16483,2466
-1473,-6634,563,2356,0,-2040,-458,-14265,-338,2460,5367,-1134
-387,-7114,671,1088,2528,-3902,46,-13953,-348,1000,2502,-1257
573,-6624,909,186,20,-2944,532,-14175,-472,143,2084,-881
573,546,707,-414,0,-3132,1064,-15093,-368,-294,2071,-1060
-387,-6096,1923,16,554,-2047,180,-17539,-510,180,3706,-344
653,-7152,2535,148,1027,100,1148,-16695,-292,1205,5395,183
2621,-7022,2453,1537,1537,32,478,-15517,-1470,1815,5714,327
957,-7140,2307,809,1219,-2560,814,-14105,-1302,879,6133,-172
583,-7058,131,576,1,-2048,602,-13537,-1498,562,4300,-991
675,-6598,123,8,208,-1722,906,-14069,-1792,537,5465,-1207
845,446,7,600,6300,-2048,702,-14789,-2390,910,7989,-800
79,-7122,395,530,1218,-1998,204,-16843,-2500,558,10292,-476
77,-6826,83,802,278,-503,266,-16329,-874,811,10387,-291
1729,526,2435,0,16705,2440,1554,-15037,2352,1129,16678,2613
69,-7024,-61,1792,9,0,-108,-14545,-22,1967,5787,699
1597,-7154,-125,0,595,-4096,1770,-14651,-594,1117,2164,-1942
2879,110,423,-1856,2064,-2032,1390,-14881,-320,-195,2036,-1301
977,-7012,-121,-1533,1,-1792,1328,-14533,-136,-348,3180,-1212
2141,-4430,-101,1099,4481,-1895,2442,-19007,172,-208,5488,-272
-1443,-7058,195,2329,5124,-1903,264,-15749,-1372,2412,5367,-284
2757,294,2053,1096,1026,2180,1630,-15075,-856,1942,5831,2202
829,-6110,1923,1,1024,-2043,708,-13661,-1978,1801,7105,-137
-947,1102,39,4,4105,-2974,20,-14289,-1946,1194,6618,-718
-929,-7086,387,1029,1537,-4069,50,-14559,-1700,1300,5633,-977
861,-7090,527,16,7169,-3520,774,-14507,-1404,1278,7563,-81
2689,-7000,3,774,537,314,402,-14491,-1626,976,10953,288
2909,-7088,-125,0,256,-1632,-180,-14115,-2130,342,9412,-115
3261,-7010,1163,456,2304,43,256,-16555,-688,501,11750,236
-2995,-6898,-89,1346,19014,2636,-2452,-17857,1092,1539,20351,3060
-5569,-7026,307,5412,8206,8392,-3924,-18811,5114,5984,15138,9132
-11119,-2992,899,9217,80,19296,-11344,-17077,3096,9456,22568,20186
-13423,-1006,655,8241,6402,9362,-13046,-15493,496,9375,5451,26106
-11683,1590,-3629,132,4289,2112,-9850,-13521,-2520,8945,-1160,28210
-13759,1998,-7421,4360,-2016,1,-8334,-11633,-6728,3933,-1997,30838
-5183,5248,-15451,8321,-15656,64,-4336,-9743,-9264,-4027,-7574,28302
-5023,-1890,-13121,8,-11264,4626,-5368,-10179,-8844,-14633,-11698,22644
727,-7120,-3707,8284,-15936,1408,14,-12705,-2602,-19152,-15720,22018
26725,-7154,32642,8198,3008,3504,21428,27465,32585,14597,656,19275
4733,-4576,-3191,264,-16368,1090,6178,-3795,-1566,-847,-5179,6393
6717,-7122,937,2720,-14205,5640,7462,-5561,1300,-4807,-5182,-8720
4845,-9198,651,2562,38,1696,4536,-8715,768,-10033,742,-21301
-1469,-7154,403,3078,9746,1025,-894,-13887,1762,-13379,10006,-29677
-5569,-6632,1959,702,3569,4,-1158,-16947,-634,-14833,12193,-32045
-5571,4192,-125,2792,18960,8200,-5058,-22903,-642,-13440,19568,-24418
-4915,6598,4523,18,2052,4140,-4786,-26297,-3552,-8951,28337,-24966
-20925,5198,5155,2066,1088,3280,-15192,-22193,-3314,3894,23978,-12517
-13411,-5872,4119,1294,2048,1265,-8384,-17667,-3696,1333,1469,-7471
-5491,-4082,3971,283,384,1082,-2322,-14825,-2198,-7,1250,-712
-4219,-6098,1939,18,516,2308,-2162,-14693,-1936,-2130,2721,3045
-3777,-6338,1931,-2048,260,96,326,-14697,-1760,-1881,1581,3338
61,654,-123,-2941,480,2020,322,-14825,-2018,-748,669,1917
3205,584,3,527,136,4,3086,-14815,-148,1013,1369,1008
2689,-7114,-1749,1024,1201,2049,1968,-14507,-1218,945,3295,2136
3189,-7068,-2165,1,3072,1026,3180,-14499,-1852,1130,3628,996
2623,-6482,51,80,9,776,1574,-16077,-2568,1916,8511,791
2637,-7118,1047,1056,4226,1168,1468,-16363,-2296,1922,12877,1481
1597,-7122,-125,1033,9028,1543,1566,-16405,250,1091,14137,1590
833,34,339,2312,9232,0,706,-15135,1150,2471,9240,-114
1085,-6738,-381,1792,786,-3072,960,-13709,-228,1814,4837,-469
829,-6558,271,0,557,-2941,950,-14063,-1258,1146,2852,-568
719,-7154,199,-414,856,-4028,1024,-14793,-1406,-171,3112,-1200
-451,-5854,2179,4,5040,-2866,-556,-17393,-602,284,4947,-782
1101,-6758,3459,1204,5504,1,928,-16333,-382,1162,5661,593
2855,-6754,3091,1300,130,128,392,-15255,-1130,1306,5183,75
605,-7126,2179,529,771,-2560,432,-14523,-1458,760,4870,-477
-563,-7152,963,640,2202,-2810,386,-13457,-1174,635,3706,-749
589,-6762,1975,1,521,-2968,756,-13825,-1302,714,4780,-463
725,-7142,391,292,2570,6,584,-15317,-2638,378,6715,64
2653,-6058,2947,10,66,-1495,736,-17329,-1096,1530,9637,79
2669,126,539,146,4290,2282,2158,-14931,588,2288,15718,2350
1597,144,-93,1024,8422,129,1442,-15355,1138,1930,14224,1311
-443,-7154,395,1216,2304,-1896,-180,-14625,-686,1467,7135,-1455
-451,-6632,-49,5,72,-1846,360,-14177,190,453,4114,-982
575,-7152,1731,-1520,1026,-3033,576,-14515,-412,-269,1842,-862
1641,-6544,5,264,4108,-2712,1462,-17233,344,-42,4772,-464
-707,-242,3171,327,784,152,298,-15611,-1042,1379,3764,196
625,-7022,2955,1664,2250,1,538,-16297,-1214,1736,3076,56
2637,-7088,1923,1032,16,-4079,898,-14775,-1492,1270,4737,-692
2629,-6778,2727,192,540,-3572,102,-14223,-1374,203,4545,-530
585,-7030,2243,4,52,-3260,494,-14023,-1198,97,2627,-1058
575,-6994,1923,258,3728,-2026,752,-14549,-1316,350,4063,-907
653,272,1927,513,6720,-3048,900,-14857,-1700,688,6728,-445
3143,-5602,1955,2,64,18,340,-17025,-1738,573,10597,426
637,-426,1205,65,112,512,1118,-15837,-254,1600,10464,653
2911,526,261,40,344,8,2734,-15075,750,1066,10563,642
583,176,-125,1024,112,-3054,1780,-14971,68,1287,8280,-826
613,654,69,419,260,-3813,1472,-15069,26,1510,7571,-649
573,-7140,1103,149,776,-3508,1194,-14469,-104,1251,6925,-299
573,366,1183,640,1313,-3325,770,-14725,-456,854,6065,-236
-449,-7138,2091,40,4165,-3024,-468,-16913,-864,395,5020,-263
-449,-6766,2515,1284,96,-3375,176,-15441,-1336,1305,2170,-348
3169,154,2991,464,392,-3944,1060,-15509,-716,964,3780,-897
2623,612,2851,144,2124,-1778,660,-14939,-1442,676,6687,-726
-963,-7154,455,72,1454,-2802,214,-13593,-1484,318,5428,-551
1109,-5874,949,262,159,6,1294,-13351,-858,454,6600,114
2623,530,-55,1097,1570,-2504,736,-15073,-1900,1047,10009,-65
2753,-7096,2249,272,522,-320,-316,-18037,-1616,1026,10849,-322
1131,-6642,-105,62,2689,0,1274,-16131,684,1088,11106,1349
1759,-7118,1251,1280,8580,30,1506,-14277,1652,1327,8811,932
2753,-6986,-61,1542,4888,-1920,680,-14543,892,1743,4877,-820
-187,-7118,163,548,626,-1592,452,-14551,-402,497,3616,-1593
893,-7024,-57,-2048,272,-1470,872,-14367,160,-622,1419,-170
607,-6634,4331,548,1315,4265,280,-18695,4782,2219,6066,4990
-12995,-6130,4231,8608,20483,17415,-10878,-20965,5052,13235,20735,18381
-11067,-3682,2693,12804,28,3856,-10830,-19047,2184,15136,6107,28531
-13571,2070,-7117,2096,14,512,-6762,-13493,-3110,10586,-3108,30491
-3511,2328,-7765,4384,-8188,2632,-3550,-8877,-7084,4877,-5242,28360
-3517,-2910,-7421,2573,-14304,5256,-1754,-7735,-7108,-5583,-4981,23572
-425,-6770,-3709,16,-6144,1545,166,-9267,-3110,-15429,-1816,17705
-30148,-7154,32642,5002,18956,0,19808,-16531,32585,-455,19007,6646
6717,-6970,299,392,-7062,4544,5750,-8973,1634,-4707,-1904,-4558
2877,-7088,27,2148,-15774,160,6644,-5567,2040,-5866,-6891,-13852
3325,-7146,2025,7235,513,2249,2960,-7891,2242,-8976,2319,-21293
-1443,-6194,-49,4163,8504,132,558,-9939,532,-11128,8728,-27906
-5505,-7122,571,3348,8450,2381,-2644,-13939,638,-12750,10464,-30191
-5365,-6770,4123,610,11904,3489,-4668,-18775,-1426,-15713,12163,-24976
-5251,2654,5125,2208,128,3080,-3254,-25987,-2994,-13940,25678,-25188
-12955,6692,3523,5632,5297,32,-13084,-24447,-4840,121,11324,-20764
-4477,-7122,23,3780,-6127,4168,-3906,-16461,278,-281,-4389,-8712
-3523,-6482,8331,4872,1540,176,-1748,-16661,-968,-3091,8344,1611
-1433,-7086,663,36,2,4098,-568,-14765,-1728,-1047,11845,4323
-1441,-5618,-1117,-1758,2184,4162,234,-15051,-756,-1065,10687,5176
4679,-7150,4133,2208,4304,3147,6110,-17175,4674,2457,14263,3153
701,526,899,1424,5154,768,1062,-14951,726,1841,4809,881
575,-7154,-93,146,-6603,1106,1056,-14419,-1058,188,-590,1073
1309,-6130,-121,-2293,296,4,1486,-13621,-1104,-292,361,557
1223,600,133,-1744,273,204,1198,-15349,-1358,-1054,864,762
585,-6368,5,1024,18,-2303,1862,-16819,-66,1311,2691,-287
1607,-7010,1987,36,2689,66,1394,-16627,-1148,1358,3117,704
671,-7090,2571,1160,5378,656,776,-15507,-1586,1972,5579,849
845,-6622,387,1710,82,-3580,1106,-13945,-1774,1655,7740,-186
611,-7090,-125,914,52,-4063,442,-13597,-1974,993,6918,-613
1093,-7070,5,770,6678,-3962,914,-14081,-2120,842,6956,-916
1181,-6618,1155,0,298,-2559,956,-15979,-2346,699,9799,-466
2685,-7154,133,176,4432,-1232,560,-16711,-1952,1524,14464,56
2627,-6632,683,7,16598,1827,378,-16047,-48,1026,18811,1915
-835,598,-121,2402,16392,794,-904,-14949,1842,2413,15942,1744
-449,-7112,167,400,3336,-4064,-226,-14105,50,2413,3173,-1458
579,-7098,-121,256,517,-1789,630,-14457,-960,198,507,-1525
709,526,3,-479,2197,-1341,1590,-14823,-136,-400,2279,-1062
1149,98,11,-996,2049,-2024,1332,-15317,218,-364,2524,-892
719,-5822,-117,1129,3585,72,826,-17607,-160,-185,3869,285
701,-7122,1927,2048,3136,-2423,680,-14129,-548,2068,3215,-250
3135,-7026,2051,384,2057,0,962,-15615,-1508,1416,3486,31
2621,-6640,547,836,1800,-2044,560,-15003,-2500,800,6160,-945
69,-6862,-125,32,88,-3070,306,-14115,-1794,10,5233,-456
2887,-7086,949,72,913,72,702,-14285,-1060,242,6099,92
2621,-7154,515,320,2181,-1534,998,-14693,-1578,865,7987,-400
891,400,-93,2,9281,4,770,-15291,-2678,951,9731,199
2781,-6082,1987,5,8206,72,1160,-17603,-2158,570,11549,281
1217,-7106,13,1344,4674,2,1336,-16095,1176,1526,14152,493
-1041,812,905,21,2064,803,-84,-14859,968,1639,10615,1806
573,-7120,899,1931,2129,-3016,614,-14251,-378,1886,2470,-690
621,-6642,-91,256,1472,-2042,1240,-14075,-930,227,1922,-1020
573,794,-117,-2047,521,-1904,1338,-14965,-76,-473,1624,-831
669,-6884,3,-687,3074,-2032,1568,-15945,174,-191,3478,-64
-885,-6002,-125,1037,1697,1,-18,-16887,58,1932,5911,131
2621,-7150,2051,54,2320,546,1748,-14421,-326,1483,3058,796
2621,-6834,2699,544,384,-2668,1042,-14841,-1406,953,4732,-321
703,-6770,1923,26,4165,-2029,630,-14721,-1964,302,4407,-1981
-963,726,11,4,5056,-4087,118,-14967,-1528,-334,5075,-1180
621,-7048,963,320,48,32,730,-14565,-1130,400,6695,62
2623,-6898,2437,552,6996,68,1116,-14347,-1344,781,8100,101
1107,48,1923,0,512,260,978,-15011,-2272,825,8923,268
829,-6628,1507,37,142,1,782,-16013,-2442,838,9931,-44
2637,-7120,277,602,34,-500,1118,-16621,-1724,862,10964,-207
1639,-7146,211,416,1161,128,1778,-16345,310,1597,11497,-398
967,-7026,131,1096,1032,5,808,-15267,170,1581,11240,627
-315,910,-189,1026,7424,68,202,-14581,-342,1677,7083,16
775,-6574,-593,218,68,-3063,874,-14093,-690,1203,5293,-982
615,-7154,-509,512,4096,-3072,640,-14449,-626,647,5759,-560
701,-6864,87,65,4308,-2303,692,-14369,-404,21,5232,-258
799,-7146,-121,-1004,864,-1871,614,-14615,250,-364,3870,-303
3133,-5612,1187,40,2050,6,1328,-17101,1248,-419,3193,-4
597,-6962,427,32,2081,-1014,104,-15887,494,1052,2380,-392
2659,-7022,1891,3,1748,1540,1270,-16145,-336,1709,2036,1795
583,-7106,3011,2104,34,1025,752,-15963,-1044,2169,5362,1443
3119,-7090,2003,1360,32,65,482,-13929,-1592,1308,4697,623
2621,-7060,2339,72,4099,531,456,-13497,-1222,231,4349,576
-835,424,349,-1536,4226,738,-1030,-14785,948,-31,4404,819
-1905,-1002,3027,4100,4696,1193,-1740,-16953,3604,4654,5296,4086
-13235,-3984,4491,8324,14862,5122,-7330,-19767,5062,11145,15318,15035
-13731,-7098,2311,10585,144,6564,-12406,-19981,3522,15239,13568,24699
-12983,-772,-573,12314,5,264,-9938,-15211,-544,14859,470,27978
-13407,3602,-7275,272,2057,168,-5696,-10893,-3338,8375,-1637,29466
-5393,-1918,-8311,837,-8088,528,-3180,-9275,-5284,2403,-5411,26196
-1335,-3026,-7261,5412,-7961,6680,-896,-7949,-4326,-2942,-3647,22756
-409,-4810,-3381,8704,-4080,1312,206,-7323,-3290,-7875,-1916,17932
1373,-4978,-125,2065,164,160,1296,-8233,-2024,-14296,254,13353
3781,-5098,-3013,11818,-4048,3908,3596,-15213,-13238,-14602,-5641,9405
-1339,-6448,-5757,4098,1156,74,3766,-5319,-1350,5289,-9794,-9137
3133,-9202,1987,1120,-7519,281,4068,-8921,2608,-4741,-4336,-13712
5905,-8682,909,196,-4910,266,5626,-7859,3458,-7902,374,-20516
-1155,-4562,25,0,4,4417,-642,-10915,1084,-11039,4513,-27528
-2495,-6770,1163,192,4097,2304,-2102,-14355,3182,-13249,4490,-29430
-5547,-7154,-93,16,10826,4228,-4110,-18177,666,-15338,11534,-28053
-4473,-7122,-93,1544,264,114,-3802,-20679,-86,-14325,18797,-26142
-13763,-7022,4039,5633,9284,908,-8400,-25363,-1922,-9940,26194,-22080
-9091,5454,519,1794,2114,132,-9066,-22579,-3460,-4004,22056,-15583
-13761,-3950,4007,2052,14813,814,-9186,-19247,-2162,-880,14233,-6704
-5315,-6542,2327,2480,3072,1440,-4972,-14179,-1056,-396,3488,-227
-2819,-5582,2699,-1424,2308,768,-2052,-14697,-1338,-1320,3138,1976
161,-6890,2051,129,256,21,306,-15773,-1026,632,290,410
-1027,-6962,659,392,341,1576,584,-15763,-1296,936,423,1725
829,-7078,-1821,47,-13600,2084,820,-14479,-2030,533,-1267,3233
2633,-6242,-1849,512,-15155,2376,2802,-13739,-1898,855,-2744,2291
2621,-7026,-2673,416,136,32,2600,-13737,-2698,1009,532,945
2765,-7026,101,336,529,0,2332,-14533,-3066,903,2932,219
2879,-6810,923,0,65,68,1804,-16463,-2782,912,8687,396
2637,-6074,2449,148,2568,-1024,1388,-17495,-1238,1723,11099,-143
2817,-7118,-57,97,4608,404,1846,-16219,116,2492,15048,1093
829,534,675,0,4627,0,726,-15077,-330,2455,12858,1469
701,336,531,162,154,-1263,602,-14793,-542,2035,8197,-359
-447,822,131,1550,368,-2048,304,-14751,-634,1598,6561,-1830
-1219,-7150,3,192,16,-1526,-228,-14329,-744,472,4957,-1115
585,-7072,-45,264,3592,-2032,1046,-14447,26,342,3931,-711
1613,582,391,257,4388,-3036,1394,-14831,506,782,5556,-785
-115,-362,1093,268,4230,-2555,170,-15011,-360,740,5073,-442
293,-5858,1923,192,1796,32,308,-17447,-854,-203,1818,384
1205,-6642,555,1378,9,-2048,1438,-14963,-1326,1309,2097,-420
779,-6608,2567,4,6,-3264,596,-15947,-1442,1235,4733,-224
985,878,2435,518,48,-2943,846,-14635,-1606,885,5304,-360
577,-7026,651,9,257,-2816,516,-14019,-1468,91,5930,-264
127,-6642,3,52,1096,-2048,182,-13893,-1278,323,5454,-466
771,-7074,435,512,1036,-2027,776,-14037,-1382,573,5863,-352
905,110,175,6,6820,69,870,-14783,-1842,769,7201,97
2757,-6638,899,1090,0,256,534,-16217,-2244,1140,9088,363
585,-7020,2533,64,8704,4,628,-16501,-1486,1445,10018,334
1085,-6786,-111,1668,1024,835,2290,-16395,578,1686,11333,873
1085,-7120,37,1299,4260,1314,918,-15479,592,1848,12643,1291
575,-7018,403,1544,5665,-1408,762,-14463,-508,1575,5578,-522
1109,-7026,395,1123,1288,-4090,1348,-14525,-384,1230,3458,-1729
577,600,-73,2,1572,-3965,1606,-14859,-458,813,3974,-1359
1943,390,-59,1024,2064,-3008,1786,-15371,-90,1063,6719,-822
593,-6858,13,1046,1572,-2806,1568,-14317,-694,1012,5930,-529
1609,534,199,256,17,91,1502,-15169,-868,323,5037,448
837,-6254,221,196,2137,185,562,-17939,-1206,393,6378,121
-875,-5070,749,1024,2064,-2494,132,-16153,-1152,1575,6884,-347
2767,-7138,2435,1299,2108,386,590,-15471,-802,1740,6728,411
2633,-6898,1059,188,520,293,582,-14377,-948,984,5735,264
2621,-7088,167,552,320,-3048,220,-13833,-1406,628,6085,-457
-955,-6574,387,32,576,-2416,36,-14069,-1552,564,5838,-279
845,-7154,723,641,4648,-2666,870,-14679,-1306,1027,6850,-92
2653,-7150,2183,1025,1024,-1974,560,-15851,-1968,1249,9577,-285
3139,-7136,2435,320,2060,-126,224,-16451,-1522,1405,10883,-141
905,-7082,915,1156,2048,194,832,-15551,-338,1169,11003,500
719,270,27,4,1568,592,1700,-14863,1158,1437,9657,724
1617,146,453,258,898,70,1458,-15035,600,1344,9074,22
-685,534,-29,1313,65,-2032,416,-15071,-2,1311,6036,-871
701,802,325,1056,36,-3307,1484,-14875,306,1364,4873,-1031
1629,562,457,258,513,-3520,1512,-14741,452,1457,4794,-1216
1089,-6898,907,768,128,-3440,1304,-14517,-232,754,2064,-1393
765,-7130,725,908,2320,-2652,814,-16149,-1302,-216,2634,-510
-1455,-7026,1167,708,32,132,-494,-18305,-338,976,7108,153
609,-6496,515,7,4096,153,560,-16067,-1260,2304,4506,283
1057,-106,2579,268,1792,304,1428,-15715,-252,2464,6183,1359
1119,-7026,1925,105,8192,9,928,-14259,-924,2641,9373,1183
577,-6130,-59,132,8256,0,500,-13651,-1478,1684,9827,997
-1317,-5744,333,1104,338,-3392,-730,-13219,-1684,1133,7631,-437
-447,-7056,263,0,4656,-3961,-154,-13971,-1142,1145,4800,-1642
61,138,1507,530,640,-3036,232,-14767,-308,1632,9152,-643
-435,-240,-43,128,8209,64,-680,-16217,2560,2631,13173,2310
-4995,-5858,-121,46,4228,10372,-5552,-21725,4992,9596,21369,11119
-14657,-5104,3267,8832,128,17568,-14940,-20013,3464,14410,19904,22651
-13245,-234,1939,11009,4360,3328,-11850,-15801,1764,15177,6443,28108
-9207,1038,-4157,9,4864,1090,-7844,-12419,-2696,10511,-2503,32109
-4535,1134,-6205,3330,515,0,-4298,-11405,-6600,7091,-3519,31072
-4801,1258,-8317,260,-7424,416,-1456,-9045,-8366,-311,-6348,26244
-1283,-1010,-8173,5169,-8120,4097,-338,-8023,-6564,-9591,-6742,20560
1349,-2546,-3677,0,-6110,256,912,-8623,-3538,-16696,-1826,16227
3261,-6626,307,8872,-6128,10272,3696,-11285,-42,-22888,-6354,9632
9373,-7008,1175,5760,17475,-12272,6992,-6563,1602,7429,-4810,-12240
3901,-9580,-81,2113,-11456,4740,6154,-8895,224,-128,-3904,-11284
4761,-9714,485,3052,-8054,12600,5326,-7111,546,-5377,-866,-17679
2643,-6898,1459,4241,4135,4096,2242,-10359,3496,-8588,6135,-26006
-5249,-7150,2223,5128,4096,752,-1576,-13401,2238,-9250,7467,-31394
-4989,-7002,227,3072,6146,525,-4268,-16095,1036,-12872,6583,-30714
-3919,-7150,1937,140,548,1088,-4312,-18899,-1748,-15575,17241,-27200
-5421,-7146,4421,5120,40,792,-4230,-22969,-2086,-8771,30344,-23720
-13763,7246,69,129,4096,14483,-12904,-23737,-4792,341,12263,-18200
-13729,-6894,3971,1765,268,4130,-7542,-18453,-1078,1805,-5698,-11472
-4913,-7026,-125,330,168,2065,-2918,-15907,154,-1664,2239,-784
-4291,-6558,3199,641,4149,580,-1592,-14785,-808,-2524,4538,4039
-435,-6898,2947,-1899,3784,512,-182,-15165,-1286,-1197,3863,3893
-671,-7120,387,272,1360,262,-640,-14175,-1466,298,1154,3328
1183,-7154,-1405,422,-14332,2084,2332,-14241,-1262,1068,-1676,2132
2689,-6488,-1661,32,-15184,2144,3960,-14041,-1036,978,481,2217
3645,-6622,-2685,321,205,1120,3786,-14123,-2350,851,2320,1160
2685,-7152,-2557,1032,1082,-4345,3470,-15827,-2636,1602,5621,-209
3659,-6506,475,1030,4097,-1755,1756,-17841,-2434,1960,12734,-42
709,-6450,3,2119,16592,1124,1302,-17639,-952,2722,17411,1624
717,-6546,323,2386,19784,2381,608,-15719,342,2865,19534,3415
191,958,297,296,3208,1080,364,-14575,-256,3089,10711,868
605,-7154,29,2596,110,-2560,332,-13779,-828,2610,4360,-2586
-387,-7128,197,265,0,-3284,-10,-14347,-850,302,4549,-1118
597,-7130,387,66,2048,-1999,740,-14677,-372,243,3139,-1485
583,-6386,-349,128,3072,-1887,808,-16083,-290,-397,3187,-296
-961,-7154,1059,404,3093,129,122,-16283,-1154,457,3181,299
2703,-7026,2987,1164,2048,400,420,-15301,-654,1326,2632,1336
3369,-6642,2215,1088,1168,272,1216,-15165,-1354,1456,5645,652
-691,-6618,-119,137,2835,-2560,186,-14101,-1734,1138,6973,-418
-443,-7150,643,48,452,-3317,114,-13689,-1418,844,7089,-169
605,-7154,457,228,6198,-2910,486,-14007,-1320,1298,7325,-338
2653,574,2179,1808,4,-1888,466,-15069,-2012,1817,9846,-48
-119,-7114,-81,1185,4104,4,-316,-17031,-2498,1540,12930,15
3681,-402,-93,2131,6410,1600,-52,-15965,652,2457,14603,1949
-1439,1038,411,2053,8197,1169,-214,-14623,396,2237,8049,1020
639,-6968,-59,1472,2225,-1335,586,-14203,-180,1377,3194,-1319
1021,-7058,261,64,2176,-1484,884,-14259,-296,285,2414,-1119
1621,14,-59,600,413,-2011,1626,-15285,560,686,4198,-737
575,334,963,200,484,-3005,666,-14881,-742,120,2916,-910
837,-6826,-25,689,4161,-2748,414,-17931,22,155,5070,-144
-915,-7120,1925,17,1036,-2576,438,-15535,-1404,1322,2924,-519
2627,286,2259,278,16,-3328,976,-15265,-1174,1430,4828,-32
673,-7096,2005,773,535,-2304,710,-14469,-1868,813,6936,-269
-963,-7154,-59,8,1540,-3048,150,-14125,-1548,405,5957,-935
581,-6640,-117,3,579,-2878,494,-14057,-1474,684,6703,-536
1613,-7120,1923,7,128,-2944,2244,-14571,-1502,1149,9640,-466
2657,-6766,435,296,5265,-3757,1444,-15329,-3814,1392,13484,-1705
3007,-6126,131,770,277,-2048,524,-17173,-2726,-177,9528,-1983
573,-7090,205,642,4644,53,416,-15435,190,758,13141,424
579,-6610,403,80,1705,144,802,-14093,-578,1156,9939,567
1189,150,-45,128,128,-1614,1032,-14879,-1002,872,6160,-1666
701,-7154,327,-952,65,-1024,1638,-15567,-162,-206,4235,-541
2693,-7154,391,0,1029,8,2732,-15617,768,521,4984,97
637,78,147,2,543,337,1548,-15555,-838,195,1761,399
709,-7024,131,86,352,513,1284,-17563,-1508,313,2609,846
573,-7154,163,51,144,173,1322,-14859,-904,2003,4303,588
2623,596,2107,36,1040,1537,1728,-15077,-1106,2433,8093,1749
2753,-6588,43,1408,8720,1152,124,-13985,-2138,1881,11069,1466
2889,1190,995,37,224,64,-618,-14271,-2416,771,5970,479
2877,-6896,3,-446,819,-3040,-80,-14455,-1580,-178,1978,-336
161,290,-119,579,5249,704,-168,-14925,-248,733,5230,774
2893,-976,4995,3190,3072,4125,-730,-16823,5852,3830,7945,4549
-13759,-5994,5123,10252,11040,4612,-7432,-21849,5050,11866,15187,13836
-13747,9616,5191,16674,8704,355,-10156,-21453,6822,21673,9725,22655
-6561,2258,19,17026,513,2564,-5940,-13315,742,18793,4953,27353
-2971,1054,-3385,10242,1283,2664,-2668,-9793,-3408,11416,-4969,23749
-4419,-2770,-8249,832,-6647,4282,-2448,-7049,-4298,4495,-2051,20528
-831,-7050,-8313,4256,-4090,136,-1128,-4493,-5462,-3661,-448,17467
-67,-6970,-4201,3076,2310,1152,84,-5815,-3178,-13184,2647,13226
4047,-4570,-13,650,3601,4640,1894,-11319,3170,-20763,-1198,7930
-4861,-6938,995,8328,2564,1060,616,-6445,2680,9146,-9477,-11144
2717,-10846,-125,4096,-8112,14378,4072,-8537,2502,-560,-4583,-18777
2749,-6898,3043,288,1600,32,1246,-9523,3702,-3943,-113,-25940
-4001,-7086,311,8020,16,386,-2308,-13147,1088,-8508,3027,-32452
-13697,-6098,389,2144,9281,2868,-5326,-17805,-392,-13324,10499,-28525
-13251,-4914,917,139,16896,6486,-7808,-21039,-2926,-11565,16679,-25903
-12921,-7142,4015,6144,546,1042,-7112,-22909,-2268,-9381,17033,-20519
-13763,6670,4003,2052,10658,132,-9842,-22541,-1420,-5501,9676,-14723
-4235,-6366,963,2112,16,2049,-3826,-17393,3630,-898,11392,-4463
-4467,-6952,1699,4498,8290,1656,-4230,-16023,1728,-642,11907,3965
-4033,-6122,4483,66,664,0,-3752,-14843,-1762,800,-180,2342
-1401,1104,-125,33,-15748,580,-1234,-14779,-3168,119,-6949,948
-1217,1040,7,-1461,-15807,137,324,-14629,-2568,-431,-6427,1777
1151,-7066,-1913,6,-14669,82,1814,-13989,-2094,-935,-1918,3223
2669,-6566,-2571,592,-16240,176,3078,-13921,-2486,-135,-2761,1307
2637,-6898,411,585,1024,-3062,4052,-14491,-1542,909,3605,-253
2637,292,-93,17,80,-1656,3186,-15287,-2124,1440,8609,35
3137,-7146,1219,620,8202,8,2014,-16489,-2296,2059,12974,829
589,-5616,3,2700,16385,1028,492,-17123,-1714,2965,18466,1829
-1475,-6630,-93,2136,5264,1667,-348,-16061,-280,3149,15130,1599
-1459,-6506,355,0,4625,-3567,-482,-14049,-614,2554,5316,-1303
645,-6898,-123,1097,3084,-4086,584,-13911,-456,1347,3199,-1359
719,-7072,-29,801,64,-3008,280,-14475,-872,747,4329,-489
573,-7138,-107,520,2624,-3067,486,-14147,-1080,654,3568,-786
831,-6738,389,41,3400,-2943,1320,-14349,-298,374,3441,-543
1639,-7106,141,275,72,548,1752,-16879,192,335,4042,540
-707,-6482,555,136,4610,272,228,-16519,-780,2021,6634,279
1085,-7150,147,1344,5224,41,914,-16119,-1788,1963,5801,602
613,-6890,1927,68,576,2,542,-15853,-2046,2116,5881,-53
573,-6442,1957,1153,2054,-2937,474,-14931,-2260,1433,7193,-815
-1431,1038,99,179,2564,-3584,-158,-14635,-1912,730,6621,-1208
-1331,-6306,531,65,4748,-3516,-380,-13813,-1426,709,4910,-1191
333,-7134,387,20,4120,-4028,350,-13645,-1238,889,4996,-605
639,-6514,-125,198,4688,-2683,802,-14185,-1524,1260,7002,3
2625,530,1411,1252,1024,91,878,-15253,-2638,1255,9640,216
2885,-7154,1411,1032,978,0,322,-16333,-2528,1227,12399,258
589,-7154,933,257,4098,0,588,-16405,-1032,1508,14132,746
-447,122,-53,2593,6144,1244,242,-15053,896,2605,14835,1266
-1339,-7150,387,1760,8708,544,-696,-14623,-436,1745,8177,518
-707,-6642,469,1028,431,-2048,278,-14099,-612,1250,1345,-1374
1597,-7154,211,9,2176,-3560,1744,-14623,-16,784,2680,-1208
597,-7138,387,35,3466,-2776,874,-14539,-664,539,3474,-670
725,-226,-75,14,3608,4,1142,-15007,-898,229,3811,121
849,-7112,435,769,1288,106,704,-17677,-576,-193,6167,397
-1435,-7022,-125,1730,4230,-1456,192,-15887,-392,1764,5993,-55
1149,-6386,2091,24,2118,320,914,-15855,-602,1271,7539,329
75,-7078,2215,1029,82,-3056,-84,-14915,-1512,1426,6033,-622
2753,-7154,2259,576,654,-3072,102,-14613,-1786,524,4779,-939
-1475,-6898,387,72,72,-3576,-348,-14305,-1422,120,3663,-1100
-579,-6614,-59,386,3208,-3072,464,-14077,-1332,436,3980,-284
617,-7074,395,0,32,5,756,-13891,-1508,889,6462,152
673,-7086,2179,148,17,17,1064,-14373,-2012,1226,7681,303
655,-7138,5,1032,624,25,834,-14729,-2784,1387,9137,712
853,-7146,307,513,2050,0,774,-16959,-2752,814,10704,1063
-1201,-7018,3,1089,1648,544,348,-17209,-1544,1405,12218,886
1345,550,-123,2076,59,850,1490,-15005,856,2142,10208,785
585,-7090,139,257,100,-3063,816,-14499,-590,2354,8650,-73
749,94,-893,2053,4873,-2544,1010,-15489,-764,2161,6989,-506
1149,126,-1779,392,2579,-3068,1020,-15183,-1254,1842,7796,-711
1745,526,15,1312,4873,-2944,1622,-15023,50,2021,8175,-367
637,1040,399,169,8,-3040,1134,-14663,-274,1925,6495,-608
573,-6946,931,1472,1024,-3036,732,-14439,-462,1447,5432,-573
837,-7066,-115,421,4368,-3579,674,-15517,-846,890,4627,-368
-419,-6762,901,1308,7184,-3046,-288,-17299,-954,1415,8201,-796
-451,-6896,-93,1334,2576,34,-540,-15393,-1238,1990,6559,163
2641,-6898,1299,2049,20,194,576,-15285,-824,2072,6722,1531
2621,-7022,677,1218,408,512,552,-14355,-1416,1993,8744,652
3653,1044,707,1,8804,-2224,148,-13539,-2256,949,9826,-219
3185,1166,979,288,2048,-3447,-1114,-13515,-2310,-260,6442,-1528
2621,-7118,901,-767,256,-1968,-1312,-14391,-812,-582,4289,-1459
-3267,-2770,2675,148,6600,1253,-3060,-17657,3796,1004,7763,4057
-5421,-7146,427,4100,5640,9258,-5808,-20689,6944,7167,5693,10313
-11009,9262,163,16386,4,5408,-10912,-21301,4346,17090,6285,22409
-12465,-912,899,19720,4224,1024,-7910,-16077,732,19487,4010,26602
-12863,1200,-3609,8450,267,309,-4738,-11245,-1548,14253,613,29010
-5043,2294,-3773,10245,44,64,-2890,-9113,-3822,10162,-6304,26756
-1329,-2530,-4989,4994,-8128,4162,-790,-6887,-4994,5654,-7717,21925
-451,-7154,-7485,648,-3840,130,-146,-6059,-4176,126,-907,16846
-371,-5774,-3837,292,4128,2048,272,-6535,-3762,-10903,4402,15128
2639,-6966,-731,96,180,1139,2446,-9243,-490,-18619,430,9086
2975,13838,703,-13240,8194,-7406,2886,-21015,1420,3553,23588,-4473
2741,-7128,1539,768,-5616,8448,6606,-7609,4042,-6367,-124,-8977
5183,-10962,4803,1137,-10752,2070,5330,-8435,4702,-7475,-1209,-21085
-2731,-5090,-121,4230,1282,160,-1920,-11255,1036,-11341,5422,-26403
-5379,1046,1925,1248,459,4870,-4942,-14783,2080,-14914,1944,-27790
-10433,-6622,2099,8704,12484,2576,-1952,-18793,1220,-17356,15486,-24794
-5571,-6562,5,4140,18185,2112,-4478,-22039,804,-10726,18695,-22338
-12163,7710,6097,2280,4144,13830,-6092,-23773,-1898,-4544,20557,-18360
-13247,-7118,4101,61,20736,2304,-7246,-17927,-3714,1314,19271,-9487
-5557,-5106,4111,134,4996,608,-5342,-16631,-1744,868,4652,-2839
-2433,1206,2627,-2272,148,1349,-2500,-14459,-1422,-2348,1706,2074
-1359,-6090,2051,-2816,4137,448,-868,-15525,-1086,-2609,4734,4006
-883,-7122,1923,-1712,1152,1328,-746,-15797,-1756,-466,1614,1850
3297,14,131,1024,258,0,3532,-15189,184,1236,465,1060
3007,-7026,421,713,1052,0,2640,-14471,-726,659,3284,2191
3165,-7134,3,41,544,1,2104,-14117,-2098,390,2695,1948
2717,-7062,941,128,2565,-1267,2834,-14179,-2748,1339,3269,-299
2945,-6258,211,1184,1601,-764,1648,-15981,-3824,1157,10449,-761
589,-7152,1415,398,4621,0,410,-17607,-2584,1096,12969,-1
1637,-5522,267,2356,2640,2752,1936,-17053,1392,2520,15269,3131
1613,-6546,835,2176,5893,32,1480,-15681,676,3354,13717,1921
895,-7120,-1149,3244,204,-4086,748,-13885,-986,3532,6040,-1255
-35,-6490,-1493,904,256,-3484,248,-13787,-1602,1791,4585,-1372
-441,-7132,427,24,2060,-2526,128,-13865,-1240,240,3713,-453
733,-6626,587,-2171,3201,-1920,712,-14317,-138,-149,3684,-246
589,-6130,231,-1511,4208,323,386,-17005,306,-26,4476,367
-961,-6896,1035,1185,587,356,314,-15755,-766,1191,1473,569
2753,-5278,2193,1570,2196,133,1056,-16627,-850,1864,3468,1468
2737,-6642,1947,2114,6913,-3774,700,-14939,-1724,2344,6840,-95
2763,-7064,531,0,8468,177,542,-14377,-1550,1313,9625,197
2641,-6386,-117,8,129,-3068,-500,-13833,-1672,461,6148,-565
2621,-6834,131,144,208,-3584,228,-13881,-1470,96,4629,-1201
-439,-6894,579,615,18,-1838,-16,-14403,-1614,57,5304,-785
61,310,1931,97,6528,-3052,-4,-14763,-1924,252,6448,-490
3773,-6626,2535,528,32,-1783,284,-17321,-1276,873,8495,-217
2645,-5808,-45,18,3584,88,1030,-17407,-42,2636,11990,307
1085,-7154,-113,2116,1056,1888,1042,-15379,70,2646,11786,2106
1871,-7154,-51,156,84,362,1676,-14099,-116,1918,4970,281
1603,-6582,67,1088,2698,-2012,1616,-14111,-434,975,4220,-1814
757,-6886,411,3,2048,-1984,792,-14483,-572,511,6682,-1028
573,-7154,-61,616,4160,-1727,574,-14599,-94,797,5108,-141
981,-7026,1765,256,4097,144,844,-15145,-314,227,4485,239
-831,-7154,3,1,4182,133,-118,-17459,6,812,5499,132
749,536,899,2060,1153,264,762,-14827,-986,2125,3384,311
573,-6834,2439,520,4,-3836,552,-15721,-1674,1765,5540,-313
213,-7122,1989,1026,995,-2924,280,-14965,-2134,1249,6148,-728
659,-7146,583,128,5,-3584,468,-14555,-1516,421,6472,-270
-451,-6910,1115,139,1,-3839,296,-14127,-964,442,5655,-645
741,-6640,-125,273,170,-3564,708,-14043,-1282,894,7204,-466
573,-7150,187,1026,5,-3008,594,-14527,-1950,1254,8314,-452
2853,78,2099,1536,327,-1888,444,-15637,-2040,1566,9694,-75
2637,-6130,2627,1127,3182,344,-102,-16891,-1406,1711,11596,565
-1347,-6770,899,2052,936,520,502,-16133,-392,2343,12152,924
1109,568,395,2117,322,778,1052,-14771,358,2238,11488,779
-403,910,403,544,5667,128,266,-14823,-222,1966,7584,4
709,-6738,-125,1032,5732,-3548,572,-14291,-582,1953,5786,-1151
701,-6642,-93,162,131,-4026,568,-14057,-822,1409,6340,-1406
253,-6730,909,517,4138,-2823,404,-14293,-480,464,5158,-760
189,-7026,899,400,4196,-2807,246,-15703,970,460,5538,-92
381,-6898,-125,32,1026,513,414,-17749,488,746,3421,717
87,-7026,1475,2624,4736,532,50,-15745,-612,2760,4826,747
613,-7106,1951,24,2080,8,1472,-14191,-1072,1972,6824,2187
3133,-6256,2053,2,6417,-4088,200,-13731,-1938,1165,6615,-620
2945,-6382,2029,0,257,-3968,-56,-13757,-1742,228,4981,-2508
-767,-6994,1923,160,5208,-2319,-856,-14457,-864,-74,5216,-2262
-1279,-198,1667,610,612,-3582,-1060,-14687,-434,620,4859,-1362
-1461,-496,-125,43,10437,1091,-720,-16515,2548,2163,11154,2373
-2691,-7090,-93,259,4704,8704,-3688,-17899,406,6818,22346,11674
-30147,-4584,21,10272,3604,19264,-15008,-20273,708,11767,14859,25257
-13763,-1010,-123,10258,0,3424,-11324,-15515,892,14288,4784,28758
-7351,1294,-4153,9072,4210,1305,-5652,-10101,-1900,8797,-3269,29833
-3139,1040,-6237,2,-8116,100,-2978,-7909,-6280,1428,-6895,26323
-5059,-306,-6173,4256,-15104,4096,-1776,-6671,-6152,-4262,-6830,21855
-1379,-4848,-4215,530,-6143,1024,-928,-8013,-3538,-10339,-5893,17889
705,-2722,-1597,1162,-5870,11793,1952,-9311,-522,-15546,-5250,11478
20797,11412,16771,3270,1108,5164,400,-18013,13242,8895,2314,5112
6725,-7026,1011,5120,-6079,6210,5730,-8237,458,-8971,-1660,-2839
7967,-6898,4995,6421,333,13608,8208,-8295,5880,-9180,3735,-19166
2621,-6918,655,5895,2048,5376,700,-10805,1734,-10530,10710,-27751
-4515,-6826,-19,4112,8202,2120,-1530,-13977,-964,-11821,12547,-30661
-13757,-6642,1155,4352,4768,2070,-4646,-20451,1486,-11865,13681,-28711
-13183,-7018,4743,7365,18514,4112,-7266,-22843,-3402,-8621,22295,-26749
-13251,3636,4227,6,16424,9996,-8270,-24147,-1722,-7114,16501,-20210
-12427,-3954,6169,4438,769,1792,-8328,-19405,-1950,-473,9122,-9800
-4795,-5066,7107,2650,1280,6666,-4596,-15851,-496,-1643,1483,-575
-5523,1102,3,-1363,3442,3083,-896,-14421,-116,-1360,3764,3073
-1407,-7150,1993,-768,3104,85,-770,-15209,-2140,15,3808,3053
-931,-7134,281,225,224,1036,-438,-14499,-1754,496,121,3373
3325,-6898,729,800,-13296,2146,3254,-14369,-312,995,-828,2079
3277,-7152,-121,512,48,1,3486,-14543,-1480,1631,437,419
2757,-6386,21,298,178,-3312,3712,-15855,-2218,2338,4995,-205
1119,-5450,-45,1028,1024,-3552,912,-16971,-3028,3148,9631,-1268
1623,-6890,195,1153,2308,69,2354,-15951,-1238,1656,11858,390
2109,614,1059,1280,3080,1292,2138,-15023,1070,1505,15461,1189
323,-7094,-117,2,2722,-4096,-2,-14585,-414,1980,10711,-1015
157,-6770,-477,1728,68,-3936,284,-14211,-446,1703,6808,-1892
-83,-7010,-125,321,2048,-1759,420,-14575,-934,772,6451,-954
645,878,899,-1024,1036,-2016,786,-14829,-538,-83,5331,-461
871,-7134,-125,140,2059,33,1284,-15721,234,-65,6368,86
-411,-6092,2099,897,4196,-2540,-334,-17435,-672,1110,6223,-268
2653,-6770,2195,128,632,-3022,-86,-15943,-1752,1505,3505,-685
2623,-7142,1931,288,1034,-2016,716,-14903,-1690,812,4187,-446
-1251,-6442,-93,-1270,2310,-1504,142,-13925,-1990,-274,6438,-219
-443,-7134,-109,-504,1288,-1967,-34,-13375,-1532,-300,5453,-184
701,-6898,1187,185,5376,-1516,794,-13747,-1026,563,5580,-127
2621,-7122,2443,73,6412,17,912,-14509,-1822,1414,7728,46
2629,-6894,-85,1544,2184,392,690,-16453,-2666,1577,10485,449
1597,-5986,2053,1062,8208,570,1690,-17505,-1168,1145,13598,937
877,-882,-81,2305,7249,2144,816,-15653,2108,2386,15735,2182
653,-7138,5,1617,400,-1984,816,-14071,-106,1762,5111,-880
587,-6866,-1125,1216,2176,-2044,480,-14395,-898,1169,2257,-1612
957,402,179,256,66,244,822,-14789,-180,266,6164,375
1669,850,259,656,2080,276,1576,-15055,182,721,6244,330
-1219,-5584,2211,1152,5968,-2621,-946,-16877,-1806,1155,5814,-529
-193,-7150,2947,32,1584,272,-200,-15957,-1222,963,3560,539
3677,-7002,2117,272,2177,2,496,-14939,-1710,289,2229,9
637,-6894,2089,-506,3352,-1920,602,-14181,-1526,-43,3998,-572
765,-6898,131,-487,8,6,686,-13815,-1358,-276,4322,82
1101,-6642,423,34,58,-1790,1338,-14075,-1306,543,5340,-45
595,-7150,-49,288,18,384,1124,-14507,-2300,1306,7998,471
905,-5482,7,40,1153,12,900,-16999,-2906,1452,9698,14
1853,-6110,1411,6,4358,298,1766,-17629,-258,2484,15480,491
1141,54,35,2305,6280,2564,940,-15331,788,2829,15186,2633
833,-7026,43,2178,5656,-2016,1166,-13945,-920,2466,5453,-333
881,-6898,-125,1026,404,-3711,1528,-13983,-728,1055,4199,-1635
573,142,-61,330,2177,-1792,870,-15017,-478,458,6212,-1633
1677,-7016,261,188,1028,-3309,1852,-14565,-132,509,5485,-1120
2621,-7152,899,512,10248,149,360,-18795,-1402,679,11761,913
-959,-7134,3,40,4556,524,506,-15431,-2034,2784,6868,968
813,446,2203,512,416,1833,588,-15231,-2048,2598,7206,1830
-163,-6380,1157,1281,4995,64,218,-13841,-2772,1286,5864,-26
-191,-6126,-53,513,2100,-3966,-256,-13623,-2140,487,3038,-1835
2645,-7086,389,548,328,-2836,256,-14485,-472,609,4614,-192
253,-7154,867,1628,712,36,332,-14685,-70,1704,7188,572
-1057,336,-43,2048,7356,0,-736,-15525,776,2174,8132,2224
-5435,-6578,6299,6436,4260,588,-2194,-22849,6952,7076,13056,7680
-12575,7716,-123,16412,832,16920,-13120,-22997,4832,16705,21023,23386
-13499,1038,-17,16384,260,4308,-9358,-13829,-2110,16828,-219,28928
-3987,2126,-7789,10839,4661,0,-3730,-10779,-5662,12000,-1160,31521
-1395,3662,-8205,4496,-10187,16,-948,-7315,-8386,3966,-10396,26162
-1161,406,-4917,4103,-11950,538,256,-6551,-4844,-4270,-10023,17557
3679,-5618,-4201,11265,1571,14369,-12,-9603,-2340,-17782,1427,15988
4415,-4802,9107,152,12480,-4264,-8820,-7629,-7882,7802,6464,-1021
2657,-7662,1927,7559,-8192,161,1802,-7017,-1284,-8017,-6130,-11020
2893,-6610,387,100,6,152,4652,-9729,1476,-14304,1179,-21902
-5563,-6862,3075,944,37,5762,-1740,-13539,3096,-15283,10666,-27271
-11185,-7122,-67,2048,5120,1024,-2448,-15473,-392,-14322,22516,-27534
-10691,-6384,-117,9,17576,8192,-5942,-19873,-196,-10102,20570,-24208
-11521,8208,3971,48,9248,40,-7828,-24045,-3572,-7898,27064,-22196
-10547,-6882,4555,1670,16,448,-10852,-25073,-1590,-1707,18263,-16448
-12675,-6642,4517,8,17,6209,-7732,-16713,-1274,1042,2544,-8576
-5221,-7138,1223,4100,512,1642,-1204,-16165,1072,-2002,1441,1949
-4867,-7074,2435,-2668,0,420,-1366,-14621,-1370,-549,919,2363
605,206,1963,288,38,1164,684,-15285,-1008,900,1645,1298
-1339,-7154,-73,584,2048,260,-174,-14753,-1818,641,1985,3464
1369,-7118,-2041,0,-11992,252,1464,-14577,-1998,213,-4081,3773
3133,-7106,-569,268,-10836,32,4748,-14157,-180,373,-2065,2406
3645,-7152,-115,71,3112,544,3096,-14601,-2032,763,3074,459
4673,-7044,37,1090,4,-1439,1800,-16489,-1902,1219,8451,-420
1133,-7146,247,1136,129,274,1126,-16481,-1302,1447,8706,497
1645,-6638,395,1071,290,1168,1596,-15829,420,1901,11093,1742
1149,-6986,643,200,82,274,1068,-15317,-260,1763,9088,632
755,658,403,72,37,-2011,826,-14873,-630,1721,6316,-1734
573,-6770,-101,1298,258,-2048,606,-14177,-584,1375,5378,-1994
985,-7144,-109,771,1056,-1502,734,-14279,-676,750,5145,-1050
1089,702,709,9,1285,-1887,936,-15037,-376,861,5545,-573
1249,434,391,272,1088,-2042,1048,-15357,-664,947,5791,-378
-371,-7026,941,0,1080,1,368,-16069,-872,623,5231,205
-203,-7136,917,2,519,328,358,-15855,-744,1613,5833,368
-183,-6866,1995,2048,289,-3063,306,-16239,-1694,2046,4431,-837
2631,-6800,2483,1536,469,-5102,-226,-15233,-1774,1756,5073,-751
2829,-7134,317,1308,4384,-3936,422,-14417,-1250,1442,5922,17
2785,-7154,521,1408,6192,769,118,-13533,-1620,1422,6684,753
725,-6736,531,1265,4112,20,698,-13839,-1236,1588,6219,166
573,-7138,-125,2062,6145,258,552,-14661,-1670,2201,8209,245
189,-6818,-121,2600,1306,-1983,20,-15349,-2118,2607,10036,-217
3907,528,2053,0,2064,-1920,250,-14741,-1728,2435,11188,-266
2721,-7088,1277,596,4104,323,554,-15145,-676,1605,12876,437
-139,-6582,-117,356,4160,-1114,-238,-15131,184,1398,12202,-79
-443,-6638,-21,40,8768,-1536,-586,-16157,1940,2059,10847,-554
-801,-7154,931,3138,2307,-2038,-866,-14767,802,2861,7137,-1475
-217,-7138,451,1168,2440,-3328,-202,-14489,478,1863,3976,-1125
195,-7144,-109,1091,2728,-2046,298,-14137,384,1650,2949,-586
171,-6864,-121,616,2304,-1752,276,-13805,-260,692,2958,-667
-355,-6762,-29,-1392,620,-1792,82,-14335,-78,-130,1831,-737
637,-7154,401,-1022,1293,338,594,-16957,442,-1009,1594,432
733,-6546,-57,260,146,132,698,-15453,138,1249,1348,107
2753,-6864,2979,0,586,-3840,1148,-16343,-1074,977,3146,-412
3665,14,3989,444,3408,-3580,238,-14823,-1856,449,3942,-1343
445,-7146,2007,22,512,-1736,348,-14187,-1358,-507,4856,-704
71,-6510,1043,-704,353,-1335,24,-13987,-840,-498,4438,-291
129,-7150,989,0,6,-1263,456,-14233,-804,223,5088,-60
841,-7154,995,552,2049,-1984,1154,-14431,-1108,920,7609,-432
2877,558,2059,1280,8282,-1981,616,-15313,-1996,1294,9415,-118
2685,-7074,4051,753,10513,80,546,-16143,-2266,985,10651,229
2757,-362,899,5,10241,1540,776,-16043,-1076,1055,10248,-314
581,-6450,-89,37,1552,1,514,-15717,14,1145,9937,65
-1185,-6844,263,1092,260,130,258,-15295,312,1087,8227,626
-915,-7148,-81,1024,729,8,262,-14991,204,1400,5780,-3
575,-6978,-125,1074,85,-2840,532,-14855,-126,1346,4609,-270
577,526,-125,176,2176,2,486,-14781,6,1206,3927,119
2637,178,81,58,3146,32,1158,-14757,304,1279,3280,165
1941,654,471,20,2401,-2304,1864,-14827,412,1038,3468,-251
1373,14,869,512,3329,-2432,1314,-15623,-264,638,3912,-320
1085,-7020,1161,674,516,-2542,1118,-16701,-362,952,4161,-318
189,-6898,2051,1333,4672,-2277,84,-16377,-1598,1980,5915,-64
139,-7090,1943,1392,75,264,250,-14909,-1542,1903,5810,259
589,-6890,2475,1408,2088,-3544,452,-14271,-1680,1440,6916,-247
-355,-6892,-107,928,129,-3104,-90,-13729,-1852,955,6216,-1044
157,-6598,131,16,1128,-3484,-70,-13975,-1764,663,5370,-1381
61,-7050,515,642,6220,-3068,38,-14467,-1540,975,6299,-954
319,78,413,33,6368,-2715,404,-14915,-1466,1066,7553,-624
3163,528,2179,1032,608,-2654,248,-15297,-1342,1346,8875,-538
2625,-7154,1955,14,144,-1919,-214,-15861,-1136,1412,9141,-576
3681,-6882,2219,1792,0,-972,-200,-16295,-450,1808,8982,-227
207,-7106,-119,2176,8192,64,366,-15037,-80,2287,8670,199
861,-6632,-117,1612,695,768,814,-14191,-520,1545,8063,802
837,-6818,295,384,2064,64,724,-14127,-66,360,7122,320
61,-7110,19,-1488,1141,-2025,-74,-14619,1032,-238,3146,-923
-403,78,515,-1788,520,-3071,-656,-15447,6050,-493,-3669,-780
-3523,6270,6795,0,16384,84,114,-23863,8076,6016,887,5764
-25507,8206,4531,18726,17450,274,-9284,-23147,6676,19701,18269,19270
-13665,-4142,1943,20,2121,28,-10968,-19135,1328,22375,10327,28633
-5023,1352,-6679,896,56,0,-4778,-13559,-2850,18165,-1899,30033
-1429,1170,-4033,5120,-12278,528,-760,-10157,-4054,13049,-2728,27230
-1411,-3010,-6137,2626,-12279,5066,-782,-7379,-6110,2650,-3861,21743
573,-4592,-7793,212,-7926,129,568,-6647,-5698,-8125,-319,17249
699,-5074,-3037,12288,32,137,938,-8023,-2846,-17985,1261,12741
5789,-7154,32642,13604,16384,8463,-30279,26273,32585,-9170,23088,24397
3661,-7136,131,-6008,-3840,517,9002,-2467,4846,-2901,-1569,-2939
2637,-7088,-61,5650,-8064,13336,7240,-5267,4190,-2896,-4829,-19366
-707,-7038,427,7200,4184,8468,-1142,-8447,1510,-8686,5233,-24644
-5121,-3650,2087,1024,579,280,-2214,-11579,1976,-11380,4877,-28283
-5471,718,7,384,0,5644,-4272,-14633,158,-12955,9070,-26976
-5569,-6834,4531,3650,16420,832,-5578,-18567,-824,-12110,18142,-25674
-3651,-6522,4243,2817,18845,168,-3688,-21487,-3438,-9134,23678,-22032
-11487,6422,1539,3948,16,13457,-7796,-25399,-4656,-3698,17590,-18536
-3443,-7082,4997,2256,4272,32,-2954,-17653,-346,-1663,5224,-6676
-3203,-6576,27,116,10241,515,-2190,-15835,646,-3502,10821,4298
-1187,1172,-123,-4092,2562,1104,496,-14133,1188,-1443,7683,3598
3325,-6976,2051,1029,4300,-5312,3148,-14685,1974,1598,4025,-1469
1415,32,-125,676,8,-5088,1128,-15663,1222,1909,3384,-518
975,-6892,-1915,1,8,4224,644,-16019,-1062,480,4260,4804
2877,-7136,-1533,-2272,1056,4120,380,-15429,-1342,-167,673,5590
3135,574,-541,-2048,-7072,65,2902,-14965,-550,-85,-2422,2848
4413,-5838,-45,0,-7040,-3000,4394,-17077,340,98,-2590,-168
2621,-354,1043,2048,1076,-4094,2814,-15751,-1170,2011,1749,-1457
2781,-7118,2247,0,66,512,1744,-16675,-1364,1503,6534,750
2685,-6866,1931,1168,561,-3072,330,-14575,-2148,1471,8579,-542
327,-6768,259,1184,272,-4080,40,-13717,-1812,1128,7945,-1397
-415,-6472,227,17,33,-4048,-80,-13705,-1716,850,6184,-1878
371,-7134,3,528,6536,-3531,390,-13899,-1768,818,6630,-1457
701,-6386,1555,275,387,-2944,588,-16061,-2468,475,8785,-895
625,-6056,1927,1043,4352,256,490,-17169,-958,1384,14044,464
1669,-6826,-111,1024,21568,4096,1604,-16201,2076,1269,21860,4210
-1217,-7154,-119,3096,2579,400,-1236,-13899,754,3626,9596,1057
81,-7154,259,1090,32,-2332,216,-14101,76,1225,-61,-2407
613,-7114,793,-1277,-5342,-1791,852,-14533,-248,-366,-1095,-1568
1855,272,-29,-988,0,-2015,1916,-14715,-54,-682,369,-638
1599,226,387,-866,256,-3167,1604,-15033,406,-284,2423,-959
2015,22,-101,5,237,0,1998,-15875,524,-564,3754,461
1357,-6082,-89,813,4096,580,1144,-17019,530,997,6609,616
1223,-7154,3011,1218,4163,-2047,1052,-15619,-832,1133,4207,-405
2759,662,2307,512,4249,-2797,272,-14967,-1408,780,4931,-685
2669,1042,1923,17,4096,-3520,256,-14667,-1508,-6,4546,-1370
-131,-7048,1987,-484,4240,-3583,-42,-14249,-1416,-479,4203,-1424
197,-7152,903,0,63,-2935,278,-13965,-1126,-226,5249,-245
2641,-6898,2059,64,6661,688,1002,-14385,-1034,282,6730,656
587,-7090,2255,1088,8596,256,664,-15659,-1956,1151,8757,452
2753,-5864,1923,18,8204,550,604,-16861,-2030,1049,9685,565
1983,-7084,397,1572,2336,353,2424,-16327,324,1622,11282,366
649,-7132,395,1537,674,520,1552,-14597,382,1623,9753,500
1121,-7138,-61,768,19,-1974,1180,-14509,-708,853,5798,-1025
1599,448,-125,129,552,-1982,1492,-14745,-596,218,5956,-1985
1247,38,3,-832,72,-1720,1538,-15389,26,9,5770,-1150
717,174,707,-639,1024,-2241,1452,-15225,-276,-175,5115,-202
1629,-6458,-117,397,4192,-2528,1538,-16779,-132,-6,4238,-238
933,-7026,1987,6,1028,-2874,1022,-15579,-1790,1081,3488,-542
2631,-7152,1931,145,2954,-4032,732,-16019,-1678,1137,4092,-888
831,-6764,2435,14,552,81,1006,-14673,-1488,697,6774,331
673,-7072,407,6,1,128,608,-13631,-1344,556,6337,107
2677,-7146,19,772,35,-2880,876,-13751,-1354,980,6708,-323
573,158,1797,793,7504,-1728,494,-14837,-2290,971,8222,-129
2877,-6890,-125,264,64,100,802,-16515,-2282,761,9959,411
1897,-5610,-107,1024,4128,1606,2344,-17199,174,1157,15833,1685
831,-6842,-105,2050,5138,918,966,-14705,894,2097,15392,1866
2625,-7026,-123,2168,1447,-2748,442,-14299,34,2199,7332,-767
601,14,-53,514,4292,-2016,734,-15119,-574,532,4761,-1282
1623,30,261,129,4098,-2464,1732,-14953,184,248,4365,-389
1725,400,329,-700,1034,-2048,1570,-14827,278,-191,3640,-120
65,-5826,475,1,6145,3,-302,-17487,228,591,6818,832
-339,-6950,-93,208,664,8,166,-15571,-176,1799,2514,569
2637,-7018,-109,2616,384,1,1066,-15605,-214,2886,3227,797
2885,-7026,3203,1294,3844,1164,772,-14445,-918,1742,8259,1193
2621,-6002,2315,544,6148,193,-620,-13477,-1832,513,6097,343
-355,-7118,2573,-752,2139,-4016,-444,-13643,-1346,-196,-495,-1999
81,-2034,1613,281,1048,16,278,-17507,3732,2881,4383,2603
-10619,-6826,6019,9216,6,16898,-6706,-21789,5782,13804,21753,17749
-27507,-2978,515,16480,33,8256,-13616,-18101,2278,16529,6947,27400
-9155,3342,-7277,10240,432,2050,-7880,-12105,-3520,10117,-1529,27921
-4953,-1778,-6137,2921,-7894,4616,-2786,-9103,-5940,2524,-3439,29360
-1471,-1878,-7789,2048,-7483,192,-986,-8543,-5120,-6605,-6950,22434
-1421,-3058,-3705,256,-6108,265,22,-9239,-3378,-14516,-709,17545
15205,-7154,32642,3088,25096,5820,-30279,26273,32585,2885,29137,31096
7033,-5872,1629,129,-13824,4098,8394,-5553,1796,-6816,-8150,-4264
3213,-12702,-59,4284,-8184,2564,7276,-7661,4040,-10293,-3402,-18049
-1217,-5082,2291,1033,2112,5648,492,-12355,3592,-15438,8531,-25057
-5507,-4562,933,264,4160,1088,-2442,-16047,2904,-13498,13186,-27265
-5251,-4562,1923,2048,16402,5808,-3522,-20575,-2208,-12945,23154,-24795
-5403,4670,2115,9331,520,1024,-5080,-23129,-2344,-6683,26176,-20410
-12713,-6776,3779,2569,10244,1809,-8024,-20633,26,-332,15477,-11825
-4897,-5618,6371,3154,80,4353,-4774,-16999,-1850,-593,2644,-3040
-3023,-5106,2277,-2000,4658,216,-3004,-15547,-1708,-689,4740,2458
-1411,-7146,419,-2480,80,3074,-432,-15217,-1558,-233,3756,3086
1221,-7120,41,226,0,2848,1358,-14663,-396,851,5306,2965
2685,-6882,-373,1376,32,1794,3264,-14413,-410,1604,2904,1749
2317,-6626,-955,17,2624,256,2422,-14221,-1056,1751,2760,376
3785,462,-2459,1160,4160,-4474,1832,-15543,-2354,1833,5518,-116
3781,-5326,131,4,2068,-3328,248,-16887,-2798,1633,11228,-1170
4327,-6968,107,1328,2049,-1386,178,-16185,-1722,1445,11880,-224
2749,-7058,3,1026,5249,16,612,-15191,284,1369,13443,1385
3145,670,-109,1551,8208,208,106,-14801,762,1665,10481,570
2621,-7152,91,1937,2053,-1518,1168,-14641,1048,1972,6786,-1539
895,-6960,197,1152,326,-1462,900,-14491,90,1136,5852,-1264
837,574,899,529,3722,-1788,896,-14743,-354,615,3717,-722
1085,790,41,517,530,-1710,900,-14881,-56,589,2854,-535
673,408,-91,296,64,-2783,1314,-15425,8,298,3385,-159
843,-6898,165,650,4200,-2554,844,-16229,80,848,4330,-344
1141,174,1029,69,128,2,1128,-15049,-1136,1422,3168,86
2621,-6960,1931,100,144,49,774,-16499,-952,1177,4405,494
2653,-6122,2691,1092,484,-2048,62,-15649,-1462,1072,6348,-1060
-171,-6768,1961,129,4100,-4084,168,-15237,-1078,611,5502,-981
-255,-6894,2127,64,4097,-4072,-306,-14407,-370,205,5340,-271
2753,-6570,1451,576,280,136,104,-13801,-550,660,4300,177
595,-7144,1923,1,0,10,836,-14009,-724,1068,4880,28
719,-7090,2099,642,7681,-878,560,-15299,-1768,1767,8063,-37
449,-7046,2179,784,2231,136,452,-16159,-1476,1793,10526,194
1603,-6450,403,0,1872,1089,1632,-15995,702,1561,12257,1143
845,526,263,2081,2184,520,1260,-15123,1306,2170,10495,530
577,-7058,421,1,1539,-1784,822,-14899,574,1986,7885,-855
573,-7152,-117,1536,2065,-1790,438,-14499,-100,1557,6160,-1658
-131,-7154,7,1028,521,-3326,354,-14125,-34,1039,4955,-1208
15,-7008,11,673,193,-1780,408,-14273,260,666,4820,-609
573,-6854,199,-672,0,-1920,530,-14405,352,-87,4003,-889
255,-7146,403,-751,1320,-1854,182,-15845,628,-630,3464,-726
-699,-5830,19,2,4248,257,-932,-17197,-138,-136,4115,428
637,280,2373,158,24,72,744,-15407,-186,809,76,223
3293,-6882,3219,288,2,2,1038,-15333,-690,432,2464,513
2685,-7064,2563,96,2213,-1279,510,-14597,-1614,397,2205,-1137
2643,920,1987,-846,384,-1788,680,-14719,-1504,-556,3163,-752
-451,-7148,947,-1007,2336,-1956,-118,-14621,-1034,-883,3318,-929
583,-6816,973,-976,2312,-1248,444,-14325,-986,-317,4159,-94
831,-6768,1995,32,1603,8,700,-14265,-1180,216,5826,371
605,-7104,1987,529,11,1,776,-14547,-1174,1083,7072,262
577,-7106,1923,1026,520,42,702,-16187,-2102,1021,10144,261
841,-6378,1463,1116,900,4,786,-16763,-586,1483,9065,21
2621,-306,615,1025,4358,-1007,2610,-15519,472,1780,7655,-525
1735,566,-77,258,4,32,1468,-14883,-392,769,8338,240
741,-7022,-61,1285,68,-1885,968,-15151,-794,1287,5363,-418
701,786,-567,568,1536,-2007,1530,-14781,-614,1567,5751,-977
1679,816,-381,935,2688,-3008,2164,-14947,-400,1011,7101,-419
1981,82,-125,1218,2114,-2599,2238,-15369,-116,1263,7624,-563
675,30,125,672,2072,-2812,1042,-15395,-632,699,6287,-494
1265,-7122,407,2,98,-2844,1134,-16081,-338,490,6136,2
77,-6850,-125,1290,2516,-2463,272,-16285,-60,1566,6618,-315
1087,698,1427,1365,146,-2810,1112,-14831,-390,1946,5341,-194
2641,-6380,1363,1408,1056,306,538,-15565,-788,1498,5675,205
3653,-6510,579,1280,788,-2798,50,-15021,-1466,1252,4876,-732
3215,-6386,2051,586,4169,-2880,-82,-14701,-1578,585,4807,-599
2621,1046,307,48,2905,-2880,-158,-14355,-1678,283,3880,-796