669,15,-1881,-480,-159,-64,576,591,-825,-512,-184,-64
683,15,-1959,-912,-180,1,586,-15239,-779,-399,-142,2
737,-5,-1925,-489,25,26,656,-15299,-829,-469,44,29
611,-45,-1869,-480,64,8,478,-15387,-695,-411,88,60
617,-93,-1835,-491,-255,26,668,-15293,-883,-425,-120,27
673,-113,-1943,-471,-256,145,616,-15305,-727,-438,-131,-51
673,-45,-1867,-474,-191,64,540,-15423,-811,-475,-208,-68
-1991,23,-1773,-992,-3840,4,-1620,-15721,-589,-956,-4411,-155
-1959,-753,133,-448,-13758,16,-1980,-16061,1693,-17,-13974,1791
3161,-1137,-1453,2564,1032,438,-5630,-16527,4875,3059,-11029,7904
3251,-2161,-607,37,4485,528,-9158,-17745,5577,7264,-17274,13094
2733,-6623,-1673,10529,5127,1538,-9566,-20297,9469,11361,-19490,18390
-8867,-5231,-1785,16648,18,105,-8392,-19867,8823,16789,-22368,20384
-4167,-1133,535,18444,76,15362,-3764,-15965,6393,19900,-23305,15517
2951,1463,371,17938,-21412,9538,-1600,-14259,1463,18072,-21292,8909
2667,1487,125,18090,1064,521,3910,-10971,-1369,20490,-14595,276
7273,947,-611,17499,2592,1,7528,-9391,-5385,19494,-13406,-4504
8841,-7173,-1947,12297,8549,2624,8924,-5959,-6883,14283,-3623,-9447
5723,-5207,-1917,8964,8245,4224,5474,-4059,-10271,8545,-2127,-12438
601,-2341,-813,-3583,1026,290,1586,-1845,-10937,-2976,1846,-13212
-2439,-2605,-1709,-15807,2187,5922,-2264,-823,-5625,-15634,20610,-10155
-5543,-7273,-1837,-19419,7073,4100,-5888,-3203,-3093,-19149,32767,-3551
2835,-7041,-1639,21,9,6312,2684,-6693,-681,-19392,528,6400
-7583,-5233,-1945,-26104,9224,10,-8700,-6209,-809,-26524,10304,6
-19859,-2669,-1885,0,8914,6048,-19970,-2993,-793,36,4160,4360
-7073,-7213,-1133,196,1109,2404,-5228,243,-825,6,132,3196
871,-7275,-1861,512,8202,649,1282,-6725,-375,273,8453,32
4953,-7081,-905,672,8848,547,4880,-5669,-695,1130,8193,524
8809,2385,-1757,272,34,24,9622,-10547,3421,19433,-16922,12933
12907,-6719,531,16900,3136,2368,13366,-3549,-2447,19083,-16114,1838
11873,-6897,255,13320,532,80,11296,-2157,-6757,13791,-7144,-7793
7805,-2023,-1197,4224,1204,1031,7872,-669,-8395,4688,4503,-10963
3825,-869,-1573,-3776,64,516,3732,-255,-7793,-4086,8367,-11706
2649,-1059,-1949,-12470,6325,672,2176,-177,-7225,-8534,6534,-15813
-6439,-4965,-1809,-20480,260,16,-6986,-3417,-6295,-18176,1907,-9956
3169,2775,-1835,-24575,1062,2124,2588,3771,-683,-24512,2306,105
2665,2063,5719,-27547,16514,641,2576,2575,6343,-27128,16717,328
-20963,953,-1965,2320,1024,1208,-21596,1611,-825,2090,4,4265
-8419,-113,-1447,0,2116,6050,-9592,-161,-689,-4022,2113,0
2941,-5225,2141,1441,48,6418,2600,-4451,-757,8089,-2217,22684
9369,1207,2453,1314,1043,80,10640,-9427,3091,16308,-17459,16540
14949,-6893,2133,17549,-23551,1504,15288,-4487,-4815,16784,-22502,3070
10841,-6705,193,8192,86,1440,11508,-2723,-10475,11062,-4276,-9344
4893,-7277,-619,1025,2052,425,5734,-679,-11499,515,6933,-11114
1753,-1677,-1821,-13805,8220,-12224,1526,-481,-8299,-9683,10246,-12242
-1899,-1135,-1949,-13804,10257,-11375,-2904,249,-5547,-14008,10383,-11339
-9695,-7247,-1723,-24055,3137,184,-9462,-5451,-127,-20338,7878,-721
2673,921,-1949,-23930,10753,1090,-15322,-7769,7489,-22831,27300,13240
2649,911,-1445,2054,10513,1797,-13956,1491,-505,1,8195,96
-3239,-7191,-939,66,2048,4488,-2292,-12955,16591,-3154,-5180,21734
3801,-6149,-1529,576,-4000,22,4222,-11675,8243,9359,-2221,19324
9019,1335,147,928,-19701,8192,10524,-10201,1123,17880,-20695,9516
14201,-5231,2195,15748,-20208,5762,14496,-3699,-4875,15458,-19098,-3098
11193,-7239,-1385,8193,6,1157,10780,-2299,-8299,8563,1576,-10887
5985,-6257,163,32,2573,264,6148,607,-10157,-537,11106,-10625
2661,-879,-1801,-8174,8617,1664,2174,239,-8495,-7928,15692,-10694
-3479,-2865,-1917,-15680,8512,640,-4194,-2431,-6549,-10710,9742,-11481
-10647,-4157,-1963,-22208,160,0,-10364,-3603,-2285,-18558,1891,-3083
2653,-7281,-1421,-27512,3348,8194,-9878,-6881,5565,-27377,21175,9409
2979,1233,-1701,640,11432,1316,-21992,-11527,9487,-21181,9237,19018
-2847,-7249,1123,2063,10018,2056,-1090,-13247,18841,-4560,-4940,23160
4761,-7201,1309,6588,1062,4422,4960,-11217,10347,7446,1002,20599
3429,-1777,-1965,2112,-14301,8394,6776,-8921,1905,15635,-15350,12374
13149,-5231,6227,9,0,9536,13910,-4419,-2611,16940,-24221,-1110
10885,-7087,-1837,8705,-2748,7202,11486,-597,-6795,9660,-1184,-9370
6793,-6437,-1965,1008,288,1056,6514,539,-8639,293,14928,-8834
2797,-7277,-1961,-7136,945,452,2738,237,-7885,-7397,10793,-9996
-2199,-3121,-1709,-15304,1028,9,-2680,-1671,-4427,-11031,5295,-9853
-7975,-4145,-1945,-16384,4869,-2814,-7742,-2927,-73,-16161,7283,-1985
2649,-7133,-1821,-22496,0,6272,-8708,-3897,2719,-22943,18394,8081
2659,-3175,-1805,-24283,9154,14380,-19016,-11227,6849,-23463,7365,15041
3137,-6001,-1925,465,13209,2304,-3024,-13533,20771,-7130,-2648,19963
-3421,-6769,611,174,5128,1,-1806,-12089,10443,7753,-3784,20759
6777,-4713,-1953,329,-19968,13312,7426,-10669,3417,18662,-19019,12744
11101,3121,4341,9,-15101,3713,11198,-7397,-1929,20341,-14751,3154
11401,-6649,211,96,-6047,2048,11368,-3785,-6869,15214,-5296,-5276
9817,-365,2131,0,28,771,9688,295,-10901,6069,7436,-10426
4857,-7249,107,-3840,48,-11247,5450,753,-10883,-2212,8312,-11360
-1169,-57,-1941,-14272,6913,-13094,-406,411,-8621,-10586,8156,-12680
-4965,-2929,-145,-15103,10702,-7808,-5398,-2239,-5053,-15288,12272,-7421
-10559,-6961,-905,-23776,82,-3999,-10608,-3425,-3331,-20114,4183,345
2877,-6697,-1069,-24438,11373,8448,-10050,-6107,4423,-21988,11281,8936
2921,1039,149,-17331,5254,21507,-12658,-11869,15309,-16401,6721,21600
-4001,-5985,-1837,-3194,136,1430,-3326,-12899,17053,-2336,574,22459
2649,-6833,-925,8224,-8104,41,3040,-10759,10303,8773,-4296,19129
2937,-1007,-1451,1066,-14704,9030,7432,-8147,2353,16064,-13100,10452
3241,-4465,4179,1792,-20862,11265,12944,-2835,-3407,17766,-21009,-1558
10841,-5999,411,11056,524,2754,11898,-1403,-6713,10732,-4533,-9647
7769,-7281,87,164,776,4230,7616,-567,-9979,124,17732,-8948
2713,-6933,-1961,-8064,8208,513,2264,235,-10015,-7260,12673,-9824
-2427,-2625,-1689,-15760,6420,130,-2354,-1775,-5433,-10872,7073,-9632
-6541,-3185,-4485,-16375,8224,2,-7012,-2211,-2875,-16831,8435,-2843
-10111,-7281,-1955,-24192,8452,36,-10212,-5811,4207,-23204,9415,6792
3441,1489,-1835,0,8453,2953,-15430,-10011,13105,-20800,8713,16851
-7065,-7271,-857,1751,274,4353,-6608,-14539,18605,-5627,-6,23131
817,-5209,-1449,256,2080,5142,2830,-11969,11441,8199,-2036,21583
8289,-2149,-1677,312,-13757,12304,8532,-9429,3207,18146,-14362,13177
11931,-7143,4247,3177,32,11272,11982,-5913,-2989,19301,-18117,-1908
10841,-7215,-1901,256,1184,5184,11678,-721,-7297,9872,2804,-10945
7133,-7279,761,-2031,16518,-9152,6782,885,-10019,-2522,18834,-8845
1213,-6749,-1757,-12284,256,129,846,-133,-7997,-9713,10975,-10496
-3397,-2153,-1707,-13929,8210,384,-3666,-1863,-3071,-14413,10335,-9123
-9367,-6215,-1889,-24382,580,-1886,-9814,-5129,-925,-19380,12981,-968
2649,945,-1837,-21944,1154,8214,-14234,-8943,3813,-21693,7589,9208
4079,1681,-1937,-16367,172,17728,-13604,-12233,15951,-15477,964,20307
2841,-5089,677,326,12404,32,-1284,-11933,15061,-1688,-2941,23421
4193,-7015,-683,8336,238,264,4566,-10895,7959,9265,-8236,17298
2713,-3119,689,32,-24124,8216,8906,-8045,1621,16820,-17099,7622
2681,-6257,4499,644,-16327,12392,12596,-4771,-2853,16791,-13404,-4149
7605,-5545,83,9736,1547,32,9338,-667,-6511,9484,2687,-11219
6139,787,-1965,-3020,16695,3082,5948,1337,-8613,-1291,19147,-9000
2699,-6575,-1953,-7158,64,512,1868,1103,-7527,-6871,11267,-10771
-2975,-7233,-581,-13309,2696,41,-2974,-607,-5403,-13258,6710,-11117
-5031,-3655,-269,-21246,0,1,-5262,-3407,-4863,-21332,14726,-6130
-12709,-1325,-1597,-24544,1008,-3712,-13350,-9273,2085,-24001,9709,-2734
2681,919,-1443,-24556,13315,6208,-19050,-13397,2817,-20780,-2218,8275
2659,-105,-611,-7616,3152,329,-8012,-15829,14465,-6927,-7551,21389
-1941,-7153,-1709,3554,6205,3094,-1682,-13613,8147,4776,-10847,23680
5725,-1983,1173,21,-23517,2065,6666,-9583,2601,14069,-24275,17980
2719,-7185,1299,132,-19926,32,12028,-5221,-1705,16100,-18834,3208
12121,-5137,-941,856,2340,8390,11834,-2695,-6173,12922,-4102,-7735
7129,-5233,-1101,6656,1134,33,8770,893,-7061,5974,3694,-10564
4987,151,-109,-7384,11554,585,5738,1075,-6927,-5716,12415,-10613
1691,-6737,595,-12224,582,-9431,1414,247,-6563,-10651,23018,-8545
-4261,-2753,83,-16383,4114,-10200,-4038,-1515,-5805,-16497,6086,-9683
-6555,-6177,151,-24440,8336,-7168,-6452,-5273,-1559,-24749,13378,-3681
-13403,1171,-429,-30056,12578,260,-13796,-8701,2943,-25466,14156,1409
2693,-6735,-1753,-22528,9352,8238,-20076,-15573,8961,-19867,-8600,13706
2661,1009,-1925,-3776,16384,22896,-962,-14363,17187,-663,-749,23567
2781,-5225,115,9540,9225,1289,-698,-11685,9701,11072,-8463,22101
7945,-2601,1163,18432,66,4480,7964,-7081,2035,18879,-23925,12853
12269,-7149,403,578,-13227,400,12040,-3785,-2889,16495,-12109,-177
10845,-5233,133,2214,-1013,2690,10234,-2617,-7109,14136,84,-9845
7037,945,2649,2832,13312,8213,6888,1765,-9579,2030,14083,-8025
2905,1297,1187,-7088,15379,2561,3892,1709,-9777,-7439,15151,-9635
-1437,-6225,243,-15805,32,-10214,-1240,-1217,-5557,-14217,4058,-9956
-4935,-3863,-573,-24562,10164,-2008,-4634,-3273,279,-20365,17177,-1269
-9895,931,-1965,-24576,8324,4370,-9918,-7533,-1687,-25051,8540,5008
-11781,-2625,-1837,-24408,4864,12866,-11930,-10813,11353,-21964,4650,14056
2745,927,-1789,-6012,14420,24071,-5862,-14369,19415,-4469,-247,24337
3417,-6249,-279,9220,8195,264,1548,-13261,10279,10082,-6044,22535
2701,-3057,189,18464,11276,4876,8930,-9805,1607,19669,-16921,15548
11321,-6239,-1965,17448,129,1185,11686,-3075,-4707,19145,-10704,1270
9825,-7143,1115,1566,0,16390,9870,571,-5801,11420,712,-9448
6809,-1135,-1445,508,1536,3111,8122,1287,-7727,-191,12491,-12506
-3233,303,-1709,-12160,9762,2072,2084,801,-7463,-9083,11243,-13576
-5415,-6977,-1901,-15208,160,-13820,-3936,-3797,-2255,-15411,4701,-12937
-9111,-7001,-1291,-18944,6176,-8072,-8238,-5175,-2119,-19150,5705,-3327
2707,-849,-1453,-23552,264,5708,-9078,-7937,5301,-21241,989,8690
2905,-2471,-325,-14335,2177,16482,-8260,-10329,15799,-12621,3473,19294
2921,-4875,-901,-3552,10564,22761,-1378,-12393,15009,749,-1492,22608
2905,913,-1451,9248,8192,19524,5456,-10793,7861,12732,-7016,19819
3041,-1039,-1949,18508,2560,3329,10214,-6965,555,20215,-13841,10904
10971,-3185,-1577,17559,0,5384,11190,-2413,-4609,17813,-9175,-3510
8793,-2147,-1961,12,384,512,8446,-837,-6487,8526,8561,-10534
3997,-4633,4245,3,9728,0,4352,1189,-9773,-2465,13789,-9715
881,-5979,-1957,-10240,3096,4101,718,1497,-6303,-9799,3167,-12127
-3477,-6961,-1949,-18383,8248,32,-3058,-1863,-699,-17919,9093,-7215
-7399,-6123,-1133,-24312,292,-2968,-7076,-5231,-1787,-21967,7608,-2605
-9439,-1745,-1833,-23776,16,304,-9672,-9631,4543,-22436,-102,6206
2673,-5101,-1451,-15340,12868,18577,-6246,-12421,17379,-9765,-3539,19462
2657,-5037,-1421,898,12566,22528,2978,-11977,13655,6904,-1982,22730
2653,1087,-1917,16640,196,15367,7524,-8893,3621,18266,-16090,15154
2905,-4081,-1837,21636,14381,2065,12276,-2731,-1023,21555,-16069,2357
8281,-2989,1191,14600,5641,1062,7636,195,-6225,14276,6551,-6807
4969,-1137,-1699,1642,10320,9281,5770,819,-7219,882,14851,-6992
2841,-7281,-909,3104,8208,2817,938,35,-7235,-9264,9648,-8752
-3349,-5101,2691,768,26,195,-3576,-3177,-1683,-14768,2395,-11462
-3475,-3593,-1949,-23424,10244,1152,-2798,-3427,-43,-23368,11145,-2702
-11539,-2801,-909,-24317,2055,7176,-11296,-10559,10503,-21352,4706,7975
-3099,1175,-1301,-8023,35,18948,-2446,-10455,16575,-2769,-5730,19445
5369,-2861,-385,10753,13057,0,5296,-9379,10727,11659,-1790,18594
9065,-7023,-1145,20769,0,10342,9372,-6057,1617,21041,-16488,11171
12217,-7273,-1645,16431,4354,1049,12222,-3135,-3501,18798,-7390,550
2683,-7281,-1709,13585,8192,-6527,8402,245,-6603,13036,9815,-6501
2673,-7255,-1821,4486,1551,1558,5032,2587,-8607,3677,21058,-6567
-1315,-5489,-1965,296,1084,6668,40,3093,-8803,-6078,16739,-9796
-5511,-2665,-1325,6,8216,453,-5188,-1297,-3693,-13277,9234,-10634
5213,-4527,3931,4096,1704,10801,-6724,-4077,-1225,-19638,12397,-4302
-9631,-6897,2323,0,96,8001,-9336,-6185,5087,-19479,7166,214
-12711,3043,-1165,-11980,392,8196,-11592,-8657,12405,-11343,-8429,11563
2843,-2353,-1189,-3823,-4096,4612,3410,-8695,16029,596,-2297,15137
4829,1039,115,8209,265,589,4596,-7975,9131,8867,-399,15932
6747,-7269,-861,12322,272,12361,7932,-4559,2523,14673,-11733,12227
11897,-4199,-1797,16952,2052,4610,12282,-3325,-541,17013,-13093,4296
11129,-2863,-1961,12832,12688,-3410,10954,-2251,-4477,14862,233,-1641
7833,-1765,-1965,11008,9219,-4076,8022,-913,-7195,10755,9665,-4126
6233,-113,-1949,2240,100,-3839,6220,985,-10245,2494,17050,-3655
2697,-5873,-1325,-8099,12821,-6972,3744,2765,-9989,-6359,13633,-7311
2651,383,-1965,-14270,8338,1042,-1616,633,-6559,-14280,9684,-10914
-9607,-5169,605,282,12297,2720,-9618,-3581,-2187,-21548,12005,-9087
-11685,-1041,107,-25599,130,4612,-10932,-7333,2149,-25476,8318,-1107
-15431,-5233,2131,-22448,65,2568,-13160,-13335,13537,-20254,-490,11841
3251,-5161,2393,444,-7934,194,-2152,-12891,19919,-4597,-3461,17711
5721,1041,2403,2210,546,8326,6030,-10031,11127,11565,-2787,15032
8283,-7215,-1965,18451,-15316,44,8986,-5075,1617,18904,-15672,8578
10953,-4909,127,16965,-14328,2128,12358,-4173,-2109,16534,-11652,-652
10861,-7025,143,8290,577,130,10464,-2165,-5949,11503,2396,-7297
6745,-537,-1931,3336,8275,544,6744,5,-8515,2867,12553,-6377
3901,-1133,-1571,-4023,8224,-9215,4230,513,-8507,-4207,10597,-8701
-2263,-623,-1901,-14199,788,-10239,-2286,-177,-6483,-10234,5865,-9926
3289,-6513,-1193,-20256,1129,-1785,-10376,-3113,9,-20960,6350,-344
-10007,-7025,-1675,-21344,10432,2056,-10756,-6103,5263,-21017,9816,8552
-10663,-623,-1869,768,2372,66,-9042,-7343,19179,-13632,5933,16556
-3483,-5233,-1709,-560,33,1122,-3022,-11001,18013,374,-3022,18370
3823,-2077,-1949,10022,-8128,7176,4086,-9151,9469,10717,-8070,15108
2651,-2129,2403,3072,-8162,8337,7178,-7777,3285,16360,-8218,9960
8795,-6513,4511,850,2120,3936,10558,-5591,-1183,17318,-8923,3500
12905,-7281,2163,10,160,4129,13164,-2279,-4943,14852,-7206,-4564
7393,-7169,95,8610,-1534,2816,9498,-735,-6333,10407,-1217,-9531
6907,-7217,-1765,-4461,10377,257,6568,-505,-8959,-983,12237,-10146
2273,-7209,85,-8160,160,1224,2130,-149,-9251,-8461,16491,-11003
-5023,-2665,-1389,-15744,9222,304,-5048,-1589,-7907,-12804,10930,-9258
-8487,-5233,-1293,-20096,2129,-2867,-8560,-4411,-3917,-19981,7033,-2483
-9839,-561,-1837,-29680,8204,5,-9906,-7861,5099,-24968,12940,6898
3499,981,-909,-24448,2051,292,-17450,-12823,12427,-22450,5447,16793
-6003,-111,-361,-8055,9217,2144,-4832,-15609,19621,-6783,-7216,23286
1149,-6001,-1833,0,2064,34,2464,-11049,11533,7200,-6109,19238
6077,-1383,-1931,128,-16812,552,6752,-8775,3119,17700,-17445,9512
3163,-7249,-1965,2117,256,9640,10514,-5643,-1069,19480,-18206,-3349
7265,-5233,341,4100,2884,2,9322,-3849,-5815,13049,-3011,-11714
6747,-6185,3067,4352,640,4642,6144,639,-10221,4014,14406,-11259
2681,-7281,1019,-8190,8235,800,2816,1369,-10079,-5086,10381,-11713
-2311,-7135,-1901,-12123,10,-12288,-1868,-251,-7529,-12558,6623,-11195
-7493,-5103,-397,-20480,4305,-7672,-7778,-3845,-3237,-18745,4737,-6728
-7575,-7153,-1949,-28320,848,-1940,-7176,-7001,-217,-25481,4925,-76
-11681,-5213,-1901,-24543,2089,8336,-12238,-12789,3383,-24165,1632,9436
2917,1423,-1907,-11264,9800,17416,-5968,-13921,18171,-10051,-5768,20017
3061,-5967,371,1028,14349,256,228,-13287,13933,2436,-1347,23255
5861,-5713,-1953,144,2049,4,6266,-11203,7921,12962,-5310,18274
2873,-3101,-1389,70,-12288,2569,7512,-8057,1701,18076,-11748,10014
2905,-5031,2139,1284,56,12736,9940,-4357,-2973,17629,-15631,-1773
5081,-2411,193,8192,1092,5760,9498,679,-6915,10022,-3591,-10835
5285,-6257,-1873,-6602,12352,4656,6342,2667,-8333,-730,14849,-9246
633,-5969,-299,-8176,4692,-12000,308,651,-7139,-7872,4628,-11861
2649,-7281,-1959,-13667,4352,28,-4386,-2395,-4281,-13819,5085,-8933
-6567,-7281,-941,-20224,1473,-1456,-6466,-3943,785,-18704,3893,-1000
-6499,-35,2707,-21486,8192,4328,-6672,-7051,4753,-21371,8666,5339
2687,-4205,6743,-22764,2081,13441,-12904,-11951,8865,-18214,2653,14361
3183,-5745,-861,-7536,8290,104,-4380,-13461,15449,-5627,-3452,21160
-37,-4465,-1901,1216,6,4530,-20,-10653,12223,4351,4382,22946
5371,-817,-1917,1092,32,65,5704,-8153,7903,12351,-7449,16762
7901,-5489,-1929,2464,-15226,4618,8892,-5239,2789,16752,-15330,6192
9689,-7273,4627,4121,-15704,13382,9742,-2545,-1521,13856,-13872,-3450
7273,-5721,1173,0,1051,269,8026,-873,-5931,7005,-5841,-10038
4085,-7275,-1689,-3584,768,1,4478,565,-7453,-3070,1972,-9648
-935,-7231,89,-11904,6849,-7903,952,-467,-4989,-11171,-1434,-6678
-3223,-2417,-429,-16107,1152,-4094,-1678,-1841,1249,-15017,1911,-1622
-3489,-2761,-683,-15292,12048,1,-3092,-1713,4665,-15134,12354,4578
-5415,-6757,-1441,-20224,9792,10269,-6162,-6443,6547,-16766,16388,12157
-7067,-1327,-1831,-8148,5130,16960,-6426,-8751,14097,-6937,4116,21648
2681,-2085,83,2048,1537,19600,3190,-9751,14627,2863,3901,23768
2909,-2513,1175,12802,1348,256,7886,-8039,10501,13599,1210,18335
2649,-7279,1619,12,1036,258,8874,-6449,2715,19175,-5889,7940
2655,-5729,2271,2601,578,8963,10568,-2927,-2745,15797,-11345,-2586
7773,-7277,-1963,2592,1794,4737,7550,-471,-6305,6110,2540,-9802
2653,-5073,-1893,1344,516,1536,4592,-251,-7279,-2489,10954,-10354
929,-5073,-1773,-6848,2132,40,1772,1235,-6507,-6994,2532,-12704
-3377,-1617,-397,-12256,-1664,1664,-2456,-1051,-2925,-11626,-1554,-11885
-4989,-7247,-1091,-18543,264,280,-4320,-2695,171,-16738,7178,-5872
-7015,-7015,-1895,-19962,1028,1168,-7068,-4511,383,-19981,9040,-69
-10887,-109,-1965,-20263,3604,33,-10274,-7863,4875,-18934,3322,6792
-8575,-2633,-1335,-16383,11442,5,-7320,-9359,12851,-13632,-681,16358
-2815,-3185,-933,-3964,10240,20673,-2250,-10129,13381,-2717,-724,22531
3259,2321,-1403,5196,321,17184,4300,-9297,11409,7682,2093,20127
2701,-993,519,12556,0,17264,7076,-7533,7103,12928,1511,16983
6875,-6877,607,281,8193,386,7188,-5597,1865,15494,-8162,9935
7337,-2881,2155,224,66,158,9452,-2067,-1915,14858,-14572,-467
8927,-1865,3611,10556,-15583,64,8698,-839,-3555,10755,-8295,-7257
2913,-2913,-813,1541,1536,6432,6850,-237,-5629,5205,4394,-8823
3113,-913,-1707,66,6148,5632,4460,271,-7153,-296,7074,-10611
2687,-6255,-361,442,272,514,2988,639,-6897,-3839,3131,-13863
-675,-7277,-1369,-8162,130,291,-1062,-121,-6193,-7989,2228,-13752
-5239,-7281,1651,-15847,562,2052,-5350,-2639,-4741,-15293,1848,-9668
-8085,-7201,-1953,-20004,1793,404,-8332,-4639,-341,-19005,3898,-3115
-8867,-6761,-909,-24509,464,1238,-8780,-5035,2851,-21229,4541,3795
2731,-2159,-913,-20190,2560,24,-12674,-9601,11645,-17439,2629,13623
2849,-3035,-1545,-7870,13568,1440,-6676,-9365,15395,-7286,-1917,22387
797,-5225,-1461,648,2120,20,2202,-11493,15789,2397,2611,24856
6041,-3169,-1709,9642,4384,2112,6844,-9681,9641,10064,4818,22698
2785,1215,-1853,13408,16,104,8962,-7541,5429,14227,2689,17729
2681,-5233,-1837,16416,10240,6176,10940,-4883,-679,16824,-6138,7297
9369,-2587,603,140,2,4232,10314,-951,-5315,11960,852,-4497
6749,-495,-1595,4403,864,914,6418,119,-8225,4087,11454,-9423
97,-7137,-1573,-4080,2094,1024,2052,-145,-8573,-4307,6331,-13195
-4409,-2641,-509,633,4440,7301,-2672,-2523,-7091,-13379,-3746,-16777
-5395,-7231,91,1152,1128,1056,-4506,-4225,-2357,-21584,-1801,-10762
-9049,1423,1109,-26336,1688,42,-8154,-7451,-1035,-26669,2000,-4845
-12609,-6061,493,-26608,4112,2068,-13044,-12943,7393,-24808,4501,4455
-12611,915,213,-16377,-3452,13346,-12116,-13699,15147,-15780,-3565,16156
-5015,1233,-1193,-6361,2689,22602,-4362,-14575,17155,-5655,-501,23016
4239,-7153,-1543,1690,1043,23552,2592,-12251,15295,4481,686,23578
2655,-3057,-141,12640,10240,19773,6776,-10369,8913,13719,-5931,19845
6785,-1037,-1513,12544,9760,13996,7150,-9215,3151,16608,-7174,13281
2683,-5677,-405,17169,8256,16,9044,-4713,-1471,17200,-6208,6385
3529,-5233,371,12800,532,1364,8170,343,-5731,13721,3353,-2393
4893,-6717,-939,3336,8792,164,4648,2239,-7819,3416,14128,-4121
1117,-389,-1643,-6602,4836,4640,704,365,-7523,-6776,6581,-9720
-4959,-2669,-1965,-15792,2050,264,-5048,-2417,-4127,-16015,2471,-7575
-6369,-5229,-1385,516,9792,6688,-6150,-4395,-329,-22505,10699,-823
-11687,943,2203,1041,1294,1104,-10794,-8953,5301,-22404,15279,3951
-11543,1945,-1885,-14322,264,1044,-9850,-11851,18275,-12618,-5058,13871
-807,-4657,91,1036,72,528,-196,-11965,13275,1944,1141,19007
6811,963,-1901,8486,2064,14390,7028,-10909,8769,11150,-6155,14756
8233,-111,-37,12296,321,560,8224,-6921,3025,14531,-8090,9441
9825,-5007,-1899,12845,4097,1024,9988,-4133,-1045,14954,-9841,1373
7823,-1133,-1389,8192,2824,-6144,8080,-221,-6851,11149,-9406,-6585
2657,-6737,-1949,784,8193,-8184,3844,2805,-8159,2169,521,-7466
3195,1217,-1965,-8104,8417,1024,-1302,1705,-6831,-8038,13143,-6610
-3425,-81,-363,272,0,1024,-3664,643,-3299,-11947,20307,-5308
-8871,-933,-785,1715,4634,1858,-8796,-55,-3667,-15432,12950,-3786
2749,-6223,-1949,278,16512,6674,-11752,-5403,791,-23415,16245,-1201
-17825,-4697,4627,256,84,6272,-18462,-12613,6449,-19530,2923,8465
-5159,1439,2491,-4088,128,336,-4102,-12805,15291,-3010,-7510,17476
2721,911,-1709,8225,1040,132,2902,-9897,8313,8628,-5681,17983
9435,-593,115,12468,34,1024,10596,-7053,1461,15366,-19054,8739
12953,-6895,-1961,12368,672,89,12916,-4597,-3681,12591,-14726,-1348
9817,-7201,-1915,4356,4137,128,9854,-165,-6817,6354,-785,-9597
3673,191,-1965,-3284,8206,34,3528,1407,-8511,-1664,9327,-10610
-2457,-593,-1891,-11775,2,22,-3154,225,-5409,-8855,1336,-10617
2713,-7217,-811,-15735,2120,-3323,-6334,-139,-921,-13792,12240,-2825
2685,-6765,-1645,-20335,556,1,-12098,-3421,39,-20759,7865,5606
-10451,-7133,-289,1073,8225,2824,-10632,-6769,5225,-20966,8833,11738
-7527,-2639,2749,294,4194,48,-7248,-10011,15613,-13360,6132,17208
-2439,-5035,3541,278,72,2052,-952,-11481,14657,1115,-359,18682
4835,-3161,-1951,10884,944,5203,4886,-9489,8165,11570,943,13153
5181,27,-1665,15008,18,5220,6302,-7289,2017,15274,-8878,7664
9049,-7177,-223,14360,260,2057,10328,-3755,-3197,15337,-17402,-2471
7785,-321,1491,8448,1696,650,8088,197,-5503,7957,-2755,-10692
3177,-7209,-1405,-1920,780,2,4050,437,-7473,-742,14191,-9935
-1443,-7109,-645,-8086,1324,216,-828,733,-7449,-8025,1460,-10967
-4007,-3087,-1865,-16120,4227,-6879,-4260,-963,-2273,-13652,5493,-6479
-9575,-3151,-1931,-18686,8200,36,-9074,-2695,-2223,-18897,11481,650
2649,-7271,-1925,-20478,21,4256,-13418,-6319,4235,-20188,6452,6618
2655,-3937,99,-22417,17,704,-13172,-11483,7991,-21100,574,16669
-5543,-6503,1107,512,8266,2048,-4948,-13125,14421,-9849,-2176,22945
889,-5041,2519,160,17,776,2666,-11341,11955,2924,-1387,17794
2657,-3153,2911,801,-7615,4164,5188,-10037,6919,11341,-5346,12108
5721,-1059,-649,2561,784,6314,6194,-8069,2271,15123,-6838,6177
10969,-7023,-1441,1155,3457,5281,11260,-5663,-423,14187,-8136,-1331
11617,-7147,-413,8730,3218,24,11142,-469,-3535,9508,4664,-7824
7061,17,291,4267,592,2305,7612,651,-6269,5226,10811,-10194
3289,929,-1453,-3518,273,128,3088,1663,-8419,-506,8741,-12063
-395,-6665,-1825,-8189,2169,1041,60,1049,-6933,-6441,6653,-12743
-4233,-1121,-1451,-11773,5130,293,-3932,-19,-6453,-11822,5369,-10702
-7297,-4209,-741,-19311,1736,-7900,-6976,-3599,-4615,-17540,6013,-6332
-10661,-5745,-1909,-24560,8576,0,-10844,-4827,-1917,-21644,14457,1570
2725,1343,-1707,-24576,9228,4256,-11880,-9279,3853,-22496,-2999,4996
-10325,-4689,-685,-17634,8320,1076,-9946,-11091,6787,-17094,-3445,11935
-5247,-5357,-1829,1067,2068,193,-4876,-13135,12527,-3950,-5908,17698
891,-4967,-1901,1,-4080,1156,1128,-12551,9231,7000,-4078,17988
4713,-2137,2159,1096,-7167,5120,4820,-9363,5101,12346,-5113,13779
7265,535,99,1067,1281,6241,8658,-6869,2845,13656,-4112,6722
9089,-5737,-1901,13320,-876,672,10514,-2967,1495,13320,-682,566
9467,-1009,611,12592,4,2324,9572,-359,-2413,12450,1506,-5606
7535,-7153,85,8230,9,12,7364,893,-6889,7860,1114,-11177
2721,-559,-1321,-3808,1620,72,2440,-37,-8135,-1167,-2456,-15330
-2465,-3149,-893,-11712,8833,1144,-2204,-1265,-7767,-10142,-2412,-14176
-8837,-4973,-1925,-19968,9488,-8032,-8238,-4069,-6827,-19488,50,-7186
2731,2025,-1955,-24094,66,1034,-14210,-6857,3467,-21713,1595,1520
3179,913,-1437,-18236,8193,14480,-15752,-10805,8885,-17400,-8308,15742
-6509,-3151,2451,-7935,9356,1025,-6392,-10795,12861,-7106,-653,20465
601,-5969,2387,2072,-1519,3216,1358,-11431,11641,2684,-342,20000
3675,-3137,2723,1553,-2784,6273,4584,-10001,5795,10117,-2578,15304
9137,399,-1705,2624,25,6912,9340,-6619,1581,15277,-8187,6505
10937,-4721,3457,14857,576,5120,10914,-2717,-1653,14827,-9493,-2862
7265,-111,857,4640,1794,4616,7712,1001,-6201,7427,2981,-9790
4185,-6733,-935,-2878,36,2593,4422,1081,-7611,-3380,16638,-9382
33,-7273,-1433,-11868,4784,2120,-136,669,-8023,-10709,13111,-10101
-3303,-3165,-1429,-20472,8272,2629,-3018,-2297,-7199,-17221,8808,-9541
-7367,-5105,-2989,-24232,544,18,-7192,-4569,-1371,-22453,5303,-5873
-11687,1231,-1943,-26616,1028,409,-12600,-7953,753,-24938,4530,-780
-15255,2191,-1701,-19520,2568,0,-15068,-13861,10743,-18597,-10009,9890
-6543,-559,215,-5086,8836,1216,-5662,-15375,13467,-4301,-2526,19789
-1319,-7249,-783,16,4192,2113,-636,-14359,8999,7511,-1815,19532
2673,-3185,-937,149,632,1280,3794,-10601,4325,13223,-4808,17376
7515,1457,-1677,1184,712,2192,7968,-7595,1459,17867,-13404,7542
9377,-7121,2915,2561,2580,8194,9746,-2771,-2493,15679,-8972,-2677
7085,1679,-1821,8339,640,293,6866,2353,-5797,8829,1541,-7838
3169,-7203,-925,2,512,-8158,3046,2435,-8075,-411,9918,-8178
-375,-7025,-1949,-7666,1224,-7824,-146,1119,-6753,-7738,2850,-7697
-2435,-481,-1941,-14016,1312,-3968,-2204,-87,-4493,-13119,1534,-3716
-4455,-2777,-1125,-21500,0,-5488,-3902,-2437,-1635,-17435,4243,-108
2669,-7173,-1885,-19968,264,1794,-7992,-4443,4753,-19851,6708,4083
2683,951,-1645,-18345,376,8194,-14726,-9595,9401,-17545,3771,11397
-6951,-5671,3155,-8064,97,17418,-6374,-11157,13235,-7627,2447,17932
-1889,-6855,-1965,136,-3945,1284,-1728,-11867,10523,2765,-1180,17785
2797,-3183,-1803,2176,-8167,8237,5776,-10487,7055,11800,-3981,13189
2909,-617,599,3136,-7614,4,7524,-7817,1817,15837,-7922,5395
9051,-6121,4181,304,1568,8320,9320,-3171,-2699,15086,-12529,-3920
5869,1703,-1933,9028,160,4736,6076,2521,-6619,8676,-5873,-11412
3771,423,-1933,512,384,128,4250,967,-4369,1231,1112,-11843
-3159,-6379,-741,-5351,2601,1536,-3500,1463,-7571,-5759,2617,-8314
-5507,-1001,-1819,-15359,1160,68,-5248,149,-3493,-11416,3324,-3553
2655,-7275,-2905,-16356,4128,162,-6326,-815,-1631,-14491,5052,905
-7333,-3177,-1421,-19316,4888,5121,-7250,-2617,141,-18764,7485,5727
-7731,-6865,-1965,-23420,8192,127,-8330,-6221,49,-23534,12315,8689
-11591,-2833,-933,-26095,9472,2304,-11226,-10619,5335,-24797,9690,11281
-11559,-5183,149,448,10816,4101,-11162,-12861,10097,-17737,-1276,13376
-8223,-7137,2389,285,5824,3072,-5934,-14077,15507,-7027,-2146,19673
99,-6513,2391,256,-1433,16,728,-14071,12777,2040,-1249,20781
2649,-6049,-923,16,-4080,69,3500,-12755,8881,9425,-1473,18604
4985,913,4003,568,-6116,5890,6862,-10753,5053,14231,-6125,13827
7025,927,-1293,3042,8,209,9908,-8361,1981,15407,-7235,7926
10961,-6123,-1931,5,1035,2192,10998,-4295,-79,14193,-9232,1983
10869,-7209,2131,9729,512,10,10882,-1353,-3093,11470,-6819,-5793
7769,975,243,4122,3459,-10240,7990,1405,-6657,5983,-236,-10443
2785,1063,-1957,268,2337,-12153,2976,1863,-7633,-326,-5222,-12263
1657,-7271,-811,-7552,9480,-11264,1430,3,-3611,-8009,-3698,-11075
-3495,-1125,-1645,-11774,256,-8047,-2986,51,-2493,-11892,2357,-6363
-7279,-1093,-609,-16304,6939,-4573,-6718,-773,-1461,-16394,7078,510
-9623,-5483,-1133,-24040,30,4107,-9632,-5067,4965,-21226,7570,8568
2649,1111,723,-20269,520,13384,-10894,-9403,6417,-19916,8139,14802
2673,-5229,99,8,4657,2947,-7766,-11847,13559,-8221,-3646,19442
2691,-6697,2135,516,2050,57,3252,-12221,13547,2564,163,16327
3165,-6249,-1693,9760,-1710,4096,3530,-11189,7373,10318,-1906,13144
2657,-2655,2195,99,914,128,7062,-9117,3697,14580,-4335,7475
8793,2833,-1823,2311,3858,0,9042,-6547,611,15918,-8766,2815
8905,-6759,3203,13312,4784,8480,9722,-2743,-2051,13844,-10547,-3140
7649,-7277,-861,9570,1856,5176,9458,-211,-3945,9410,-5675,-9311
7057,-6125,1109,780,1154,1504,6738,629,-5505,3426,6588,-10744
3677,-7273,355,-3936,2064,260,3724,467,-6589,-1510,10188,-11166
-369,-541,-1909,-8191,800,136,-214,153,-6865,-6405,4385,-13169
-4453,-2769,-1801,-11645,2240,8,-4360,-1415,-5187,-10978,2462,-10954
-9125,-2417,-1805,-16344,1658,864,-8396,-1721,-3253,-15644,8389,-3554
-10403,-3167,-1933,-20440,2053,69,-10360,-2341,-2183,-20364,11102,2683
-14119,-7217,-1933,-22520,4101,824,-14364,-4889,6241,-20577,12355,6219
-15397,1039,-1965,-19838,3142,803,-15378,-9699,1961,-19365,3013,12057
-11237,-3675,85,1376,5124,1153,-10782,-10845,13793,-9439,-3149,17631
-4891,-5233,2821,522,300,69,-2570,-12045,12121,-2961,1707,18795
665,-4937,-1451,544,1796,80,648,-10801,9703,3062,1501,16281
3033,-2769,2249,195,-6912,4179,3852,-9197,6133,8740,-4636,12709
2821,-7021,2211,2324,32,406,8792,-6081,3613,11671,-5428,8349
8797,-3409,-1891,10368,5,4416,9058,-2511,-439,10315,-3583,3961
8865,-7265,1141,8192,2,512,8822,-1499,-1935,8053,-3391,-3947
5829,-7277,-1901,531,139,640,6282,979,-4443,2256,2539,-7570
2655,-561,-865,-7866,1056,1026,2582,937,-5365,-5018,7292,-9097
-1397,-2541,-1377,-12221,896,1,-1642,-915,-4287,-11388,1614,-8467
-6559,-2025,-1939,-19446,6172,-5840,-6436,-1685,-4099,-17344,-1623,-4274
2689,-5743,-1961,-24319,768,1,-7934,-3213,-15,-23721,1469,1362
-10661,-6769,-1965,-22464,8544,516,-10398,-6173,7405,-22036,8512,6957
-15637,-3953,643,0,2328,657,-15008,-11725,10909,-16767,2643,17484
-8057,-6257,2651,-8564,1538,2048,-5528,-11947,14087,-7903,2096,18586
-5415,-5615,2819,-2035,4544,2594,-3946,-13043,12301,-1660,4941,20161
2731,-6125,-135,12,2080,49,32,-13867,11065,4841,2149,17069
2681,-5087,-1819,2120,38,4626,3660,-11951,7519,10628,-240,13627
7005,-857,2421,92,2051,4864,7120,-8259,4373,14143,-6547,7416
8793,-4677,-111,13832,3296,1152,8850,-4001,813,14024,-9098,754
7803,-6993,1237,12420,2624,28,8100,-2099,-1825,12498,-8286,-5511
5849,-6957,-1645,5425,4754,4098,6048,1011,-4763,6977,-694,-8652
2973,-7197,99,1028,3648,4178,3132,1163,-5001,589,4020,-8682
-695,239,-749,-6908,32,2142,304,1181,-5327,-5230,4749,-8877
-2983,-93,-1837,-12031,4096,1488,-2750,475,-5779,-10250,4508,-6493
-5537,-1583,-1961,-15357,652,65,-4862,-889,-3965,-15670,2905,-2603
-6407,-4017,-1945,-20477,6289,837,-6580,-3337,-637,-20736,6878,2172
-10661,2449,-1805,-24016,8219,33,-10670,-7661,1421,-23752,12562,5479
-17471,-5929,-1945,204,10499,1282,-16512,-13751,8087,-18144,-1416,12176
-8547,-1521,-1877,32,7257,297,-7884,-15301,11717,-9136,-804,18486
-3457,-7025,-1909,1072,528,2050,-2328,-14469,10323,1754,-3771,18567
1371,-5233,3235,64,-4837,280,1604,-12259,7053,8706,-4596,16503
4795,-3009,3283,64,3112,2192,6082,-9877,4657,12594,-5058,11235
6889,-7153,-925,26,2056,4616,9238,-5693,2261,14393,-5832,4405
9053,-2589,1171,8449,-3808,1268,8956,-869,-1805,10811,-239,-3196
6011,-7149,883,4681,35,0,5970,63,-5147,4455,995,-8292
3217,161,-925,-4044,6400,1132,3050,853,-5373,-2421,-1655,-11037
-1383,-1025,-861,-12224,294,1296,-1850,-309,-5779,-10062,112,-10914
-7331,-3937,-1441,-22015,1024,-5868,-7570,-2819,-3045,-18245,1484,-5306
2695,2487,-1865,-24256,564,1545,-14208,-7261,4085,-24194,7006,2299
-18979,-4283,-1893,34,8450,583,-18816,-12207,8437,-17991,-3267,13674
-9125,-5215,2147,537,4097,130,-7750,-12485,13923,-5774,-915,20588
-3267,-5473,-1885,2088,-5567,130,-2060,-13011,9915,3141,-31,19523
2649,-6233,4501,1026,-4087,2392,3032,-11377,7045,9803,-2507,14379
2907,1063,-13,0,291,5138,7154,-8091,2941,13365,-7049,6878
8795,-4209,-925,10317,2696,10,8760,-3481,323,11271,-5031,652
7769,-1889,-677,5608,72,4130,7562,-1131,-3101,7882,759,-3834
3709,1079,215,257,5376,4,3512,1777,-5557,2236,5556,-4961
649,-6201,-325,-3498,2952,1290,674,2735,-4983,-2525,3877,-6295
-3359,-113,-1165,-7360,641,280,-2636,971,-4101,-7627,5998,-3547
-4495,-6769,-1677,-15308,64,3,-4566,-813,-3493,-13018,7115,321
-5785,-3601,-1957,-18431,2149,280,-5730,-2921,-1829,-18553,7309,1432
-10579,-3169,-653,1048,10241,3764,-10162,-8773,5305,-23370,12281,4056
-17671,-5727,-1709,516,1680,1098,-17138,-13195,8809,-19243,174,12437
-5539,-5909,2227,1664,-158,2252,-4880,-13541,13495,-7627,306,19077
-1383,-6001,-669,3332,-4096,2240,-724,-13023,11067,3944,-3253,18781
6793,921,-1873,3200,-3407,4458,7128,-10591,7443,11704,-3172,13944
6753,989,2227,1032,-6143,273,8346,-7531,3447,13948,-5859,8177
9049,-4907,-1325,12696,-6967,-732,8618,-3167,-359,12566,-6572,-1259
7281,-7249,211,8504,823,-7536,7316,-185,-2873,8302,-3975,-6699
4327,943,467,2391,224,-8679,3892,2397,-5599,2157,628,-8734
1641,-7281,-1851,-4960,1264,-8959,1260,1389,-4671,-4425,5594,-8787
-3999,-111,-1965,-14200,8256,-7153,-4096,629,-4671,-10562,8716,-4538
2649,-6705,-1925,-14685,2065,-3504,-7768,-769,-2579,-14747,6879,-1090
2697,-3685,-685,-19320,9508,516,-8020,-2733,361,-17088,9697,2547
-10151,-7021,617,-18168,8360,3752,-9966,-6125,3129,-18009,9556,3589
-13095,-6127,-1965,-14316,-976,512,-12634,-11803,9531,-13208,-1340,11800
2909,-4655,-1581,-3840,-3584,1283,-4838,-12145,11257,-3258,-380,18276
3241,1425,-1637,1072,4401,18,1816,-10873,8601,5614,-2255,18415
4875,1963,627,11856,2080,8961,6552,-7183,6257,12446,-6347,13932
8825,-6385,91,12416,16,4128,10002,-4589,2057,13200,-8080,4236
8881,-7279,91,8272,292,3154,10070,-1363,-2295,10161,-7411,-4666
7579,-97,-941,1056,6220,368,7422,649,-5605,3294,-1209,-9910
2649,-305,-1405,-4084,6250,592,2540,227,-7193,-2361,-1615,-11614
-1447,-1625,-1069,-11200,6153,-8694,-1848,-827,-4853,-8898,-1409,-8168
-7045,-1441,-1933,-15227,6400,256,-7198,-633,-2289,-13362,8567,-883
2873,-7151,-1949,-16256,8972,1082,-12540,-1739,2239,-16116,10858,3605
2657,-7153,249,128,1,52,-13230,-5967,2525,-17683,3068,9554
-9549,-497,1235,2,2598,6249,-9640,-7975,10899,-16155,10864,16196
-9639,-4713,2135,-11744,6866,2322,-8020,-12379,12889,-10897,6720,19408
-2851,-7275,3667,2,4945,339,-2658,-13777,12935,-1033,4901,18842
2649,-4141,-285,2306,1152,4422,3098,-11647,9021,6949,1619,15891
7005,1105,2745,66,2193,528,7156,-8233,5941,11021,-4789,12531
8925,-6235,1121,10243,-8190,2052,9532,-5561,2733,12057,-8273,5736
10089,-4665,-1581,9221,512,1099,10664,-3715,-645,11192,-9571,-1307
8925,-7137,-1629,4608,72,129,9556,-971,-3343,6794,-4217,-6307
6761,299,-923,952,648,2208,6196,685,-6057,605,5186,-8540
867,-109,-867,-7168,1029,1034,1708,261,-5877,-5023,7423,-8759
-2983,-993,-1693,-12079,8,-6368,-1954,7,-5535,-10462,7038,-6110
-6101,-1097,-1693,-15784,6754,-1790,-5884,285,-4073,-16182,6591,-1380
2909,-6249,-589,-21886,6680,2048,-9564,-2909,3353,-22049,8454,3920
2809,943,-1901,-21844,705,8868,-15420,-8243,3983,-21229,8687,9771
3353,-3175,2279,-13692,1,280,-12450,-11039,14843,-12615,1458,17404
-5383,-7073,2197,262,454,2630,-4960,-12291,13991,-3656,1450,19259
-355,-5729,-1577,2245,15,4224,-40,-11267,10757,3484,-2159,16041
2843,-2665,2423,68,646,2640,4560,-10135,7029,9439,-4541,11927
2779,-1095,2195,32,128,4656,8976,-7795,4877,13717,-6595,4083
11033,-7281,-1965,2440,674,8196,10888,-4975,755,14710,-5004,-2302
7817,-7025,2571,9816,1,1048,7726,-937,-3653,9666,-2689,-7150
4953,-1425,-1941,264,-3048,644,5178,-821,-5095,1753,-287,-11757
1627,-6657,599,-7124,65,609,1270,-903,-5235,-5467,2137,-11581
-1315,-7249,-935,-12095,6549,240,-1658,-1307,-3659,-10395,-43,-9236
-5287,-3115,-1961,-15358,2338,651,-5694,-2195,-2227,-15195,3799,-4665
-9119,-5223,-1577,-20468,0,432,-8612,-4279,2147,-18938,5126,931
-12695,-5215,-861,-23912,152,7219,-12218,-4883,2913,-19972,3464,8747
2683,1491,-871,-20480,272,14594,-14306,-8393,10903,-18109,5001,16148
2809,-4205,131,-10748,2376,1168,-10606,-11155,13239,-9940,2345,22243
-4391,-5103,2707,-1512,1416,640,-4190,-11455,11811,-1058,3388,20881
859,-5929,-1959,6216,0,1028,1234,-10753,7539,7083,-1046,17621
3289,-2023,2647,257,-6123,1316,5418,-8933,3647,12397,-4522,11011
2665,-6641,-1629,2688,4,36,7132,-5887,-175,15007,-7830,1765
7517,-6127,2307,1038,4097,2064,7320,-805,-4605,11020,-2926,-5913
3993,-7213,2269,1100,3200,6209,3806,1623,-3891,2559,185,-8656
1891,-6257,1539,-3584,928,3236,1766,1149,-5227,-3940,5136,-8146
-151,1181,601,-11968,5328,19,-254,1587,-5013,-10312,6033,-6928
-2115,-457,-739,-16351,1046,642,-2378,395,-3277,-13908,5945,-6088
-4863,-2993,-1837,-19948,80,961,-4074,-1397,-1589,-17902,5399,-3971
-7559,-5189,-1767,-24544,6211,97,-6634,-4581,629,-21646,6308,-2337
-12711,-2097,-1707,-24570,1644,393,-12574,-9727,4547,-22041,997,3690
2717,1967,-549,-16382,5220,12992,-11440,-11659,11705,-14723,-2394,13942
-7959,-4205,-1573,-8192,194,276,-7800,-11569,11653,-7571,1876,18465
-3639,-5215,1143,13,8769,2049,-3362,-12065,10871,693,-1273,20099
607,-6225,-1799,96,6160,3856,2018,-10879,8901,7723,-924,20195
5529,-2097,-285,578,67,1417,5504,-8863,4907,11095,1861,17542
6937,-1393,-1965,144,1090,2597,7388,-6811,2337,14939,-4840,10179
8931,-4201,-1885,2177,64,1,9212,-3257,-1115,15474,-8373,449
6887,-913,2171,1040,5137,7272,8500,-227,-4655,10687,-10619,-9812
2851,-7277,-877,16,15,72,4502,157,-5125,-655,-6915,-15913
-5463,-7209,-1197,-10240,1088,0,-2892,-2117,-4029,-10541,-865,-14457
-7583,-4141,341,-18144,128,-10232,-7286,-3649,-2347,-17296,230,-8480
-9463,-7217,-1573,-22432,4,642,-9818,-5459,3855,-20836,4712,1268
-12609,975,-941,-23709,-1023,8202,-12472,-9453,7371,-20346,-1460,12126
3803,921,-1637,-11190,4097,16385,-3352,-11391,14075,-10101,-1116,20306
2673,-4079,-673,-3068,2,21621,-600,-11479,13085,57,239,22129
3485,-4113,-915,4105,8384,20992,2646,-11397,10535,6751,-334,20831
3841,-2417,-299,8592,3616,16968,6284,-9771,7003,11515,3764,17712
2657,947,-1957,12932,8769,128,7536,-6939,3143,14456,-1026,11796
3449,-5195,-1965,13825,9264,2178,9544,-2971,-443,15778,-4446,1409
7527,-2385,2197,11393,8236,517,7428,445,-4529,11529,-1271,-7908
3241,-585,-1893,4101,4416,520,3842,-81,-6551,3956,7625,-11926
-3239,-2157,-1837,-1744,3080,516,-2580,-1769,-7853,-2302,-966,-15617
-5095,-7153,-1773,-10103,1162,2849,-4860,-3337,-7131,-10572,1701,-11989
-9375,-7275,147,-16124,2198,9344,-9584,-3615,-6301,-16457,2292,-6653
-13723,-7023,637,-22302,337,5401,-10436,-4593,-139,-20681,1856,-2256
-13735,-7211,475,-20480,4096,9,-11390,-6387,2827,-20320,5304,3707
-17151,1041,-523,-18368,2048,146,-13968,-9849,7233,-17439,-2343,12100
-7883,-4207,-1965,-11195,544,16899,-5268,-11869,12433,-10476,-2060,17411
-2967,-4053,-1317,24,528,17031,-1172,-11317,12073,271,-1406,20147
3689,-585,-1773,8275,1349,13355,4358,-7807,9185,8918,-2136,15822
2685,-7245,-1757,12329,2561,8966,6206,-5867,4471,13060,-6074,10356
2809,-5177,-1953,12291,548,3208,8126,-3561,-955,12156,-5413,3242
2805,-2385,-1389,4192,4193,144,8090,-1775,-3497,6363,-1308,-3469
2861,-625,181,-3039,5794,25,5146,147,-5959,-732,6211,-7126
2689,-6001,1205,-7920,2112,3205,-230,-617,-5931,-7106,10815,-8653
-7543,-81,1129,-11656,10242,6546,-8088,553,-5537,-12139,15505,-9620
-15719,-4209,91,-20348,544,3376,-14974,-3685,-2365,-18431,11346,-3849
-17703,-2153,787,-19183,176,8226,-17486,-9769,3011,-18268,1632,9551
-5253,945,857,257,4736,7296,-4650,-10499,11351,-10455,-3618,16139
-1157,1105,787,137,4110,96,-1254,-9591,11097,1638,-2604,19210
7001,-941,-1965,8327,1568,78,8080,-7205,8059,10329,-4467,12862
9817,1119,-779,12871,2325,5510,9934,-6201,2053,14294,-9564,5154
10339,-4653,-1901,10257,5132,-2938,10204,-2821,-2771,11012,-10899,-3401
6757,-1071,-1901,4167,8464,-9600,6792,619,-6293,3672,-468,-8666
1633,-625,-1933,-4094,644,-8120,1256,1019,-6825,-3904,8839,-7683
-3495,-1001,-169,-7920,4664,115,-3404,463,-4901,-8044,6982,-4739
2739,-6897,249,128,12,2135,-7356,-165,-1515,-12404,9213,-763
-8323,-6641,579,128,1152,388,-8230,-983,2559,-15892,10031,2646
-8487,-4045,-605,1,4096,320,-6542,-3039,2437,-20673,15504,4019
-13475,-1861,3219,-19712,11,1236,-13434,-9575,5465,-19243,7247,9969
2669,-4721,3193,162,6428,2880,-6474,-12427,13291,-7104,-1804,15415
617,991,1335,4100,4098,1152,996,-11495,11249,4539,-2155,17530
6745,-1029,-1901,8258,304,660,7258,-7657,7239,10592,-3279,12549
8815,-7025,83,13474,260,1040,8890,-6273,2259,13460,-8131,4860
9827,-7265,-1179,9250,4176,256,9720,-2125,-2057,11059,-8984,-3180
7293,-33,-755,4102,7184,516,6876,1509,-5675,4508,93,-8787
1881,-7271,-1357,-3260,3,528,1688,1993,-6121,-3710,5292,-8396
-3351,-37,-1453,-12216,4612,928,-3698,1159,-6471,-11623,13242,-4941
2665,-6593,-967,-19548,11168,1113,-8872,-1077,-3439,-19862,11349,-2152
-11045,-7241,-1695,20,12866,265,-11342,-3731,1115,-20926,13766,627
-17307,-2093,695,0,5120,168,-15396,-9771,6361,-18307,4553,8909
-9631,-5129,-1897,-10176,1025,16,-8554,-11793,9701,-9538,1491,17077
2655,-4465,-941,1296,848,1,-2574,-11955,8919,235,-1488,17982
3229,1429,-1581,1056,4096,4360,3664,-8851,7707,7531,-4120,14407
7675,-6231,-1631,10673,232,3593,7842,-5359,4537,10819,-6726,7523
7193,-3417,-937,8296,64,2144,8136,-2793,429,11568,-6959,-1444
7401,-2541,159,5144,4123,6,7190,-559,-2331,7464,-1619,-5819
3201,-7261,-1449,1026,537,-8188,3992,1513,-4551,643,3962,-8007
1121,-817,-1949,-8188,325,-9711,1124,169,-4475,-6289,8705,-8445
-2343,-2505,-1629,-12284,6744,-11135,-2260,-907,-4331,-12114,6537,-8461
2721,-7213,-1861,-18397,300,-8156,-7376,-3251,-2009,-17838,6380,-6155
-14567,495,599,-20191,9344,392,-15072,-7313,-1319,-20148,9420,-168
-16805,-5223,-1957,-17376,8323,136,-15798,-11965,8281,-16755,-5285,12077
-7045,-5189,2261,-8192,8,3074,-5430,-12825,11935,-6630,-1455,20426
2677,-4777,-1403,4,-3392,3225,630,-10745,8801,4387,-3522,19242
4779,-41,2645,1034,4096,5152,5248,-6387,4513,12072,-2704,13817
7129,-7281,-1957,15680,513,5696,7130,-3675,455,16143,-7253,5501
8029,-6625,357,8208,0,4356,8030,-507,-2665,9844,-4273,-1756
4793,-2399,-1405,131,515,512,5834,-835,-3061,2620,1986,-7760
2689,-6763,-1947,-3542,4100,-9204,2494,197,-4781,-3938,4677,-8422
-1407,-1073,-621,-11004,1283,-9212,-612,-397,-2793,-9157,1505,-8969
-5269,-2089,-585,-14048,4256,-8085,-5366,-1119,-1459,-12672,4876,-6132
-9631,-4573,-683,-18272,4776,-1518,-9198,-3355,-745,-16967,4811,-112
2677,1303,-1341,-18400,196,8256,-11472,-6871,6137,-17013,3128,8726
-12295,-3601,-1193,-16216,2066,640,-11714,-11665,9675,-13727,2101,19191
2689,-4377,-1965,-5904,66,4352,-2928,-11029,11697,-5299,5097,22182
1629,-2795,-1941,3604,6404,2688,2232,-9761,9879,4178,-909,18716
3777,-993,469,8720,1025,8194,4432,-7481,5307,9469,790,13165
7257,-5693,-1445,512,3473,5676,7300,-5033,2005,12970,-4912,5227
8921,-7137,-1897,10665,3552,4167,10012,-1911,-819,10394,-4286,-2751
7261,-333,-681,4108,48,4098,7180,491,-3791,4361,4303,-8508
3033,-6897,731,-3517,2432,34,2794,285,-5075,-1804,2305,-11948
-1195,-7021,-1933,-8176,6,-11176,-1436,-205,-4785,-7924,2491,-10503
-5537,-2151,-717,-15263,648,-7648,-5634,-941,-3187,-13465,7261,-6230
-9473,-4205,-797,-20472,8196,-2030,-9562,-3079,-1215,-17478,8465,22
2841,-7249,-739,-19264,6849,6404,-11022,-5503,1487,-17390,-960,7966
2657,-1105,355,-20460,516,65,-11638,-8997,6623,-18498,2405,15256
-7253,-4719,-1069,-10221,264,320,-6582,-11205,13595,-8979,1316,20747
-2471,-4729,2167,-484,1092,518,-2244,-10709,11315,0,1465,18864
2825,-2801,-1377,7076,640,6920,3052,-9767,7805,7547,-1569,14815
5883,-49,2643,1152,704,612,6230,-7569,3735,12496,-7573,6412
9049,-5989,-1307,288,2049,6923,9922,-4661,853,13077,-10133,-1599
7769,-7171,243,8208,642,512,8204,-1679,-2645,8220,-1763,-6607
3485,-7281,1123,2060,2180,104,4520,317,-5103,1752,2536,-10500
993,-7263,83,-6911,132,-11744,698,685,-5763,-4659,483,-10362
-3427,-1041,-1285,-12136,41,-8159,-3326,-131,-4085,-11534,2469,-7306
-6535,-2161,-1705,-19441,5875,-4031,-6010,-699,-4415,-17297,5859,-1235
-10111,-5953,-941,-19774,6144,6353,-9916,-4645,2509,-19804,6684,6957
2729,-6753,-1195,-20447,5,11552,-11986,-6283,8765,-19052,7573,12136
2813,-2591,675,-12172,2880,1024,-12346,-10031,10817,-11685,2801,18250
-5487,-5117,-1671,-3584,0,2057,-5068,-11143,10331,-2848,-224,19095
1497,-2729,-1707,5888,654,5642,1650,-10315,8593,6308,-3357,15723
2907,-1101,115,12304,4484,8656,6132,-8425,5211,12615,-2749,8140
7275,-7237,-481,136,1120,64,7754,-5293,963,14664,-7230,-306
6749,-7153,219,9133,5130,8457,7740,-1367,-2895,8683,-2204,-6038
2921,-7137,185,-3540,112,6148,2672,103,-5849,-723,3803,-9066
-837,-7239,-1899,-8124,3396,2163,226,-541,-4855,-8197,3329,-8588
-3111,-1809,-861,-15871,4144,2065,-3322,-1105,-3325,-14057,5043,-5711
-7583,-4193,-1709,-17908,4164,26,-6638,-2959,-1193,-17967,5777,-3209
-11167,-6917,-1829,-18332,5042,1353,-11490,-6077,3963,-17759,7017,4094
-15747,943,-1893,-16356,1064,13736,-15664,-10523,7763,-15555,1104,14216
2721,911,-875,-8155,2057,547,-8108,-11933,12683,-7596,3293,21306
2673,-5101,-1897,1152,1038,3072,-2516,-10777,10985,1995,815,19400
2665,-1457,-1701,8208,257,4368,3462,-9119,7379,8930,1026,14649
5273,-7089,-875,12288,35,6336,5714,-6347,2269,13021,-2089,7495
7773,-3697,3291,48,34,2,7820,-2707,-1333,10723,1680,-67
6809,-5935,2131,1032,658,2056,7706,-571,-3533,6812,1689,-6197
3197,-6637,1619,577,25,5522,2792,-55,-5431,522,152,-10987
-1417,-2673,163,-7160,578,1025,-536,-971,-6097,-4946,944,-11178
-3463,-7281,107,-12271,1728,296,-2592,-1245,-6207,-10695,1732,-8631
-7239,-7275,-901,-16288,640,229,-6520,-2443,-3485,-16650,1061,-5101
-9559,-4973,-1893,-23520,3141,-806,-9070,-3937,-195,-21832,3766,-329
-11647,-49,-1961,-23376,72,4096,-11542,-7443,1371,-23308,3498,4452
-15751,-5215,-1961,-24568,3076,12902,-15818,-12853,5947,-21969,-4731,13938
2721,-6747,-1965,-16342,2312,20769,-9150,-16079,13711,-13264,-4442,23419
3485,575,171,-6079,8320,24128,-3402,-15149,13263,-3601,-805,24273
2823,-6241,-1445,4736,8443,0,800,-13075,11871,5283,-1832,20593
3841,-3169,-1673,10132,6164,5129,4434,-10123,8315,10540,-1553,14971
5257,-1137,3157,13409,1536,2050,6406,-7257,4121,12870,-4292,10312
6809,-6251,-423,14474,-10144,1312,7210,-5045,707,14472,-9689,960
7001,-4977,4323,0,170,8704,7004,-3111,-2671,11073,-7305,-4976
2913,-7279,2391,532,4106,7346,4096,-179,-4521,4461,-463,-9110
-1287,911,2149,-2283,1168,4373,510,1813,-4513,-2666,4225,-9901
-4783,15,-875,-8064,5133,151,-2960,765,-3835,-7602,5354,-7789
-5543,-593,-1667,-12224,5441,-5083,-4754,-85,-3531,-11427,5267,-4592
-7059,-7279,-1693,-16351,323,-2028,-6144,-1773,647,-14379,384,-596
-7575,-3169,-809,-15571,1553,2689,-6630,-2731,4817,-14364,2017,4367
-7519,-5189,-1837,-16372,6400,8224,-7100,-4805,2161,-15399,-376,8939
-5989,-977,-1357,-13248,6413,13440,-5650,-8407,10535,-12330,-596,13913
-3491,-2117,-941,-7296,4100,16648,-3536,-9183,12509,-6825,4420,17612
2657,-2765,-1397,-1979,5088,18498,-3152,-10393,12641,-1528,4801,19028
2781,-2913,-1291,4097,68,1122,1906,-10287,12183,4555,2058,17410
2905,-2541,-925,32,1088,4608,5130,-8801,8239,9644,975,14572
7161,-1135,2203,16,5124,1314,7228,-6999,4375,12786,-1245,9167
7773,-5809,-1901,1290,56,1288,7984,-5081,193,14291,-6807,972
7417,-6601,3211,520,4112,9233,7100,-2519,-3549,10742,-2730,-7312
-375,-6991,-421,5309,4608,4232,1614,-473,-7241,5264,-2753,-11299
-1447,-6105,-1449,-2527,1579,19,-1056,761,-5943,-2677,-5978,-10916
-4935,-6751,-1309,-15807,1027,-6587,-5456,1037,-4113,-12069,5584,-6093
-8741,-1633,603,-16248,952,-3903,-8918,-931,-773,-15827,4928,164
-7263,-7205,-1515,-19944,274,897,-7346,-2897,4025,-19640,9958,6402
2753,-99,-1961,-18432,3200,8376,-10512,-7707,7953,-16571,2813,12988
2649,-3183,-619,-7679,1156,17680,-2324,-9779,13015,-6094,-2679,17881
3945,-3121,-1827,1585,2048,38,2132,-10089,11969,2229,2122,18043
2843,-519,147,152,92,288,6058,-7743,9225,9012,36,13969
8363,-6953,-1965,12329,4610,4096,8488,-6291,3667,12838,-1316,7349
8933,-4575,-1705,512,6464,5,8988,-3903,-633,14049,-453,713
6945,-3089,-1687,161,324,3136,7776,-2261,-4431,11500,4760,-4664
2681,-595,-1885,5120,4916,4392,4782,149,-8643,4988,5873,-9799
-639,-601,-1953,544,3586,2071,-960,233,-8587,-3860,-397,-13398
-5513,-5549,-681,-11728,197,519,-5260,1391,-7069,-12065,660,-9101
-7591,-2815,-1955,-18879,552,48,-6722,-2361,-2469,-19142,1794,-2556
-7463,-7273,-739,-22714,1568,408,-7662,-5971,1663,-22695,1611,3458
-9603,-1887,-413,-22460,3126,2072,-9584,-9659,5633,-20867,-859,10958
-6499,-5679,-807,-14188,4400,833,-5868,-13071,13469,-12286,-1468,18568
-1447,-241,-413,-3064,3,545,-1452,-15115,14831,-201,216,21592
2649,921,-1949,8744,6148,90,6740,-14409,11427,10360,-638,18493
2681,1199,99,12692,8339,2000,9002,-9987,5653,14664,-2520,11607
2781,-5969,-1061,15617,9112,296,10186,-4809,-371,16002,-5006,1274
7145,-3177,2197,8832,1032,2080,6948,-959,-4639,10440,1333,-6192
2855,-861,115,2388,3,2074,2634,197,-6493,2490,2067,-10171
-1415,-1137,373,38,3217,259,-1058,-299,-6353,-3791,3713,-9744
-5413,-6761,599,-9184,384,1048,-4694,1207,-4861,-9438,6876,-4769
-6823,-6961,-745,-15216,4100,18,-6910,1799,-3445,-15482,6039,679
-7463,-7239,-379,-22464,6184,1201,-7188,-2813,1607,-22548,6139,4391
-8801,-113,-1771,-22015,3088,2262,-8968,-7993,6387,-21484,3899,11006
-7585,-4593,-1237,-13280,2565,2048,-7402,-12531,13251,-12490,3567,15661
-3109,231,-933,-1908,608,2145,-2848,-14933,12653,-312,1496,18656
629,-5865,-1291,6233,8457,1409,1180,-12865,8129,7934,-1458,19783
3291,927,-1915,12352,10514,1168,7612,-9237,5145,12840,-6075,13441
2793,-7279,85,15002,16424,3201,9306,-3879,1051,16048,-6430,2629
7257,-999,-1501,10502,274,2179,6768,-33,-4229,11808,2728,-5503
1659,-423,-1947,257,2,2051,2168,445,-6669,2352,1100,-10309
-1447,-2401,1119,-4919,4112,2758,-1632,-679,-5931,-4683,5544,-9352
-3477,-6761,87,-10240,4612,432,-3540,1211,-5653,-10465,4504,-7133
-6567,-449,731,-17778,5260,3,-6276,-307,-853,-18058,7902,-3668
-11157,-4669,-1925,-21472,5505,6,-11706,-4523,-563,-20768,5390,2776
-10587,959,-1925,-15355,1026,2049,-9454,-9425,12013,-14692,-2958,15626
2665,-4977,-1821,-4053,1390,400,-2474,-11255,13713,-3559,1607,21430
3869,-5233,-1197,6150,7050,2312,4732,-11509,9727,7191,-1237,18493
7533,-3119,-619,10512,9857,258,7822,-9041,4249,12125,-5188,12519
2717,-6445,-1453,14336,4356,530,11846,-5457,-365,14559,-10905,945
9305,-6125,-1389,10198,2113,4184,9302,1129,-4403,9771,4604,-11145
857,-7265,-1939,65,8225,1792,520,1571,-8049,768,10314,-14684
-4965,-2669,-1901,-6975,4366,2344,-5532,-1151,-7363,-6515,4328,-13130
-9317,-3177,-1177,-14311,3360,2186,-8964,-1705,-6941,-13978,8266,-5295
-11147,-4073,363,196,2064,3200,-11068,-3469,-1819,-17458,6030,106
-9367,-7209,-1963,-19516,-1510,42,-9434,-4715,4449,-18462,-1510,5617
-7335,993,-1837,-12254,1035,1152,-6916,-9821,12493,-11430,1117,13773
-1435,-2861,-1925,-2024,0,84,-982,-9957,12143,-471,-42,14845
3545,-1009,-1797,4632,8,12588,4078,-7677,8949,6248,-1804,13258
7215,-6321,-811,9572,69,0,7224,-5791,4569,9812,-3900,8014
2937,-7273,-849,10260,9,0,9196,-5415,2307,11435,-5780,2436
2905,-4209,-1627,8408,8449,304,9184,-3589,-517,9223,-2206,-1882
7257,-3141,-1435,4788,592,64,7104,-2341,-2479,6917,889,-5215
3171,-7153,-921,2085,9233,60,5180,201,-6033,2710,-2021,-9170
2681,-6241,-941,-3840,2449,273,398,1181,-5733,-3149,3340,-11418
-4695,-7037,171,-7642,11009,4098,-5160,1239,-6011,-6640,11291,-10328
-11527,307,-331,-10712,8354,1024,-10938,757,-6893,-11024,10108,-6801
-13221,-1929,2139,-16318,129,5120,-13060,-1485,-4087,-16691,6246,-1945
-12837,-6257,-1965,-22064,1570,660,-12796,-5253,-411,-21132,3631,3322
-11491,-1009,-1965,5,50,4097,-11532,-8937,2753,-19687,-1845,8298
-5411,1059,-1707,1024,2168,2048,-5026,-10649,12113,-10296,-4839,14517
-1375,-3183,1107,-1885,176,416,204,-10391,11241,-860,769,15309
2689,-1631,-809,5120,1160,14338,3292,-8977,8667,5690,-758,14176
6769,411,987,9493,2071,11282,7306,-7363,5985,9700,-1000,11824
9059,-6733,-1965,12288,32,7440,9086,-5857,3035,12560,-5951,7134
10009,-4177,-1797,9675,6152,146,10342,-3045,-717,12214,-8325,-238
9113,-1067,-1897,5378,4173,-6304,8824,211,-4363,5193,-3298,-6606
2987,-935,-1901,-2552,307,-9835,5186,155,-5349,-3073,1178,-9931
2861,-1087,-1899,-11104,304,144,364,-473,-5395,-9085,5813,-9233
3293,-7151,-1671,-13760,2577,1032,-4102,-37,-4497,-13046,6918,-5798
-9127,-7217,-1921,-19296,8904,4118,-9290,-319,-2213,-17566,11145,-2423
-13161,-7277,-235,-21504,8308,2,-13374,-4773,955,-21659,11326,2289
-17827,2463,-1931,50,3072,7875,-17038,-9557,3939,-22005,2613,8646
-12199,1059,-1513,-17372,320,517,-11808,-12853,12497,-16314,-348,17435
-6527,-7105,-551,-9104,-1274,4098,-5444,-14737,13027,-8321,-459,20594
-2173,-609,-1833,1024,5282,4,-1918,-14971,10849,3804,-2906,19654
4345,913,-673,522,4241,588,4750,-11921,8779,11128,-2297,16713
7529,1067,-413,13450,224,151,7536,-7861,4687,15690,-3072,12334
10877,-4943,-1625,13520,195,4,10806,-3475,-13,15407,-7144,-446
9081,-3301,183,9765,2576,-8176,8888,-2483,-3017,9261,-1146,-6575
6777,-7207,-1965,4,3076,-11887,6398,-57,-4927,2204,-463,-9597
2749,-1113,-845,-7160,5328,-11750,2510,-393,-5333,-4974,-391,-11795
2651,-3169,-1613,-11232,3148,-9819,-982,-1653,-4425,-11318,3945,-9520
-4773,-2905,-1941,-16383,6336,-6909,-5190,-1467,-3215,-16396,6790,-5786
2661,-3945,-1701,-24448,66,-2550,-9704,-2717,-1773,-22644,8469,-2344
2687,-7177,613,-27118,0,64,-14878,-6731,3293,-24857,9397,2027
3759,1715,1115,-22488,771,2048,-18840,-11239,8033,-21430,2032,11356
2711,-6513,2147,774,8208,1312,-10516,-14061,12435,-12706,-2699,18116
-5015,-7119,-1579,238,2562,660,-3806,-14147,11847,-947,-5491,19064
1881,-4655,-1901,33,-6384,67,2290,-12257,7933,8718,-6171,16926
3193,-2673,2213,1092,2056,4103,4292,-10229,4149,14001,-5088,13942
7299,-553,-1945,64,180,4134,7404,-7949,1811,16480,-7467,7223
8857,-6957,2357,14848,1992,512,8888,-3877,-1837,14759,-6140,347
6753,-593,-1001,9856,16,2049,7250,231,-4027,9664,-6672,-5729
4249,55,-1963,-3512,272,772,4378,565,-4501,-1790,1624,-9408
113,389,-1197,-12022,5801,169,128,851,-6121,-10411,7581,-7972
-2213,-1105,-1597,-16224,4376,448,-1830,-545,-3837,-15533,4400,-7628
-3453,-3181,-1965,-20260,276,2210,-3520,-2715,-2705,-20371,7992,-5557
-9573,-7017,-1705,-23678,8192,1102,-9494,-5937,1529,-22486,9131,-2020
-17831,-1137,-1945,-19648,4106,258,-18022,-9117,3719,-19237,3564,7016
3289,1971,-1959,-14291,6804,17944,-16132,-12065,11839,-13781,328,18378
3497,913,-685,-8192,1290,2177,-10174,-13469,10685,-7697,1520,22990
2747,-4969,361,516,8192,1744,-3840,-12425,9631,327,-3112,22384
795,-4457,1475,1057,4420,768,1036,-10893,6761,6076,-3646,18794
3545,-2927,2277,71,514,5314,4712,-9405,4207,10092,-6822,13013
2651,-7267,-1705,1632,1296,4240,7640,-5439,1301,14081,-8887,3623
6813,-6205,2711,34,2162,1061,8164,-2861,-2105,12144,-4786,-4921
4697,-7225,1881,1624,2584,3584,4924,1903,-5201,3224,3266,-8798
193,103,1235,-6912,274,1025,-118,559,-5925,-5076,12637,-8963
-2951,-6831,211,-12288,4160,1249,-2900,877,-5857,-10529,3660,-6862
-4887,-2657,-1827,-20408,2698,112,-4676,-1041,-2523,-17259,4130,-2641
-6567,-5231,-1965,-24568,8485,640,-6690,-4407,-199,-21854,8544,979
-12679,-413,-1965,-24288,2188,597,-12956,-8477,1047,-22022,5878,6734
2649,993,-1965,-15488,6228,648,-11952,-13955,11831,-15002,-1626,17520
2789,-7005,-1397,-4080,6512,2768,-4144,-13899,12017,-3229,-1664,20076
681,-5175,419,1153,5280,48,1176,-11361,9493,5862,-2821,16909
4865,-2669,2133,256,65,3585,5034,-8741,4831,10762,-4012,11653
7773,-6193,-1677,1824,1288,422,7804,-4939,1271,14082,-8130,1982
7045,-6753,2563,2178,4128,2048,8904,-1341,-1807,10256,-1247,-6258
3673,913,-1577,19,12,1536,5420,2373,-4549,3404,2543,-10915
-1299,-1073,419,-3936,399,-12764,486,225,-6703,-3314,2972,-12609
-2979,-7145,-621,-11136,4,-12180,-2280,-1603,-5495,-11164,3085,-9818
-6573,-4209,-1321,-19811,1224,-6000,-7004,-2819,-1745,-17735,3369,-5779
-10279,-6659,-617,-19591,4103,-3264,-10014,-6489,489,-19618,5170,209
-13095,-4177,-875,-20288,5120,10380,-12762,-11503,7227,-17941,-2326,11131
2685,-6965,-1381,-12094,1285,18688,-8822,-14603,10459,-11443,-2121,19945
2657,-5223,-1453,-1518,4102,1057,-1872,-12537,11897,143,-4060,19356
2779,-3181,-905,322,5120,3072,2694,-9021,8075,7924,-2905,15183
5219,-745,2187,10818,1573,146,5380,-7343,3579,11305,-6552,9005
6539,-5227,-1321,12824,288,656,6604,-4223,-317,12789,-9631,405
7265,-7197,2359,1067,512,1444,7084,-1637,-2765,7563,-4797,-6520
3801,919,2171,204,20,4374,3440,1979,-3487,533,4925,-8758
-1191,-7281,-1869,-7680,7552,17,-822,1497,-4341,-4807,8136,-7251
-2301,-6981,-1709,-12288,8,390,-2418,245,-3425,-10255,5991,-3955
-4511,-849,-1821,-16288,5170,115,-3920,-427,-139,-15024,6130,-1253
-7175,-4209,-1949,-19830,8208,2,-6960,-3543,1837,-17824,10895,1922
-13671,-63,-869,-19831,74,8065,-13730,-8145,3235,-17305,1205,8859
-8791,937,-1447,-11223,426,17930,-8516,-10653,10121,-10802,683,18615
2843,-4051,361,-3688,8793,1184,-4018,-11667,11381,-3133,-1490,20159
2057,-2335,-805,16,8320,1025,2228,-9809,9201,4966,-2010,17197
4699,-2121,-1101,513,467,0,6342,-7243,5421,10050,-7443,9536
7261,-6769,-77,281,1056,264,8236,-4807,857,12657,-9034,308
7645,-7277,2899,115,128,8904,7248,-2475,-2299,7940,1627,-6707
3675,-7233,2411,192,189,5136,4334,139,-4597,2172,-141,-10965
-1175,-7153,-1795,-5120,445,560,550,533,-4381,-5335,2893,-11652
-5447,-1137,-939,-10984,7920,-9560,-4554,-455,-3781,-11310,8169,-8149
-9615,-7217,279,-18917,1565,-3808,-9070,-1625,-1319,-17186,7662,-2281
-12231,-7241,-653,-20349,1040,3180,-12552,-6029,2997,-20163,4657,4222
2649,-2029,-939,-15320,5920,12866,-9298,-9719,11435,-14169,-2524,13363
2799,-5101,-1931,-7806,256,16448,-3218,-11787,12097,-4606,472,17206
2725,-3771,-1675,4112,7168,17316,1414,-11205,10057,4578,-495,17220
2657,919,-1453,8238,7944,75,5400,-8839,8119,8981,-186,14144
3247,223,-911,9413,8992,1175,5870,-6643,3983,11850,-5032,8761
8335,-4683,211,13329,8718,386,8434,-4057,1653,13602,-7135,479
7297,-3167,733,10824,4608,2061,7066,-1499,-2493,10518,-3229,-6418
2667,-1645,1631,4640,0,16,3424,-859,-5351,5296,568,-10011
-1191,-1617,1491,140,4,420,-358,-827,-5333,407,-2358,-11773
-3479,-7281,-1965,770,2320,5186,-2700,-347,-5825,-3603,-1661,-11089
-8359,-6769,-1961,0,2600,144,-6358,-39,-4361,-10033,-954,-7561
-9095,-7271,341,-16368,120,1808,-9646,-255,-2877,-16576,4124,-4075
-11685,-2155,-1937,-26488,-1792,3728,-11212,-10157,1719,-24793,-1440,4479
-7495,1099,351,-14204,935,17165,-6838,-12121,13957,-13519,405,18782
-1933,-3425,-781,-8192,2528,19731,-1880,-11255,14599,-5867,2707,20149
2461,-3107,-669,2596,1050,18452,2572,-10693,12523,3173,1484,18584
6299,-813,-827,9024,65,14594,6408,-8425,8549,9218,2885,15433
7385,-775,-749,10269,4226,12290,7428,-7309,4383,10579,4078,12259
3169,-7279,-1957,9568,4268,8215,6834,-5475,-475,10178,-4621,7752
3177,-2897,117,6408,8341,1176,7194,-2107,-2697,6111,-5574,1438
3179,1455,-1197,2086,529,137,5162,2165,-4089,1759,1416,-2946
3161,-6129,-905,-6103,10244,298,56,2711,-3519,-4864,10809,-4872
-2321,-881,275,-11226,8576,1039,-2622,421,-2641,-11109,14894,-4663
-7523,-1737,-685,-15869,772,5010,-5978,-587,-3619,-16147,16105,-3165
-9621,-4105,1653,-20351,10256,4577,-9904,-3585,-923,-18305,9612,-2773
2673,991,2407,32,2048,2065,-11700,-7871,3611,-16191,2540,3228
-13543,1071,1251,577,136,2180,-11852,-10223,11915,-11979,2349,11527
-8353,947,-1385,-7636,162,4289,-5890,-11311,13085,-4635,-65,15257
-1409,-2993,623,6,576,0,-854,-10221,11047,3185,-2309,16903
5727,-113,83,9312,1026,321,6450,-7685,6167,10109,-2732,12850
8825,-5225,-1963,9221,6187,1280,9236,-3765,1513,11918,-10118,2870
9867,-2793,-773,8453,9732,25,9650,-947,-1991,8206,-5787,-4242
7001,-737,-1053,290,449,213,6652,-179,-4173,404,697,-7912
1761,-2609,-1835,-7760,2060,288,1350,-1055,-3675,-7707,2958,-9762
-2279,-7017,-1965,-13984,8512,8,-2860,-593,-2671,-13318,10128,-7408
-10855,-7231,-1061,-17528,8584,656,-11592,-2691,841,-16512,11549,-2985
-15395,-5169,-1929,-16287,1393,144,-15286,-4707,463,-16516,8802,2688
-15271,-1131,2181,1043,462,2,-14988,-8383,7651,-14274,1953,11945
-9597,-1869,-1613,256,131,4633,-8136,-9585,8295,-10211,2275,16493
-6551,-3153,-1965,-5095,2309,196,-5792,-10695,10327,-4225,3416,18827
2793,-4445,-1951,550,1280,1287,-1052,-11047,9879,3226,3319,18084
3065,-2149,-1441,1026,580,4096,3178,-9069,7813,10453,472,15386
7337,-7281,-1303,13712,650,292,7526,-6391,3753,14448,-5286,9250
6913,-7281,-1677,12358,776,153,8168,-3933,-293,13215,-6188,759
7037,-2773,-941,8231,688,2066,6836,-1935,-3399,8080,-4382,-5567
4921,-1007,-1437,1300,5341,824,4646,539,-4391,766,-1776,-9583
-419,-209,-1901,-8192,258,48,110,319,-4437,-8600,636,-10069
2649,-2161,-933,-15325,2132,128,-3102,-1611,-3535,-14976,2369,-7787
-8103,-3697,-921,-18912,384,-3280,-8418,-3025,235,-19129,5795,-1886
2877,1973,-1965,-23740,6784,4160,-16646,-7533,3705,-22362,6150,5191
-17189,-5217,-1901,-16367,656,1792,-16566,-12727,8961,-15271,453,18928
-6951,-6765,213,-8688,8856,4144,-6270,-14257,9601,-8012,-2609,22569
-387,-5105,-1821,2050,256,1346,1988,-11945,8891,3359,-7731,19504
6771,-2907,2267,4,-7859,4256,6906,-9145,5621,8879,-4790,14385
7513,-533,-877,256,1156,5124,7670,-7573,2787,13239,-6393,6752
8793,-5937,-1421,136,1024,140,9810,-5189,973,13287,-6079,-112
7273,-7121,2135,578,0,2341,9128,-2047,-1879,10599,-5873,-6278
6809,-6237,-373,2714,-959,1617,6628,531,-3091,3524,-109,-10907
2667,-973,-1565,-3823,289,124,2286,-435,-3371,-2994,5796,-13199
-1319,-1101,-1383,-8099,2056,-12031,-812,-425,-4413,-7432,5767,-11935
-4319,-2161,-1769,-14463,145,582,-4686,-1243,-4293,-12820,152,-10047
-6563,-4093,-939,-19824,4164,0,-6750,-2887,829,-17998,5037,-5278
-11679,-4959,-1899,-18416,5130,34,-11404,-4793,2443,-18150,6937,728
-16679,911,-1941,-16380,4096,9748,-16354,-9511,6587,-15889,-3065,10813
2657,1751,-397,-14080,33,19837,-10948,-10983,9087,-12972,2794,20206
2907,1637,-1429,-9215,8000,784,-7322,-12141,12551,-8718,-221,23606
2907,-4449,411,-1470,8448,522,-1912,-11955,11275,-453,-2715,22816
2669,-2865,-1949,5888,8232,1312,2940,-10445,9157,6364,-2311,17299
6745,-3087,2211,10240,3093,2596,7018,-8485,5107,9858,-4108,12564
7005,-6877,-1389,13313,4608,3128,8368,-6745,853,14071,-9174,3315
6749,-7151,2261,12611,1028,2272,7746,-5181,-1967,12638,-4706,-2188
7015,-1649,-1197,10368,704,320,6808,-819,-4147,10277,1556,-5922
3421,-7201,347,6146,6164,129,4310,1453,-6269,5813,6128,-8111
2937,945,617,-699,2560,8,2874,1719,-6255,-601,3527,-10430
-1095,193,-1933,-7024,2568,194,-310,1145,-4763,-6747,3091,-11486
-2415,-1005,-1809,-12280,5377,4,-2558,493,-4789,-12270,5315,-9050
-5139,-2033,-1957,-17786,66,116,-5268,-1647,-2543,-17967,2793,-5549
-7443,-4721,-1833,-22016,4096,2071,-7454,-3971,-627,-21139,5538,-433
-13733,921,-1569,-22011,4416,954,-13556,-9175,6465,-20348,-4361,7831
-10615,3031,-1933,-13822,3104,144,-10304,-12635,13333,-12255,-4879,19025
-2455,-47,219,-1527,8276,160,-1946,-15149,13441,486,-3447,21546
3721,-5169,-845,9249,5148,320,4652,-12573,8135,9876,-3050,16256
7513,-2589,1427,12901,2048,1026,7518,-9637,2781,13440,-5229,8675
2649,-329,-1677,14336,3360,705,8544,-6727,-225,14545,-8212,268
7789,-3815,-267,1,1093,515,8466,-2963,-3377,11012,-2556,-6983
5721,2065,2181,4233,288,321,5440,2627,-4077,3759,2717,-11934
1625,-1839,-1961,-4068,5646,652,1218,629,-5063,-3287,5894,-13662
-2847,-1643,-409,-10229,1152,132,-2778,-829,-5191,-9071,965,-11694
-6051,-3057,-1451,-15320,4356,408,-6018,-1705,-3031,-15535,5361,-5220
-9637,-4209,-1957,-19678,2756,22,-9726,-3051,211,-19822,11498,1959
2687,-5735,-1441,-22524,7168,624,-18374,-5155,535,-20969,5662,5208
2671,-4971,-491,-19060,8279,4682,-13510,-12507,10243,-16226,-7465,16625
2779,911,583,65,26,1556,-5310,-12961,9839,-3548,730,21989
1125,-4193,-1965,0,48,2185,1768,-11695,7059,5581,-4597,18374
2659,-2337,-1677,322,272,320,5238,-8721,3447,10967,-7387,12041
7385,-6497,-1453,0,2332,561,7760,-5683,-217,13381,-13052,2093
8793,-7153,2259,10272,1222,18,8846,-1121,-3983,9973,-12982,-7855
3929,63,1635,41,4040,290,3750,1277,-5317,-187,-3077,-11772
-257,-533,-1933,-12256,2640,797,30,159,-3315,-11023,15795,-7059
-4439,-7137,-1293,-14720,512,8,-4026,907,-6421,-14905,15824,-6705
-6455,-3655,-1893,-22461,256,2056,-6084,-3113,-2251,-21575,2231,-4652
-9639,-6185,-1933,-24539,113,56,-9138,-5147,1179,-23340,12576,2498
2701,-3175,-677,-18232,2578,549,-15752,-10797,9451,-16750,-1632,13490
3065,1103,1109,-10224,65,727,-10610,-12595,10487,-9343,361,19652
3043,-6037,99,392,8192,1,-4742,-13227,10085,-112,-3995,21066
3161,-3041,1683,1024,8292,552,3254,-9489,6675,7499,-4358,16970
2649,-623,-1773,12800,1,1537,6806,-6855,2299,13118,-7834,9401
3101,-5217,2135,20,5143,0,7660,-4371,-2101,14216,-10237,239
7843,-1521,-1453,512,608,2106,7672,-627,-4357,6600,2517,-5686
2809,927,-1965,-3302,32,2160,3416,1659,-4205,-2775,8918,-8939
-401,-2529,-1301,-10463,193,1,-126,-1009,-2885,-10678,10296,-11001
-4247,-7249,-1677,-16376,3072,2050,-4506,-1467,-4713,-15453,6740,-8884
-10535,-5233,-169,-20480,4126,708,-10222,-3813,5557,-17987,5895,-2524
-17311,87,-1441,-14949,1584,266,-16782,-7995,6805,-14286,687,11235
2681,-1137,-523,-7151,6442,2816,-5978,-8793,10697,-6675,-1288,19547
3161,1615,-1453,-2908,546,0,-672,-9689,10025,-477,623,20264
2845,-621,-1421,5388,25,3217,3360,-7773,8059,5951,1071,15735
2693,-7005,-1291,189,12305,1281,6464,-5567,3619,10703,-1386,9088
7777,-4205,-1901,320,568,8,7748,-3525,43,11575,-5433,70
5761,-2385,2133,843,1055,197,5704,-1525,-3555,6551,284,-6955
1633,-1133,2227,3077,5130,2688,1948,-461,-4647,-1134,8224,-9713
-1415,-6597,1619,1252,4301,521,-1394,1469,-5087,-5234,5168,-10530
-7525,-6485,-1813,-11232,3008,772,-6268,205,-4277,-11091,3091,-7110
-9107,-1609,-665,-18352,1829,792,-8212,-1113,-2949,-17130,1798,-2903
-10629,-7089,411,-22464,256,352,-10718,-5961,2329,-22455,3093,4978
-11111,983,-941,-19822,2064,4,-10828,-9627,9033,-19463,3010,14463
-5523,-3633,-1897,-15326,5732,2496,-4958,-11103,14183,-12395,-268,18955
601,-5233,-1917,-3576,5184,2052,816,-12021,13863,-2757,-2311,18733
2669,-3941,9443,4226,7303,11,4646,-11473,10127,5966,-805,16588
3033,-2057,-1837,8516,8228,132,7844,-9349,6249,10268,-2633,13006
2733,-81,-1709,12544,9232,2633,9736,-7109,2397,12631,-7231,6281
2945,-6369,-1901,16,9216,3077,11026,-3629,279,10982,-6542,-1446
8033,-7281,-1315,7681,8192,336,8178,241,-2241,7300,-4392,-8161
2651,55,-1957,1315,546,1932,2078,619,-4161,958,6293,-10325
-3367,-105,-1917,-4089,4,2056,-2298,483,-4455,-4122,9039,-9516
-7719,-113,-1389,-8166,16,1064,-5650,999,-3893,-8507,6260,-6490
-8855,-2385,2261,80,22,0,-8110,-953,-3001,-15380,11661,-2769
-11175,-6145,-681,4,1536,58,-11450,-5261,415,-18080,7405,3700
-13543,-7269,-925,160,1164,10384,-11904,-6685,9137,-14359,3557,10726
-7519,-1633,-1865,-10225,16,13824,-7298,-9427,11673,-9463,2267,13965
-3943,919,-1773,-3072,16,33,-3640,-10781,12353,-2426,-2033,14880
2659,-2147,603,4100,4178,160,2904,-9337,10703,5609,-3453,14356
2865,-753,-1453,8462,4912,0,6296,-7711,5987,9783,-3561,11344
8457,-6113,-1673,10276,0,642,8836,-5411,3451,11738,-4200,6435
2661,-5201,-809,8912,4153,1028,9274,-3411,173,10832,-1591,1448
2785,-2097,-1825,6242,6272,1044,8232,-993,-2739,6952,-325,-2786
6237,-1133,-1861,1290,8,1585,5984,139,-4305,1459,524,-6707
2649,-361,-937,-6654,6144,264,2608,117,-5221,-4713,6390,-7388
2911,-6111,-1709,-10144,8263,128,-1680,-607,-4459,-9801,8393,-7436
-6023,-6257,-939,-14198,9538,2314,-6348,-1141,-3863,-13457,10422,-5494
-10469,-7137,-1945,562,8272,4260,-10542,-2587,-2629,-17947,11154,-3436
-13143,-6879,-1823,422,1798,3,-12814,-6437,163,-20620,3335,1099
-13005,-5173,331,-20224,1024,2344,-12706,-12125,6471,-19756,1007,11588
-6813,-6447,-1189,1106,2096,1215,-6708,-13963,11773,-10124,-924,18428
-1431,1059,-1709,2128,105,1544,-902,-12303,11273,3299,-3991,19933
4697,919,307,8200,389,16896,5000,-9377,6403,9276,-1061,16804
6761,655,-1793,12360,4352,64,7024,-6763,3371,12546,-9852,8971
10337,-4009,-809,8210,6530,266,10152,-2897,-25,10071,-8754,-2372
7769,-1053,-649,840,4113,34,7834,183,-3351,2546,-2584,-9751
2409,-1137,-1965,-8166,3120,256,2212,-369,-4691,-6567,3944,-11962
-1679,-2521,-1421,-14976,2616,264,-1732,-829,-4539,-13192,12278,-9142
-8103,-3793,-1837,-20448,5145,2048,-8622,-2909,-3323,-20749,15784,-5731
2783,1935,-1885,-19448,4448,4097,-17832,-7641,-467,-18851,11293,-1066
-18215,1039,-1437,570,8416,2061,-17526,-12553,4707,-15587,-7151,11779
-8829,-6127,871,697,2360,1164,-8426,-13683,10285,-7708,-4456,18284
-3495,-6513,-813,3597,66,36,-1982,-12815,8419,4164,-7630,20069
4763,-3159,2359,1026,1,4105,4910,-9935,4595,13771,-6260,15078
8985,-6761,-301,54,836,6,9214,-5569,725,16955,-7358,8575
9117,-2609,307,8194,8,1600,9958,-1949,-2577,9792,1028,1465
6907,-1123,1141,1560,80,144,7230,-271,-5665,1294,4023,-6723
5245,-7203,137,-7248,1152,346,5084,-511,-5265,-7656,1453,-10331
913,-2129,-1251,-16378,1414,1536,698,-1075,-3839,-14273,10724,-10554
-5267,-2799,-1961,-19184,8833,1256,-5498,-2133,-2693,-17134,14854,-8807
-14663,-7195,-1765,-24551,130,21,-15212,-6949,-2003,-21077,7020,-3026
-17287,1299,-915,-19448,6144,4,-17244,-11611,4727,-19161,-1283,10210
2781,2131,-805,-15348,8960,2561,-11168,-13733,8779,-12861,-4399,19380
-2823,929,-1435,656,12288,1060,-2668,-11801,12045,-1823,-3828,19527
3427,-2865,-1709,7296,1537,5444,3846,-9001,7677,7330,-6230,15585
5237,-617,-1837,11072,-8128,7173,6496,-6791,2115,12341,-7456,7090
6873,-7261,-1881,1160,202,6153,7058,-4873,-791,11155,-5737,-893
4705,-3185,2135,281,388,36,5174,-2147,-2093,6321,1693,-5272
153,-7257,2195,1312,592,1429,1954,1195,-3617,1132,3600,-9007
-871,-873,485,-8059,5770,-9712,-1102,323,-2039,-5779,6190,-9498
-4279,-847,-1949,-12096,1379,-7272,-4392,195,-3335,-12232,5570,-7081
-6243,-2669,-1037,-19455,1,20,-5650,-2135,201,-17561,3433,-2714
-8551,-6667,-941,-23040,6306,514,-8594,-5121,585,-22734,6243,1011
-13411,1715,-857,-22007,6146,5185,-13740,-11383,4989,-20479,-2344,8151
4013,1167,923,-12256,8977,16404,-9898,-14067,11625,-11304,-6353,16946
3689,-6751,-1885,72,8320,1284,-3940,-14303,10677,1121,-3429,20313
1177,-4715,3603,6208,2200,2048,1694,-12375,6699,8079,-4191,18523
2917,-2161,-45,12288,-7552,933,5674,-9035,2851,12688,-7959,12514
8045,-6537,-541,13893,1349,1170,8082,-5587,487,13988,-5847,3305
7053,-2927,2155,10022,512,4213,7016,-2069,-1693,11832,-5297,-4163
5759,-7201,-1579,5123,71,4240,6468,665,-4061,7431,1092,-9832
601,-7217,-1819,512,2048,4112,1846,135,-4545,2635,2789,-11378
-543,-95,-773,-4032,2275,521,-760,651,-5859,-4204,7273,-11630
-5215,-1517,-1255,-11228,2568,51,-4274,-931,-4181,-11562,3375,-11926
-6563,-5143,-1005,-18423,1636,1025,-6756,-3365,-2731,-18316,3798,-8401
-11559,-7273,-1709,-21726,1032,-4006,-11272,-6349,-1885,-21793,1030,-2821
-14731,-1031,-1965,-20446,4440,5666,-14134,-8343,3559,-20260,-1164,6888
2913,979,-1773,-16896,4236,13645,-12160,-10877,7747,-16381,-3734,14704
2661,979,-157,52,8290,512,-7402,-11685,9371,-9695,-5839,18418
2697,953,229,1250,8582,628,-2456,-10143,11215,-1901,-3438,17958
-371,-2657,-1253,2081,8333,4290,-56,-9913,7727,4117,-1887,15920
1115,-1129,-407,772,131,4098,2426,-8589,4805,7179,-3680,12620
2925,31,-1057,1191,896,296,4702,-7143,3119,9738,-5129,8953
5021,-7217,83,916,4622,4244,6172,-5931,1893,11206,-1919,6526
8361,-5937,883,512,1096,16,8408,-2947,1783,11197,1277,3880
7825,-7277,-1945,8320,50,2118,8192,-211,-807,8909,1844,-2111
6377,-7281,-1965,4642,2752,10,6484,273,-4301,5527,2433,-7421
3705,-7265,-601,4,272,1664,4128,501,-5743,-416,768,-10808
673,-95,-1705,-8191,226,131,538,529,-5495,-6179,2692,-11997
-3239,-961,-1939,-11104,8225,64,-3488,-83,-6105,-11128,9708,-8414
-8455,-2973,-8101,-20398,8224,540,-9034,-2051,-6369,-18760,8073,-3198
-13391,-7279,-1709,-24540,4297,552,-12944,-4651,2069,-22932,5727,3331
3033,-473,-933,-20454,2670,3097,-14300,-8465,5127,-19701,2073,11809
-7167,919,-1965,2053,8257,1026,-6470,-10683,11339,-9454,-5156,17510
-663,-2161,-1929,707,2177,280,-674,-9693,8671,2263,-5504,17675
4905,-2929,2727,128,32,4374,5178,-8697,4709,9594,-7457,12633
7333,-7281,-1957,0,8524,404,7340,-5713,1807,13349,-7635,4151
6881,-7185,-681,10570,641,1696,8698,-2697,439,11871,-1491,-2662
7021,-1393,1235,8238,520,616,7386,-527,-1485,8481,1147,-7984
4233,-3181,-1925,2050,-1915,-12774,4178,-1841,-3979,2883,-564,-12631
1609,-1805,-1851,-3576,390,-13246,1256,-1191,-4747,-3769,-1134,-13081
-2055,-1617,-1955,-11991,1091,65,-2398,-875,-3761,-10226,1607,-11366
2859,-7279,-1965,-15824,9220,2,-8310,-1145,-2397,-14574,10046,-5902
-13987,-5225,-857,-20462,2336,16,-14036,-4417,-1193,-18072,6027,1282
2713,1167,-843,-18408,8704,1193,-15518,-7867,2877,-18051,-3351,10141
-9575,-3665,-1901,312,10499,256,-8854,-11147,9247,-14659,-3921,21276
-1407,-3177,1939,-6316,4224,4105,394,-10643,11527,-5558,-3548,22265
4969,-2597,-1957,6675,-7963,2432,6372,-9597,8515,7706,-7156,14137
2659,487,3187,805,400,4100,7338,-6509,4431,13383,-4708,4775
7273,-6061,-873,706,2049,1168,8570,-4839,797,13082,-5887,-2441
6769,-2969,2165,4096,-638,2105,7264,-1997,-1671,6062,-242,-6228
4201,-3145,-1707,20,0,1027,4248,-1311,-3613,-186,2120,-8907
2767,-1037,-1697,-6895,1120,2304,2284,-195,-3879,-6534,1441,-8350
-1279,-1137,-1437,-12140,136,258,-1184,127,-2179,-12422,3476,-7199
-3487,-3149,-1563,-20468,1284,-3052,-4096,-2065,-2609,-18551,7648,-2620
2661,-7025,-1965,-20464,8205,4290,-11454,-4267,5889,-17917,8920,5827
2655,431,-1837,-16375,8752,2,-15784,-7141,7871,-15513,9527,12958
2649,-2673,-1829,260,2699,72,-11352,-10311,9599,-10609,2409,16938
-5459,-4785,-933,-1498,396,1060,-3814,-11341,10335,-778,-3908,17776
3163,-2127,3161,780,-3056,5448,2388,-9711,6947,7308,-3144,15178
6225,401,2293,115,1281,5801,6936,-6879,3323,12951,-6745,5459
6977,-6633,-1449,11072,4346,6208,7960,-3857,-371,10748,-3270,-1169
6889,-2601,2195,4569,1314,2048,6754,-1807,-2475,4263,-370,-6463
3933,-7279,-1441,-3008,718,560,3688,-187,-2921,-2866,2145,-9745
-1423,-1041,-909,-11262,257,1536,-1644,177,-3687,-9494,121,-10817
-4519,-4393,-1709,-16383,256,-6744,-5036,-3025,-1395,-15611,3192,-6318
-10507,-5997,-1797,-19964,352,1664,-10780,-5403,-233,-20045,4585,2402
-16291,977,-813,-20468,1382,640,-15920,-10671,8803,-18598,1496,11632
2649,-6001,-1885,-12023,4,673,-12134,-13671,12187,-11436,1809,21330
-5173,-6703,-1963,643,172,1024,-3638,-12897,10465,-1666,-5091,21504
3195,-3185,-1961,548,-2669,16,3510,-9893,7141,7260,-1773,17310
2905,-625,3155,1553,1,0,6098,-8051,4069,12010,-1993,10576
7801,-6241,-1803,1141,5121,257,7782,-5539,1569,13658,-2574,1547
6747,-6753,2651,9234,72,722,7508,-2733,-1035,9692,1146,-6566
2785,-2625,-1325,1280,128,1287,3094,-707,-4315,2756,-5184,-13287
3231,-1249,-1643,1,560,1024,200,-573,-4413,-5270,-2996,-12790
-3365,-1009,-4459,-11007,288,2231,-3650,-405,-3015,-10722,1900,-9422
-6551,-1113,-2989,-15268,4440,4,-6494,-569,-1709,-15267,7836,-4829
-9575,-3057,-1773,-17405,128,2628,-9876,-2651,-327,-17437,8167,-120
-13647,-6225,-1893,-19968,4324,772,-13398,-5481,1489,-18755,3566,5628
-14467,2707,107,-16120,258,12288,-13892,-9221,6797,-15627,521,13254
-11431,919,-1901,-11250,4136,19456,-10956,-11889,8763,-10605,-3967,19914
3391,-4063,2195,67,8961,20756,-4344,-11567,12309,-4001,-1276,20544
-419,-2989,-1603,2165,6145,2,-294,-9941,10445,3184,-1861,17776
3961,-2397,4885,5905,6188,777,4092,-7573,6965,8277,-402,13730
5419,-477,2147,10760,6528,1090,5652,-6887,4429,11067,-1564,9186
5019,-6929,339,12424,5404,192,5930,-5373,1171,12441,-2443,3905
7787,-4145,-1697,11050,3186,1552,8138,-3419,-681,10817,-4486,-2867
6849,-2097,859,6175,26,409,7014,-1291,-2279,6306,-3882,-6955
2995,-1073,-1437,48,404,2208,4406,-215,-3279,760,1428,-10263
-423,-591,-1443,-4092,4530,0,-598,-43,-4223,-3578,4909,-11051
-2983,-1263,-1093,-8125,32,432,-3268,-735,-3815,-8418,1128,-8043
-6307,-2161,-827,-15744,0,52,-6258,-1447,-1471,-13725,1923,-3314
-8537,-4813,-901,-20208,4133,544,-8408,-3907,549,-18165,4647,3219
2651,423,-1961,-24384,3072,562,-9910,-7803,2459,-21406,3195,8849
-9639,955,-1963,-18176,104,1,-9646,-10807,8859,-17276,1168,16760
-5267,-4655,129,-9983,432,2,-5080,-11237,10827,-9055,509,19452
-5543,-5205,1623,-2040,4364,3090,-4432,-11949,10987,-1154,-1312,19506
873,-3141,531,5184,560,12,1220,-10635,9643,5675,-1409,17500
3689,-3119,2259,9556,325,4120,3716,-9065,6105,9914,-1148,14560
4729,-7281,2471,529,1600,4,5464,-6905,4403,11244,-2671,10998
7003,-6879,2111,391,4360,28,8530,-5627,3143,13668,-3595,3972
7859,-6997,91,12808,4178,2056,9614,-3073,875,12717,-1112,-1399
6939,-2581,83,9739,64,1026,7554,-761,-2981,9431,98,-7586
4713,-6943,-1049,4112,256,-12087,5602,-129,-4017,3993,1316,-11468
2761,-6985,-1901,-2720,3649,-12726,2906,-195,-4855,-403,-217,-12745
105,-2151,-1677,-4094,140,129,-300,-1001,-6599,-4412,154,-11424
-3175,-2129,-299,-10687,7,-9132,-2784,-1045,-5131,-8970,5111,-8899
-6503,-2127,-845,-15559,50,-6528,-6802,-803,-5609,-13750,8844,-6327
2783,-2611,-939,-19292,5120,68,-11168,-2103,-1129,-17372,5373,-2662
-13063,-7209,-75,-20480,7496,804,-13514,-3821,-1063,-20257,7649,2214
-16223,-621,-813,-23520,1090,4169,-15958,-8535,911,-21140,663,6647
-11685,-4657,-1577,-14947,616,4614,-10274,-12239,8669,-14399,-4328,16351
-3447,-5201,533,-5115,515,320,-3028,-12237,10037,-3973,-3342,17859
-919,-4191,-1613,532,32,338,258,-11029,7407,4236,-3893,16617
2725,-2353,2139,1120,3081,4865,4442,-8849,6049,9761,-5227,12903
3681,-7281,-1801,300,512,98,6232,-6309,3581,11381,-5642,9100
7577,-7151,-1921,520,-8191,272,9676,-4253,1819,12805,-8075,2597
9161,-2705,759,9224,292,24,8894,-1451,-2077,9519,-2821,-4399
6747,-7241,-1963,4368,3712,-9944,6434,-211,-4597,4072,4249,-8463
2661,-7281,115,-4078,32,-12205,2394,947,-6237,-2289,934,-11196
-2323,-1057,-405,-11181,7397,-11456,-1926,403,-5259,-8899,-409,-10004
-8319,-2121,-1573,-16127,2600,-4093,-8170,-1569,-1595,-14228,2821,-2118
2745,-7281,-669,-20088,4097,4178,-8814,-1929,-1391,-18320,6510,5314
2761,-7135,-1959,-19263,162,64,-10296,-6013,4583,-18718,8112,10111
2675,-495,1365,-16342,512,528,-8366,-7641,7541,-16144,4997,13423
-7447,-2885,-1453,-9200,2069,1029,-6860,-10689,11195,-8225,1760,14292
2659,-6207,-1965,73,645,5280,-808,-11567,11011,1716,1684,14171
2777,1455,-1965,1696,4131,2752,4346,-9601,7449,10538,-834,10645
6745,-7145,-1953,11268,6434,5394,7216,-5689,3587,11840,-1139,5246
7289,-7281,-1415,8720,192,4111,7358,-3041,605,9513,258,-1052
4893,-7281,-1581,4482,1168,2114,4796,913,-2757,4052,1853,-6120
645,-113,-1965,-3550,97,2569,622,1089,-4269,-3580,1155,-8620
-1175,-979,-1675,-11776,5537,1,-1444,-519,-2577,-10002,-1917,-6855
-5527,-2159,-1189,-16128,4244,576,-5388,-1435,-901,-15290,5916,-1185
-8069,-6937,-941,-18430,5440,24,-8324,-4857,1223,-17725,5238,2432
-11553,-615,-425,1036,1024,2055,-12012,-8177,3081,-17406,1253,7039
-11431,-3927,1109,1025,6721,2192,-11054,-11633,10921,-12359,-1219,15312
-5463,-4975,-1773,9,-4096,1538,-5088,-12589,11001,-4462,-2834,18097
3169,-6597,-811,484,-4071,0,1564,-11809,9295,5564,-3825,16281
4845,-1393,2739,128,2048,128,5838,-8751,5875,12681,-1734,10919
8185,-6001,2227,12288,722,34,8560,-5103,3309,12766,-3037,4123
7769,-4785,1907,9216,264,34,7750,-3009,-889,9782,-2856,-3885
6147,-1241,115,1025,4124,320,5926,-687,-2347,3003,-1338,-8834
1657,-6991,-285,-4056,192,1160,1394,497,-3195,-2575,6324,-10956
-3343,-1005,-841,-6588,2689,1665,-2912,-475,-3727,-6811,2620,-10228
-6277,-3041,-1321,-15240,10274,1024,-6452,-2629,-921,-10808,-5032,-6454
-9095,-7249,-845,-16000,536,128,-8862,-5103,3403,-13457,2253,2962
-10407,-7249,-1899,-16376,833,132,-10462,-6489,5401,-14481,8439,9608
-13727,-2639,99,-14319,8193,4100,-13576,-10069,7105,-13975,8031,14890
-5543,-817,339,-5120,2120,5194,-5506,-8415,10311,-4752,2467,15525
-3495,-3177,115,64,318,112,-1640,-9663,9143,3368,1410,16275
1497,-929,211,192,1168,4641,2650,-8215,5207,9782,-489,12698
4515,-7191,-1965,134,133,4140,6542,-4157,2057,11459,228,6985
7001,-7281,1411,8594,577,2228,7170,-2493,-1011,8433,1826,2959
5529,-7185,-863,4308,2176,672,5428,527,-3295,4051,3002,-3602
1631,559,-1905,-3584,1077,20,2308,1305,-4447,-1846,933,-7224
-1437,-1129,-1293,-8192,2052,-7853,-610,403,-3995,-7610,2339,-7737
-4511,-2609,-937,-12056,4101,-5086,-4472,-1071,-2863,-12290,4360,-4558
-6287,-2897,-683,-15901,2705,-1535,-6222,-2009,-1429,-16093,3803,-164