854,86,-544,-829,-562,-664,2059,-14892,-3441,-816,743,-231
856,-160,-568,-636,-414,-400,1951,-15010,-3361,-532,-145,-234
822,-104,-396,-109,15,205,2173,-14952,-3375,-288,-695,-104
632,-26,-362,-121,-80,573,2441,-14846,-3451,-154,-1042,-183
556,96,-372,-360,-262,676,2595,-14796,-3339,-272,-409,-164
452,234,-398,-528,-405,471,2373,-14798,-3641,-544,527,159
430,320,-492,-591,-444,114,2303,-14886,-3475,-584,195,156
496,230,-482,-525,-350,-122,2377,-14908,-3495,-537,173,51
628,190,-376,-509,-273,-292,2361,-15034,-3413,-415,-9,-52
770,32,-338,-561,-206,-329,2243,-14972,-3541,-442,19,54
746,10,-358,-707,-428,-286,2285,-14988,-3747,-416,48,120
714,322,-672,-636,-1013,-171,2577,-15206,-4165,-594,1021,355
-32,348,-558,-682,-2118,-425,2473,-14966,-4735,-588,1293,473
362,-56,-282,-1234,-4133,-939,3109,-14776,-4889,-1009,3102,1200
498,-998,144,-273,-3269,-664,3639,-14374,-4973,-484,4458,656
-726,100,14,1043,-2303,-274,3593,-14130,-4973,-543,6639,-853
-1538,1938,-860,-146,-3551,-620,4465,-14518,-4819,-1593,8836,-843
-1954,2860,-2012,-5503,-10109,-1710,4197,-14504,-4643,-3510,13548,-676
-548,2280,-1720,-7813,-11716,-2399,2667,-14740,-5061,-5259,18730,855
-542,1868,-1772,-9045,-10901,-2676,903,-14314,-5363,-4933,17302,1432
-192,1478,-2044,-9420,-10271,-2634,625,-14672,-5127,-3412,14157,852
-24,1182,-2040,-7839,-7319,-1949,823,-15000,-4803,-3088,11862,554
-696,1178,-1972,-6409,-5672,-1256,639,-15054,-4643,-3173,11014,373
-328,2760,-2106,-6335,-6057,-898,959,-16622,-4115,-3784,9896,638
-778,2188,-2102,-8472,-8457,-2068,719,-15986,-4961,-976,5559,72
292,146,-1610,-7991,-7987,-3426,1751,-14566,-4453,-718,5034,1956
162,1034,-1982,-9598,-8349,-3239,2557,-14444,-5079,-1271,9269,2413
456,2126,-2760,-11092,-11665,-3844,2251,-14854,-6045,-2592,17009,1709
156,1310,-3344,-10288,-10170,-3919,459,-14340,-7145,-2879,17468,1632
236,718,-3522,-8731,-9773,-4352,373,-14526,-6675,-3146,14502,1173
-48,908,-2860,-8118,-10028,-4136,573,-15260,-6461,-3439,13470,385
50,1182,-2380,-8618,-11033,-3852,737,-15144,-5995,-3433,14219,227
-82,1254,-2192,-8990,-11160,-4286,527,-14870,-5891,-3729,15777,412
448,1474,-2840,-9700,-11206,-5343,-67,-15276,-6367,-2427,14503,-123
1400,2066,-2826,-9250,-10868,-5938,203,-16002,-6977,-2267,13320,464
1626,2266,-2474,-8448,-10474,-5715,465,-16040,-6715,-2240,14767,761
360,1004,-2676,-7752,-9309,-5140,469,-14836,-5757,-2585,14723,1629
-478,128,-3798,-6201,-8324,-3840,517,-13586,-4969,-3188,14241,3019
-578,1482,-3844,-5766,-8133,-2075,651,-15244,-4377,-2908,14440,3388
-868,2368,-3256,-7093,-9443,-1273,1837,-15688,-4083,677,8560,1112
-724,2154,-3492,-7145,-9051,-2015,2871,-15450,-2403,774,12918,-867
-690,1966,-3068,-6497,-7967,-3274,-411,-14954,-3971,-2162,17831,2396
-684,2132,-2544,-6141,-7493,-4711,-927,-14720,-4741,-2221,15184,3945
282,3228,-2058,-5638,-5225,-5986,-2427,-15504,-4841,-607,9373,3223
-630,3746,-1702,-5197,-3140,-8050,-3641,-17764,-1787,1023,4153,3482
-584,6042,-444,-3973,677,-12843,-2227,-19916,-887,2522,5680,9537
-2362,5636,-28,-2229,3441,-17908,-4191,-17664,-641,3225,9602,16044
-3546,6036,-488,-2576,4410,-21629,-5541,-16014,-1771,6129,5033,15953
-4916,4950,-486,-3653,6102,-23284,-5615,-15154,-2039,7895,1194,16053
-7936,3720,-1116,-1809,5022,-23230,-6897,-14018,-3015,11033,-1347,16994
-7198,-16,-1506,-2829,881,-24468,-5031,-11076,-3095,13887,-3025,18837
-6172,-3454,-2322,-2650,36,-22827,-3537,-8792,-3855,12663,-5373,17479
-5670,-7020,-3562,-388,-806,-18299,-2847,-3844,-4383,9645,-3513,14000
-7334,-8072,-2278,2978,-463,-10809,-3775,-2592,-4031,2191,125,9469
-7808,-8500,-1408,6403,2542,-5094,-3773,-2794,-3341,-4997,1487,5000
-7998,-8974,-1438,7890,3121,-1737,-2835,-2792,-2279,-7873,2302,2623
-8080,-8790,-276,8921,2105,1270,-3437,-3686,-63,-9391,-2327,-989
-2934,-840,27670,13780,15260,2247,2061,-15434,12839,8022,1885,-2763
-11104,-6564,-2362,250,-5554,5367,-1967,-4566,739,-1569,2109,-6908
-7068,-8648,-848,4865,-5423,5925,-5449,-5392,-481,-1023,1132,-9145
-4982,-7238,-988,7473,-2438,12473,-379,-7438,719,-3796,-2822,-14701
-3672,-5280,-1536,7384,-778,20118,1331,-11474,139,-4176,7475,-21980
-5712,-986,-1182,4126,-6038,29352,305,-14964,-3067,-5542,13722,-28355
-4300,1126,-996,12673,-10825,22636,-2019,-21456,-9017,-5717,5790,-30288
-3530,10036,-80,11841,-3545,23783,175,-25228,-6301,-4629,9226,-24862
-3814,9114,2586,-1363,-14533,14830,101,-24778,-4869,-3724,20159,-16445
-1476,4268,1792,-6894,-16250,8423,-1611,-18936,-8429,-5261,23135,-7158
-2190,2822,2790,666,574,6028,-767,-16528,-7345,-240,8551,-5989
-2860,3578,964,-3892,-4580,1787,-1277,-15424,-6329,-2796,8328,-3845
-2058,2874,-2162,-10603,-10093,-1196,315,-14410,-4995,-4382,11046,-2100
-700,1220,-3238,-12363,-12725,-2650,461,-14398,-5195,-5668,12399,266
294,2070,-2396,-11375,-10830,-2624,711,-16030,-4723,-5682,11558,1989
-408,1194,-2472,-9874,-9275,-3848,1571,-15382,-5335,-5088,11385,3659
2562,2230,-2054,-10430,-8480,-3079,1599,-16536,-5469,-4564,14171,4571
-56,2234,-3674,-12581,-11475,-4725,443,-15202,-5681,-4077,14450,3407
1384,1212,-3726,-10191,-7927,-5047,371,-14894,-5167,-3292,11101,2857
-8,846,-3086,-7837,-7879,-5241,897,-15022,-5089,-2125,10159,1138
-268,630,-2722,-6794,-8129,-4936,1297,-15300,-5363,-1311,11262,445
-240,932,-2580,-7560,-10832,-4483,1113,-15092,-5599,-1641,13245,657
-560,750,-2566,-9723,-13220,-4628,1093,-14480,-6239,-1077,13289,701
1260,110,-2536,-11023,-13954,-4072,1095,-14326,-6533,-1030,13503,431
846,2154,-2552,-11230,-14436,-3124,1053,-15196,-6535,-1243,13638,-554
1116,1780,-2012,-7699,-8928,-2252,1145,-15714,-6339,-2646,12786,-794
-94,1338,-2974,-7110,-7378,-2533,617,-14698,-5013,-3731,11002,-490
-246,1592,-3136,-7147,-7531,-2604,969,-15050,-3965,-4000,9042,-909
-222,1232,-2552,-6409,-6102,-2961,2927,-15354,-2761,-3497,16436,-608
-236,1368,-2894,-5306,-5197,-3387,-207,-15430,-4863,-3300,13639,473
-154,1594,-2490,-5313,-5427,-3618,-717,-15098,-4319,-1261,4815,-809
106,1564,-1956,-5597,-6547,-3834,937,-14610,-3435,-1428,2754,103
348,1276,-1758,-5546,-6574,-4173,2821,-15050,-2283,-1303,3704,222
1794,-1432,278,-3644,-3695,-3388,1733,-15388,-2317,-621,2524,36
220,1454,-1620,-1936,-934,-1023,2981,-16406,-3855,-845,-480,874
-444,934,-1812,-4200,-6028,-1618,2687,-14212,-4137,-1139,5372,1410
876,2126,-1124,-5367,-3500,-1868,1881,-14722,-5407,-2556,12210,3899
-250,1944,-2026,-5698,-7908,-4188,1019,-14270,-5773,-3840,12804,3968
-862,2012,-2674,-3412,-3338,-5971,1155,-15056,-4983,-4112,11566,4380
-1394,2838,-2214,-6605,-8075,-9534,261,-16452,-2537,-2319,12307,4371
-1308,3666,-942,-6883,-7264,-12901,-2313,-18782,-3287,349,15643,7558
-1598,4088,582,-1018,2722,-16011,-4727,-19724,-3109,2215,10350,13712
-7346,10446,90,3110,9692,-24105,-8829,-23030,-4695,5830,4938,23082
-8820,7748,718,-2574,5752,-29041,-8423,-17946,-4469,11610,-2765,25387
-6492,2372,-1096,-5012,-2068,-31934,-2107,-10834,-3393,14939,-7407,23228
-3878,-2064,-3172,-5576,-2249,-28058,-1157,-7962,-3877,9934,-6787,23733
-5498,-6938,-4400,-1872,-1466,-17693,-1475,-5348,-4403,3969,-3749,18531
-5516,-8920,-2548,3291,-254,-7526,-2167,-3848,-4161,-1744,1382,11350
-5908,-9656,-1274,6822,1858,-961,-1947,-4410,-1227,-7905,1662,4431
-7094,-10154,-664,9434,4048,3543,-1731,-3922,75,-6952,1033,-704
-9216,-13582,-870,-1340,6302,5185,-3487,-2380,2529,-1123,-729,-6137
-5708,-9462,-2784,5069,-1851,9948,-617,-6528,573,-597,-1293,-15562
-5102,-5780,-2440,7515,-2524,17071,-947,-9720,1121,-2519,2076,-23182
-10540,-1930,-308,4325,-4044,19364,-923,-13452,-1289,-3614,8565,-24496
-6258,-322,-688,16531,-1399,22235,-7359,-20152,-4935,-937,8592,-22692
-9488,3512,1620,2413,-13998,19111,-2797,-18384,-5091,-375,3622,-26783
-4650,3734,866,6367,-18452,15962,-1469,-21350,-6219,-2505,19008,-21143
894,4694,1578,7432,-10625,14299,-685,-19478,-8317,-1892,22895,-15281
-6002,9352,4908,4667,5117,10206,-1691,-18966,-7691,-2231,5588,-14323
-4594,3470,-1432,-12002,-11685,722,-1757,-18150,-5633,-2663,-819,-11436
-1112,3710,-2068,-13304,-15547,-4243,1613,-17206,-4313,-4435,2141,-3705
1186,1626,-3094,-13879,-12948,-5164,1677,-15808,-3993,-5345,12401,3051
1296,660,-2930,-10311,-8730,-4578,587,-14682,-5405,-6266,18346,6389
-146,2768,-3188,-9201,-9338,-5314,259,-15516,-5773,-5136,13708,5653
512,1636,-4208,-7529,-8313,-5996,511,-15308,-4645,-3782,6962,3602
-14,1186,-3786,-6238,-8708,-6395,1501,-14892,-3789,-3157,4882,1843
492,346,-2500,-3547,-7102,-5678,2891,-15180,-2869,-3295,6576,1041
-866,1132,-2184,-4680,-9113,-4172,3005,-15396,-3839,-4102,16509,596
-772,1118,-2480,-8728,-15149,-4184,927,-14990,-5705,-2816,18096,571
138,548,-2010,-8973,-14750,-3681,725,-14938,-5655,-1855,15418,-27
544,1148,-2660,-10319,-14690,-2922,929,-15192,-6601,-1698,14986,191
724,3250,-2800,-9982,-13784,-2859,1343,-15760,-6967,-2659,16543,1481
460,2126,-2780,-8268,-10811,-3400,1143,-15158,-6153,-3170,15660,1545
-266,902,-3316,-7348,-9156,-4369,1219,-14038,-5383,-3842,15133,1388
-550,550,-3794,-6558,-8401,-4488,1119,-13756,-4987,-4126,14401,808
-544,1076,-3442,-6250,-8581,-3710,1051,-14712,-5115,-3865,14200,-322
-266,1972,-3016,-6160,-8545,-2737,665,-15482,-5043,-3061,12093,-1713
-486,1742,-3020,-6443,-8857,-2434,1363,-15830,-3481,-2416,9870,-1907
-572,1394,-2932,-6909,-9786,-2952,2977,-15846,-1393,-3475,15026,-189
-252,1484,-2550,-7636,-10692,-3278,1041,-15714,-3941,-3523,16483,2630
-484,896,-1724,-8255,-10649,-3315,207,-14806,-4723,-1540,10153,2162
982,-442,-264,-4679,-6002,-2378,189,-14172,-4761,-1313,6614,1912
540,1482,-580,-2581,-125,-1123,1073,-15004,-4319,-1726,6409,1929
-812,2852,-2014,-5258,-4498,-2066,1039,-15698,-4877,-2150,7265,2097
76,2482,-2140,-8166,-7286,-3551,1321,-15690,-5145,-1939,8692,2466
1052,1540,-2696,-7480,-7117,-4156,1179,-14882,-5195,-2427,9486,3248
990,1488,-2770,-7381,-7574,-4477,865,-15132,-5229,-2802,11491,3525
520,1048,-2414,-6625,-7072,-5103,-123,-14470,-5359,-2395,12771,2792
-372,1240,-2418,-4033,-3799,-5832,-1437,-15056,-4977,-2203,10200,2693
-798,2792,-846,-1636,-881,-8705,-2929,-17072,-2951,-1408,10017,4991
-1242,6118,246,2317,5825,-15697,-5971,-20112,-2823,727,8454,12963
-5508,11142,408,1247,5535,-25086,-8777,-21884,-5087,3334,7043,22612
-6900,7282,346,-2208,4451,-28073,-8381,-17886,-4767,6594,1022,27018
-7206,2316,-836,-3616,698,-29275,-6425,-13530,-4585,6557,-7258,26900
-5468,-1180,-2818,-4410,-3037,-28894,-2479,-10018,-3513,8791,-11481,22183
-5076,-3894,-3822,-4453,-3004,-23802,-587,-7968,-4201,5419,-11792,19811
-5624,-6732,-3736,-2334,-2553,-17472,-1397,-5282,-3499,1044,-1084,17277
-5954,-8138,-2340,1280,-1253,-10669,-3081,-4930,-2863,-2726,-589,12352
-6592,-8454,-1710,4034,348,-4615,-2809,-5190,-2045,-3903,-4590,5562
-6900,-9168,-1538,5589,1413,-944,-2349,-5518,-1121,-5159,-2183,1721
-7348,-8918,-1300,7365,1002,1878,-1877,-4976,-647,-5935,-1265,-2593
-6368,-6790,2990,-1739,5390,3936,-3375,-3370,3527,3903,4105,-8478
-4698,-9700,-2596,3637,-2378,11049,-2919,-7196,-9,780,-131,-13503
-4056,-7950,-1326,7773,-77,14508,-1495,-8338,-49,1410,-2025,-20011
-5534,-3984,-1158,6717,-4264,21756,-541,-10022,51,-1413,2216,-24930
-9310,254,488,4340,-9628,22625,1489,-12472,-2031,-3753,4398,-30816
-8900,590,276,12609,-12113,20676,-1577,-18310,-5051,-7672,4735,-31112
-5518,4646,-956,10419,-17409,18530,579,-24322,-7567,-7623,5840,-30897
-4468,8948,5122,6736,-20898,14215,2851,-28726,-4569,-3853,15413,-24536
6034,-2682,11032,8567,-12657,4779,-2415,-25466,-7105,-6209,28275,-13039
-10038,4810,1422,-4345,-1225,3145,-819,-16982,-6771,-943,14194,-4443
-2182,2118,940,-11898,-15144,-564,-711,-15458,-5323,-2022,5706,-2435
-1112,386,-748,-12207,-14962,-1070,-359,-14384,-5269,-3329,4873,-2268
-10,330,-1424,-8976,-12453,-56,-603,-14102,-5137,-3118,5504,-2621
-642,1366,-1028,-6537,-7600,782,-177,-14558,-4567,-3542,4930,-1948
-536,2332,-770,-6716,-7609,-252,281,-16012,-4223,-4383,5083,-610
474,2658,-702,-7841,-7643,-1846,737,-16850,-3399,-5192,6655,1897
-2,1490,-596,-7037,-5596,-3877,943,-15884,-2977,-4688,7917,4347
348,910,-950,-5709,-3083,-5718,1159,-15440,-2487,-4684,6761,7203
582,1404,-1262,-4568,-2124,-6870,2441,-15750,-2947,-2482,1142,7418
1486,1718,-1504,-11474,-10387,-7352,5295,-15830,-3961,2143,-4508,-33
1888,182,-2234,-14273,-15031,-6782,2333,-14348,-3677,594,6022,-1948
1590,-902,-2192,-7821,-8481,-4777,2221,-14296,-3971,-2055,12188,-1499
844,-160,-1838,-2450,-2685,-3570,1661,-14828,-4661,-3187,17499,-267
-676,540,-2210,-1750,-3007,-3319,859,-15176,-5999,-3557,16341,-14
-1186,1226,-2094,-4214,-7107,-3408,739,-15376,-6481,-2922,15341,596
-986,630,-2072,-6591,-10698,-3942,845,-14718,-6203,-2334,14739,1214
-330,774,-1990,-7260,-12180,-4963,771,-14148,-5669,-2285,14798,1356
1026,2430,-2362,-7601,-13125,-5696,1361,-15582,-6413,-2203,13597,311
1160,2092,-2104,-9876,-14757,-5142,1265,-15996,-6283,-1756,13070,-1190
222,310,-2246,-8275,-11835,-4364,1765,-14588,-5137,-3595,14668,32
-134,456,-2384,-5987,-8813,-2692,1349,-14438,-4995,-5248,17214,235
-220,1286,-1846,-6658,-8678,-1444,315,-15492,-4897,-3301,12535,-3174
-162,1596,-1868,-6618,-8094,-1206,337,-15978,-4875,-2447,10370,-3762
-26,1368,-1720,-6085,-7302,-1703,431,-15752,-4247,-2939,10791,-2107
-244,1298,-1666,-5806,-6390,-2003,391,-15226,-3835,-4006,11972,324
-400,1638,-1236,-6695,-7639,-2654,115,-15364,-3829,-3842,10907,1614
-126,1048,-1032,-7398,-7643,-3061,373,-15160,-3959,-2652,7903,1787
-24,1206,-1466,-6780,-6686,-2830,903,-15464,-3685,-2076,6067,2388
1132,886,-370,-6212,-5423,-2439,1827,-16116,-3609,-548,4489,2247
36,1624,-1656,-7422,-4089,-1856,2693,-14614,-3395,297,3338,1969
792,1858,-2182,-9856,-9292,-3108,2201,-14628,-3353,-1195,9497,2873
984,1466,-2502,-9968,-8261,-4390,1167,-15296,-4307,-2340,16813,4147
608,826,-2658,-5291,-2932,-4800,-859,-14930,-5671,-2099,17124,4938
-538,1956,-1422,-2841,458,-6726,-2585,-16778,-4127,-1574,13199,6136
-218,2928,26,-5,4558,-10411,-5101,-18702,-2319,841,8209,8582
-1588,4684,250,4122,11759,-15236,-5417,-19976,-1377,4081,1017,13458
-5908,8162,50,4437,8476,-21206,-5229,-19338,-607,7223,3113,17073
-7344,7578,254,-359,2161,-25124,-5901,-16522,-1659,10507,5877,20946
-7866,3722,-252,-1051,1959,-27496,-6573,-12010,-2469,11002,523,23929
-6694,-330,-2586,-2240,-2791,-27302,-3189,-9060,-3381,12373,-6688,20382
-5594,-3766,-3078,-3471,-3903,-22541,-1959,-6128,-3413,9778,-5216,17818
-6078,-6558,-3370,-2272,-3863,-16065,-2137,-3534,-4597,2475,-1693,14501
-6798,-8122,-3602,2459,-1529,-9993,-2873,-3168,-3641,-3986,-131,7053
-6098,-8754,-1990,7579,1151,-4708,-1721,-3728,-1305,-7324,-742,2294
-6704,-8728,-516,10186,3286,50,-2133,-5144,-161,-8633,-2634,-2422
-8108,-14412,262,-1202,5849,4524,-5897,-1268,2493,-1567,5180,-5192
-6108,-9104,-2402,3836,-963,8330,-1807,-7106,-1733,-215,-1945,-11218
-4378,-7462,-1292,5000,-4003,14020,253,-7210,-293,-820,-835,-16380
-2802,-4658,-838,5330,1098,22456,1217,-10620,-979,-2888,5268,-23448
-3550,-1234,-1518,4146,-4064,31552,2657,-13586,-3807,-4175,9886,-31648
-10980,9380,1298,1990,-18364,25480,-243,-25414,-9093,-9157,10151,-32768
3288,8516,1588,12729,-22302,17040,-759,-32428,-4305,2866,10840,-29410
-3776,12116,7464,-1786,-14855,8143,-2171,-23024,-4165,-3248,13096,-8125
-1624,3244,846,-5771,-24352,-968,201,-18202,-6165,-2998,16830,-1665
4252,-1296,4530,12214,14249,3262,-1361,-15546,-6189,-1757,13604,0
-5768,3998,1178,4656,6775,1720,-93,-13614,-5855,-389,11283,-675
-4434,2780,-470,-11761,-8101,-672,1107,-13400,-5691,539,13912,-630
-1964,3046,-2472,-19507,-21833,-2186,-43,-12490,-6417,-1327,15517,-459
876,1610,-1984,-20530,-20289,-2697,-523,-14030,-5913,-2837,12506,-3157
1590,916,-1408,-13824,-13223,-888,-531,-15850,-5373,-5365,9141,-4562
1660,1934,-746,-9108,-4747,463,-955,-18026,-4145,-6002,6361,-3161
-662,1032,-1706,-4946,463,-1091,287,-16256,-2485,-4640,13,1048
-90,2056,-2562,-2824,1254,-3188,2365,-16480,-4003,-3357,-4127,4238
-286,2312,-2660,-2262,306,-4882,2039,-15880,-4353,1120,4494,400
-746,2240,-2782,-4135,-3942,-6881,1371,-14226,-4247,649,8416,611
-130,1888,-3168,-6357,-8336,-8492,1303,-14288,-4553,-57,10960,1829
96,1148,-3136,-7387,-11526,-9388,533,-14386,-4817,-1380,11026,1118
676,1024,-2664,-7640,-12341,-8926,1185,-15166,-5281,-1659,9933,362
310,1020,-2700,-7247,-12446,-7390,1485,-14918,-4895,-1026,9204,139
742,1696,-2978,-7306,-13335,-5795,1835,-15184,-5153,-1461,11860,238
802,2340,-2434,-7586,-14311,-4351,1493,-15780,-5535,-1276,15084,-1238
-248,696,-2432,-7723,-13171,-4625,1131,-14530,-5343,-2459,15762,-654
-178,-350,-3136,-6237,-11146,-3916,811,-13882,-4733,-3649,14643,118
52,664,-1992,-4552,-9803,-2395,331,-14910,-4539,-3775,12395,-1285
-784,1526,-1006,-3272,-7569,-1355,691,-16282,-3079,-2455,10410,-2589
-1026,2238,-910,-2982,-5769,-1352,1659,-15052,-4141,-1344,11657,-1785
-1426,2036,-1786,-3545,-5560,-2837,511,-15354,-3901,-2515,10600,988
-1348,1576,-1362,-5299,-7725,-4403,735,-14424,-3793,-2734,9935,1678
328,922,-572,-6802,-9119,-4142,93,-14510,-4953,-3538,9932,2598
828,314,560,-3622,-3664,-2104,659,-15628,-4519,-2030,5061,491
-1368,3170,-1262,-4335,-5753,-1782,1385,-17356,-3689,-2041,3995,1249
-1484,1018,-2258,-8995,-11370,-3262,3085,-15512,-2439,-89,2559,2008
-36,64,-1542,-6619,-8409,-3223,3195,-14170,-3367,-900,9310,3099
40,1090,-1306,-6282,-6189,-2200,1193,-14356,-5037,-1918,16194,2980
-216,2626,-1660,-6408,-6084,-3074,-147,-14852,-6335,-967,16544,1701
-358,1854,-2424,-5843,-5323,-4615,-587,-14282,-6299,-668,12428,622
-2,1396,-2654,-4893,-5632,-6296,-247,-15060,-5333,-1977,11973,1493
-372,786,-2088,-4369,-5755,-6697,-1101,-14938,-4915,-1993,11781,2659
-664,994,-1694,-4414,-7422,-7042,-1577,-15472,-3817,-1641,9296,3103
-330,1168,-708,-4965,-7430,-7539,-1779,-15912,-3367,-113,8374,3006
186,2382,-118,-4582,-7271,-8153,-2801,-17222,-3955,377,6308,4156
-590,3574,1174,-1739,-522,-8778,-3465,-18242,-3757,2677,3202,6067
-3006,5068,2018,980,6312,-13082,-4459,-19070,-2481,2952,4398,11885
-6892,7004,1916,2078,12340,-19338,-7273,-18868,-2749,4054,5702,20220
-8932,5618,1418,2,9943,-24663,-9053,-15412,-3447,5770,2030,25449
-9310,2374,36,-3178,5526,-27945,-7341,-12972,-3145,9104,-6726,23191
-7010,-766,-2086,-5942,-723,-28213,-5039,-11696,-3987,7896,-10879,23006
-5178,-5050,-4830,-5530,-5791,-23027,-409,-6952,-3581,5221,-8545,20505
-5346,-7562,-4764,-305,-5732,-16424,-951,-4314,-4309,-520,-5678,15833
-4886,-8736,-3274,3965,-3000,-7559,-815,-3906,-2061,-5457,-1365,7764
-4984,-9342,-438,5420,1807,-544,-549,-4632,191,-6897,1202,2138
-5296,-4356,11106,57,7847,3865,515,80,9461,3865,2874,-5421
-7640,-9606,-1772,2361,-1824,8240,-2543,-4070,-173,-2191,5099,-7873
-5766,-8864,-432,5603,11,9348,-2231,-5162,-3,-216,6090,-12712
-4102,-6884,-874,5817,1850,17552,-2791,-7462,-79,-2432,2804,-18507
-8622,548,1614,3081,-422,24034,-4113,-11676,1153,-2412,8499,-23597
-9114,-2406,-1164,2172,-11671,22705,-203,-14780,-3581,-1522,8105,-26983
-7666,1968,-2228,12778,-11795,18029,-3531,-20508,-6327,-282,119,-20078
-7998,4162,354,13255,-7859,18284,-1477,-21200,-3915,286,1012,-22146
-8566,10364,5188,2695,-21689,8819,329,-21140,-2575,-1797,6434,-20397
-5256,4794,254,-5924,-24537,1194,1931,-20970,-3503,-3042,9048,-18115
3344,208,7738,1760,-6817,-105,1435,-19650,-5283,-3428,12518,-11485
-3130,1360,-216,-5521,-5105,1914,1031,-17608,-5553,-3179,13512,-5617
-844,2348,-246,-8119,-11241,296,879,-16144,-5251,-3357,14512,-2166
-100,1146,-1158,-5880,-6592,1016,309,-14820,-5315,-4020,13681,-741
-160,1624,-1726,-4092,-4061,1089,-451,-14226,-5119,-3758,10669,-1123
-1804,1132,-1288,-4403,-4817,-661,-309,-14122,-4425,-3917,6597,-963
-620,1998,-698,-5418,-7469,-2353,651,-15576,-3801,-4873,3333,478
106,2064,-578,-5037,-6250,-2954,1347,-16538,-2975,-4420,1714,1121
-884,598,-998,-4240,-5224,-4039,1549,-14952,-2553,-3939,1690,2694
1202,-230,-412,-5393,-6398,-4674,2545,-15588,-2055,-3819,1332,4215
1632,114,294,-6317,-6616,-3263,2895,-15814,-2917,-989,7859,561
-656,1612,-764,-7343,-9014,-4789,1693,-14724,-4189,-752,11295,-294
64,804,-2240,-7302,-9040,-5710,1421,-15054,-4181,-1764,14253,738
-104,486,-2406,-6868,-9182,-5221,1037,-15390,-5789,-2515,15193,882
-152,152,-1662,-6274,-9633,-4591,765,-14644,-6097,-2552,11881,-91
-150,126,-1258,-5062,-8779,-4457,897,-14362,-5211,-2888,11064,-533
-504,710,-1278,-5088,-8767,-4808,823,-14204,-4735,-3050,10482,-1443
110,1946,-1550,-6766,-10564,-5391,985,-15294,-4973,-2724,10010,-2348
1192,2318,-1702,-10093,-13511,-5534,1547,-16348,-5267,-2391,10934,-2380
1922,1818,-1384,-10268,-14165,-5282,1391,-16380,-5459,-3354,14340,-392
844,552,-1322,-6769,-7928,-4147,1167,-15072,-5077,-4837,16473,2447
-734,-690,-2288,-4384,-5979,-3164,795,-13896,-4681,-4959,15069,2949
-616,640,-2072,-4175,-6349,-1555,1895,-15026,-2679,-4284,12733,1472
-850,1218,-1662,-3283,-5573,-283,2281,-14840,-3591,-1586,13563,-1369
-824,2520,-1738,-2544,-5311,-612,961,-15440,-5483,-249,9140,-2927
-1382,2314,-1970,-4590,-6738,-2510,1053,-15482,-3765,354,2977,-3636
-1182,1876,-1852,-7234,-10453,-4617,2397,-14446,-3519,-1943,4838,-1189
-210,1684,-1202,-8917,-10872,-5538,2297,-14670,-3771,-3197,9266,1174
-12,1126,-820,-8463,-9107,-5196,1429,-14608,-3663,-3816,10724,2438
728,2046,-1226,-7432,-6908,-4202,1975,-16006,-3293,-3797,9299,2104
78,1326,-1714,-7184,-5935,-4324,1491,-15826,-3397,-2112,8396,631
360,1020,-1894,-7204,-5920,-4967,1473,-14876,-3393,-1608,10079,1470
-230,124,-2614,-6036,-5146,-4994,999,-14250,-3685,-968,7642,1924
68,966,-2350,-5242,-5605,-4685,1089,-14622,-4675,-1347,8787,1424
1030,1984,-1640,-4889,-5742,-3929,207,-15990,-4509,-1874,10061,997
518,848,-1674,-2061,-3394,-3894,-537,-15404,-3869,-2270,8431,1258
144,1378,-1186,-313,-1405,-5350,483,-15668,-3777,-2920,8092,3728
-598,1198,-336,-2617,-4097,-6884,-69,-15754,-2793,-2370,7451,4328
-260,544,720,-3488,-4913,-7392,-1193,-16166,-2631,-496,4324,3778
-778,2106,590,-1365,-1838,-7648,-1899,-17558,-2229,604,2703,5300
-1820,4500,2488,-319,3044,-9628,-1997,-19692,-1789,2662,7328,9958
-5052,4278,1544,642,8027,-12221,-3509,-18428,-1811,3440,9566,15390
-7954,3994,1112,-669,9963,-16477,-4605,-16422,-1915,4294,7896,20250
-9502,2410,-74,-1950,8562,-21154,-6899,-15388,-2965,5045,3535,22576
-10354,-48,-1524,-3887,5472,-24790,-6807,-12608,-4523,8681,-7342,21022
-8210,-3716,-3104,-5067,170,-23532,-4163,-8768,-2599,7594,-10203,19793
-6702,-6076,-3250,-4979,-2971,-20737,-2411,-6314,-2435,5546,-9197,15727
-5744,-8320,-3402,-2075,-2325,-15969,-1185,-4608,-1961,2278,-7727,11970
-6250,-9408,-2968,-239,-1539,-8949,-1761,-3516,-1471,454,-2633,7132
-7002,-9930,-1950,1499,-635,-2503,-2363,-3196,-871,-1374,565,2900
-6942,-10878,-2414,3535,-662,1525,-2009,-1992,-1755,-1797,63,-1454
-8468,-9652,-3320,10718,2740,5206,-2725,-2296,-2465,-5064,2925,-4267
-7960,-8710,-4454,12763,2285,5217,-2373,-6038,-1611,-7707,1244,-7102
-8744,-13832,-2242,1622,4593,11124,-8535,-4352,-449,-4387,8744,-10797
-8744,-5448,-786,7283,4893,15429,-4299,-8914,-395,-1482,1538,-16884
-10542,-3926,-1660,1584,-2015,16289,-2583,-9534,-17,942,2900,-17994
-8892,-4872,-1848,2045,-6521,17793,-4159,-12542,-1613,-1240,4055,-20352
-10004,-592,-1624,4746,-13055,17225,-3991,-14994,-3017,-2069,5244,-21494
-6656,1228,-1428,6423,-17552,13316,-4405,-17242,-5373,-810,4974,-20770
-5658,5262,3356,9132,-12334,12185,-2555,-18948,-3249,745,3001,-18686
-2590,2294,3332,308,-14257,8151,-235,-19260,-2805,-1780,9962,-13032
3606,928,5448,11116,127,7996,129,-17640,-4973,-1110,11478,-9555
-5046,3504,276,-4774,-932,5363,327,-16970,-4677,-1469,9020,-6529
-784,1820,-736,-13279,-17497,302,819,-15576,-4307,-2545,7970,-4446
522,-262,-664,-9223,-11316,803,821,-15008,-4039,-3514,8059,-2152
1000,598,-158,-5216,-8157,1351,911,-15730,-4071,-3592,6322,-1496
668,1828,394,-3583,-3538,914,1103,-16380,-3483,-2827,5346,-1500
-974,554,-188,-3988,-3101,-1109,1051,-14418,-3327,-2070,5355,-673
-602,636,-660,-4909,-3782,-3147,1673,-14444,-3697,-3099,7980,1851
38,1120,-908,-5660,-4566,-4434,1637,-15610,-4349,-2830,8896,2315
568,2144,-740,-7286,-6907,-5478,1293,-16100,-4607,-2414,8362,1047
806,972,-1188,-9493,-8130,-6410,1367,-14874,-3991,-2659,7983,640
1464,-102,-1348,-9371,-8841,-7035,1415,-14692,-4067,-3261,8448,1234
1362,-284,-1830,-8247,-7998,-6701,1373,-15226,-4297,-2698,7600,483
730,-558,-1732,-4057,-5170,-5433,1859,-15318,-4061,-2689,7719,-69
-264,140,-1690,-2477,-4306,-4081,1995,-15154,-3815,-2683,9576,-327
-1060,634,-1738,-4276,-8211,-3669,1621,-14932,-4053,-2388,10460,-553
84,1570,-1740,-7190,-12468,-3787,2015,-15826,-4829,-1858,11791,-687
1052,2534,-760,-9272,-14372,-4106,2193,-16690,-5197,-1753,14754,-406
580,682,-1182,-9697,-12465,-4752,1733,-14570,-5155,-2552,16348,1462
340,-316,-2104,-7308,-8679,-3711,1339,-13322,-4867,-3475,15999,3180
574,734,-1460,-6251,-7689,-2077,1209,-13806,-4669,-3397,13162,1641
202,1632,-786,-6186,-6827,-576,899,-14650,-4701,-1990,8471,-2280
-326,1420,-1108,-5966,-5785,-903,1459,-15110,-4361,-2039,6966,-4782
-244,1088,-1730,-5690,-4815,-2054,2771,-15256,-2161,-4366,18099,-1765
-474,1110,-1886,-6018,-4963,-2813,335,-15736,-3653,-5167,17798,1475
-4,1318,-1294,-5985,-5552,-3208,-499,-15792,-4767,-2236,8754,681
24,1206,-830,-4902,-4366,-3379,123,-14820,-4105,-534,2301,-1493
-476,996,-1192,-4781,-4286,-3912,1015,-14686,-3069,-727,-611,-1500
322,2098,-1054,-6431,-6853,-4743,2551,-16650,-1817,-1891,3183,778
-44,666,-1198,-7461,-7904,-5928,2367,-15326,-3417,-662,5574,2487
1042,1406,-1348,-7636,-7848,-6700,2787,-15702,-3505,-56,4580,2818
2180,-48,-922,-10821,-9945,-6214,1943,-14710,-3679,-687,9583,2053
2282,-1076,-1834,-9428,-9113,-4684,1509,-14144,-4717,-2165,15218,3412
784,384,-2088,-1120,-358,-2526,-103,-14672,-5385,-2132,13264,2676
-232,1550,-2200,-526,-1910,-3008,-333,-15024,-5163,-1425,8490,253
-440,1450,-2124,-2091,-4896,-3987,41,-15138,-4465,-1887,8296,-7
790,-2,-754,-723,-4096,-4513,249,-15288,-3851,-2781,10032,763
-444,1054,1310,-874,-176,-3898,-377,-15742,-2885,-3276,11554,1400
-1366,1514,98,-6878,-9663,-6697,-1971,-16192,-3345,-1674,8354,2129
1378,2338,736,-4264,-5207,-8329,-1709,-18562,-3645,2385,6590,3944
-2002,4688,1088,723,6805,-9715,-2675,-20528,-2501,3958,4771,8473
-5298,4774,614,1211,6785,-13953,-3951,-20366,-1871,6940,2592,12701
-6006,4944,-400,370,6146,-19465,-3285,-17390,-673,8284,2666,18069
-8642,5598,-412,-247,7544,-24084,-4489,-15102,-1381,8619,4990,22909
-9760,2904,-1448,-1724,4530,-27327,-6491,-11900,-2629,11332,-393,22527
-7796,-1426,-1986,-2826,714,-26634,-3595,-9638,-2619,12713,-6620,19361
-5420,-5504,-2854,-2219,-1749,-21204,-2773,-6938,-2039,10722,-5210,15966
-4804,-7508,-2692,866,-1939,-13624,-1465,-4434,-2461,4798,-5076,11757
-6188,-8306,-1730,1947,-2552,-5719,-2259,-3300,-1833,774,-2193,5906
-7724,-8664,-1226,4545,-434,-273,-3057,-3034,-1847,-1510,-618,1570
-9220,-8386,-784,5152,1315,1901,-2673,-2664,-2087,-3132,-165,-1346
-9884,-9124,-2054,6187,1635,2531,-3653,-3256,-1479,-8095,-604,-4529
-7886,-9480,-2242,9337,1058,4473,-3823,-3738,23,-11734,2371,-6503
-13810,-10906,-1720,277,4985,9644,-2441,-5408,575,-3096,498,-10054
-6654,-7578,-1012,1293,-5432,12597,-3323,-9462,65,-589,6041,-15424
-8196,-2984,606,3635,-9576,15903,-3603,-10840,-665,-2116,5668,-18282
-8004,-3712,-1068,4705,-9831,16971,-1573,-12826,-2073,-2733,7215,-24330
-9478,2386,-820,8603,-11933,18250,737,-15780,-5305,-1565,4705,-26161
-6908,5872,2466,13585,-13226,14142,-1935,-23008,-5731,-5243,5718,-26075
-2712,5156,4204,5825,-13257,11532,1613,-24274,-3183,-1545,5766,-24632
1666,2132,5678,5834,-7767,7434,1163,-23954,-2687,-5568,14378,-12624
-6548,7070,3006,2999,16896,8263,-1049,-17712,-6419,-2871,13269,-4139
-4314,2638,-970,-7109,-11246,1374,-787,-15516,-4647,-825,7247,-1880
-1288,402,-1942,-10277,-12904,1183,-235,-14700,-4117,-2110,5771,-593
-1198,1162,-1268,-8037,-12226,1566,369,-14546,-4265,-2808,6699,812
-118,2074,-280,-7125,-10288,752,973,-15616,-4143,-3812,6642,2139
720,1688,-148,-6084,-6796,-703,1149,-15772,-3675,-3624,6298,2470
668,890,-384,-3243,-1680,-2739,1163,-15334,-3349,-3496,6058,3189
2798,-896,-612,-3018,-561,-2988,2015,-15466,-3297,-2072,1472,3036
1342,716,-1296,-5490,-4743,-2808,2515,-15270,-4195,-999,1689,162
540,1204,-1806,-6092,-6768,-3451,2039,-15128,-3907,-1652,8520,-781
-8,280,-2434,-4109,-5242,-4126,1603,-14526,-4735,-2259,12723,-167
-526,558,-2594,-3830,-5899,-4561,1161,-14652,-5117,-3029,13014,337
-876,1002,-2580,-5704,-9066,-4547,1043,-15226,-5369,-3217,12283,-181
204,750,-1712,-7691,-12032,-4520,977,-15430,-5375,-2583,11575,-945
564,714,-1636,-8660,-11919,-3871,899,-15280,-5093,-1990,10672,-914
384,1220,-2146,-11835,-15278,-4268,1321,-15174,-5107,-1623,11405,-134
924,1810,-2678,-13909,-17340,-4836,1787,-15722,-5583,-1908,14483,723
812,1162,-2204,-11063,-14140,-4420,1579,-14970,-5821,-2634,16781,1262
358,566,-2358,-8511,-9067,-3022,1145,-14080,-5845,-3582,17182,1561
-66,1280,-2178,-6294,-6870,-2404,649,-14336,-5025,-3920,13438,-367
-152,1592,-2074,-5896,-5849,-2482,941,-15794,-3993,-3147,8004,-3388
-250,1548,-2156,-5491,-5504,-3019,1685,-16114,-2761,-2703,5574,-3371
-288,1582,-1928,-5838,-5982,-3558,1661,-14764,-3193,-3332,10392,-74
-412,1112,-1794,-6582,-6410,-3860,731,-14840,-3797,-1850,9724,1356
-18,1344,-1508,-6637,-6803,-3937,1163,-14908,-4025,-1700,6804,1199
374,1268,-1124,-7013,-6617,-3854,1421,-15168,-3549,-983,4746,608
118,1458,-1196,-6364,-6113,-3501,2063,-15558,-3459,-1410,4121,1096
618,2296,-748,-7130,-7544,-3886,2331,-16462,-3295,-1563,6511,2364
312,1276,-666,-7825,-8254,-4978,2617,-15638,-3775,-151,6366,3023
328,4,-1482,-8531,-7421,-5153,2895,-14004,-3511,-263,8168,3969
1306,-294,-2082,-10122,-9388,-4257,1937,-14072,-4135,-1782,14342,3513
1316,1124,-1978,-6789,-6727,-3286,609,-15358,-5487,-2210,17946,2211
24,1086,-2146,-4548,-4256,-3234,-805,-14818,-6001,-1304,13209,773
32,874,-2132,-3094,-4880,-4638,-391,-15398,-4525,-2203,10720,1329
-750,1118,-774,-3790,-4819,-5762,-589,-15330,-3625,-2446,10422,1950
-742,2086,156,-4470,-4494,-7859,-1477,-16230,-3073,-1540,10128,3257
-398,2866,956,-2179,1816,-10652,-3403,-18278,-2497,2157,10163,5874
-2496,4958,1048,945,6230,-15138,-3889,-18976,-1563,2964,9590,12675
-5762,7264,2014,1267,5282,-20757,-6683,-19630,-2981,4663,10819,18319
-8098,5758,1108,-200,5130,-24769,-8005,-15728,-4003,7744,5004,21781
-8158,3874,-18,-1488,3022,-28357,-6963,-13420,-4131,9472,-4814,21418
-7278,804,-1134,-2928,1614,-28326,-3623,-10608,-3035,11327,-11265,18895
-6126,-3208,-2398,-4478,-701,-22795,-2293,-8224,-2535,10109,-7397,18738
-5708,-6202,-2348,-3606,-1310,-17120,-2639,-5646,-2619,7550,-3625,15395
-5674,-8084,-2234,-601,149,-10067,-2087,-4054,-2685,2736,-743,9739
-6700,-8706,-1738,1925,1324,-3648,-2705,-3254,-2429,-1111,1471,5187
-7570,-9962,-1316,3872,486,567,-2401,-2584,-2095,-3832,-1219,417
-8768,-10344,-1574,6751,144,4590,-3671,-2990,-1455,-7483,-825,-3239
-8292,-9768,-1332,8043,534,5012,-1525,-4534,-825,-10460,2589,-4672
-6216,-14194,-1832,-239,6059,9537,-7353,-3652,1349,-3683,8706,-8428
-6172,-7106,-364,2251,1938,16964,-509,-7468,-517,-1174,3569,-15013
-6198,-4678,-1094,-452,-7869,20243,-1511,-10304,-901,-1108,6693,-20429
-7356,-1752,-1134,-2288,-14257,22372,-1753,-13470,-2355,-2704,6090,-26200
-4390,-750,-2512,6270,-24074,21771,1605,-16970,-6693,-1984,1879,-31091
-994,4610,1466,7674,-29972,10745,-1237,-27376,-8579,-7354,6943,-28446
8372,4278,5738,15997,-14119,9943,975,-26920,-3017,-164,3291,-24810
3564,4816,4578,13472,10812,11813,1045,-20306,-5147,-4560,12342,-6628
-6314,5356,1188,9718,9651,9532,-431,-16746,-6689,-3519,12058,1084
-3144,3132,1750,-1705,-6860,785,-1757,-14772,-5323,-2084,9925,979
-2066,2384,1210,-6642,-7696,-1371,-853,-13854,-5077,-1885,6502,-1566
-1304,2476,-872,-10168,-12657,-3445,-71,-14648,-4675,-2085,5708,-1479
154,1594,-1922,-14663,-15369,-5622,101,-14892,-4105,-2635,3362,-3
1096,302,-2212,-13789,-13433,-5274,1067,-15196,-3173,-4257,2953,2674
1238,-262,-1594,-8890,-7106,-3157,2961,-14456,-2217,-2612,1555,1705
492,-314,-1362,-1945,-274,-520,5263,-15030,-855,-1652,6631,-427
-332,1194,-1198,57,973,-7,1541,-16314,-3457,-2346,7826,608
-838,2736,-1236,-3753,-3403,-1207,847,-16374,-4051,-987,5517,1620
860,224,-758,-7224,-6686,-2952,1671,-15064,-4339,-285,4667,3858
1618,-224,-1342,-5994,-2989,-2357,1777,-14324,-4925,-175,8073,5424
846,1632,-1952,-5808,-4701,-2944,2093,-14966,-5271,-872,8909,5106
118,2018,-2326,-5494,-4810,-3425,1049,-14698,-5073,-717,8644,1472
-744,688,-2970,-4798,-6830,-4665,1249,-13980,-4657,-997,6495,-275
-430,1026,-2636,-5088,-8392,-5501,1705,-14720,-4323,-1259,4863,-1220
304,802,-1820,-5716,-10186,-5490,1853,-15532,-4077,-1663,7568,-2778
700,870,-1322,-6618,-9986,-4828,1751,-15388,-4657,-1254,11181,-2786
1490,146,-1122,-7909,-11335,-4235,1129,-15260,-5343,-1132,12533,-2099
1192,224,-1740,-8820,-12147,-3802,1093,-15474,-5525,-1323,12398,-1753
1370,858,-1374,-6302,-9675,-3122,1419,-15766,-5659,-1734,13504,-756
362,704,-1136,-4591,-6933,-2330,1413,-15092,-5711,-2482,14444,729
-472,742,-1468,-4907,-7819,-2161,1151,-14122,-5429,-3398,14771,1990
-666,716,-1532,-5834,-8144,-1656,1031,-13896,-5223,-3798,13296,1879
-454,984,-1416,-6188,-8388,-1148,1119,-14606,-4629,-3404,10346,28
-4,1776,-1188,-6119,-8013,-1075,1317,-15294,-4349,-2971,8164,-2208
-404,1600,-1194,-5892,-6937,-1766,2799,-16522,-631,-4625,18002,-113
-698,894,-1226,-6235,-6805,-2806,511,-14998,-3769,-2415,14777,638
-578,860,-1020,-6631,-7431,-3501,-137,-14656,-4663,27,7538,815
-288,960,-928,-6937,-7155,-3383,659,-14770,-4449,321,1854,-975
-538,662,-972,-6630,-6659,-2973,1415,-14818,-4147,-1109,2575,-1237
198,1952,-816,-6381,-6989,-2951,1613,-16186,-4005,-2922,4866,105
60,2390,-1036,-7374,-7185,-3371,2085,-16960,-2589,-2776,6191,1482
-302,1126,-1560,-8619,-7780,-5156,3167,-14238,-3341,-358,4662,1626
1158,492,-1804,-9328,-7417,-4907,1841,-14154,-3815,-1111,10459,2080
942,1536,-2212,-9984,-8973,-4505,1793,-15212,-4401,-1322,14843,1128
952,1124,-1694,-6491,-5486,-3606,447,-14928,-5697,-2318,18631,1847
208,876,-2198,-2186,-1120,-3756,-359,-14850,-5191,-3076,14811,2358
-800,950,-2372,-2230,-3114,-5214,-445,-14690,-4735,-2175,8699,829
-694,1110,-2150,-4151,-7508,-5856,183,-14844,-4195,-1813,6615,-168
-192,480,-1560,-5806,-10027,-6060,573,-15016,-3559,-1703,8733,-26
1492,296,-350,-7022,-10944,-5665,-209,-16030,-3537,-1506,10428,836
2358,1004,568,-8317,-11040,-6064,-1167,-17408,-3347,-917,10697,3043
2242,2034,1182,246,2188,-6610,-1529,-18888,-2263,1725,12666,7502
-3320,4690,1098,3338,14350,-10139,-3425,-18678,-1857,487,14142,14785
-6362,6418,520,-615,6341,-17091,-7101,-19402,-3653,-147,13415,20473
-5956,5272,784,-2376,7397,-21901,-6805,-16550,-4495,1234,6596,23427
-8376,3466,-918,-1093,10407,-23800,-6087,-13390,-4673,3073,-4869,22188
-9310,980,-2072,-1652,5276,-25596,-4725,-10636,-4015,6882,-12733,19054
-7516,-2834,-2866,-3299,452,-23445,-2123,-9368,-2427,8717,-14626,16780
-7102,-5908,-3072,-4116,-3549,-19001,-2143,-6086,-2087,6374,-1203,17580
-7006,-8828,-3102,-1542,-1908,-12812,-3663,-3102,-2151,3468,-6136,10493
-7556,-8698,-1908,1410,-108,-5707,-3031,-3154,-1555,-1190,-4421,3513
-7624,-9946,-1130,3211,1161,-1962,-2787,-3156,-925,-2754,-2928,183
-8650,-9980,-602,3855,1203,114,-3105,-2366,-553,-3545,-657,-1479
-9396,-9408,-96,6414,1528,1555,-4251,-2250,-423,-4615,752,-2709
-8914,-9542,-1554,9178,1136,3087,-4415,-1572,-1251,-7781,2209,-3962
-8598,564,8828,-4309,5408,4034,1491,-1642,8595,-117,12575,-7721
-7694,-6688,-314,1089,-2361,11210,-4079,-5858,-463,-3392,3007,-8251
-9534,-5092,-180,3052,-3450,10369,-3897,-6556,-51,-2234,2433,-11221
-6914,-5956,-716,153,-3163,15274,-3293,-8592,13,-3172,1040,-15722
-5760,-5316,-2348,2993,-6298,19493,-1311,-10384,-767,-2838,2485,-21187
-8278,878,430,9363,-9804,21796,-1419,-14020,-3561,-4491,4905,-25781
-6292,4562,1098,9237,-11042,16455,-1377,-20284,-5163,-7463,2460,-26066
-7094,5116,2658,1544,-21029,8047,1011,-23158,-4851,-4756,9591,-22881
-92,1672,3512,2877,-17921,5006,129,-23910,-4927,-4211,8217,-17454
1716,1518,5432,6046,-4187,6210,21,-19680,-4843,-3104,8511,-9768
-4444,6200,3506,8678,10853,6031,725,-16520,-4537,-2874,7055,-4355
-2702,1940,-1048,-7341,-10988,730,435,-15530,-4299,-2712,8722,-358
-776,192,-944,-9033,-12092,703,305,-14204,-4221,-2598,9083,770
-600,284,-24,-6793,-9917,750,163,-13940,-4131,-3161,7971,726
-1044,1910,-2,-5316,-7751,374,433,-14628,-3905,-3569,6013,514
-724,1848,-168,-6260,-6783,-825,771,-15558,-3611,-3923,4439,1245
-164,1210,-74,-6776,-6448,-2287,3619,-15904,877,-3227,4753,2158
-152,664,-236,-5795,-4628,-3203,3729,-16192,-1253,-2808,5820,3184
252,1206,-110,-5906,-3909,-4064,2105,-16672,-4815,1716,-2222,1751
1926,-160,226,-8143,-5231,-3555,2281,-15054,-4077,2422,1222,1294
1532,432,-1508,-9215,-7642,-3517,3317,-14990,-4335,2051,9828,2868
1300,878,-1320,-4602,-3086,-2794,2039,-14400,-4697,-1328,14665,3893
-528,178,-1904,-1444,-499,-3371,951,-14110,-5497,-2137,13622,2003
-854,812,-2152,-1901,-3307,-4403,1353,-14830,-4995,-1736,10215,584
-1224,760,-1776,-4591,-8510,-5094,1167,-14706,-4689,-1871,8258,-924
-362,1110,-1364,-7444,-12801,-5579,1395,-15178,-4019,-1862,7796,-2223
268,656,-842,-8480,-13228,-6394,1893,-15438,-4253,-1586,9336,-3222
1532,406,-1382,-10240,-13058,-5968,1935,-15854,-5111,-1120,12803,-3569
1554,1120,-1862,-11498,-15714,-6073,1803,-16298,-5697,-1466,16515,-2942
1512,22,-856,-6743,-10104,-4112,1227,-15174,-5865,-2230,18385,-1504
-338,38,-1650,-4117,-5852,-2614,1019,-14006,-5953,-3613,18432,617
-586,1558,-1286,-3578,-6123,-1859,435,-14302,-5951,-4442,15288,250
-898,1666,-1248,-4521,-6308,-1675,71,-15248,-5363,-3517,7511,-2223
-616,1902,-1212,-4358,-6504,-2615,385,-15922,-4769,-2800,529,-4108
-342,1488,-1168,-4022,-5604,-3728,6075,-16450,3293,-4098,4351,-1541
-904,1316,-1234,-4375,-6313,-4482,3415,-14858,-2781,-5367,17865,999
-774,1050,-1038,-5748,-8068,-4604,383,-15264,-4489,-2814,14255,2018
-634,822,-786,-6197,-8192,-3908,141,-14724,-4503,-79,3866,-218
12,506,-394,-6489,-7584,-2930,1283,-14532,-3719,-493,3000,122
246,1240,-420,-5698,-6698,-1672,1923,-15304,-3807,-2232,5662,1299
-892,2026,-988,-7335,-8018,-2216,1649,-15608,-4047,-2350,7214,1770
188,1674,-1390,-8912,-9411,-3446,2151,-15644,-3643,-1691,6503,2135
608,1224,-1738,-7614,-6713,-3309,2763,-14948,-3189,-2073,8234,1839
744,1538,-1848,-7110,-6257,-3569,1083,-15234,-4781,-2149,12620,1116
270,836,-2350,-4118,-2749,-3784,-79,-14698,-4795,-2161,13503,604
-318,844,-2726,-3058,-2841,-4638,-295,-14712,-4561,-2442,12127,952
-288,824,-2592,-3042,-5059,-5492,-103,-15206,-4195,-2815,12455,1742
96,636,-1916,-2978,-6976,-5511,-473,-15786,-3983,-2365,11381,2100
-214,1604,228,-1630,-3739,-5302,-1643,-16964,-2729,-1433,9072,3228
-10,3056,8,-5083,-7359,-8276,-545,-17564,-2435,2798,7436,4153
194,4070,1076,-225,2253,-11084,-1453,-17750,-1753,2271,7063,8207
-3218,5250,1640,984,9663,-13038,-2749,-18268,-977,4883,10944,10855
-5808,5174,982,-1369,5006,-17573,-5523,-18010,-1691,5299,11583,16200
-6402,3772,580,-3368,6638,-21208,-7593,-16308,-2407,6720,6364,19181
-8564,2410,-858,-3335,7492,-23694,-6161,-13818,-2159,8431,-1855,20509
-8752,-1094,-2284,-3662,4942,-23775,-4589,-11026,-2313,10180,-5972,20250
-7836,-4430,-3602,-3452,716,-21029,-3957,-8326,-2009,10137,-7952,17556
-7096,-6630,-4356,-2578,-2669,-17908,-2665,-5470,-2223,6508,-5771,13872
-7284,-8952,-3324,632,-743,-11476,-2811,-3894,-1399,2123,-1994,10763
-7248,-9596,-2164,2824,1223,-5175,-2693,-3604,-587,-1253,-1835,5039
-7568,-9976,-1278,4858,1001,-568,-2503,-2766,-1095,-2565,833,1884
-7568,-10388,-1410,8189,1093,3083,-3431,-2234,-1845,-6491,2526,-1950
-5324,-3206,27314,14414,14113,4573,4157,-19482,13875,6979,72,-3860
-6466,-7506,-1566,-120,-5042,12414,-1761,-5616,925,-2460,3439,-10910
-5094,-7228,-968,5283,-4678,14063,-2565,-6518,-1151,-3282,5036,-14949
-6080,-3818,-1386,4863,-3629,20176,-785,-8694,-749,-4238,3738,-18614
-5856,-2512,-688,4003,-6359,23222,-1961,-12524,-299,-5959,4887,-24835
-6340,330,540,5849,-10579,24333,-2793,-16410,-2861,-8144,4289,-26482
-6616,8062,1158,12323,-12062,22560,-1065,-21374,-7531,-7912,9194,-21799
-5086,9574,6212,3438,-15256,13194,-4023,-25264,-6365,-4142,28257,-10013
-3412,4380,3430,947,-12633,7269,-8959,-20108,-5537,4422,9769,-10406
-1792,1528,890,865,-10864,4091,-2435,-15820,-3463,3928,4548,-10985
-1870,1844,2340,2741,-762,5025,-2053,-15130,-5179,2420,5420,-6529
-2970,2310,886,-3390,-6971,3033,-65,-14432,-5501,1547,1730,-6086
-1390,1914,-136,-8259,-10433,1193,669,-14876,-4127,-1164,3274,-6466
64,1434,-568,-9382,-10224,-666,1077,-15306,-3067,-3441,4753,-4163
1000,800,-804,-7667,-6870,-1309,1565,-16070,-2077,-4676,10003,-97
1094,1092,-618,-4912,-3323,-1184,1453,-16760,-2289,-4643,8708,3260
-734,22,-578,-3760,-1794,-1862,1039,-14836,-3995,1014,1546,2632
844,414,-258,-4467,-2924,-2114,2527,-14782,-4505,1363,4961,2738
914,1514,-454,-6922,-5986,-2089,2433,-15492,-4655,613,9431,2521
-50,1862,-1306,-9358,-8960,-3578,1521,-14970,-4825,-658,12447,1527
430,1080,-2114,-8084,-7121,-4662,1187,-14434,-4783,-2349,12381,798
358,640,-2462,-6758,-7020,-5588,1263,-14696,-4995,-2537,9809,-70
192,66,-1772,-4877,-5984,-5381,1467,-14862,-4951,-1749,7998,-1709
-10,284,-1374,-2900,-5163,-4461,1813,-15160,-4709,-2063,11208,-2725
-738,1068,-1358,-5169,-8636,-4324,1343,-15078,-5051,-2607,14067,-3134
-12,990,-1378,-8351,-12693,-4981,799,-15428,-5385,-2643,13512,-3552
1256,14,-1054,-8984,-10618,-4137,703,-15632,-5485,-2321,11991,-2946
692,324,-1878,-9601,-12271,-3916,845,-15858,-6033,-2146,11908,-1936
1308,1326,-1420,-8408,-10254,-3931,1137,-16152,-5861,-2493,12255,-311
348,478,-1944,-5711,-7001,-3398,1533,-15050,-5287,-3219,12573,1452
-32,1194,-1844,-5262,-6828,-3601,1633,-14030,-4809,-3841,12375,1815
-472,1170,-1942,-5829,-7491,-3370,1605,-14280,-4249,-3450,10358,-105
34,1406,-1708,-6358,-8348,-3029,1475,-14454,-4247,-3248,10037,-1934
14,1642,-1854,-5939,-7548,-2570,1253,-15676,-3663,-3801,9481,-1735
-228,1434,-1808,-6326,-6974,-2978,1309,-15268,-3067,-3744,7460,-546
-112,1202,-1900,-6423,-6939,-3494,3431,-14734,-1953,-3607,9276,831
-186,698,-1786,-5341,-5918,-3570,1851,-14890,-3625,-2574,11148,600
-232,1078,-1370,-4885,-6021,-3428,985,-15890,-3891,-1483,7265,259
-368,1052,-1086,-5841,-7455,-3337,1349,-15412,-3357,-1849,5359,1428
248,722,-144,-6399,-7649,-3426,1969,-15268,-3701,-2341,6366,3214
254,836,-646,-7594,-7705,-3289,1667,-15042,-3929,-1627,8517,3938
572,1092,-930,-8688,-8020,-3405,1795,-15190,-4033,-1901,10713,4559
640,1132,-1612,-7539,-6111,-3203,1519,-15036,-3919,-2074,11636,4057
634,1774,-2168,-6345,-4730,-3702,447,-15192,-4749,-1317,12129,2463
1008,1428,-2214,-5199,-3836,-4621,-801,-14740,-4967,-148,9808,1126
740,676,-1988,-3538,-3012,-5517,-2967,-15260,-4351,105,7468,847
-394,1802,-650,-2582,-1939,-7337,-2295,-16814,-3675,827,6052,3164
142,1980,846,-2345,-785,-10693,-2469,-17184,-2555,1012,7213,8999
-3824,3920,1012,-135,3841,-13542,-3731,-16728,-1909,2665,7809,12756
-5868,5560,1168,543,1877,-17408,-5469,-16572,-2681,4755,5729,14508
-6906,5148,2382,-1771,2968,-19969,-8153,-16026,-2887,7919,5323,15376
-8040,2730,1016,-1803,3630,-24107,-7551,-13264,-1413,8169,-1122,18174
-7500,-242,-536,-3069,3758,-24598,-6329,-10976,-1733,8736,-2430,18606
-7318,-2532,-1856,-4550,957,-22888,-5487,-8560,-2449,9152,-5983,18067
-6820,-5528,-2062,-4118,-665,-19284,-3361,-6436,-2467,8884,-7787,15234
-6298,-7562,-2336,-3384,-1349,-14550,-2205,-4440,-3151,5442,-7841,11279
-6722,-8706,-2494,-827,46,-9444,-2433,-3570,-2703,1387,-2318,7647
-6852,-9730,-2740,1857,1047,-4693,-3007,-3266,-2695,-2776,1234,4692
-7104,-9740,-2152,5261,2494,30,-3079,-3206,-1709,-5099,-384,1046
-8872,-9218,-612,6063,2875,2319,-3497,-3844,835,-5443,-1996,-2473
-7602,-10008,-2046,8313,2132,4659,-3707,-3524,-1267,-5748,-2175,-5272
-8944,-6822,5472,3511,7716,6939,-2705,-3890,3473,564,5025,-8096
-6320,-7688,-704,910,-2191,13006,-2287,-6824,-593,1489,1687,-14459
-4088,-6588,-1426,4945,-10717,15798,-1999,-8720,-975,-1159,2455,-18827
-8814,-418,-134,4623,-10492,18250,-4077,-13072,-1023,-3811,8736,-22380
-9708,1520,938,9007,-11928,17710,-3711,-15020,-4769,-2098,7675,-22658
-5134,268,2062,7871,-19022,14419,-3691,-18462,-1575,-330,5894,-22613
-3762,5298,4392,7562,-17226,9854,-3167,-21112,-4259,-1282,6890,-20182
468,3454,3558,7624,-11566,9198,-1211,-20796,-4825,-1262,11710,-16327
-570,4280,3878,7708,456,8594,-1029,-18680,-3903,-2076,13502,-10659
-1772,2730,1150,1326,-3558,3698,-955,-16670,-5629,-1116,10067,-6463
524,468,3890,6403,7234,2567,-793,-15888,-4849,-708,4110,-5253
-4392,2730,388,455,4098,865,-385,-15172,-4037,-1079,2360,-4417
-3556,2502,-1034,-10478,-10684,-2309,445,-14848,-3265,-2375,3642,-1366
-1138,1472,-1584,-15223,-15970,-2820,1311,-15642,-3405,-3723,5286,2069
1172,1976,-254,-14021,-14057,-2091,1681,-16202,-3597,-2981,7116,3677
1080,1098,-396,-8907,-7218,-2253,1549,-15558,-3853,-2701,8168,4702
328,530,-1546,-4675,-1206,-2886,1701,-15296,-3345,-2261,6234,4846
182,1958,-1826,-3421,-1310,-4046,1963,-15428,-4175,-1168,4030,2328
-746,1424,-1786,-4326,-3067,-5384,1003,-14534,-3737,-374,5153,-542
-526,1014,-1792,-4968,-6190,-6805,1603,-14318,-3943,-1004,7240,-745
-170,722,-2120,-5350,-8294,-7457,1431,-14928,-4339,-1499,10216,-461
-114,804,-2012,-6233,-11084,-7332,1345,-15350,-4629,-1614,11762,-77
294,446,-1946,-6383,-11513,-6912,1255,-14954,-4633,-1711,11271,170
608,796,-1724,-5782,-10752,-6246,1119,-15260,-4721,-1546,10876,-353
504,930,-1190,-6867,-11394,-5987,1145,-15086,-4783,-914,10691,-1489
1798,652,-1020,-8192,-13749,-5436,1419,-15574,-5091,-1270,11760,-1335
1300,-98,-1048,-5109,-9518,-3926,1369,-15214,-5093,-1791,13933,-418
-144,146,-1356,-2608,-6792,-2294,1291,-14572,-4907,-3102,14221,1189
-518,1102,-1430,-4098,-8562,-1334,1249,-14718,-4559,-3098,12464,1032
-426,1570,-922,-5543,-9553,-896,1479,-15020,-4039,-2683,10859,-417
-122,1216,-656,-5120,-8249,-1474,2325,-15600,-2575,-2364,12773,-1126
-512,710,-1056,-4288,-6108,-2107,887,-14882,-3697,-2102,14545,-146
-864,1170,-824,-4978,-6770,-2783,3,-14764,-4567,-995,9206,-333
-352,1652,-618,-6496,-8126,-3248,715,-14680,-4263,-983,5772,-1506
340,880,-282,-6334,-6974,-3179,975,-14918,-3877,-1737,5248,-1813
206,70,-84,-4663,-4219,-2443,977,-15062,-3483,-2583,5647,-784
-682,1518,-1038,-6446,-6579,-2369,1279,-15902,-3413,-3157,6315,1161
-360,1056,-1210,-8489,-9091,-2719,1597,-15914,-3515,-1546,4726,2081
426,974,-1384,-7779,-7557,-2973,2577,-15070,-3457,-720,5262,1922
1044,906,-2286,-6404,-5555,-2977,1183,-14704,-4653,-1531,9952,2558
1180,878,-2868,-4426,-4163,-3193,129,-15094,-4453,-1618,8985,2162
388,1140,-2596,-3454,-4286,-4184,363,-15202,-4329,-1567,8654,2101
798,388,-1358,451,-1017,-4572,-141,-15156,-4179,-1551,12356,2927
-372,1526,218,-612,438,-4658,-1255,-15948,-3695,-1623,13088,4060
-1906,2502,-1046,-4427,-6673,-6876,-2775,-17588,-2735,915,7712,4271
-1346,3044,-1150,-4825,-6307,-9774,-1751,-17702,-1235,3610,2299,5611
-1938,5038,-1012,-2044,-1320,-14082,-1553,-18230,-673,6197,5454,9299
-4946,8100,750,477,2937,-19721,-4123,-19192,-923,8252,12552,14991
-8098,8618,352,-664,4638,-24593,-6793,-17518,-2239,12938,12153,19905
-8878,5884,-702,-1935,4611,-28808,-7593,-13764,-2667,14223,4743,22348
-7288,1476,-2396,-1697,-345,-31551,-5521,-9588,-3675,13367,-6191,20599
-5308,-1872,-3078,-2688,-2201,-27597,-1569,-6428,-4013,10290,-7189,18425
-5584,-5914,-3020,-167,-1522,-19193,-1709,-4154,-2849,4313,-5550,11758
-4572,-8576,-1600,2803,1731,-8487,-2053,-3934,-1615,-1326,697,6284
-6094,-8988,-1680,5911,4388,-595,-1997,-3186,-1157,-3926,-73,1608
-7720,-8538,-366,5992,4267,3061,-2315,-3762,879,-4506,-3502,-2679
-7798,-7960,6008,2221,3262,5141,-1105,-5050,6375,2211,2777,-6093
-6064,-8946,-1626,2745,229,11026,-1393,-5736,-375,-147,1575,-12249
-5052,-6552,-1544,5519,-2921,16998,-807,-7896,-561,-916,1615,-18736
-10434,-1478,548,3044,-9342,19169,-3793,-12600,67,-5492,9428,-22494
-11098,364,1162,5883,-20022,15913,-1071,-14162,-2955,-3664,6955,-28206
-5102,-264,2080,8547,-23458,7155,-3187,-20988,-4695,-3432,4155,-25147
-4014,3904,6312,16304,-9480,5620,-2031,-22278,-3489,-1847,9904,-19933
-1300,1766,2382,11928,-598,10568,-477,-20722,-4677,-2961,16796,-14895
-488,2710,3796,8852,4637,10365,-1305,-17862,-6635,-2428,13425,-8593
-4788,5116,368,504,5559,6187,-1359,-16498,-5235,-578,2639,-6022
-3320,3300,-1444,-11244,-11792,813,-59,-15290,-4341,-1123,-1495,-2842
-940,1442,-1746,-13365,-15633,-2582,1135,-14660,-3439,-2772,2597,1389
828,2378,-1346,-9969,-10562,-2338,1691,-15954,-3287,-4653,6999,4311
-316,662,-1004,-7674,-6029,-2973,1057,-14892,-3013,-3210,7362,4748
1688,-18,-428,-5379,-3319,-3004,6393,-14824,-2963,418,-2918,603
1532,500,-862,-5623,-3823,-2095,2145,-15548,-3637,-973,6875,-828
174,1186,-1050,-4747,-4338,-2167,2055,-15528,-4261,-2015,14206,221
-1060,842,-2154,-5607,-7216,-3734,1223,-14280,-4957,-2733,13782,2044
-430,766,-2022,-7399,-10330,-5075,747,-14746,-5127,-2970,11391,2024
-142,322,-1680,-7633,-11307,-5608,1239,-14774,-4887,-2207,9039,399
472,424,-1078,-6310,-9382,-5187,1275,-14972,-4479,-2152,9947,-496
128,994,-1142,-6732,-9101,-5184,1315,-15124,-4377,-2515,10312,-800
1244,674,-1716,-10596,-13504,-5570,1663,-15596,-4783,-2142,11280,-712
1928,576,-920,-7856,-10198,-4458,1479,-16280,-4987,-1868,13285,-585
166,762,-1374,-4680,-4958,-2962,1293,-14648,-4777,-2637,13164,550
-376,1118,-1888,-5093,-5940,-2941,1225,-14078,-4583,-3378,12707,894
-12,1034,-1860,-5815,-6690,-2860,963,-14394,-4593,-2723,10816,-787
-76,1158,-1930,-4311,-5228,-2547,1225,-15404,-4331,-2709,8732,-1994
-332,1294,-1656,-4261,-5750,-2784,3135,-15546,-1659,-2503,6491,-1933
-540,896,-1402,-5184,-7090,-2966,2085,-14772,-2797,-3414,13725,1136
-60,912,-838,-5674,-8037,-3348,679,-15078,-4619,-1640,11406,1883
-226,326,-434,-5642,-7348,-3556,607,-14696,-4281,-916,4818,558
714,532,312,-5937,-7296,-3544,1747,-15304,-3141,-2348,5692,1371
1152,836,718,-3453,-2218,-2025,1897,-15818,-4077,-1614,4595,906
-40,1316,-834,-8320,-7323,-3402,2067,-15284,-4015,-230,5635,308
632,548,-1762,-8650,-7329,-3905,1639,-15160,-4415,-1297,10160,1461
836,1422,-2042,-6642,-6282,-3767,887,-15326,-5049,-1994,13425,1914
-44,744,-2188,-5118,-5612,-4400,-9,-14530,-4967,-2071,11538,1408
214,210,-1826,-3104,-5449,-5473,289,-14678,-4701,-1912,10126,868
-84,-218,-942,-1926,-4839,-5502,349,-15122,-4607,-1707,9241,-252
-954,572,-1440,-4716,-7729,-5533,475,-14852,-4081,-1339,8368,-827
950,180,-1848,-8250,-14417,-5694,533,-15544,-3897,-1093,9423,-553
2336,1070,-1550,-6375,-11740,-3696,775,-16338,-4703,-61,9683,-884
504,1750,-818,-2340,-6379,-2302,613,-15460,-4157,-1066,9091,603
-798,1152,-1476,-1712,-3903,-2526,1085,-14530,-2481,-2415,7817,1622
-560,2004,-1086,-2850,-3257,-3779,-641,-15594,-1983,-3266,13382,3299
-842,2372,-538,-2351,-1356,-4788,-1447,-16182,-2747,2324,-968,580
-1448,2468,-144,-1099,956,-6971,-27,-15952,-1145,3662,1618,-378
-2716,2936,190,-709,3075,-9876,-1231,-16198,-1091,-459,9288,7697
-3888,3556,1250,-1784,4950,-12362,-3273,-17078,-1803,-541,8980,12181
-5316,3368,1652,-1063,8641,-14211,-7083,-18754,-1215,1546,926,13472
-9958,4700,578,-2458,10871,-18598,-6199,-18586,-249,6021,-1921,18120
-10648,2102,40,-3823,6156,-24594,-6179,-14570,-1837,8521,1680,24197
-7670,-2666,-1682,-6342,11,-25328,-5313,-10692,-3521,9837,-6929,21474
-6064,-5686,-3900,-5481,-4137,-21652,-1759,-6942,-3823,7291,-8041,17617
-6290,-7850,-3704,-1135,-3667,-11563,-1497,-4438,-3505,1126,-3061,12153
-6078,-8946,-3654,3660,-649,-4544,-1815,-3538,-3263,-5547,1533,6384
-6354,-9396,-2590,6422,1163,1591,-2237,-4100,-1265,-7676,1725,551
-7634,-9084,1360,11688,3169,5437,-1445,-16944,9541,-2614,3493,2334
-8572,-9386,-650,393,-926,8670,-4507,-5434,-861,-1444,682,-9982
-6538,-8640,-2222,4654,-4935,11373,-3263,-7484,287,71,963,-15047
-6306,-4686,-620,5549,-8166,17611,-2157,-9240,611,-2655,4231,-18780
-7626,-3810,-392,5602,-14267,18157,-1169,-11804,-1211,-2918,8631,-24130
-7736,-592,2336,8394,-17527,12259,-4323,-17230,-3039,-3653,9828,-23329
-4184,3338,5362,12657,-17342,8927,-2393,-20466,-5037,237,13958,-20511
-198,2558,4846,9743,-6036,12099,-3963,-21284,-4027,713,8502,-14837
558,2254,3916,3921,-511,11857,-1757,-18854,-4879,760,5207,-10648
-1896,5580,4056,8066,11949,7412,-867,-16962,-4261,1060,-164,-7922
-4606,3962,882,-4751,-5155,-1962,527,-15242,-4377,-42,3569,-3978
14,1024,-606,-11314,-11259,-4380,907,-15418,-4781,-1859,9431,-424
-694,1792,-1048,-8352,-7814,-4576,79,-15348,-5289,-2519,9856,-107
-444,1178,-2120,-8012,-8106,-5276,129,-15006,-4779,-3063,7802,591
230,-60,-2158,-6302,-7130,-6110,575,-14968,-3993,-3405,5547,1737
-70,302,-1796,-3657,-5824,-5943,1135,-15620,-3807,-2816,3077,1998
-562,664,-1440,-3805,-7668,-5598,2069,-15752,-2329,-1865,2616,1954
-124,1166,-1752,-4896,-11123,-5816,3645,-15222,-2051,-1369,5549,1568
770,1906,-1172,-5951,-13606,-5702,2863,-15248,-4125,-315,12972,-296
312,942,-1164,-7029,-13384,-5328,1641,-15022,-4535,-118,16615,-779
-76,280,-1604,-7074,-12400,-4584,1221,-13976,-4545,-642,15593,-365
428,544,-1112,-6478,-10718,-3018,987,-14282,-4671,-2148,12623,-1508
342,1006,-836,-4774,-8193,-859,1111,-15720,-4617,-2397,8474,-3828
-466,1020,-680,-4162,-6981,-717,1341,-15072,-4355,-2382,7448,-3639
-728,1080,-680,-5592,-8069,-1702,1609,-14666,-3535,-4122,10085,-902
-362,1022,-526,-7346,-9074,-2776,1547,-15242,-3093,-4855,16842,1061
186,552,-424,-6800,-7376,-2802,-633,-15214,-4549,-2842,10498,-315
-298,546,-354,-5621,-5495,-2620,645,-15504,-3509,-1748,1943,-2110
-406,1568,-428,-7509,-6392,-3588,1595,-17246,-2817,40,2174,-2117
418,1268,-1326,-8365,-6911,-5022,2207,-14898,-3755,-93,6289,1554
812,1638,-1656,-8752,-6588,-4750,2481,-15396,-3361,-1513,10282,3662
1372,1150,-1190,-7439,-5791,-4358,1667,-14442,-4527,-2312,15558,2858
364,672,-2068,-2626,212,-4149,641,-14110,-5173,-2404,14315,2418
-430,834,-2610,-21,-534,-5280,177,-14568,-4665,-1673,9651,1091
-844,796,-2418,-1262,-5361,-5819,681,-14788,-4327,-1386,5798,-393
274,182,746,-3900,-9907,-5573,1427,-14972,-3881,-1844,9037,-414
798,-104,-418,-4857,-11525,-3543,1071,-15254,-4453,-2215,12882,-50
460,884,-1326,-5537,-11773,-3014,431,-16478,-5253,-1479,12010,-548
342,1330,-1348,-3297,-8440,-1728,743,-15906,-5349,-803,12492,33
-1160,628,-2170,-2478,-6763,-2008,849,-14642,-4569,-2120,13669,2556
-1320,1856,-1618,-1825,-4703,-2282,-539,-14696,-4177,-3193,14528,3727
-1408,2768,-1210,-2818,-4644,-3422,-3703,-17592,-3797,-1037,9775,3838
-682,3280,230,-1494,878,-7027,-1349,-18322,-1199,2758,2922,5325
-1916,4262,500,963,7075,-11355,-3945,-17120,-1629,-322,14027,16412
-5496,5512,162,673,6873,-16374,-7797,-16424,-3287,841,8716,19541
-7636,5260,102,-2559,5882,-20804,-8419,-15716,-3007,6455,-3369,18346
-10092,3702,-1344,-1901,6920,-24393,-5697,-13142,-2523,8490,-4234,20845
-9376,586,-2428,-2037,2922,-24715,-5601,-9512,-3851,10259,-6832,18857
-7246,-2482,-4046,-2975,-4275,-23867,-2695,-6808,-3901,9951,-8469,15517
-6152,-5844,-3982,-343,-4121,-18556,-3109,-4636,-3941,4187,-6674,11192
-6664,-7434,-3110,2794,-738,-12564,-2985,-3522,-3613,751,-4005,7591
-7372,-7622,-1298,3688,2221,-6985,-2989,-2766,-2449,-1713,-1473,4357
-7676,-9260,-1958,6472,4120,-3474,-3373,-1894,-2395,-4199,602,1869
-8046,-8898,-1088,9119,3829,-324,-3211,-2062,-2391,-6569,1040,-242
-8206,-8866,-136,8390,-79,1651,-4053,-3450,125,-8136,433,-1792
-4838,-4624,21202,11149,7376,2090,-1083,-14960,17541,6122,2730,1447
-9608,-8888,458,676,-301,7116,-3347,-4148,-1101,-1674,2918,-7323
-6072,-7612,38,1741,-1234,11313,-801,-5746,-1009,360,-688,-13900
-4264,-6304,-158,1654,-8808,15463,-1807,-6996,-945,-1556,-815,-18766
-5690,-2622,526,1923,-10196,21970,-3241,-10412,-535,-5623,3189,-22234
-11782,2292,4278,1154,-14466,18734,-2509,-13396,-4707,-4875,9598,-24235
-9242,548,2320,2792,-19370,10990,-6107,-19020,-5251,-2728,9001,-19182
450,-1982,1758,13654,-18837,5566,-6515,-18482,-4487,-1215,13063,-18838
-1200,2482,5442,15288,-8418,9926,-3397,-18668,-4903,-1514,487,-21815
5338,2292,5748,30218,32767,14940,-417,-19834,-5039,-2928,8289,-17059
-12268,6728,-496,-3156,-7729,7459,-175,-18680,-5475,-2491,7600,-11414
-2676,4234,890,-12329,-16912,3427,653,-17642,-5901,-1672,9591,-5435
-376,4092,-1178,-17894,-24795,-3520,383,-16574,-4903,-2767,10930,-232
998,462,-2444,-16039,-21253,-4796,663,-14788,-4415,-3705,11254,2652
592,-304,-2470,-10671,-12409,-2479,1205,-13758,-4203,-4348,10914,3471
724,376,-934,-7672,-8119,-901,1143,-14314,-4575,-4235,10053,2943
-2,1102,24,-5745,-6570,-361,877,-15298,-4391,-3926,7538,2007
-708,2060,-26,-5276,-4588,-665,229,-19074,865,-3026,-462,2274
-1048,2088,-990,-5350,-4171,-1905,7455,-15038,1993,3273,1372,-2960
-1182,2138,-1634,-6839,-5386,-3798,2587,-14242,-2593,-476,13237,1626
-790,2324,-1840,-9831,-8802,-6017,991,-14298,-4359,-883,13699,1725
244,1594,-1818,-11174,-10020,-6886,1209,-14064,-4767,-1594,11651,280
604,926,-1466,-9452,-8272,-6574,543,-14628,-4745,-1779,8625,-513
856,1306,-926,-6948,-5431,-5782,621,-15230,-3581,-2242,4822,-1142
640,1698,-1294,-5176,-3890,-5151,773,-16236,-2851,-2235,370,-2302
-44,1622,-1950,-5493,-4256,-5506,1969,-15708,-3303,-745,-809,-1965
74,1228,-2874,-7032,-6890,-6599,2613,-14788,-3647,-700,5694,343
686,1258,-3012,-6653,-8202,-6637,2373,-14974,-3781,-2016,11311,1331
1130,1678,-2534,-5570,-7538,-5971,1485,-15224,-4607,-2509,14204,505
652,1422,-2152,-3892,-6079,-5161,429,-15162,-4831,-2759,12944,-845
576,496,-1982,-3187,-5715,-5357,241,-14906,-4289,-2148,7000,-1646
90,316,-1424,-3124,-5541,-5895,899,-14878,-4119,-1895,3470,-1483
646,-650,-742,-1813,-5531,-5722,1569,-14966,-3741,-1931,4559,-954
280,-562,-568,31,-4485,-4233,1761,-15106,-3885,-2283,7951,-119
-998,146,-1192,56,-4960,-2175,1575,-15220,-4113,-2243,9795,714
-578,502,-454,-4791,-12617,-1396,1627,-15464,-4675,-2055,10167,1054
314,1724,-126,-4948,-12963,-490,1989,-15996,-4673,-2238,10455,1390
-92,1450,10,-4661,-11600,-708,1937,-15132,-4115,-2859,10353,1592
-1030,990,-580,-3673,-8132,-424,1845,-14104,-3525,-3272,10613,1463
-1564,396,-870,-4434,-8007,-1192,1813,-13638,-3231,-3401,9977,777
-884,1172,-560,-4459,-7875,-1036,1653,-14934,-3089,-3194,9433,-1128
-700,1650,-244,-3770,-6318,-625,2219,-16136,-3003,-2227,9055,-2551
-1334,1876,-162,-3883,-6609,-1377,2189,-16082,-2963,-685,9710,-2055
-1130,788,-408,-4341,-7109,-2969,1675,-14658,-3195,-1266,11541,848
-774,262,128,-6078,-8396,-3194,1061,-13872,-4393,-1873,12392,1886
-134,1006,390,-7410,-8737,-2635,1131,-14336,-4649,-2063,10965,934
-224,1232,-136,-8048,-8380,-2199,927,-15108,-3885,-2465,8667,-371
198,1326,-516,-5963,-5462,-1758,1351,-16088,-2369,-2988,6652,-1021
-432,1402,-1190,-4635,-3319,-1919,1151,-16504,-3039,-1971,7360,-688
-1134,1202,-1734,-5143,-4351,-3076,1207,-15032,-3981,-165,6969,379
-268,1612,-2032,-5900,-5864,-3805,1209,-15560,-3581,-555,9476,2508
240,1396,-2048,-5555,-5476,-3968,909,-15406,-4291,-612,12882,3741
392,1604,-1578,-5360,-4645,-4031,-115,-15164,-4941,-1440,14505,4588
1054,1080,-636,-4603,-3029,-4605,-1181,-15300,-5137,-1449,12866,4435
938,1072,-520,-1270,1557,-6226,-1841,-15264,-4093,-1298,9855,4172
52,1616,-26,657,4698,-8720,-2765,-16168,-2823,418,7889,3178
-1272,2962,96,4437,9771,-11812,-3313,-18340,-1191,-723,4747,6995
-4356,5316,120,4203,9713,-15781,-4749,-18954,-1819,1959,5977,11384
-6452,5976,878,1158,5035,-19651,-5603,-18386,-2475,3735,8757,17443
-7844,4982,528,715,5813,-21523,-7471,-16668,-3623,5219,7011,21444
-9916,2188,-606,-3,3538,-23350,-7883,-13022,-3361,8346,-1946,21805
-8756,-1018,-1372,-2126,-106,-23893,-4063,-10466,-1185,9446,-12873,18189
-7374,-4508,-2906,-4612,-2495,-19652,-3395,-6400,-2565,8408,-5756,16407
-6390,-6928,-3648,-3847,-4382,-14410,-2811,-4736,-3931,6446,-5303,13942
-6568,-8786,-3116,-1100,-2443,-9753,-2991,-3906,-3145,1592,-3990,10259
-7118,-9734,-2140,283,-40,-4815,-2391,-3516,-483,-2279,-74,6523
-7440,-10868,-1596,2232,1950,-2178,-3099,-3132,-1049,-3272,84,3881
-8168,-10792,-1882,4031,1530,348,-2787,-2250,-741,-3955,1066,1445
-8488,-10162,-1958,5142,-919,1816,-2793,-2656,-27,-5262,-1723,-2087
-7922,-9924,-1946,7671,-1187,2904,-2085,-3444,647,-6488,-1247,-4292
-6192,-928,12334,-557,6184,4753,1023,178,9687,2485,10338,-9549
-5722,-9106,-1414,1187,-3228,12448,-2231,-6118,371,-2255,2195,-13374
-5214,-7616,-1658,8532,-622,15180,-1845,-8190,-361,-1151,2622,-18325
-8788,-3100,76,5022,502,18716,-1179,-9932,-633,-2340,4527,-22836
-12496,-1488,-666,2220,-2839,19085,-2789,-13786,-2597,-4429,10319,-24214
-13638,-1396,-3864,5227,-15326,13255,-6049,-18420,-4907,-3016,11848,-22860
-8284,882,-1556,10511,-17560,11281,-3193,-19552,-4281,-1048,5441,-24404
-8402,4122,2620,8164,-15464,7324,-2017,-21340,-4463,-532,6271,-20163
-4034,1872,1772,3654,-16273,6952,-1315,-21398,-3259,-1493,1872,-18466
-1192,1556,858,3090,-17559,6458,375,-19098,-2997,-1889,4025,-13169
6094,262,8886,4020,-8406,5241,991,-16202,-4521,-2790,13764,-3656
-4212,3738,1006,1062,13187,5990,637,-16042,-4491,-2073,10955,909
-3486,2202,-1102,-5780,-9010,1169,311,-14634,-4407,-1804,10313,1478
-1380,382,-1924,-11280,-11830,2230,583,-14100,-4105,-1856,7865,709
-490,1702,-526,-11160,-13989,2817,969,-14770,-4113,-2468,6425,-267
-620,2984,162,-10310,-13295,961,885,-15542,-3693,-1974,5047,-1376
-1018,1094,14,-8853,-9576,-1898,1179,-14732,-3469,-1990,3977,-851
1466,1168,-638,-5947,-5435,-3574,2045,-15552,-3317,-2991,5128,1184
1268,1844,-840,-5080,-1807,-4409,2295,-16460,-3481,-2804,6867,1245
36,1206,-632,-5596,-2422,-6072,1463,-15036,-3725,-2327,7936,136
162,552,-926,-8061,-5453,-7599,1579,-14436,-3473,-2720,8574,332
974,-326,-1148,-8119,-7129,-7907,1521,-14782,-3379,-2751,9261,25
584,-340,-1634,-4619,-4437,-6716,1361,-15282,-3841,-2593,8642,-950
-116,402,-1700,-2913,-3663,-5048,1603,-15512,-3797,-2248,8772,-940
-756,724,-2038,-3396,-6012,-4508,1625,-15036,-3707,-2387,9967,-193
-254,982,-2026,-5042,-8699,-4529,1523,-15100,-3927,-2180,10672,-34
582,1494,-1976,-5605,-10826,-4833,1739,-15844,-4431,-2024,10983,-193
776,1108,-1170,-5574,-11042,-5199,1751,-15586,-4771,-2313,12497,-155
202,502,-1400,-5056,-10099,-5404,1245,-14092,-4435,-3298,12615,704
140,166,-1710,-4947,-9668,-4791,1083,-13980,-4311,-3588,10968,331
414,556,-1114,-4874,-9436,-3635,907,-14570,-4151,-3052,8044,-1520
590,196,-880,-3820,-8025,-2400,1279,-15444,-3871,-2502,5156,-2959
356,680,-808,-1335,-5281,-1077,2519,-16284,-2215,-2923,5387,-1474
-142,1184,-452,-1434,-3948,-696,4687,-15454,-827,-3765,14484,1279
-946,1294,-684,-3184,-5570,-1122,1571,-14590,-3343,-2919,15841,1758
-602,918,-566,-5076,-6995,-1678,619,-14204,-3953,-1086,10240,316
-250,784,-396,-4909,-5919,-1427,369,-14274,-4211,-1042,5896,-1225
-624,298,-406,-3631,-3694,-664,993,-14902,-3589,-1401,4101,-1545
-934,792,340,-2555,-2976,-371,1431,-15562,-3459,-1988,3346,-124
-228,3160,454,-4024,-3829,-682,2503,-17256,-3241,-2160,3673,2181
-1466,2222,-232,-6561,-5443,-2144,2759,-15982,-3063,-420,4182,2369
-212,830,-1132,-8449,-7432,-4004,3193,-14596,-2893,-518,8984,3112
-58,880,-1944,-7291,-5530,-4016,2291,-14186,-3821,-1033,12374,3063
526,1400,-2248,-5613,-4560,-3861,1489,-14484,-4363,-1995,15965,2178
2,2270,-2654,-4665,-3809,-4804,-429,-15196,-5387,-1426,14937,568
-112,984,-2640,-4162,-5971,-6875,-853,-14640,-4731,-1134,9184,-203
-50,774,-2548,-2818,-6017,-7513,-11,-14880,-4309,-1542,7747,187
-364,1238,-1874,-2190,-6763,-7088,-11,-15332,-4133,-2075,9165,508
-464,1636,-630,-2838,-7901,-7116,-353,-16058,-3031,-2115,9519,935
-812,1520,-134,-3512,-8125,-7672,-733,-16568,-2227,-1664,10455,3225
-1162,2450,-200,-3547,-7076,-9103,-1849,-18380,-2705,1269,11807,6354
-1350,3908,578,-1100,-1818,-11973,-3507,-19740,-2775,3629,8298,10224
-3534,5390,1022,2791,5884,-14864,-3409,-21030,-1969,7888,7899,14023
-8290,6864,360,3777,6514,-18390,-4433,-19018,-513,9376,9906,19185
-9130,5472,-378,771,4290,-23341,-6217,-15240,-1985,11407,9406,22542
-8940,1830,-1832,-823,2372,-26188,-6047,-11062,-3281,13800,1211,21297
-8346,-1096,-3404,-546,-303,-26525,-3621,-8760,-4055,14013,-5785,19463
-7214,-4800,-4558,-1326,-3260,-22788,-2569,-6476,-4709,12080,-7134,16743
-6890,-6036,-5144,394,-4402,-16814,-1713,-4146,-4489,8661,-5956,12801
-6928,-7368,-4708,3215,-3112,-12238,-1761,-3768,-3061,872,-1060,9863
-8038,-6646,-3012,5609,-924,-8140,-2391,-3306,-2339,-5693,-559,3975
-6636,-7800,-1650,8551,1669,-4086,-1763,-3912,-405,-7244,-455,-280
-4160,-2282,23868,15545,16897,2440,-3661,-21252,26389,4148,14634,3040
-8230,-8384,-260,1761,1030,9856,-3525,-5124,-631,-1529,-4307,-11549
-8732,-7878,-572,1350,-4291,8157,-877,-6230,221,712,-1009,-14067
-6260,-7934,-974,2109,-10979,13749,-2037,-8304,611,-2182,4831,-16221
-5026,-6144,-1542,5132,-9816,18949,-4423,-11466,-1199,-2929,13483,-18347
-11808,1040,1356,352,-14532,16432,-4219,-12736,-3883,1106,11416,-21849
-4526,-152,26,14314,-13394,16465,-3493,-15508,-5523,2460,7571,-21922
-6650,5692,2616,14230,-4502,14819,-4579,-17632,-3831,2349,3381,-20721
-6202,5560,5188,3203,-8933,12432,-2581,-20170,-2699,-1143,9889,-17357
-4212,1574,1900,4313,-10620,8208,-2083,-19708,-3937,-917,11133,-15278
-188,1032,1418,6452,-9583,7007,-3233,-21160,-5283,1963,12968,-7206
2170,3114,11892,18847,20867,9350,-2901,-16832,-5971,2333,561,-6369
-8620,5446,-1796,-4201,-216,3387,211,-15484,-5047,1784,235,-8170
-2934,2254,-2252,-13700,-14278,1184,1391,-16116,-4737,-2540,252,-5093
-660,1498,-2074,-15640,-21149,-1267,1185,-15798,-4313,-3127,3143,-1701
-8,526,-1182,-11023,-14291,-1930,1011,-15114,-4721,-2834,5068,44
-426,1070,-1126,-8827,-10614,-3346,977,-14492,-4573,-2838,6018,1413
1856,1186,-418,-6758,-5181,-3040,1755,-15460,-4437,-2086,6382,1390
484,1612,-920,-8639,-6399,-4483,1457,-15050,-4593,-1574,7740,492
530,854,-1428,-5502,-3179,-4706,1717,-15068,-4055,-2409,7236,352
-300,518,-2254,-3726,-2800,-5336,1685,-15128,-3987,-2109,7116,-250
-866,874,-2356,-4517,-6719,-5897,1949,-15118,-4027,-2098,8564,55
-454,696,-2204,-6288,-9696,-6068,1819,-15038,-4085,-2193,10556,331
-110,1008,-2214,-6361,-10899,-5779,1525,-14864,-4465,-2287,11580,287
440,1412,-1884,-6031,-10644,-5683,1265,-15126,-4811,-1968,12008,288
638,1674,-1568,-5766,-10759,-5796,1415,-15414,-5177,-1945,11851,450
730,1440,-1434,-6395,-10884,-5908,1433,-15164,-4955,-2479,11601,864
454,868,-1630,-6922,-10925,-5542,1589,-14516,-4373,-2983,11649,1515
108,24,-1932,-6531,-9652,-4437,1951,-14140,-3399,-3531,11686,2041
134,232,-1796,-4829,-7758,-2769,2197,-14676,-3375,-3679,12717,1617
2,784,-1438,-3539,-6654,-1343,2245,-15572,-3009,-3525,15024,1011
-100,1474,-1514,-2913,-6299,-613,1997,-15814,-3879,-1880,13443,-144
-584,1360,-1268,-4028,-7543,-1051,1191,-14680,-4227,-677,10736,-1062
-616,1268,-1028,-5198,-9217,-2124,1337,-14512,-3705,-541,9103,-1253
-338,1056,-660,-5957,-9832,-2884,981,-14690,-4051,-1434,10554,-519
-222,540,-504,-5838,-8809,-3035,233,-14634,-4685,-2103,8959,-790
412,-666,318,-3652,-5251,-1993,411,-14920,-4111,-2096,4908,-1333
-212,852,1006,-3313,-2895,-865,1569,-15882,-1937,-1787,1478,-873
-838,2728,-202,-8093,-7877,-1501,1913,-16818,-3075,-1754,5592,1648
-202,2112,-716,-10717,-9154,-2807,1741,-15592,-4211,876,2341,1205
482,894,-1000,-10120,-7506,-3558,1843,-14434,-4037,1290,4163,1322
52,1326,-1704,-8958,-5920,-4041,2227,-14346,-4065,-191,7037,2239
378,2450,-2398,-8976,-6700,-5072,1771,-14806,-4595,-1750,11123,1698
470,1420,-2452,-6851,-4984,-5497,1041,-14356,-5047,-2726,12297,471
90,898,-2466,-3315,-1928,-5664,621,-14294,-4817,-3251,10147,479
-74,978,-2424,-1210,-1851,-6454,775,-14654,-4131,-2808,6454,-473
-640,720,-2126,-1183,-3745,-6596,1123,-15358,-3419,-2739,5955,-1530
618,-140,-674,-3587,-8196,-6848,1633,-15524,-3643,-2608,7928,-1262
574,-626,-176,-5964,-10530,-5661,1219,-15400,-4053,-1823,9367,-625
2018,-1188,-662,-6852,-13692,-3842,1005,-15318,-4393,-832,9321,-597
1448,696,-154,-2215,-7355,-1320,1479,-15698,-4935,-995,10410,93
-262,1432,-182,-1156,-5615,-1033,1509,-15454,-4939,-1384,12465,997
-1280,1688,-776,-3442,-6821,-2019,1357,-14470,-4457,-2319,13314,2472
-1372,1226,-1146,-4628,-6871,-3828,601,-14766,-3707,-2935,13403,3926
-998,2248,266,-3037,-3246,-5151,-753,-16634,-3041,-1231,14403,3485
-1286,3146,568,-255,2249,-6720,-2209,-17352,-2299,-1195,9490,5551
-2944,4322,174,1535,6390,-9377,-3093,-17424,-1347,2867,1969,3648
-4450,5446,4,56,6403,-12583,-2701,-16874,-1305,3868,3985,6636
-5072,4766,390,-1906,4011,-16061,-4003,-16452,-461,2862,6178,12340
-5926,3874,570,-1112,6820,-18480,-6625,-17066,-1307,2757,4094,16800
-7994,2108,-654,-1072,6892,-20552,-7561,-16478,-1257,6173,679,19281
-9818,940,-826,-2018,3406,-22781,-7223,-14570,-1025,7314,-3653,21723
-9508,-2266,-1424,-2904,2524,-21768,-5947,-11344,-1479,9108,-5964,18834
-8308,-5016,-2262,-3642,-160,-19687,-3783,-9360,-1207,7786,-7090,17101
-6950,-7364,-2880,-2576,-1001,-16482,-2493,-6950,-1939,6809,-6750,12677
-7382,-8892,-3098,-1626,-1154,-11020,-1519,-4626,-2131,4826,-5060,7679
-7150,-9730,-2462,980,-1220,-4794,-1861,-2894,-2215,1454,-475,3853
-6744,-10232,-2944,3933,-2038,-116,-2363,-2126,-2619,-1907,1976,735
-7120,-10030,-2436,8109,-944,4396,-3031,-1834,-2335,-5367,2905,-2618
-8170,-8408,-2318,12187,432,6237,-3187,-5118,-2625,-8692,1637,-4713
-10496,-7914,-482,-522,724,11361,-2597,-4406,-469,-2834,3651,-10274
-8074,-4468,554,1034,-8007,14393,-4899,-7684,-269,-2315,1187,-16047
-6336,-4788,380,2137,-11609,18711,-2435,-8250,-505,-2632,3193,-19000
-7860,-1900,1188,5301,-5266,19142,-3869,-12162,-1003,-5601,7467,-20879
-11582,2638,1822,4893,-7117,15873,-3523,-15354,-3857,-5288,9313,-19469
-7584,228,1688,3085,-15342,11937,-6483,-16636,-5247,-2952,1606,-17721
-3336,652,2292,7845,-17169,10319,-2685,-17118,-4717,-1227,3932,-19608
-602,2054,3256,8410,-10566,12800,-2185,-18972,-4545,-1416,2398,-19068
-3008,11502,11148,17299,17312,9542,561,-18798,-3907,-2686,2831,-15602
-6172,2662,662,-1293,-8828,-299,-545,-18920,-4421,-3013,3088,-11494
-556,930,-1200,-9380,-15566,-3566,-113,-17660,-5229,-598,-89,-7328
492,906,-1046,-9419,-16907,-4698,869,-16646,-4455,-871,2713,-3154
1422,230,-92,-3607,-9488,-1683,2129,-16218,-4605,-3430,10829,3596
-224,706,122,-3409,-8086,-791,1811,-15120,-4851,-4824,15567,6375
-648,684,-416,-4825,-9793,-872,1081,-14118,-4891,-5118,14915,6165
-612,406,-792,-5311,-9875,-859,903,-14350,-3905,-3933,10248,4681
-344,1268,-608,-5356,-9883,-538,6983,-16670,1489,-392,-5957,-681
-798,2068,-328,-7422,-11104,-1538,5881,-13924,-2009,2641,10828,-4156
-820,1790,-758,-10573,-12658,-3753,2641,-14642,-4711,-1836,17779,1616
572,1010,-1010,-10266,-10558,-3812,1707,-14360,-5285,-2612,21076,1200
666,550,-310,-7633,-6172,-2801,993,-14236,-6031,-2236,17261,-388
-588,814,-940,-5216,-2997,-1913,585,-14620,-5185,-2098,11183,-1964
-962,1690,-1002,-6375,-5603,-2545,733,-15130,-3999,-2290,6306,-3430
-1026,2056,-1338,-9241,-8177,-3082,1553,-15564,-3367,-2611,4600,-4389
-306,2050,-2060,-10223,-9959,-3852,1997,-15990,-4167,-2698,6715,-3202
610,2430,-1512,-10014,-8578,-4350,1733,-16470,-4495,-1933,9382,-1469
832,1262,-1846,-9864,-6761,-4732,1433,-14898,-4691,-2701,10663,664
1148,1840,-2390,-12712,-9940,-6596,1617,-15146,-5025,-3377,12881,1187
1876,54,-2632,-9870,-9071,-5439,463,-14468,-5819,-4432,12913,551
620,230,-2730,-3630,-1969,-3610,69,-14922,-5475,-3936,11160,-53
-696,378,-2406,1024,1106,-3436,585,-14992,-4407,-3979,7137,-105
-1882,1194,-2622,-822,-4137,-4600,1185,-15640,-3835,-3822,5199,-87
-786,1774,-2374,-5349,-10424,-5936,2155,-15304,-3247,-3260,7465,341
1464,216,-1036,-9912,-14893,-7080,2029,-14840,-3969,-2899,12172,1249
3318,222,-1554,-11316,-17592,-6290,1799,-15804,-4837,-2044,13551,887
2518,286,-1178,-6785,-11988,-4446,1515,-16106,-5243,-2021,13265,442
400,102,-1570,-1928,-3863,-1738,1369,-15028,-4573,-2643,11559,792
-1028,516,-2428,-878,-4529,-1450,1501,-13754,-4169,-3722,10302,1212
-686,1338,-1428,-2856,-6188,-1428,1541,-14502,-3909,-3567,9695,32
-102,1680,-1032,-3540,-7650,-1740,1345,-15496,-4167,-2370,7526,-2259
-90,1790,-690,-4031,-7907,-2454,5661,-16200,59,-1247,7886,-2484
-272,800,-422,-4772,-7376,-3164,1871,-15004,-2885,-3762,19325,2253
1506,-656,1268,-2645,-2540,-1506,193,-15122,-3923,-2292,15804,3583
-1482,1450,996,-5608,-3418,-1880,-769,-15534,-3653,-867,11423,3613
-1614,2204,308,-5925,-2879,-4309,-1167,-16830,-2375,-371,11441,7916
408,4016,456,-3444,3340,-8082,-2707,-18146,-2307,-1646,14839,15443
-1804,6076,920,-5,9655,-13638,-6761,-19144,-3991,-207,10434,18610
-4602,8284,1778,-2179,9154,-19895,-8631,-17794,-3005,4752,3031,18451
-5998,6992,400,-5827,9413,-25437,-7741,-15216,-3013,6350,-2327,21515
-7282,3276,-1334,-4756,6986,-28565,-6355,-11368,-4815,8694,-4354,20943
-6162,-1362,-2308,-3911,2653,-26490,-3611,-7922,-4391,6385,-7770,18518
-4882,-4742,-4122,-646,-51,-21949,-2131,-5164,-4845,3552,-6333,13408
-5310,-6800,-3718,4626,681,-13653,-1603,-3722,-4775,-1785,-1021,10244
-6094,-6908,-2690,8480,1630,-6923,-2009,-3834,-4177,-6409,-1342,4021
-5838,-6848,-1874,11965,2347,-509,-1569,-5564,-1061,-8492,-43,-1385
-6012,7904,23890,5999,13417,3263,8911,-1544,18059,11051,11815,-8673
-3714,-7898,-206,1713,-3611,17180,-4041,-8716,-431,1260,-1829,-17660
-7302,-2972,-876,3259,-10794,16242,-3233,-10438,-1195,363,5112,-22522
-7518,-4360,-1328,4555,-14511,19193,-1175,-12430,-3279,-325,8608,-24802
-9108,1494,1074,12229,-12358,17050,-4615,-17246,-4471,-2481,5871,-24107
-4140,3500,1122,12849,-19059,13686,-653,-18378,-5949,-858,9310,-25631
-2224,5444,4700,14433,-11849,10996,343,-22586,-6275,-1301,8834,-20808
-2438,6586,3060,12418,3897,11835,743,-22746,-6621,-239,13782,-17690
-9488,7684,2924,8334,858,6618,-311,-19802,-5621,-3290,13316,-9949
-4040,3898,1778,-6832,-7108,1716,-223,-16620,-4161,-3404,7358,-5656
-2466,1870,-1530,-13909,-16846,-2285,67,-15470,-4515,-2158,3833,-1949
-546,810,-1924,-14265,-17299,-1918,713,-14848,-3935,-1812,3850,550
-218,500,-1004,-11184,-13441,-23,1291,-14988,-3363,-2565,5873,2470
856,1704,-200,-8676,-10126,634,1693,-15518,-3249,-3341,7645,3993
50,1600,174,-7760,-6610,486,1109,-15208,-3211,-2872,6296,4790
-526,1520,-362,-6954,-4479,-764,1979,-15390,-2847,-1627,884,5163
240,2364,-860,-7514,-3350,-2664,4575,-14584,-2669,863,-4110,2120
-142,2120,-1742,-7870,-2986,-4758,3289,-14486,-3269,128,6065,183
482,2292,-2202,-7682,-3653,-7228,2929,-15036,-3907,-1642,13563,-1049
980,2198,-2564,-6630,-2822,-8618,2157,-15402,-4541,-2387,17497,-1637
518,1550,-2828,-4827,-2906,-9813,1179,-15062,-4865,-2844,16455,-1497
406,1202,-3002,-3283,-3522,-10324,1121,-15136,-5059,-2918,13556,-1042
-110,654,-3014,-2378,-5819,-9868,795,-15152,-5071,-2313,9888,-1611
198,724,-2814,-2470,-9295,-8198,1003,-15500,-4797,-1787,7660,-2206
-190,864,-2250,-3915,-12591,-6633,1149,-15020,-4303,-1726,7017,-2047
330,1600,-1944,-5679,-16063,-6180,1723,-15458,-4543,-2206,8994,-819
1176,1552,-1538,-7433,-17543,-6263,1677,-15286,-4721,-3315,12725,740
538,230,-1386,-7029,-16248,-5059,1291,-14626,-4727,-4293,13023,1765
756,-416,-818,-2141,-8958,-2285,1371,-13962,-3885,-4806,11082,1929
-428,38,-584,-837,-6316,-363,1627,-14784,-3079,-4496,9225,-177
-594,1008,-484,-2008,-7590,731,3345,-16994,-687,-3681,10241,-1286
-490,1728,-82,-2965,-7990,1236,2639,-15324,-3399,-1471,11187,-1843
-904,1744,150,-5902,-9657,588,1375,-14970,-3747,-589,8962,-972
-830,1114,38,-8174,-11173,-973,1797,-14218,-3315,-893,9030,-1056
340,266,-190,-7674,-8956,-1589,1281,-14156,-4057,-2757,11914,79
54,-258,22,-5661,-4737,-1020,537,-14766,-3881,-3344,10069,186
-104,712,192,-4398,-3100,-907,841,-16042,-2655,-2853,4361,-355
156,1966,672,-5151,-3366,-1962,1853,-17042,-3151,-959,2390,-534
-8,1486,-294,-7555,-5091,-4072,2363,-15172,-4449,949,2484,419
874,1828,-1216,-10597,-7677,-5352,2605,-15144,-4315,102,8356,2084
1658,1436,-1920,-11669,-10000,-5613,2061,-14674,-4453,-1458,13195,2540
1706,522,-1494,-7031,-2824,-4131,1181,-14400,-4759,-3466,15231,1591
146,498,-2110,-3104,1465,-4006,347,-14998,-4775,-4312,15260,1875
-540,1124,-1398,-1424,1581,-5509,-593,-15498,-4579,-3500,12440,2564
-432,2264,-286,-47,2972,-8012,-2105,-16882,-3755,-2397,9467,4306
-2090,4108,-172,4717,9143,-12880,-2503,-18248,-2043,350,8809,8434
-6936,5870,504,5283,4576,-18004,-4855,-19452,-1879,1946,13343,16985
-7562,6124,774,2702,1633,-20946,-7699,-19312,-3273,6235,8392,19532
-8112,3980,300,1022,-106,-23144,-7313,-17010,-3171,10611,3684,20834
-9012,1972,-258,1424,-1348,-25434,-5425,-12966,-3195,11910,-217,21779
-7230,-1370,-2078,-587,-2984,-24520,-3871,-9566,-3477,11563,-6670,19853
-7546,-3328,-2966,-2114,-4052,-19716,-1995,-6218,-3839,10074,-6758,15948
-6960,-6120,-2694,-1263,-1040,-13698,-2285,-4294,-3703,5511,-4097,11516
-7244,-6594,-2516,3210,1737,-7404,-2755,-3420,-4377,-1450,-1088,6411
-6396,-7946,-2450,5988,3712,-2760,-2691,-3610,-3885,-6184,1529,2415
-6222,-8502,-2662,10047,1553,3917,-2245,-4270,-2403,-8777,1254,-2873
-5432,-1178,10510,-3742,6087,5504,-653,-2630,8199,2280,5520,-13972
-6174,-6742,184,1176,-1812,15283,-2439,-7036,317,-666,7507,-15226
-7162,-5142,-36,3251,-6701,16444,-5065,-10258,-831,95,4309,-18956
-9624,-860,212,3811,-6046,21110,-2925,-11158,-2093,-15,3785,-23518
-12002,1008,-252,-1266,-12830,14947,-4157,-16640,-4935,-1242,3629,-21012
-4378,-1380,-2146,10992,-19690,10661,-6301,-18604,-2975,-1132,-1379,-21944
-1736,3848,1570,14716,-8747,15143,-249,-18554,-3081,-2170,-1178,-21553
-1468,7372,4518,5930,-2387,13539,1687,-20380,-1541,-5851,4097,-17241
-1902,4022,2952,-965,-15716,7945,-6967,-25738,-2741,-3046,23814,2610
-880,3758,3584,10562,17913,7401,-3063,-15756,-4733,2090,1361,-3264
-5248,4364,-146,-885,-1881,976,833,-14080,-3257,386,964,-3757
-2580,1884,-188,-10230,-9734,-1180,2035,-14588,-3445,309,-34,-2136
-1198,614,-1270,-14891,-16818,-1821,1811,-14598,-3761,-1797,3718,1484
786,1602,34,-12670,-14820,-78,1305,-16060,-2675,-2020,3233,1465
116,380,-46,-9758,-9415,-614,1515,-14858,-2757,-432,-120,1030
1168,756,-452,-6841,-4510,-1701,3117,-14652,-3229,-671,3246,2677
942,1186,-694,-5073,-972,-2656,3141,-15382,-4079,-1156,9127,2039
538,1902,-706,-5076,-1189,-4015,1897,-15494,-4349,-1242,12253,-863
-128,1164,-1096,-5358,-1295,-5436,1397,-14656,-4479,-1795,12727,-2725
-254,896,-2230,-5084,-3229,-6787,1493,-14750,-4889,-2747,13213,-2488
-178,520,-2796,-4795,-5669,-7369,1063,-15460,-4981,-3087,13454,-2415
-302,504,-2578,-4453,-9114,-7226,1125,-15616,-5363,-2827,12722,-2225
-152,448,-2230,-4379,-10544,-6551,973,-15328,-5157,-2505,12910,-1616
-142,1310,-1858,-5050,-12778,-6053,1129,-15564,-5153,-2613,12682,-885
212,1848,-824,-8112,-15486,-6519,1415,-15624,-5177,-2548,12533,-694
3812,-86,-80,-10724,-16578,-5584,1571,-15874,-5227,-2746,13694,-639
900,418,-1326,-10221,-13260,-4902,1375,-15162,-5189,-3016,14001,-677
1060,-356,-1654,-4811,-6981,-3275,915,-14270,-4865,-3419,12650,-712
48,-210,-1658,-2157,-4246,-1567,841,-14242,-4713,-3454,9694,-1563
-308,1342,-824,-2306,-5039,-503,1003,-14860,-4413,-3356,7010,-2837
-740,1404,-934,-3369,-6227,-293,1233,-15296,-4157,-3809,5544,-3094
-538,1252,-750,-4903,-7674,-1516,1323,-15300,-3477,-4387,5585,-2433
-104,976,-968,-5820,-8181,-2666,4733,-15118,-9,-5130,10265,-539
352,750,-682,-6055,-7447,-3057,1537,-15492,-2977,-5074,13853,322
172,570,-392,-5029,-6064,-2515,505,-15564,-3273,-2036,6057,142
-184,708,-40,-5555,-6014,-2316,1563,-15066,-3029,-321,1032,847
76,1448,-78,-7600,-7845,-2654,2365,-15316,-3177,-1468,4837,3563
960,1788,48,-9317,-8207,-2887,2499,-15690,-3273,-1593,6989,4438
590,736,-554,-9079,-6326,-3087,2051,-14898,-3439,-1241,7005,4309
662,398,-1104,-7821,-3574,-3046,3015,-14642,-2877,-537,3737,3593
440,810,-1822,-6301,-2398,-3130,2863,-14696,-3853,-1031,5389,1851
836,1582,-1468,-4721,-1733,-3526,2353,-15696,-4257,-1415,9474,-658
90,1158,-1900,-3408,-1058,-4304,1467,-14770,-4633,-1715,10847,-2405
-122,608,-2256,-2747,-3073,-6020,1111,-14838,-4461,-2560,10008,-1962
-456,32,-2286,-2899,-5027,-6698,1309,-14952,-4283,-2828,9372,-1042
-154,196,-1998,-3221,-8956,-6516,1483,-15358,-4549,-2629,9758,-346
26,144,-1494,-3273,-10397,-5273,1197,-15576,-4105,-2177,10686,-169
1252,160,1176,-3570,-11182,-4291,947,-16324,-3891,-1742,11278,637
3542,-996,2224,-4066,-9142,-2283,1009,-17128,-3871,-1958,14189,3666
-758,3008,1350,-2706,-3034,-5107,451,-17908,-3525,-1451,16882,7942
-2170,4332,-328,509,2808,-10027,-1529,-17616,-1755,-378,18587,13118
-6426,6792,104,516,4321,-17099,-6209,-17910,-3051,2541,14714,20166
-7064,6646,-932,-806,7014,-22511,-8281,-15584,-3173,9080,2082,19588
-8936,4378,-2696,-482,7057,-26842,-5961,-11946,-2721,11688,-2021,20194
-7874,436,-3914,-320,1372,-27584,-4567,-8612,-2951,9487,-4978,19510
-6414,-3674,-4132,-58,-4306,-22793,-2639,-5784,-3407,3271,-5047,15845
-5206,-6002,-4106,2788,-5253,-16204,-1653,-4550,-2615,-1166,-4201,11482
-5404,-6960,-3880,7176,-2278,-8613,-1787,-4348,-1497,-4604,-832,7558
-4740,-7692,-4188,11412,29,-1776,-1867,-4660,-807,-6391,915,2195
-2756,3250,24204,6275,13225,794,7769,5568,16539,13378,-3745,-6337
-10574,-8482,-3068,-2398,-2770,7572,-1727,-5590,1831,-5271,1520,-12281
-6676,-7948,-2040,3602,-2875,12883,-2109,-8798,301,-1882,3026,-16172
-4802,-6622,-1102,4749,-8923,19145,-1753,-9802,129,-2149,1901,-18849
-8824,-728,416,3552,-7982,21802,-3645,-12874,-31,-3814,6752,-23163
-7894,-1138,-1318,7778,-9116,21034,-3211,-14826,-5743,-3463,6355,-23792
-5800,6400,454,10255,-11522,18221,-3705,-17272,-6121,-4073,5832,-21449
-3464,5426,3666,2786,-17321,13578,-727,-19628,-5511,-3079,12298,-20631
-1010,4670,4046,2017,-13009,8053,-711,-22300,-5213,-2236,12808,-19264
-7096,2352,5952,-7438,5173,-1299,-689,-21736,-6399,-1095,6061,-15204
-1142,-584,-1308,-1716,-9632,-3513,-519,-18158,-6435,506,1290,-9567
-1902,-134,-206,-3584,-4360,-1700,397,-17032,-3483,-2876,3231,-2161
-2198,-28,-2626,-6354,-12678,-2261,495,-15244,-4167,-4255,10922,2797
-780,-764,-2772,-4783,-11872,-369,81,-14880,-5231,-3500,10602,4013
-86,814,-802,-4008,-13245,172,505,-15244,-5241,-1737,7322,4438
396,1954,554,-5368,-14304,-991,1607,-15564,-4801,-477,6332,4447
1664,1900,528,-5433,-11852,-2718,2349,-15358,-4601,-1575,9066,4870
2122,780,272,-7055,-9026,-3299,1949,-14586,-4327,-3517,12261,4167
852,-10,-676,-6759,-8729,-3530,1327,-14682,-777,-5080,8913,2314
160,-566,-840,-5404,-6134,-2174,4199,-16368,639,-504,458,-3326
-520,582,-430,-3622,-5280,-42,1485,-14424,-3933,853,11705,-1915