1262,266,-100,-514,-115,-30,1506,-74,-52,-911,-108,-48
1224,292,-80,-549,68,1,-366,-74,-136,-887,15,-38
1234,220,-50,-569,-83,-14,1496,-42,-200,-948,-235,4
1244,304,-68,-479,-123,-27,1490,-74,-152,-495,-256,-32
1244,220,-44,-525,7,25,1490,-60,-216,-924,4,32
1140,248,-56,-560,-73,19,-236,-56,-184,-1008,-256,1
1196,300,-68,-465,-155,-7,-294,14,-80,-508,-175,0
1288,234,12,-475,-377,31,1552,32,-80,-504,-381,17
1226,254,-14,-407,-123,129,-238,-74,-152,-408,8,144
1254,288,-370,-112,-704,242,46,-586,360,-120,1060,2
1404,218,-126,173,-1110,576,1630,158,-200,134,0,16
1474,-86,-38,802,-982,1073,1714,-248,-214,256,2060,44
1288,-382,-8,1217,-1149,1546,1378,-580,-152,260,2816,1556
970,-50,-130,1659,-1471,1575,1042,-34,40,8,4613,512
222,-8,-1242,1515,198,1182,5586,-138,-208,45,0,176
156,-146,-1556,3112,-4201,1193,-542,-506,-216,2144,10404,180
222,824,-1534,2928,-4436,1009,502,442,-212,544,11410,704
44,216,-1934,2794,-7242,739,0,182,-1944,2304,8900,640
970,502,-1702,2797,-9667,583,314,-6710,-1752,2066,522,41
1538,252,-1592,1997,-9601,233,1712,-6730,-1744,8,136,129
1348,256,-2100,2037,-9426,249,1586,-74,-2104,8,258,163
874,486,-2138,2844,-10425,287,-494,-358,-2262,512,272,296
746,1100,-2476,3008,-9861,52,-1452,-530,-2260,3013,40,136
1434,-256,-2176,3644,-9979,-804,1562,-178,-1972,599,320,64
2062,1004,54,2242,-8424,-1464,1778,664,-184,40,582,596
1630,792,-2486,3852,-12470,-1082,1834,886,-4296,2052,2305,-1480
2404,870,-3144,4463,-9383,-1902,2594,774,-3186,258,2050,-1963
2376,496,-2588,5358,-10691,-1969,2514,438,-2616,1028,1592,-2046
2356,410,-2046,5914,-9691,-1682,2578,-182,-4020,1540,80,-1776
2134,918,-1346,5723,-8789,-911,2004,456,-2198,1344,528,-2019
2020,318,-1114,5075,-9219,-307,1788,214,-1240,462,4992,-255
2110,326,-1780,5439,-10731,260,2330,-6570,-3730,1320,1538,0
1920,2092,-1590,5010,-11880,566,1522,-6730,-4052,512,168,580
1308,1120,-2766,4706,-10986,521,1506,1030,-2584,514,1296,513
1772,850,-2854,4160,-9588,714,1512,470,-4304,2705,4608,718
1854,336,-3024,3553,-11848,1152,2108,-450,-184,2048,275,1056
1488,590,-3116,3778,-12368,1363,1514,632,-78,520,2600,261
1646,220,-2654,3982,-11961,350,1814,-66,-3798,1024,4112,289
1330,692,-2396,4435,-10859,-382,-482,572,-4310,264,5328,-1467
1146,758,-2430,3890,-10631,-627,-1642,474,-2840,2754,130,-984
1164,286,-2366,3896,-10035,-811,-942,-6440,-4008,2388,6288,-2022
1168,962,-2660,4469,-10502,-1542,-1388,442,-3784,332,649,-2034
1586,700,-2756,4572,-10401,-1548,1490,458,-4176,229,260,384
1030,1354,-2850,4030,-10465,-1762,982,312,-3800,1306,264,33
2342,1314,-1426,2359,-9228,-2899,2558,-6216,-1200,4,20,1024
780,966,-2224,1240,-8205,-3291,-474,-6728,-3128,256,8218,513
-250,1538,-3936,3546,-8636,-4579,-558,-6600,-3786,3074,2954,2408
-1422,1892,-2976,3412,-2539,-8592,-1230,-6346,-3160,3093,9608,5157
-4644,2164,-2766,4391,3910,-14670,-5162,-6598,-2648,545,836,1047
-7384,2164,-4080,5916,4825,-19214,-9770,-6592,-4276,1569,4360,140
-6944,694,-4206,6573,5071,-22996,-10398,-584,-12236,24,1028,9248
-2464,-2074,-1144,8218,5628,-22024,-10270,-6678,-3784,132,4098,30
4430,-2282,-6592,10054,-1895,-20641,5652,-2498,48,1032,-3072,1800
4868,-5348,-4890,9231,-298,-8539,3034,-6722,-6328,8706,5192,2054
5362,-8212,-4888,8106,-5493,1063,5656,-4634,-8308,4353,-8184,1172
3882,-7838,-4872,10810,-2673,3203,2550,-6658,-5212,2612,-7035,2056
2818,-6160,-3630,15733,4777,7153,2514,-6722,-4280,1576,0,4204
5582,-5508,-8804,21542,9983,8566,9826,-6578,168,17412,9252,81
-7026,-8446,-4508,-3931,13319,9395,-10428,-6106,6450,-4088,9230,9352
-1682,-4040,-3304,3317,-9612,10930,-2508,-4490,-1878,3600,-10158,8726
-4000,-5526,-1632,3513,-4863,19785,-4366,-6582,-1428,3097,80,2066
1578,-2842,-4228,-1295,15440,20426,-2474,-3594,-4240,9488,11086,4352
-8476,-90,-4312,-3879,4220,19027,-10420,-2618,-8094,8230,1068,18501
-5158,1284,-3226,-4922,-3451,14632,-6078,-522,-4300,3072,12869,8234
-3816,-8,-3254,-3939,-8387,11290,-6520,-1790,-7224,8216,7776,8200
-1392,260,-2524,-3037,-6814,4073,-2462,-2084,-7286,9493,9344,19
634,-316,-3000,797,-10909,-1577,-2500,-1844,-3992,870,1097,-5883
1280,-48,-2062,2616,-11182,-2222,1532,120,-3992,2088,5186,-3932
548,1372,-2096,4212,-11116,-3576,-1230,-74,-2168,192,4200,-3936
840,870,-1976,5613,-11128,-4017,-910,502,-3800,5644,5153,34
1556,1122,-1810,7961,-12333,-4182,1562,966,-3488,6977,544,3456
2026,1768,-2786,7655,-14626,-2287,1506,-6600,-4238,7466,29,1570
2130,1252,-3666,6048,-15845,447,2262,712,-4056,1544,513,4
2848,706,-3374,2133,-13409,1098,3134,-6730,-3412,48,288,64
2854,40,-588,2129,-11613,495,3030,-6528,-4300,76,4098,128
2600,114,-2052,4679,-12238,-1050,2554,-66,-4018,672,133,-1952
2134,338,-1840,6917,-11218,-1709,2052,442,-2184,2696,1066,-2034
1976,1324,-2064,8148,-11906,-1668,2194,962,-4024,4673,16,-1924
2422,3142,-1592,7371,-11070,-1084,2290,-6554,-4040,4864,65,-1087
1958,1518,-3356,6738,-13777,-595,2290,760,-3270,4356,850,-1770
3284,-900,-2800,4193,-7828,-596,2040,-5704,-3268,0,8592,-715
1270,-126,-3496,4179,-11319,1311,118,54,-4256,18,4243,1041
416,672,-3652,3032,-12358,2582,-1414,-378,-3766,400,1429,528
756,886,-3686,2683,-11950,1389,986,-266,-182,600,4352,1226
2054,226,-2498,3148,-9510,-544,1524,-6442,-3800,1036,6912,0
1360,230,-2334,4357,-7469,-1926,1498,182,-4302,0,8472,66
1088,-200,-2456,4769,-7241,-1521,-1804,-6602,-3662,585,8788,552
906,592,-2808,5163,-9034,-1130,-1934,-6730,-3140,9,4,294
476,2232,-2936,4305,-9525,-1585,-2574,-6586,-3156,18,6860,385
1290,978,-2794,3194,-7925,-2213,1536,982,-2768,1089,8192,1040
2522,1530,-522,2360,-9532,-2943,2014,-6218,-2120,132,6144,1094
1664,150,-2164,2059,-9137,-2256,1908,-5924,-4180,96,7332,1604
348,1628,-3038,3445,-6397,-2628,468,1722,-3288,1132,720,1024
728,540,-3494,3996,-2581,-3777,902,-6116,-4134,40,4737,96
128,-150,-3176,6176,-2448,-5241,274,-6656,-4216,2093,8778,2322
-1390,-364,-3098,7855,-2192,-6105,-1290,-394,-3286,2567,8896,258
-2336,268,-4176,8653,-402,-8698,-10734,-584,-4312,520,9728,2080
-4866,1438,-2230,6909,-3634,-11868,-6280,-570,-4280,2704,8206,3588
-5390,-700,-5956,9169,8297,-16125,-9630,-6714,-16598,8576,2048,7464
-3886,-3020,-4226,9258,1620,-16422,-4162,-4650,-4264,1089,128,16
1894,-4354,-3022,8010,2270,-18047,1492,-5370,-4120,658,577,2832
3816,-5442,-6204,7687,-4963,-7352,3538,-6666,-8278,1410,-5996,9258
5640,-8104,-5464,7115,-10310,-2291,5590,-4360,-7804,3088,-12158,8200
3838,-7946,-5036,12591,-3511,-556,3558,-4362,-5336,4112,-2920,2576
2582,-6632,-2826,17499,5190,3047,2914,-6730,-3544,16513,5200,0
-8700,-1398,32429,32767,32767,1318,-10794,-6730,32551,19488,22150,9249
-4692,-11018,-5236,2022,5267,8064,-2582,-5630,176,2880,3105,4388
2644,-5970,336,-2016,-10689,14695,1618,-6730,-184,6296,1798,2546
32,-4526,-804,-520,-776,20120,-2350,-6440,-2772,8328,24,1796
-3054,138,-2386,-415,9439,18644,-9054,-6698,-6808,9872,1604,6
-4528,-742,-5054,-3346,6201,21269,-10286,-362,-7896,4096,164,4616
-5226,3124,-2756,-5388,8434,18378,-10482,-6178,-3754,2048,4420,17416
-7036,1878,-4494,-4686,-4337,12722,-10494,-6728,-212,2048,16456,4097
-1984,682,-2738,-4630,-6241,7426,-2028,-328,-8342,3600,18438,1041
-1748,-420,-2064,-1281,-6736,2597,-2588,-586,-3880,4996,8321,69
-738,-576,-286,949,-3697,-292,-2584,-578,-208,36,514,-4072
-1330,1146,-2816,2442,-6269,-2777,-1582,-432,-2730,408,1496,-3904
74,-180,-3150,3182,-11655,-3459,-1518,-72,-4196,1280,128,8
1632,424,-3130,5496,-13545,-4784,1496,-6714,-4052,386,2065,1296
1842,1200,-3674,6143,-14557,-3423,2024,758,-3800,1414,1327,8
1870,1688,-4388,5001,-13419,-1457,2002,-6730,-4312,256,472,161
2460,918,-3466,4420,-12793,-230,2548,694,-3720,26,1059,834
2776,456,-2494,5197,-12530,-51,2684,454,-2256,97,3732,164
2726,836,-2186,6364,-11646,-1202,1490,474,-2248,260,544,-1472
2810,754,-2152,7811,-10613,-1989,1650,480,-2200,2560,1232,-2008
2334,710,-1612,8863,-10040,-1739,1500,566,-1872,1,2052,-1664
1768,2090,286,9209,-10332,-1009,1626,-6078,424,817,2056,-1920
2766,1512,-1188,5755,-11477,32,1490,-466,-3864,5188,804,224
76,892,-3588,6227,-12163,1901,-508,694,-3406,4736,268,1280
2184,-636,-3136,3973,-9119,1900,1848,-6528,-3240,1537,4369,769
1032,-380,-3298,3626,-12595,3012,6,-324,-4136,1032,2692,216
604,666,-3060,2645,-11272,2972,-302,584,-4244,2049,4162,778
1120,346,-2718,2588,-10157,994,-814,4,-3276,0,2049,564
1068,638,-2296,3601,-8666,-543,-38,442,-2264,516,4102,-1920
950,122,-2508,3843,-8583,-1258,-1022,-58,-2446,292,4624,-2028
954,522,-3028,3827,-9247,-1036,-1294,266,-3268,3078,2579,-1135
1220,566,-3230,4203,-10492,-1227,-1002,734,-3156,0,728,784
800,1744,-3892,4743,-11493,-1211,-1508,-6730,-3800,33,4,256
1612,534,-3600,5330,-13007,-1352,1886,-6716,-4312,77,3266,537
2466,886,-2834,5161,-14224,-1680,2842,-6344,-3158,8,2176,260
2474,1276,-2960,4061,-12411,-1969,1494,1382,-4182,2324,10,1
2144,1228,-3702,4699,-11320,-1357,2004,-6718,-3454,528,38,722
2192,716,-2526,5184,-8692,-1778,1754,-6720,-2492,20,524,257
2374,640,-2392,6161,-9129,-1847,1490,-6578,-2358,2052,50,257
2376,522,-1632,6373,-9708,-1123,1618,-6698,-3736,2224,455,548
2660,462,-1066,6029,-9808,-1159,1748,-6718,-3216,1668,320,515
2154,1900,-644,6859,-9454,-884,1506,1866,-2718,2720,154,1036
1862,2072,-786,4548,-9049,-40,-1838,-6410,-3156,4100,7184,1216
596,732,-1844,1864,-4668,-893,-2348,-6730,-1734,72,2816,2066
1188,-464,-2042,1335,-876,-3401,-2506,-6528,-2258,1,7176,0
-2096,802,-3052,1309,354,-6087,-2602,-170,-3016,24,532,1859
-3286,256,-2934,1162,4994,-10719,-2478,440,208,78,56,5632
-5520,-122,-3372,1110,8889,-13549,-10454,-6730,72,1216,8385,513
-5808,-970,-5328,3571,7633,-15639,-10666,-1578,-5460,1539,5190,529
-4626,-2200,-5530,5687,6162,-16494,-6142,-5962,-5208,4210,1746,11800
-318,-4502,-4166,9944,4047,-16996,-2538,-6698,-4182,8320,2052,2177
1826,-5680,-6154,11418,-1781,-2926,3684,-6722,-8296,12400,-8121,21061
3210,-7834,-3470,8949,-12447,-11583,3564,-6666,-4298,8960,-13752,5536
5040,-8352,-2550,8961,-11198,-6241,3874,-5934,-2224,8704,-14296,8328
2636,-9332,-4116,11930,4309,1308,2514,-5816,-4120,4098,48,1126
750,-7462,-1646,15778,6406,3928,-1532,-7754,-2264,4105,6422,1
-6670,-4118,10844,-9185,5330,185,-1870,-5304,-136,-7102,4866,640
2122,-6310,180,5181,-117,8562,-2070,-5706,594,4488,1280,448
2766,-5810,1384,-816,3153,15263,-1322,-5656,1268,2209,546,4242
-3444,-4748,-5330,-4157,7594,16647,-10018,-4666,426,4105,6204,0
-3678,-3270,-3284,-4200,5403,20674,-10782,-6710,-3152,9268,1027,1
-2814,-1484,-2736,-5289,2945,18657,-2078,-1082,-3800,17,2668,1104
-4614,1838,-2742,-5658,722,18710,-6550,-6378,-3254,2460,548,18501
-7112,3552,-2762,-6270,-1919,15689,-10574,-4266,-7184,8260,17932,6704
-3090,1338,-4152,-9324,-8147,8732,-8076,-3004,-8208,4156,4608,132
-182,-142,-1974,-2572,-6310,2404,-2078,-306,-6348,8192,17,1792
996,448,-40,1420,-2916,-2898,-686,322,-204,1096,4361,-7286
754,1158,-1218,5040,-4056,-4755,-1126,-314,-3286,148,8325,-6144
318,1266,-1846,4844,-11624,-5783,-1478,1432,-4312,608,80,-5803
2282,220,-1992,7394,-9414,-4878,2516,-6710,-3800,194,7174,-4861
2366,544,-2916,8040,-8136,-2704,1564,470,-3856,7744,6,552
2106,-168,-3678,6816,-10433,-377,1498,-434,-3800,6144,1670,1289
2294,346,-2724,4956,-12363,1637,1506,-330,-3160,4352,3397,1162
2498,172,-2262,4260,-12335,1975,2646,182,-2196,192,4225,390
1954,1524,-2310,5848,-11865,933,2024,-6658,-2262,1537,464,5
1602,1830,-2348,7212,-12589,-385,1622,-6730,-2920,2064,2305,32
2514,708,-2206,7646,-11124,-1090,1666,-6692,-2136,2560,1228,640
2614,158,-2440,7230,-10225,-661,1862,-6630,-3268,2052,2065,1152
1916,474,-2910,6699,-10101,680,2018,-46,-3752,2378,2176,805
1052,778,-3304,4863,-10344,2306,98,-522,-3284,644,264,257
886,310,-3322,3682,-11719,2414,10,-202,-216,1076,244,2323
1150,204,-2860,3165,-11842,1812,-926,182,-3736,8,4552,1746
1376,-94,-2628,3087,-10229,541,1618,-6682,-4308,18,4228,338
980,258,-2330,3361,-8629,-210,-1338,-6432,-4312,3072,2598,-382
1332,-10,-2756,3721,-8776,-845,1506,-6730,-4312,2115,160,-864
394,2448,-2882,4405,-8632,-1091,-2470,-6578,-2728,270,7744,-1388
1076,280,-2990,4814,-8580,-1715,-1454,-38,-4272,130,6670,34
1712,-452,-2750,5151,-9426,-1823,2018,-6714,-3704,0,6688,206
2490,1380,-1296,4682,-11417,-1526,2778,-6570,-2248,202,65,544
3078,1470,-2048,3163,-10362,-1040,3078,950,-4012,2552,64,78
1980,884,-3602,3100,-9305,-108,2010,470,-4308,2052,2048,2
1698,1124,-2702,3843,-7743,135,1946,-6726,-3636,2309,8360,73
1966,158,-2728,5408,-8836,-934,1810,-6580,-3286,48,20,-988
2506,282,-2286,5754,-8331,-1479,2554,344,-4182,594,8194,0
1990,-106,-1724,5294,-6445,-1463,2028,-6522,-2168,1024,8978,560
-410,742,-2738,5721,-4998,-2413,-298,438,-4296,1024,10342,280
-2088,1904,-4256,5376,-2090,-7318,-2094,-6218,-4312,4358,8290,48
-6230,3262,-4176,6904,3065,-13628,-10788,-5538,-4216,2120,130,2060
-6424,2094,-6236,8899,4305,-18195,-6540,-6330,-6326,9000,4104,2109
-3912,-90,-6000,10866,2556,-19697,-23046,-6592,-16388,8196,2304,-19896
170,-1686,-5540,11455,-2339,-19423,-280,-5960,-8404,9231,-14816,1029
5312,-5146,-5842,8821,-567,-12251,3288,-6090,-8392,8578,16,4368
4052,-5778,-7222,10641,-4370,105,2074,-6450,-7960,2569,-7136,512
4220,-4998,-3438,15404,-3630,2828,3682,-6710,-3176,16,28,2856
2178,-5046,-942,19519,4745,3182,2306,-5696,-6256,16387,12,777
-5326,-17960,-3954,2066,9987,5279,-5292,-6218,-80,2817,46,84
-2674,-5066,582,490,-3989,10704,-2140,-6206,424,52,-8184,8196
4138,-7638,414,133,1071,12623,210,-10750,92,9,786,297
-3322,-5604,-1286,-1158,7626,12806,-10172,-6694,-4296,12608,2176,12666
-1076,-5464,-2406,-1518,3108,16082,-446,-5704,-3280,10281,2176,14336
-3998,-4166,-3890,-3279,2443,16203,-6574,-6490,-3608,4416,2056,769
-814,-1584,-2052,-5033,1096,17844,-556,-2630,-4276,2080,1118,17920
-3110,1638,-2460,-3633,-550,20601,-8004,-6216,-4120,4896,16450,20515
-8758,4252,-3770,-3736,-13894,12275,-8600,-4042,-7896,8192,1553,3715
210,1842,-3944,-6151,-11117,4692,-1540,-6668,-8152,10308,528,4166
394,-134,34,1379,-9769,-409,-2478,56,-56,1280,2616,-7168
1858,862,2578,2640,-3803,-5246,1490,-582,584,53,214,-5566
2224,718,312,3938,-3311,-5380,2276,474,428,3075,512,138
2770,840,132,4074,-7921,-3625,2514,568,-84,4166,201,652
976,150,-1176,5624,-8371,-785,-1066,86,-2246,5528,5898,1107
952,250,-3090,5460,-7615,103,-302,-18,-4120,5120,8736,72
1814,182,-3206,3712,-9319,-360,1490,80,-3186,3616,2616,1068
2174,308,-2002,3222,-10657,-729,2002,-314,-216,144,4688,198
2242,110,-1500,4893,-10434,-1721,1782,-54,-1432,194,5746,256
2100,1026,-1364,7173,-10417,-1424,1506,438,-2254,3072,1861,643
1650,1762,-2506,6822,-10534,-532,1498,-6596,-2516,4736,1796,522
2180,630,-2878,4893,-8694,-197,1490,-6714,-3792,4633,2057,6
2284,-76,-3316,3762,-8401,-15,1618,-6534,-3270,2176,2884,8
1776,568,-3076,3365,-9098,711,1562,448,-3152,2067,2062,594
1184,646,-2966,2960,-9627,1288,-846,440,-4180,2689,520,0
1182,468,-2666,3481,-9997,1109,-902,334,-3608,3328,0,1041
1244,2,-2212,4162,-9290,341,1554,-6682,-2168,78,923,21
980,166,-1928,4435,-8060,-240,-1042,-6648,-1998,320,8192,-367
798,40,-2080,4241,-6994,-691,-1068,-58,-2196,97,8412,-1024
1324,-24,-2392,3866,-7056,-1278,1554,-6692,-4040,1792,1028,-1324
304,1608,-2588,3900,-7494,-1331,-1578,-6680,-3796,786,552,-1356
1270,504,-2808,3611,-7877,-1651,1634,440,-4248,2052,32,266
1814,94,-2746,4161,-8271,-1686,2004,-6602,-3616,8,6147,64
2968,3026,-664,4166,-12458,-1102,3298,-5450,-2510,780,3193,320
1984,932,-1376,3551,-7563,-1399,1490,566,-3854,2400,8226,512
1682,346,-2622,4539,-6234,-1113,1490,286,-2744,160,9501,389
1598,-186,-1990,5233,-5587,-763,1494,-6662,-3968,1024,8202,266
1702,-120,-2126,5963,-6860,270,1874,-276,-3988,1,1156,272
1316,252,-2308,5729,-7659,795,1514,-74,-4184,1089,8739,257
1282,-374,-2210,6072,-7590,985,-1190,-6474,-4280,2176,8624,934
1126,1188,-1950,6588,-11862,644,1770,998,-3704,4162,96,642
1106,1044,-3206,5215,-9952,652,-2090,694,-3222,4184,2067,2
1112,418,-3692,4758,-7839,-560,-1534,-6728,-3798,4761,8484,2305
790,-224,-4566,5933,-9904,-1499,-2278,-154,-5314,4218,137,2178
-426,930,-4416,6213,-8962,-3489,-2254,-6724,-184,4132,144,386
-1150,920,-4430,6512,-5405,-5870,-2086,442,-4304,4353,10472,40
-2244,618,-4384,7391,-2816,-8933,-2604,470,-4308,2320,9360,32
-3644,844,-4740,9332,-1183,-11015,-4526,736,-8408,9422,6944,5184
-4950,410,-4328,9789,-1583,-14607,-5542,-6730,-5080,516,-1934,1536
-2880,-1262,-3104,9278,-1876,-17850,-2862,-6714,-3220,8202,13,8354
-798,-4546,-2206,7172,-852,-18273,-8616,-6698,-2216,4753,-11228,14336
1918,-8430,-394,6218,-205,-16820,1752,-8774,108,4873,-9704,16512
3728,-9436,-1770,5986,4353,-7475,1522,-5592,-164,5704,144,8833
3044,-9704,-3710,6875,-493,-2071,3102,-6554,-4156,4756,-3952,8342
2962,-10856,-4100,8300,-3343,4745,2514,-2624,-3796,8193,642,4640
2190,-8078,-2058,13692,2910,5617,2458,-6258,-1750,5163,2048,64
1330,-15040,-262,-8093,11874,543,-430,-6718,-62,8200,8265,128
-3078,-3876,330,-380,-4493,10775,-2602,-6468,24,-4080,516,8720
3066,-4578,1722,-2459,-43,13522,-1446,-6602,2600,1028,42,4176
-3680,-4078,-1364,-3460,1914,15645,-10796,-5962,-1732,8720,1301,14912
534,-844,-1254,-3923,6287,20730,-542,-4634,-3540,3106,4115,4136
-6520,682,-2028,-8430,12317,16870,-10794,854,-4310,4152,4672,16408
-6332,878,-2596,-9619,10151,14810,-10542,-1034,-2776,705,150,2304
-8082,2696,-4836,-9325,1373,8058,-10014,-6698,-6216,6208,616,4129
-304,-920,-3958,-9700,1506,5973,-284,-950,-8384,141,736,5173
-274,-1274,-2732,-3873,-2775,4653,-2602,-2376,-4180,4833,4456,4168
466,-1190,-2146,4021,-5889,1162,-2536,-1002,-4160,12,2096,1024
762,658,-2518,6506,-7476,-758,546,726,-3238,6410,215,-1848
100,2226,-2902,9596,-7547,-1345,36,-5930,-3794,9600,81,646
2316,1102,-3110,8828,-14689,-1251,1810,568,-4232,0,1028,-1387
3988,-240,-3326,7142,-13278,1137,3794,-6656,-168,384,1034,140
2950,1078,-3478,4900,-15064,1605,2522,-544,3922,4260,16392,1088
2314,828,-3938,3487,-18568,1627,2514,438,-88,1153,13508,48
2728,1592,-3250,4406,-18391,1869,1650,-6574,-4312,104,12580,1866
1830,730,-2616,5344,-14926,877,1618,470,-2136,328,36,740
1778,916,-2692,5958,-13899,-453,2018,502,-3782,514,2604,530
1748,362,-2470,6028,-13322,-476,1654,54,-2220,641,3076,516
1600,730,-2176,5991,-13328,-1027,1532,778,-2134,858,2048,240
1748,422,-2732,5027,-12446,-1128,1972,310,-3682,64,1920,264
2144,322,-3304,4501,-12115,-1717,2066,-6606,-4256,65,160,2
1344,1958,-3102,4622,-12514,-2218,1498,-6728,-4214,96,36,520
1790,810,-2386,4551,-10896,-2398,1496,-6538,-4184,68,4608,8
3008,-152,-1210,4065,-7764,-2322,3038,-6600,-2132,1602,1,32
1896,1714,-878,4001,-6602,-1536,1670,-6672,-2752,2064,653,-1854
832,1010,-1434,3250,-3754,-603,-1428,950,-3988,3329,4145,-1501
1878,554,-1672,3300,-5435,427,1554,-6698,-3708,2049,2057,167
2552,340,-1006,3441,-5067,-120,2650,-6474,-2008,1157,3136,-728
2500,296,-2070,4021,-5335,-583,2530,70,-3790,1611,8322,-716
2394,136,-1868,3823,-4944,-11,2534,-458,-2248,1920,10289,64
1380,1314,-2234,4187,-4611,1302,1590,570,-2200,72,11393,394
1058,1278,-2808,5011,-6669,1068,-806,-6730,-4312,436,8258,514
2042,542,-2392,5407,-8198,1283,1496,-390,-4184,1041,4368,303
2732,-286,-2638,5398,-8923,1304,1938,-542,-3542,17,3328,0
1834,158,-2786,4506,-10276,2426,1658,-522,-2708,4100,5632,0
1992,-32,-3346,2882,-10896,3196,1658,-42,-3258,2059,5254,3075
1428,452,-3132,2993,-10765,2998,1522,448,-3272,896,4244,2969
802,648,-2938,3225,-11136,2033,-1096,630,-2838,130,1130,1153
1196,222,-3124,3171,-10481,784,1506,-6386,-4298,3204,1857,42
1422,168,-2514,3579,-9754,-639,1498,-6062,-3800,2560,6656,8
1508,4,-2432,3941,-10426,-1520,1556,-6214,-3346,1448,5638,0
1318,1782,-2660,4448,-10682,-1697,1502,-6728,-3654,40,4680,36
908,776,-2680,4125,-10642,-1287,-2566,566,-3572,17,4688,680
1682,104,-2384,4142,-10368,-2155,1766,-6498,-3350,64,4490,1537
1432,840,-1898,3853,-10533,-2977,1500,-6588,-2262,3848,4272,19
1154,1646,-1536,3593,-9073,-3594,738,-6692,-1478,1321,4418,131
116,1928,-1642,2152,-6113,-4782,-252,-6458,-1560,387,272,3
-988,1138,-774,835,475,-8222,-1326,-6470,-1164,704,2,6818
-3146,442,-866,1310,5838,-12530,-3118,536,40,1283,6978,2208
-4218,-294,-1900,2095,8414,-14965,-4014,-6706,-3928,2048,8467,1312
-6020,-736,-5278,2493,12043,-17270,-10056,-1986,-16596,418,11457,4896
-5370,-4080,-5340,7716,14294,-15379,-5486,-4170,-8136,8192,4397,16401
134,1512,-3658,7861,4572,3149,-2252,-2570,-4302,8387,288,0
4940,-4970,-4676,9665,-16996,-18892,5586,-6186,-84,8624,356,12296
5872,-7682,-3822,6768,-19082,-9544,6118,-4394,-3696,2304,-23036,6288
5396,-9600,-2432,6873,-5464,-1948,2910,-6594,-4248,390,-8055,1
3576,-9216,-3382,10239,-2686,2362,1746,-6664,-4120,2225,-3578,400
2852,-8144,-2144,14807,2806,5213,1556,-8154,-214,4641,1158,75
3510,-4286,-238,-10355,1253,-701,5954,-16970,-184,5249,4099,-7452
1480,-5778,2872,7994,3284,12053,724,-6696,-24,0,805,12296
1166,-5654,-386,268,8950,16186,-2574,-5662,-472,264,572,1569
-3368,-4952,-3120,1958,5763,14267,-10282,-6218,-4024,2194,320,9360
1646,-2624,-3178,770,8777,20351,-2326,-6568,-4310,130,50,48
-5526,2310,-4782,-3919,11359,19579,-9760,-6730,-4932,808,11316,2177
-6812,2956,-4338,-8090,8300,19738,-10016,-6660,-6352,6634,553,19457
-8742,1236,-7234,-8641,-7575,15006,-10794,-1602,-8208,7296,20037,6144
-344,1034,-5504,-6279,-13356,6958,-2048,-1802,-4804,8257,18785,0
-36,-878,-1436,-1446,-11651,2442,-2476,-2122,-5812,10560,4616,192
470,50,470,2038,-11140,-4778,-2078,-522,-210,2338,1536,-5117
1010,1170,-2082,3268,-8684,-4637,-2082,-18,-4302,3080,6251,-8130
836,1304,-2848,2531,-10519,-2973,-1450,446,-4312,2569,4608,-3816
1752,1156,-3346,6934,-11800,-4021,1568,1398,-8344,588,4103,2
1756,1560,-3528,6552,-10257,-2261,1906,-6666,-4184,269,16,1920
1250,1392,-3612,5177,-10787,-819,-406,1030,-3924,1043,32,1155
2296,1542,-1932,4926,-14107,-606,2770,1462,-2264,0,2192,1368
3284,696,784,3316,-11159,-1842,2898,552,-210,321,571,201
2430,-62,-1032,4936,-8602,-1646,2006,-6602,-2182,292,1152,-1646
2088,354,-2124,6810,-10377,-1593,1746,-66,-2072,520,292,-1938
1798,-142,-2370,7293,-9990,-250,1530,-18,-3794,2153,12,-504
1460,408,-2090,6819,-8850,92,1550,10,-2008,2576,7474,0
1526,14,-1224,5921,-7176,-132,1778,-4,-1496,1796,832,-720
1588,1232,-2200,4496,-8224,829,1752,716,-1990,4352,1298,6
898,760,-2912,3956,-10811,1184,-814,448,-4176,900,140,30
2056,348,-2530,3413,-8337,406,1512,198,-3974,0,4704,285
1808,192,-2534,4999,-9360,-269,2024,256,-3704,772,4200,-827
1526,692,-2496,4684,-8334,4,1506,706,-3920,0,4098,18
1506,518,-2594,4094,-8705,157,1754,450,-4022,3656,2168,176
1628,402,-2466,4221,-8824,101,1622,54,-3412,128,1283,0
1436,-40,-2442,4258,-9002,201,1492,-6442,-3448,136,176,161
1394,158,-2260,3943,-9229,611,1618,-6714,-2232,2054,6340,600
1100,-68,-2518,4016,-10015,697,-1732,-6694,-3030,2008,6146,160
1248,538,-2248,4805,-10970,200,-1934,438,-2240,756,4402,0
1310,1012,-2326,4881,-10014,-453,1490,464,-2136,770,6416,1088
840,492,-1694,4933,-8255,-727,-1044,566,-2262,33,289,2178
2248,870,74,2904,-5628,-1850,2260,694,-1362,392,8456,2090
1336,1280,-1542,2709,-10408,-1230,1490,-6416,-2200,2176,1098,529
1808,942,-3206,3015,-10331,-1179,1618,-6726,-3096,2177,57,819
2398,392,-2830,2957,-7301,-1220,1522,-6720,-2694,2182,8864,516
2100,-68,-2652,4295,-7259,-827,2026,-6490,-4310,18,8464,80
2328,178,-2182,5515,-8081,-514,1492,-6206,-4014,136,8235,512
1734,422,-1816,5696,-7109,-601,1500,-6280,-1752,1056,1156,142
1080,294,-1352,5941,-5930,-1146,722,-6406,-1652,1834,8192,304
-800,1752,-908,5917,-8492,-2410,-514,-6450,-1144,4162,28,1024
-184,1286,-2148,2995,-3974,-5600,-2478,348,-2262,774,4624,47
-3244,900,-2840,2637,3750,-9289,-10794,502,-3284,2632,1153,270
-4544,76,-5158,4996,1425,-12913,-4522,-6710,-7358,560,1024,1072
-6042,-22,-5064,4846,1176,-15861,-10186,-6562,-8262,4120,1027,320
-5212,-1478,-5592,5175,2491,-19859,-6172,-6338,-7976,4160,273,12672
-568,-3090,-4182,7468,2382,-19474,82,-6410,-4312,3332,2208,146
3884,-5144,-2990,8505,664,-17541,1492,-5682,-3126,8262,772,3106
5332,-7416,-2928,6820,-541,-7482,2386,-5666,-3792,49,1288,8322
3558,-8476,-2826,5250,-5949,-1971,1490,-6610,-3248,542,-8192,4104
4100,-9112,-2020,6407,-3548,1985,1714,-5440,-2248,2310,-3068,0
2888,-8432,-4354,12750,4030,6803,3066,-6154,-4230,5137,4160,1024
-12560,14606,13776,2093,12212,2584,-8486,-3954,4520,-5984,4096,330
2524,-7896,-100,6131,2333,11097,-2042,-9418,296,66,73,4164
2054,-5006,1312,-1782,5055,17124,-2030,-5672,-142,36,5760,16496
-5276,-2810,-5240,-3634,6844,16362,-10726,-5546,-6200,8484,4098,4
-1550,-996,-5200,-2985,-1118,21252,-2156,-294,-7890,8750,152,548
-6428,2938,-3392,-5951,4878,18881,-10286,-5706,-4086,1618,5128,2073
-5698,1942,-2922,-9169,3341,15903,-10478,-6548,-3272,5184,642,2226
-4322,1072,-3494,-8080,-3588,10918,-6652,-1610,-4184,32,16480,2498
-1960,328,-2782,-5125,-8384,6184,-2346,-74,-4312,1152,8450,1299
-8,308,-1862,-3124,-5998,2159,362,-308,-4296,5120,10243,1056
676,-16,-1390,420,-4422,-1317,924,-134,-3912,656,2049,-6142
64,722,-2136,3576,-6554,-2894,-1836,-586,-2150,1057,449,-3068
836,-620,-2134,5031,-8057,-3923,-1020,-6728,-2124,40,0,168
1366,56,-1988,6879,-7567,-4171,1528,184,-2200,7068,0,2567
930,1938,-2582,6532,-7776,-3729,-1060,-6404,-3800,391,16,64
3118,2720,-576,4289,-11855,-1076,1490,-6578,-2102,392,4096,1057
2684,1308,-1326,3202,-10661,-1029,2580,-6730,-2080,34,522,324
2348,660,-1972,2967,-9740,-1014,2578,-6658,-2106,409,561,4
2404,-48,-1524,4314,-8313,-922,2646,-322,-1416,377,8304,66
1690,-158,-1564,5685,-7999,-454,1756,-418,-1576,1568,8208,-508
1672,-218,-1648,4948,-7640,987,1668,-320,-1688,584,8,1054
756,24,-1776,5077,-7438,1695,-1066,-454,-2224,1036,516,648
952,1074,-2184,5776,-9345,615,-558,522,-2008,4241,6160,1
1282,1362,-1954,5039,-8769,-726,1506,578,-2008,4384,1216,-1022
1916,346,-1756,4148,-6843,-1377,1690,-6658,-1688,3,9476,-1368
2136,-134,-2202,3322,-7469,-619,1626,-6608,-2248,2056,8322,73
1888,306,-2610,3470,-9016,954,1496,438,-3406,2304,4136,16
1130,552,-2794,2849,-9363,2322,-1030,454,-3764,2226,2048,2320
826,94,-3028,2573,-8720,2328,-1570,-6714,-3254,2560,1026,2176
660,220,-2822,3250,-9540,1118,-1576,-6658,-3076,3081,8,1028
754,42,-2374,3394,-9745,-404,-494,-6698,-2264,3396,525,-1532
916,382,-2152,3561,-9049,-1711,-1566,374,-2200,3312,64,-1776
1010,534,-2050,4491,-8608,-2530,-1822,552,-1940,196,7680,-3567
744,1394,-2308,4868,-8863,-2820,-2014,186,-2196,712,6144,-2944
1308,704,-2084,5691,-8573,-3311,1554,502,-2264,65,6220,513
1866,688,-1948,5666,-9470,-3168,2040,-6642,-2224,1536,6272,130
2042,1362,-2178,5173,-9062,-2489,2014,566,-1960,1038,80,646
2064,802,-1950,4129,-7778,-1227,2034,694,-2246,36,8710,520
2284,176,-1646,4828,-6691,-106,2522,-6730,-1904,517,8264,-126
2288,190,-1262,5718,-7145,183,2530,-6720,-2264,1632,8809,64
1994,378,-1168,5609,-7031,990,1490,342,-1958,137,8192,1026
1576,124,-1014,5139,-5960,1686,1540,-6658,-1848,1,8233,1184
874,192,-1156,5817,-6062,1119,-2094,344,-2264,1132,8224,1060
-18,2374,-970,5206,-7380,491,-2014,-6564,-1878,4148,8803,5
702,170,-1532,4689,-8134,330,-2598,-312,-1716,4198,2085,258
862,50,-2558,3638,-5004,-1749,-2602,-6602,-2728,3284,9600,4166
-438,-238,-3840,3398,-3912,-3402,-236,-6626,-3790,2144,8192,4193
-1392,352,-4616,4364,-4477,-5110,-1576,-6700,-5544,257,9856,8728
-3182,800,-3638,4191,-204,-10263,-8326,-4272,-3800,2624,179,1682
-6184,10,-3730,4320,3493,-15165,-10798,-6218,-3792,128,1136,160
-5174,-1514,-3226,3504,3515,-18806,-6420,-6730,-4184,2084,1184,8198
-1872,-4152,-2278,2948,2533,-18719,-1438,-4674,-2262,16,2147,1298
3346,-5826,-5194,5552,-2185,-14968,-2596,-4618,-3798,5184,-2047,17575
4326,-8384,-5000,6866,6595,-1971,2332,-4614,-8246,4096,4114,10752
2738,-8124,-4544,5112,-6020,60,2644,-4106,-4300,4374,-6813,32
3310,-7924,-4550,7070,-5494,5459,2524,-4546,-5074,9,-5888,4197
414,-7342,-4370,13388,3191,5741,-2606,-6362,-3932,305,22,291
4610,-6170,-17388,19814,6104,7247,9810,-6452,1832,16468,1216,5182
-5510,-7850,-1932,2163,7295,6148,-3976,-6472,42,801,4164,5378
3600,-7520,602,-3474,-11835,9440,-2086,-10534,296,4568,520,629
-2896,-5512,-2950,-4493,2326,15483,-9630,-4540,-4296,9408,2064,256
-3134,-2034,-7316,-6622,7484,18052,-7470,-6218,-7376,8288,2585,16
-5558,-2266,-4060,-8062,6747,15912,-10796,-2362,-4228,68,2161,2064
-2490,-1816,-4762,-4665,-5861,13802,-2574,-2618,-7120,3208,10280,4100
-1406,938,-2384,-1332,-1420,10184,-1670,-3614,-6642,8962,12549,1112
-3840,2024,-3536,-3377,-6221,6961,-8494,-6186,-3792,4634,1820,6525
-890,-428,-1760,-1985,-961,-586,-2572,-442,-3472,2048,1280,-5087
-336,1074,-188,3580,-7491,-4047,-486,710,428,3588,561,968
3014,1490,-100,3606,-9409,-3381,1512,-6520,-1608,3072,4097,65
1392,1564,-2544,3668,-9095,-3783,1874,442,-3768,1160,7320,27
1568,-140,-2900,4062,-8333,-1896,1490,-6730,-3800,2401,8226,272
1648,-302,-2486,4779,-7796,1301,1562,-6650,-3026,4,8261,1283
1568,274,-2276,5611,-9883,1493,1746,246,-2188,16,272,0
1836,224,-1984,5347,-9128,962,2034,-578,-2240,137,1024,512
1596,116,-1390,5525,-8356,674,1778,-394,-2134,68,832,4
1318,814,-1398,6873,-8415,113,1558,460,-2242,2761,528,2
718,1816,-1710,7494,-10839,-76,-910,-6206,-2216,4225,5254,-1269
2520,606,-1270,6279,-9810,-230,2262,438,-3404,4240,6616,-1014
1852,-38,-1636,6174,-9049,-243,1494,-6658,-3636,1314,30,-982
1620,248,-2480,4400,-9209,627,1570,86,-2648,238,648,4
1262,-98,-3004,3042,-11010,2212,-302,-6728,-3032,384,181,256
816,560,-3210,1381,-11078,3034,-510,566,-4120,1281,128,513
1144,230,-3254,786,-10402,2060,1494,-296,-76,288,1348,1157
1372,-116,-2968,1982,-9404,583,1510,-6662,-3270,16,4741,307
1162,202,-2770,3347,-8421,-353,-1406,-6696,-4184,2336,2116,-1535
1366,-178,-2368,4395,-7663,-992,1500,-6698,-3892,292,513,-1068
1122,272,-2186,5784,-7083,-1791,-1534,216,-2134,9,17,-1847
1124,1224,-2124,7170,-7083,-2337,-1554,-126,-2136,1088,1033,-3557
396,1692,-2500,6816,-7775,-2393,-1550,-6628,-3288,2208,5,-2938
1136,258,-2656,6400,-8555,-2382,1510,-6440,-3798,2311,33,640
1040,992,-2186,5960,-10438,-2059,-942,966,-2200,844,386,1
4072,1652,-344,2973,-14568,-1242,3550,1248,-1512,592,68,516
2530,1050,-1968,2099,-9543,-722,2218,1112,-2184,2129,259,289
1896,1410,-3586,2011,-8765,-809,1654,822,-3348,776,2114,66
1726,282,-2802,2937,-6704,-80,1514,-6330,-4276,2900,9357,-530
1866,362,-2130,5008,-5582,-271,1562,-6438,-2232,1028,8209,-975
1920,76,-1544,5625,-5534,-497,1490,-6702,-2262,1312,2896,-798
386,-1188,314,3141,-1119,-773,-1548,-6594,-126,2304,8226,-960
962,-224,-1500,6313,-4499,-85,-1310,-6694,-1748,2056,8208,-859
1586,468,-2474,6088,-9397,1137,1604,446,-2260,320,0,1130
86,1392,-1478,5441,-7907,49,-1804,198,-1728,1288,1170,42
1154,576,-3274,4838,-8012,1118,-1066,-550,-4284,804,8322,1099
1278,-280,-3016,3603,-7628,901,1490,-570,-3270,2436,8719,633
1128,-508,-4134,4294,-9398,784,-1836,-6666,-4286,64,4096,716
514,740,-3760,5146,-9309,-1005,498,642,-3768,1056,1034,4353
342,422,-3452,5202,-6433,-2370,466,200,42,4168,10112,4661
-216,148,-3316,5235,-3662,-3541,-294,-6666,-3274,4256,8712,4176
-2554,484,-3696,4794,-277,-6871,-10606,-6690,-4056,580,12332,9232
-4312,1344,-4546,5421,2510,-11383,-6494,1244,-4818,1034,149,7
-5676,426,-4874,6897,5796,-16491,-5422,-6474,-4946,6661,4619,10256
-4502,-2282,-5570,8611,4638,-19190,-6478,-6712,-8344,8728,4104,13312
2256,-4524,-5660,9737,1901,-17226,-2086,-4658,-6084,8338,-5620,3214
5354,-6090,-4266,9499,4182,-7874,5654,-5450,-4280,8547,1152,10244
5474,-7006,-7844,11117,-10371,-369,3288,-3142,-8324,11096,-15341,76
5144,-7410,-4982,13315,-7472,8270,4818,-3912,-8024,5192,-7102,8192
-1292,-5160,-922,18524,4160,3867,-982,-4682,-2004,2152,258,1024
-3066,-20196,-2542,-419,22144,-1989,-8716,-6338,-3262,208,582,278
-2980,-5998,-1648,46,-9568,7199,-10214,-6600,-6312,-1375,272,3138
1632,-6092,3028,-4919,-133,9943,-2590,-6202,2932,3073,292,0
1410,-3950,-1928,-5142,5199,11508,-2438,-6656,-4278,2048,96,728
-4826,-3198,-2798,-6382,2321,15222,-6690,-6470,-4184,1540,2054,802
542,-3282,74,-6509,774,11669,-2062,-6698,-216,2260,24,4106
-3818,1734,-2728,-9431,5093,15217,-9838,118,-3926,5122,669,4903
-2906,1270,-2862,-6109,784,8840,-8134,-554,-4280,2049,5,689
-2656,-170,-3446,-4984,-4393,6972,-2348,-520,-4262,2186,1546,328
-770,-518,-1458,1227,-5836,3056,-550,-434,-4180,1174,32,2089
-1022,982,-1594,3815,-2274,-377,-1516,-10,-2248,2050,3,-2594
-1232,-338,-2606,4621,-2505,-1508,-1198,-6698,552,272,512,-1407
2826,456,-1186,4112,-11080,-1106,2578,-2,296,195,1155,-3328
2478,498,-3164,4756,-10496,-1878,1490,454,-3288,512,1640,-3962
1684,88,-3278,4498,-11774,-127,2004,-70,810,132,144,8
2008,762,-3238,5500,-12558,1940,2280,440,-148,9,1544,16
1654,576,-4038,5691,-14956,2722,1634,520,-198,1056,1281,144
1670,-72,-2900,5743,-13844,2071,1496,-6726,-180,1536,2072,777
1132,376,-2382,5619,-13339,93,-574,-6584,-2672,130,1042,520
1102,286,-2172,5013,-11784,-1255,-1070,326,-1986,257,0,200
916,2118,-2430,5078,-9875,-2356,-2028,-6730,-2264,672,6273,24
1146,820,-2520,4133,-9978,-2974,1490,438,-3496,64,6180,2
1662,1046,-2744,5881,-9298,-3618,1764,-6730,-3104,1100,6180,128
3306,1398,-1342,4358,-11806,-1820,1502,1142,-2230,32,4624,-1788
1412,706,-2352,2186,-7952,-957,1762,494,-4032,19,8322,-1016
1622,262,-2290,1926,-5614,200,1626,-6712,-2256,1839,8832,260
1844,-56,-1186,3009,-4088,532,2100,30,-2264,1041,4108,193
1660,-106,-994,4509,-4892,-600,1774,-244,-1750,0,2200,-880
1364,254,-912,4803,-4856,351,1560,186,-1752,516,3330,21
1456,-106,-1464,4370,-4066,207,1506,-6538,-1720,322,8256,18
560,1048,-2156,4886,-6223,-162,-1446,446,-2182,1,8824,-495
1370,350,-2232,4706,-7586,426,1490,-410,-2152,144,8716,129
1684,-122,-2502,4921,-7932,761,1778,-298,-3774,528,8384,513
1766,36,-2406,5238,-9927,1741,1762,28,-3350,83,4107,272
1306,472,-2728,4085,-11090,2898,1490,442,-3664,3169,1057,96
1304,-34,-2998,2951,-10147,2907,1490,-74,-192,2692,128,2624
1484,-70,-2552,3634,-9950,1932,1520,-64,-3160,1568,6338,1328
1164,352,-2510,3803,-10137,1109,-1128,-6730,-2422,92,4164,48
1308,340,-2426,4145,-9543,153,1596,-5984,-2768,97,2063,64
1192,848,-2414,4520,-10187,-1089,-1966,-6440,-4184,416,6145,385
1150,978,-2576,5314,-10535,-1558,-2348,950,-3800,0,5124,69
1752,884,-2440,5635,-11814,-1853,-2024,552,-3864,0,4560,0
1840,222,-2238,5809,-11021,-1836,1490,-6470,-2116,143,4232,2096
1226,1320,-1482,4722,-11459,-1668,-2598,1214,-1366,64,4690,2304
814,2056,-880,1275,-8285,-2534,978,1720,-2126,16,129,1138
-332,1462,-2486,456,-4558,-5197,-166,-6694,-4050,384,3409,32
-788,1832,-1842,1055,-28,-9147,-2596,-6600,-2264,17,1,6656
-3622,1488,-2652,1844,4280,-14343,-10392,-6472,-4304,1924,22,67
-5292,1070,-2228,4243,1883,-17385,-6446,-6346,-3892,4352,817,12352
-6284,-282,-1456,3640,2892,-18940,-6618,-578,-9680,2144,2452,4609
-4428,-2250,-2986,2869,6514,-18442,-4452,-6194,-7816,0,6720,10264
-3094,-3880,-2012,5057,10185,-17981,-10798,-4280,-6198,4225,8212,14944
3350,-7246,-2468,7124,13398,-11839,1684,-10762,-3288,8588,4720,18432
3302,-5238,-2790,8302,-1006,-10204,7764,-6662,1104,184,-6868,17540
4548,-8110,-2022,4538,-14618,-8949,4570,-2432,-4312,7,1553,1536
4866,-9832,-2688,3440,-10349,-3315,2804,-5578,-3764,1024,-16192,4230
3240,-9830,-3372,7268,-6593,3703,2654,-5108,-4248,2084,-8188,4096
480,-8798,-2720,10722,3006,5766,-2512,-6696,-3800,2053,770,579
704,-8824,-2550,14865,9084,5266,466,-8650,-3208,2640,24,1298
-10836,-3550,32429,32545,32767,3106,-10590,-6730,32551,17667,20990,5122
-4936,-14546,-1652,3536,11398,6550,-10780,-2882,296,4116,260,2048
1308,-8118,404,881,-4840,9545,-2256,-12458,362,953,-7856,1536
1934,-7482,1312,-1311,1478,12990,-1838,-10538,808,6152,1184,820
-2006,-4926,-2978,-463,3147,16599,-10668,-6582,-3800,7440,3076,16467
-3252,-3198,-3664,-1944,6602,17253,-8238,-6406,-6712,10370,6160,273
-4110,-1550,-4634,-4360,6820,16705,-10510,-2330,-4154,8704,2049,16449
-5992,-3236,-3322,-2478,390,17368,-10776,-570,-7640,8256,12708,17060
-3496,548,-3752,-1899,-3083,15445,-7140,-440,-4278,8537,12304,4352
-2324,104,-3236,101,-7077,8484,-2344,-2312,-7316,160,8221,128
-4364,330,-2376,1435,-13334,10488,-6574,-1506,-7060,1348,49,1154
-1234,622,-2148,-876,-15226,4840,-682,-1578,-4312,8259,1186,4353
-238,-490,-902,-839,-9069,1866,-2350,-586,-3144,5456,0,1744
-140,434,-562,770,-9939,-1122,-1726,502,-2248,188,6312,-4032
1218,702,-1268,1007,-7215,-3166,1492,-250,-2264,65,592,-3575
1346,1138,-1738,1596,-7712,-4539,1490,822,-2072,570,488,658
1130,304,-1836,2614,-6242,-3770,-1582,186,-2256,2624,1952,356
1498,644,-1816,4235,-7217,-2424,1542,502,-2180,4358,530,513
1582,926,-1762,5706,-8896,-2129,1490,792,-2264,85,6264,404
1832,520,-1532,5685,-9313,-1998,2082,-6666,-2236,48,6913,2132
1638,478,-1244,5791,-8782,-1481,1796,440,-2086,8,258,544
1622,656,-564,4613,-6984,-2077,1490,502,-1688,292,8196,1312
1242,-40,-808,4896,-5939,-1558,1506,-58,-1728,673,8199,57
1574,278,-1186,5407,-7273,-571,1524,46,-2104,17,8608,-892
1628,148,-1294,4974,-6377,-157,1498,-40,-2238,526,9285,-768
1684,14,-1640,4494,-4317,-225,1502,-6666,-4308,4232,8992,-768
1536,428,-1864,4735,-7036,5,1514,440,-2264,4208,9312,18
1166,1322,-1902,4480,-7537,613,-1070,-58,-3762,4105,8325,39
602,698,-1454,4427,-7736,872,-1580,710,-3528,4100,8202,272
1686,230,-1840,3465,-6916,230,1842,-6548,-2118,258,9249,160
1744,-188,-2386,3088,-6687,456,1658,-6282,-2254,2056,9216,418
1474,272,-2470,3490,-8106,761,1554,-6712,-3664,2078,2442,512
1378,498,-2436,3926,-9763,1102,1494,-26,-4044,3329,296,1101
1680,228,-2470,4460,-10338,1247,1490,-72,-3526,368,1036,1186
1152,516,-2342,4660,-10425,1465,-1260,494,-2194,528,5132,1092
796,188,-2228,4560,-11152,1368,-1582,-6568,-56,4128,1068,1072
1120,66,-2054,3992,-11161,307,-686,-6174,-2072,3464,5204,40
924,1150,-1766,4034,-11188,-929,-1960,602,-2260,2816,4128,-2048
1286,1260,-1820,3676,-10059,-1784,1506,246,-2254,2155,6172,-1788
894,1166,-1648,3111,-8809,-2122,-1822,454,-2136,929,6304,-2203
1500,350,-1744,3749,-8327,-2921,1730,190,-2256,642,6,80
1638,992,-1632,4003,-8333,-3366,1906,952,-2232,1475,6165,40
2130,1100,-1680,4385,-8367,-3524,2322,-6728,-1502,257,7427,581
2136,1674,-1818,3849,-7867,-2967,2034,-6730,-1712,2704,8586,145
2346,1294,-1590,3069,-6017,-2492,2586,1078,-2198,2400,10259,11
2300,352,-1342,3265,-4703,-1635,2518,-6662,-2264,2053,9380,-1599
2194,248,-1206,4437,-5469,-1290,1622,-6730,-2072,321,8740,16
2120,120,-1092,4819,-5639,-628,1490,-6594,-2252,704,8235,-744
1820,252,-916,4795,-5716,219,1490,-64,-2262,32,2177,258
1622,14,-942,4419,-5024,970,1754,-6728,-2264,288,3234,487
1310,-146,-1298,4313,-3854,1115,-2174,-6474,-1288,68,4368,1025
626,1126,-1788,5306,-4480,1027,-2252,438,-2088,72,3585,468
-98,1236,-2324,5524,-6796,494,-38,-74,-2262,1477,8225,392
1076,492,-1538,5111,-8328,-106,-2030,150,-2232,4228,769,2832
1492,-136,-2678,3538,-5009,-1988,-2448,-6470,-48,2049,10498,5515
196,290,-2976,3674,-3917,-3128,490,-5866,-3262,2069,8192,4352
-280,886,-3316,3738,-4664,-4678,-514,-5698,-4248,2561,3088,2162
-514,614,-2990,3679,-3344,-6112,-486,-5642,-3272,1578,4106,1213
-988,-480,-2716,3604,-321,-7894,-1562,-4634,-3000,3073,1220,0
-3106,-842,-2138,3354,1612,-9550,-10280,-5626,-2246,1104,72,4621
-3622,-1800,-2642,2258,3392,-12092,-4202,-6408,-3648,2056,1505,1684
-5518,-2188,-3880,223,6813,-15593,-5622,-6472,-8318,69,7170,530
-5040,-5428,-7292,146,16692,-15701,-9726,-5832,-6966,144,16384,145
-3942,-5758,-5324,6742,14624,-15379,-10604,-6578,-5712,4185,12672,16387
3190,-6718,-6698,12864,3850,-9030,-2028,-6706,-5144,12354,2560,18432
3956,-8330,-4182,11332,2700,-1126,5650,-5314,-3266,10248,1325,14417
5438,-8316,-4554,9454,-13728,-7339,5714,-4522,-6834,8339,-15304,1044
6768,-9486,-3684,5446,-20640,-946,5588,-5306,-4180,1296,-24184,3368
4428,-9204,-4634,8794,-8609,3019,3912,-6498,-4180,1026,72,1108
3674,-7984,-3730,13445,1946,7012,1886,-8008,-3912,32,2560,2149
2904,-6746,-728,17550,9065,7908,-1502,-6730,-208,4185,259,4192
5882,-20686,-2368,-1616,10045,3357,-6174,-21926,344,7232,6987,80
-2500,-4318,572,-2280,-6022,12996,-2334,-5706,-216,1574,-8190,9216
296,-5106,-1480,-339,3267,14404,-2444,-5194,640,137,3856,13354
-3098,-2200,-4244,-169,7838,10684,-2350,-4130,128,8640,3508,10509
-4712,-3796,-3440,-2870,9499,18188,-10796,-5706,-5060,5395,402,6
-3658,-1886,-3946,-4600,955,16506,-8194,-6666,-64,1312,110,16449
-2648,388,-3144,-5554,2847,17403,-7430,-482,-216,76,0,17185
-6256,1834,-3456,-4305,-6783,16156,-6152,-6728,-3696,1805,8754,5454
-2968,1308,-3638,-7417,-11910,8459,-2600,-1610,-4308,644,4611,4961
-160,204,-1320,-2766,-10206,3923,-46,-1958,-4216,5762,2176,1479
-372,1250,588,267,-5473,-1520,-300,-970,56,560,3073,-7935
-414,898,-576,1706,-4174,-5239,-2084,-168,-972,1564,800,-6080
374,-132,-882,3186,-5805,-7117,-494,-6698,-1080,5,272,0
1198,-518,-1216,4834,-6087,-6319,-558,-242,-1444,4395,444,0
1292,1504,-2442,4394,-7839,-4191,1490,-6728,-3888,16,278,34
1318,658,-3158,2927,-8104,-1624,1498,-6666,-4162,2593,0,1
1810,282,-3222,3066,-10776,-345,2134,-6466,-3288,64,128,1050
2476,-76,-2310,5039,-12307,-1053,2674,-42,-2260,5122,48,201
2292,516,-1442,7107,-10329,-1853,2522,488,-2110,400,9,-2013
2048,300,-1242,7967,-7497,-1724,2146,182,-1198,2048,24,-1712
1230,654,-1260,8883,-6780,-810,-1038,438,-1236,788,304,-3070
714,1918,-1570,9688,-8451,-771,-1446,-6526,-2248,1280,7683,-4079
1090,866,-1412,7968,-8326,-677,-478,566,-2252,6849,8192,-3005
1700,290,-1770,5766,-7600,-79,1846,-6210,-2248,4352,8706,-2012
1812,142,-1988,3645,-7971,814,1498,-6696,-1856,2259,8323,40
1276,382,-1990,2488,-9266,1903,1490,346,-2200,2084,4674,1281
1202,510,-2112,1513,-10191,2377,1498,456,-1976,354,2096,2048
1652,-252,-2384,676,-8328,2203,1622,-6588,-2228,32,1857,2058
1178,-610,-2302,1577,-7033,1609,-1018,-6728,-2198,1650,8356,1050
284,-18,-2302,3149,-7133,1125,-2600,30,-212,17,1037,1057
226,122,-2148,3632,-7436,-122,-1474,-418,72,1536,514,-768
354,398,-2040,4826,-7143,-1439,-2498,438,-152,33,6,-2042
94,2152,-2006,5356,-7875,-2801,-2406,-6658,168,1114,264,-2932
1320,296,-2066,5686,-8373,-3944,1518,-6538,-2264,68,6914,10
328,1094,-2838,5818,-10527,-3987,-1374,1318,-2864,1728,5120,21
4206,1716,232,3819,-11572,-3361,1790,894,300,2714,128,-3568
1268,1128,-1558,4665,-7584,-2962,1604,574,-1748,224,644,24
1944,322,-1534,3939,-4764,-1082,1618,-6726,-1740,1859,3634,0
1466,-62,-1194,4184,-4076,-714,1494,-6658,-2256,1,3072,8
1666,-52,-1242,4856,-5426,487,1686,-6698,-2136,181,2664,65
1520,-174,-984,4829,-6432,1830,1618,-6472,-1224,512,1024,848
1360,-130,-988,4464,-5459,2262,1514,-6250,-848,324,2051,2050
940,130,-1302,5761,-5905,1867,-1454,-6650,-1224,552,2084,768
140,1404,-1268,5670,-7697,1255,-2606,-326,-1196,1444,8422,1156
894,856,-668,4773,-8827,1269,-1034,-548,-1232,4105,1184,1329
1682,-86,-2094,3640,-9893,414,1554,-6474,-2008,2440,2437,328
1486,-528,-2578,2714,-6628,613,1520,-6698,-2510,2738,8706,96
36,940,-3394,2401,-7632,-96,350,634,-3776,2322,8760,3072
440,448,-3580,2619,-6474,-1512,-2584,344,106,0,8841,2503
-218,-20,-2318,3995,-5090,-3173,-1886,-6666,-2456,3948,8400,4612
-1794,920,-3262,5178,-1680,-7122,-2540,970,-4248,256,10240,1024
-5874,2548,-3580,4455,3930,-13495,-6638,-5706,-3792,4378,4096,284
-8290,1094,-5300,5169,6574,-20940,-8524,-5318,-5336,1256,4101,9536
-4324,-1638,-3824,7719,4296,-22565,-6694,-6368,-3864,6261,4644,9751
1070,-2476,-4220,12236,1693,-21450,5586,-2626,-5656,12353,1056,1088
6920,-4004,-3814,13495,-6466,-18435,8210,-6726,-2260,12309,-6095,14471
5008,-7428,-5412,11491,6210,-4281,2098,-4342,-5336,8736,171,8192
5400,-8094,-4192,9958,-3559,2074,5628,-4680,-4272,1538,-4718,322
2638,-7124,-3404,11584,-6467,6829,2042,-5194,-4032,3840,1576,4099
-670,-5950,2704,14172,7494,7974,-490,-6598,1848,640,2048,1122
3612,-21450,-1096,-6171,8272,4258,-5676,-6696,812,4672,456,289
-734,-4546,3524,-4490,645,11032,-430,-6538,176,17,560,9216
776,-5022,-982,-6229,5091,10247,-2538,-6618,176,50,162,9344
-960,-4982,-3772,-5495,509,13089,-1566,-6474,-3284,2090,128,13458
-5612,-5384,-4854,-6717,1522,16744,-10782,-5514,-7376,1165,629,4
-1952,-2950,-2610,-6385,535,15243,-2586,-6730,-2616,1688,320,2720
-6346,-1198,-3462,-4408,-1251,14984,-10662,-1540,-6744,4226,15757,8274
-2612,1042,-2640,-3246,1403,14721,-2594,-566,-7364,9216,1024,6288
-2846,1002,-3318,-2127,-3238,12257,-2606,-578,-5848,9122,4674,1680
-3272,2072,-2814,-3929,-1245,4770,-8470,-6722,-3266,3592,4544,3676
614,-534,-3368,414,-6376,-44,1010,-938,-3288,536,41,4
194,484,-2194,3015,-11319,828,-396,442,-208,2492,1084,641
1524,502,-4150,4191,-8831,-140,-574,442,-5334,3098,6208,2305
806,-402,-2966,5225,-12437,-106,482,-6724,816,256,3618,1304
416,22,-3390,6465,-14350,837,532,-550,-50,2117,801,327
1090,486,-3368,5389,-14490,705,-428,-6710,-3096,1168,1428,676
1706,494,-3282,3137,-12315,129,1714,-6650,-3280,2440,4112,5
1544,480,-2632,1867,-11233,-301,1522,-6722,-3768,1875,4108,644
1454,676,-2366,2400,-11197,-702,1642,-6554,-4282,385,1050,-759
1376,878,-2460,4613,-12194,-1597,1506,566,-3736,544,4099,-1984
980,1962,-2014,6149,-11890,-2797,-2070,-6602,-2256,1858,4480,-3056
2014,158,-2366,6825,-11463,-3872,2002,-6466,-2252,640,4364,144
1976,1316,-2266,6278,-11183,-3874,2034,742,-2060,32,4192,256
2508,1460,-1800,4969,-12232,-2653,2922,1130,-2232,128,232,-2604
1612,1354,-2260,3107,-9015,-1496,1812,822,-2182,3016,345,-1515
1718,500,-2342,2379,-7463,-950,1494,-6728,-2200,2308,9064,-925
2070,60,-1504,2854,-5354,-1092,1826,-6562,-2004,290,8320,256
2044,254,-1298,4286,-4817,-1712,2018,-6472,-2264,192,8465,1
1960,-152,-722,5252,-4162,-918,1498,-6566,-2176,8,8256,-1024
1784,-268,-946,5824,-4260,38,1874,-6328,-2132,680,3912,4
1100,402,-1444,6853,-4471,562,-1070,698,-2008,2705,3346,537
908,2180,4,5786,-7831,1150,1522,-6410,-1736,1545,354,1088
984,230,-1910,4702,-7729,1018,-556,-264,-2072,4096,8193,384
1966,276,-1708,3350,-4555,468,2138,-6714,-1624,2084,8723,448
1492,-480,-2096,2807,-5092,1146,1678,-6728,-2040,2250,11268,1216
816,142,-2274,1865,-4927,2024,-1518,-70,-2200,1125,9412,2056
722,80,-2644,1926,-5068,2461,-1434,88,-3796,1824,8192,2442
264,-622,-2724,2895,-6848,2464,-1576,-930,-3188,2442,9368,2177
690,-198,-2872,3519,-8783,1868,-1054,-6724,-182,2441,2385,1802
970,-266,-2648,3177,-8606,816,-1066,-6726,-2584,3104,292,196
1030,-106,-2560,3403,-8129,-202,-1950,-6592,-3480,3179,6401,-1279
890,32,-2818,3625,-9121,-776,-1966,-70,-3254,3075,6192,-831
1002,408,-2918,4942,-10022,-1025,-1822,440,-3912,785,6144,1
924,1288,-2876,5368,-10079,-1480,-2442,134,-3790,1025,6272,2065
1222,1124,-2658,5765,-9125,-1942,-1822,1016,-3216,40,6152,2049
1514,870,-2072,5661,-9893,-2181,1782,-6302,-1944,513,6336,1114
2622,1782,-558,3135,-10353,-2172,1492,1494,-1176,48,5,1072
986,934,-2452,2064,-6005,-2403,936,-6726,-2248,1813,8373,1545
-278,536,-2932,2069,-1958,-3836,228,-6218,-3528,644,8193,4416
-1038,590,-2252,4048,200,-6976,-954,-6662,-1866,0,517,1036
-2672,682,-1986,5671,1263,-10165,-2338,-6716,-2008,1056,448,42
-3904,-392,-2252,5241,4443,-12747,-8238,-6562,-204,4,164,2068
-5592,-1054,-3698,4194,5809,-14991,-5518,-6344,-7366,24,1030,99
-4326,-3640,-3498,4912,6556,-14682,-4470,-3780,-7094,6,4676,648
2692,-5244,114,4114,5815,-10975,-2504,-10822,-2240,5000,8204,17459
2186,-5246,-6346,6756,-4544,-8283,1576,-6694,-7880,6855,-7807,6184
2402,-7156,-4038,4913,-17441,-10131,2046,-5450,-4312,4096,-18304,6258
3538,-8942,-3458,5773,-3237,-3939,-558,-5178,-4246,5122,-6829,4
1538,-8964,-3844,8069,-1496,-1700,-2524,-5252,-3794,3952,-3967,-1464
1550,-8750,-4582,12202,243,51,-2398,-6712,-7060,8325,8,24
-252,-7534,-4140,18212,5803,1873,-284,-6650,-4056,18477,2080,1840
-10568,-3334,32429,26370,32767,2331,-18716,-6730,32551,17696,11340,6308
982,-15246,788,8173,8431,5210,-8750,-6598,-178,386,560,4233
-464,-8420,1426,438,80,9207,-164,-10566,-16,7148,522,100
898,-7442,-780,-428,1172,13464,862,-12286,1192,9856,217,1078
-1908,-5260,-2770,332,3815,17006,-2604,-5706,-4040,88,1032,49
-2806,-4392,-3562,-3726,4428,18456,-6574,-6122,-3924,4251,3329,16593
-3070,-50,-1970,-3540,3190,18990,-7714,-38,-2008,4612,1168,18720
-4000,2128,-2532,-2739,-2305,15301,-8734,-6450,-3542,8384,16840,4896
-4472,2038,-3216,-1771,-8609,11294,-8238,-6418,-8280,10314,16956,2048
-2160,692,-3134,-2181,-12199,5682,-1622,-1542,-4302,6064,3654,66
746,-514,-148,-1041,-6218,2,-2430,-582,-214,5282,400,-4864
-616,712,-8,2235,-3385,-2872,-2566,504,-216,2433,132,-3056
-608,1396,-1710,3073,-10061,-4793,-2204,726,-3280,2048,4737,-5088
1320,1350,-2080,4625,-12719,-4790,1618,442,-1932,16,2112,148
2160,250,-1512,4821,-8265,-3962,2262,150,-1724,514,0,262
1550,106,-1806,5017,-6317,-2977,1782,54,-2008,4710,1920,1186
1752,758,-2110,4602,-6744,-2035,1786,694,-2184,4355,9489,104
2086,440,-1704,4864,-8802,-1478,2004,182,-2040,4673,1344,528
2122,258,-1100,6289,-9659,-1465,1794,-58,-1080,171,89,0
2066,-78,-490,8181,-9063,-1504,1528,-330,-976,18,7200,-2032
1814,420,-830,8304,-8367,-702,2002,-326,-728,64,6729,-766
1176,1060,-520,8707,-8379,392,-746,-266,-1158,56,7680,114
1002,1120,-90,7040,-9513,768,-606,518,-214,4864,66,545
1860,-276,-952,4685,-7422,1493,1532,-6724,-970,4226,8992,1468
1040,-74,-990,3438,-6144,2495,-814,-74,-1240,2368,9231,2560
470,578,-1232,2243,-5569,3000,-1572,462,-2254,2114,10240,2112
238,454,-1788,1051,-5230,2628,-1550,438,-2264,1032,8768,2056
488,0,-1816,1488,-6194,1377,-1518,-6654,-2136,512,9607,1024
664,-138,-1790,2522,-7360,351,-1542,-6320,-2200,2562,8208,268
514,62,-1854,3008,-7849,-56,-1302,-6720,-1728,2076,256,-1388
732,-352,-1798,3233,-8388,-510,-1582,-6730,-2264,3140,6912,-1755
440,270,-1956,3841,-9646,-607,-1570,182,-2144,1746,6500,-2044
406,1052,-2450,3637,-11084,-849,-2446,-58,-2248,1568,5160,-1016
780,914,-2546,3578,-11703,-1682,-1556,694,-3544,1056,4656,264
1604,656,-2422,4115,-11551,-3058,1922,-6626,-3320,26,4740,280
2086,1250,-2328,4765,-11065,-3830,1746,1222,-3640,704,144,72
1890,1986,-1944,4967,-11951,-3752,2002,-6344,-1928,832,64,12
2980,1126,-1438,4558,-9498,-2861,2514,-6506,-2072,392,1026,0
2224,620,-1712,4989,-6421,-2503,1558,-6694,-2260,179,8962,65
2184,230,-1026,5477,-5035,-2252,2286,-6714,-1986,28,8204,-2271
1570,192,-1102,5667,-5188,-1402,1746,-6664,-2198,554,8716,-1392
1684,-156,-1476,5401,-7150,-474,1634,-6706,-1556,1160,9284,21
1302,740,-382,5957,-5536,115,-2038,950,-44,1283,8197,98
3448,1836,1154,2581,-6557,294,1786,-6566,80,77,8193,393
228,-390,-2214,1795,-1613,390,-1710,-6698,-2124,1536,6670,209
626,-700,-3568,1742,-675,-993,-2600,-6472,-168,324,8320,2754
-1878,20,-4300,3707,-2803,-2658,-2018,92,-4152,1536,8192,5184
-2134,482,-3534,4221,-1062,-5875,-2462,782,-3784,64,10288,896
-3528,278,-4108,4137,3769,-9984,-3338,-6726,-3924,16,896,2084
-6224,-98,-4924,4594,4462,-13851,-6668,-6472,-8020,32,1664,156
-6038,-1592,-5646,6085,9432,-15867,-10660,-5674,-7464,80,8293,0
-3478,-2478,-5636,8341,4484,-18168,-6692,-6470,-5336,8196,1569,12304
-1220,-3866,-3930,9215,-197,-16978,-214,-6634,-3224,8461,20,2592
4366,-5424,-3892,8159,-1039,-7136,1570,-6472,122,8628,-3292,16922
5226,-7176,-3462,3859,-13665,-10383,2588,-3912,-3366,3600,-14044,2050
5150,-9774,-4558,3665,-6380,1675,2518,-6578,-6616,3160,-6080,169
2720,-9290,-4534,8523,-3000,3487,1562,-4680,-2774,8330,-1937,137
1040,-8224,-3832,9984,4820,7527,1082,-6726,-4162,9024,216,2444
-408,-7704,-3816,13994,8381,8493,-142,-6710,-4216,5504,174,8608
2206,-6740,-9828,18885,9589,10026,6610,-6702,8684,18560,10256,3072
-2130,-14324,-974,1444,6575,4662,-1902,-4294,2484,2116,5264,256
-1772,-5238,-324,-1847,-7739,13403,-1740,-12982,-40,9730,-8191,20
792,-5860,-3336,-7714,7007,14390,-298,-6282,-3926,8206,4100,14448
-3046,-894,-4924,-4987,-1345,18241,-8238,-68,-7512,11397,8290,16484
-2678,-2332,-4212,-6548,-120,16353,-2486,-2634,-7880,8204,12708,3584
-3198,830,-2138,-4287,-2897,12695,-8228,-586,-2216,9792,13458,4168
-2664,976,-1584,-2839,-3251,10017,-6446,-234,-3792,8210,12322,8196
-2848,1046,-3058,-2333,-9447,8442,-6890,-2170,-7224,8727,195,13
-1358,932,-2454,-1496,-10645,4519,-1582,-1272,-4156,6272,4672,64
-1370,1568,-812,378,-8159,1631,-2338,-6690,-3092,50,134,1104
-474,-374,-276,957,-6223,-2102,-2350,-578,-80,992,1153,-2560
1416,-1100,-1260,2263,-6782,-3751,1690,-5702,-2256,2408,1096,18
1706,690,-1700,3856,-8415,-3665,2002,694,-1624,2564,4359,257
1276,1808,-2416,3383,-10209,-3680,1506,-6708,-3798,268,4140,32
1836,956,-1982,4258,-7237,-3286,2130,-6698,-2136,1,27,568
2040,410,-2352,6435,-7284,-3154,2266,514,-2198,6160,833,929
2162,646,-2162,7783,-8564,-3115,2146,438,-2176,5734,514,544
2448,460,-2106,7409,-8639,-2384,5618,-1794,-208,7216,2604,514
2052,-144,-1268,7124,-8809,-562,2004,-298,-2128,5152,2065,-440
1996,920,-28,7714,-9841,1325,1554,966,8,6166,2312,16
1904,1326,-946,5846,-11239,2736,1682,214,-2136,4768,1025,2715
1134,308,-2056,5071,-9455,3094,290,-294,-4280,4928,4688,2640
1810,-68,-2040,3663,-6913,3006,1522,-74,-4064,2560,9614,816
260,340,-2878,2425,-7413,3245,-222,-74,-4054,322,8328,128
134,380,-3062,1891,-8715,2001,-478,-6628,-4308,1131,4232,1281
1070,158,-2214,3356,-9359,-7,-972,-6504,-4150,3218,4480,-1218
1212,364,-1838,4375,-8328,-1598,-1638,-282,-2262,306,5940,-2040
1108,-128,-2390,4225,-7344,-1589,-2092,-6432,-2870,96,8522,-1566
934,-104,-2556,4791,-8686,-923,-2010,-6210,-2728,256,333,-896
904,488,-2486,5062,-10745,-732,-1902,438,-2688,912,5378,-1020
314,1556,-3004,5102,-10667,-488,-1548,-6730,-3148,737,4609,-1021
644,462,-2872,4113,-11235,-1073,-2222,22,-4100,17,5078,134
1678,248,-2718,4302,-12193,-1716,1890,-6186,-3784,11,72,0
1702,968,-2218,3408,-11540,-2208,1626,456,-2200,1280,128,1060
1958,1018,-2758,3759,-9306,-2501,2002,1094,-4272,1664,4,592
1982,1108,-2440,4358,-8353,-1869,2106,440,-4184,288,576,136
1986,94,-1430,6240,-7517,-1475,1506,-6586,-2128,2192,8210,576
1664,240,-1264,6271,-6399,-1897,1748,138,-2136,2108,8482,128
1538,18,-1262,6219,-6161,-1120,1778,-2,-3216,2112,8852,24
1372,-246,-1256,5806,-5115,245,1490,-6722,-2260,1024,9288,293
1308,-156,-1660,6006,-4853,764,1490,-6474,-3600,1492,9450,528
-1184,1538,-2486,6235,-5700,412,-2474,-6692,-4276,1569,10240,256
1666,670,-2014,5294,-7046,-534,1632,574,-3840,4116,9473,3110
-372,-222,-2976,6070,-3702,-1187,-2594,-390,-3916,4704,8576,4352
-638,56,-3664,5924,-2908,-3220,-426,-6704,-3672,4128,9241,4864
-1710,266,-4372,5582,-2692,-5931,-2606,-26,-4306,1421,9281,2076
-2868,432,-4068,4606,-843,-9205,-2414,-6472,-3920,384,10256,2394
-3798,-1072,-4190,3364,-161,-12371,-3886,-5322,-3288,6,292,3972
-5146,-2284,-4474,2381,1438,-15088,-6638,-6718,-4568,2051,1284,164
-3826,-3900,-4478,2558,2233,-17295,-5674,-4490,-8334,2073,2305,10772
-916,-5078,-4352,4389,1679,-18299,-2598,-5128,-4214,4260,1408,8
-20,-7032,-4668,5748,-1775,-18041,146,-8390,-3846,4120,-1983,2767
3966,-8566,-3882,4926,2671,-7705,2002,-9158,-184,4889,368,9228
4938,-9844,-4150,4425,-3897,-2670,2082,-6120,-4056,4354,-8192,6168
3440,-9962,-4484,7324,-3571,2943,2692,-6542,-7188,5648,-8044,8
724,-9242,-3478,10631,2828,5079,-1374,-6340,-3880,10242,1025,4104
-490,-8630,-3388,12409,9473,7219,-512,-4678,-4180,4392,0,3106
-682,-7824,-2988,16812,9426,7552,-424,-6706,-4262,16896,8273,2272
-4214,-6376,29756,24265,24336,6733,-26604,-6730,32551,17441,23189,4488
-2290,-16336,-3888,2986,1263,5181,-10260,-14778,938,4233,1168,322
802,-7670,1552,-2842,-5808,9198,-1958,-10790,-216,4144,-5406,0
-644,-8588,-2982,-1338,1697,12776,-2190,-12742,-2888,10240,96,128
-490,-5900,-3124,-2440,1171,14732,-542,-6090,-3640,13474,1121,259
-5024,-5112,-3382,-2528,-2300,14030,-9882,-5640,-3288,8732,8228,1555
-2052,-4356,-1286,-363,1324,12080,-2028,-4670,-2232,8068,528,292
-1844,-2598,-2282,390,667,10984,-2542,-2614,-4102,130,32,2100
-2576,-926,-1802,1356,-3628,10041,-2534,-802,-6296,1024,12290,1344
-1252,1056,-2018,1915,-2509,8557,-2474,-3254,-6296,8,8704,454
-2562,3058,-2168,2187,-6698,8047,-416,-5570,-200,1024,2096,0
-3940,-628,-1530,-3454,-4951,-2966,-5166,-6658,-2200,96,3,-3324
332,166,-384,2368,-6198,-1559,-428,-582,-1336,2219,913,600
274,546,-1570,2153,-6451,-463,-1502,200,-4312,48,1539,3072
1798,-278,-3068,3988,-7619,-684,2138,-6666,-4304,388,8256,2073
2686,-842,-2832,4090,-8054,657,2790,-6386,-3784,4131,8261,256
1780,-288,-2098,3991,-10196,1801,1956,-6718,-2264,3460,513,800
1498,236,-1702,4911,-10810,2153,1682,-488,-2200,100,512,8
890,564,-1574,5764,-9496,2043,-1582,8,106,74,1280,400
1020,556,-1866,6823,-10204,1092,-1026,590,-1744,2576,4749,576
826,2050,-1908,7573,-12065,-612,-958,-6682,-4312,5138,4,323
1954,748,-1594,6793,-12487,-1472,1490,-6538,-2264,6169,1664,560
2570,282,-2082,5762,-11006,-1304,1746,198,-2128,4360,4359,784
2072,492,-2870,4796,-11043,-147,1490,454,-3796,0,4352,388
1384,618,-3306,3163,-10005,1309,1524,604,-3512,3088,2051,1040
668,42,-3038,3824,-10424,1564,-1324,-22,-2710,513,562,1280
1258,-154,-2528,4676,-10822,307,1498,-6342,-3544,4634,1216,208
728,470,-1914,5078,-9753,-636,-1550,-6694,-3736,4112,524,-2048
952,96,-1932,5021,-8983,-1340,-1898,-64,-2190,4400,7176,-3552
546,1064,-1594,5595,-8355,-1616,-1518,504,-2248,196,6656,-1887
350,1048,-2254,4531,-8963,-2012,-1550,-266,-2136,290,7172,-2047
1124,1066,-2268,4180,-9547,-2807,-1066,-6646,-2136,0,514,94
2134,128,-1856,2656,-9012,-3335,2130,-6200,-1748,41,340,676
2088,430,-1476,2173,-6503,-2744,1778,-6698,-2000,35,8704,256
1730,878,-1558,1683,-4430,-1057,1686,448,-3536,544,8968,19
1386,20,-1668,2920,-4264,640,1506,-26,-2260,2368,8990,517
1328,6,-1814,4510,-4523,508,1490,-6656,-2264,320,8738,44
1132,-176,-2080,5899,-4659,-137,-1484,-6728,-1940,35,8577,772
916,-140,-2112,6196,-5192,-376,-1948,-6666,-2184,2099,8457,1576
850,726,-2484,7238,-4829,-661,-2590,438,-4176,3072,9472,2080
-76,1242,-2784,8368,-6307,-701,182,438,-4304,0,8391,2116
-40,376,-3228,8088,-8341,-1608,-460,-6474,-4310,3844,772,4356
-1458,-58,-4566,6509,-6675,-5329,-2590,-6612,-3796,2544,9792,2176
-3646,858,-4050,4902,-2627,-9870,-3630,-6730,-4056,2,9736,0
-5614,-730,-4496,3085,1158,-14295,-5386,-5874,-4176,2368,0,1024
-3662,-3380,-3062,3721,2518,-17145,-4398,-5566,-2968,15,19,7426
-1060,-4412,-3008,3704,733,-18068,-9454,-6730,-3220,32,544,14338
908,-6696,-3204,3452,-270,-17320,-2090,-9348,-4128,3280,-3070,3088
4352,-8408,-2212,2771,3057,-9696,-490,-6696,-3528,32,1066,7682
2552,-9454,-3658,3611,-1858,-3494,-1324,-5690,-4242,1096,-8048,8256
3190,-10466,-2942,4242,-4697,1164,1490,-6586,-2950,227,-6655,386
1354,-10394,-2530,5966,2403,2579,-2318,-6702,-4008,4418,59,2570
1044,-10062,-3150,8122,5471,5657,1490,-6018,-4296,8240,1126,4624
234,-8628,-3986,13787,6705,7150,-2606,-4682,-4312,1219,6,2112
4124,-8234,-2318,22398,11594,6809,-27182,-6730,32551,27909,25209,1796
390,-10236,-370,4096,4606,10436,-2536,-9542,568,32,0,8454
-2280,-6328,-572,-2588,3357,13420,-2402,-6666,830,5320,2576,13370
-2470,-5974,-4064,-3284,1091,15642,-3054,-5702,-4136,8864,91,13585
-1722,-3404,-3856,-4871,-3150,18421,-2478,-6690,-4312,8261,5248,16384
-1262,-338,-2798,-2473,2919,17202,-2478,-582,-3232,4260,2114,16512
-4000,2252,-1886,-2051,-849,14485,-8750,-6410,-3688,8198,14900,4193
-4852,2050,-3096,-4139,-8512,10234,-10270,-6634,-7352,9731,18816,9235
-344,-964,-1614,-5219,-106,2611,-2540,-842,-4178,8488,9024,48
-2126,958,-718,1054,-4276,-1412,-2478,-522,-1728,76,2720,-6007
-1000,278,-1802,1647,-6959,-3692,-1022,-450,-2264,1184,11,-4096
1240,-886,-1246,2167,-10902,-3859,1618,-6006,-2152,2121,267,1
2064,438,-1986,2692,-9788,-2650,2070,-72,-2196,2192,4484,512
1110,1024,-2648,4010,-9885,-1536,-1030,-6422,-3800,1026,6145,706
1712,-8,-2676,3909,-10516,-325,2002,-42,-3594,768,5812,592
2206,578,-2012,5182,-10524,-1069,1746,586,-1992,128,5904,-1199
2190,722,-1654,6773,-9682,-1706,2124,702,-1620,6144,4168,-1790
1982,346,-1122,6835,-8585,-1678,2066,-8,-918,2208,6824,-1718
1722,-32,-1124,7310,-8689,-1529,1618,-14,-2128,4290,123,-1837
1534,974,-1508,8766,-9963,-1841,1754,1014,-1732,517,6165,-1968
1576,1478,-996,8438,-10958,-1268,1922,-6708,-2008,2,16,-1207
1542,1214,-1214,7101,-12282,-200,1586,440,-2136,6331,4162,-512
1390,1296,-1586,4706,-9940,372,1530,1046,-2248,4363,4576,132
1356,-116,-2296,2734,-10063,1028,1490,-6698,-2264,2689,4100,42
1662,660,-1534,2323,-9405,1047,1530,522,-1976,2048,4112,1027
950,-16,-1532,2245,-8340,1653,-878,-578,-1992,210,3152,597
704,178,-1878,2355,-7514,1060,-1070,80,-1844,4,8338,386
652,96,-2078,2585,-7264,-60,-2222,62,-2008,2612,8608,-2010
582,346,-2008,2904,-7258,-1506,-1194,-6664,-4014,2048,130,-3834
864,-46,-2348,3543,-7563,-2462,-1436,-58,-2196,2065,0,-4032
-40,2724,-2530,4550,-8423,-2762,-2094,-5642,-3158,32,6696,-2902
1058,486,-2474,5489,-9121,-4094,-1390,-6730,-3470,68,6168,-4333
2280,1176,-2170,5710,-9389,-5121,2532,-6154,-2108,512,4888,40
1942,1462,-1752,6214,-7608,-5268,1524,-6728,-1672,7,168,-5200
1894,762,-1708,5474,-5886,-3120,1630,568,-1752,0,2404,5
2194,118,-1502,5079,-4899,-573,1590,-28,-1464,685,8200,546
1564,-246,-1574,5748,-4581,121,1694,-330,-2256,148,3612,148
158,-76,-2300,5858,-5243,689,-1838,-26,-2184,1172,8594,524
70,-508,-2838,5921,-3163,-1112,-2302,-586,-2768,1344,8256,4362
-3674,916,-3058,8796,-1699,-3854,-8686,-514,-4036,8,12632,2640
-3866,926,-3482,5542,-6131,-7081,-10684,-1098,-2132,5122,11616,8292
-5322,-910,-4242,8479,7080,-13618,-9652,-5306,-7738,0,1025,18452
-4354,-3156,-6540,9152,-286,-16069,-10406,-5450,-6328,13,-2022,224
-1004,-2974,-5648,9464,-347,-13757,-548,-6728,-6312,1031,-5630,16392
3164,-3218,-5440,6986,-5148,-14007,2200,-6470,-7282,2066,-8184,808
4326,-6374,-4516,10044,-8200,-8483,4562,-6610,-4020,8226,-7588,7216
3786,-8174,-5210,11878,264,-2052,1670,-4278,-8360,3840,164,522
952,-7516,-4632,18161,3017,2324,-1578,-6466,-6854,16496,38,0
-8536,808,-3390,-4525,1150,-694,-1198,-6402,4268,-3712,194,-4063
-798,-4780,1134,5051,9656,10282,-1446,-6326,332,2568,146,2332
-866,-7274,-990,-3697,7224,15867,-1966,-12474,40,8624,4161,16105
-3814,-5474,-5636,-3602,-1266,17690,-7702,-5546,-5836,8450,2085,1537
-234,-870,-3494,-3805,3073,20475,-2062,-6730,-3672,4352,516,522
-4870,1712,-2354,-5996,2619,16060,-10798,-6722,-2240,0,2080,16027
-4982,1914,-2366,-6211,-1874,12425,-9768,-6680,-3912,554,17544,4112
-2730,822,-2214,-6527,-10435,9230,-2574,-1606,-4304,712,5162,520
-294,2,-470,-3425,-5180,3988,-42,-580,-216,576,8,3076
178,546,-826,876,-3226,-1787,-1838,570,-1952,48,164,-2044
276,1474,-2230,3258,-6183,-4450,-2350,-292,-1102,2116,36,1633
1240,-832,-1800,5390,-7527,-5451,1490,-6206,-1558,5318,72,2088
1946,2368,-216,6241,-8359,-3963,2018,-6726,-910,5608,3346,256
1726,1076,-1322,4013,-8377,-1701,1572,462,-1272,256,4846,2050
2408,422,-2126,2218,-8235,-781,1502,-6722,-136,2096,7752,3330
2026,-50,-1500,2556,-7742,-771,1554,-40,60,2151,200,2064
1986,-32,-1848,4799,-8652,-676,1494,-482,-136,772,6784,1280
1860,-4,-1514,6481,-7718,-209,1498,-74,-1870,4170,8224,-476
752,1688,-1116,7458,-7633,22,-1038,-6474,-1992,7312,8704,4
2532,1452,-1516,6320,-8453,-723,1500,1206,-2136,6152,1792,-2934
1562,498,-1620,3917,-3237,-522,1492,472,-1720,66,9008,-2536
1016,-752,-2926,1606,-4436,560,-1058,-6678,-3252,1026,10254,532
1190,60,-2808,1239,-6276,2188,1570,-70,-3668,1198,8280,12
836,-278,-2398,2891,-8789,2723,-1452,-570,-2264,2995,7322,206
544,-474,-2304,4182,-8637,2414,-1442,-6602,-2598,152,6146,2314
50,104,-2072,4798,-8948,1469,-2590,-474,-1998,0,5319,1081
780,-610,-2292,3935,-9356,159,-1006,-6730,-152,1280,4100,124
660,524,-2310,3787,-8368,-477,-1450,446,-192,512,6728,-508
30,1564,-2556,2728,-8771,-1219,-2222,-1256,-2692,2624,401,256
1168,466,-2962,4193,-9777,-2055,-202,-6722,-2868,0,2352,729
1716,1504,-2522,4731,-10908,-3076,1554,1224,-3158,163,1298,713
1794,1826,-2292,4770,-10825,-2688,1554,-6690,-4296,72,1552,-2812
2392,366,-2202,3482,-8313,-2741,2530,-6514,-4046,3330,8218,-2910
2258,-324,-1452,3911,-6486,-1272,1490,-6658,-1878,1544,8324,-1516
1834,-210,-1756,5334,-6314,-45,2006,-6602,-2136,1058,2,0
1084,-198,-1494,5743,-5622,1264,-1790,-6616,-1486,44,2124,1137
888,-614,-1868,5704,-4066,960,-2088,-6698,-1944,547,4224,517
-834,940,-2796,6831,-3826,-710,-2252,-54,-3752,2193,8410,1280
728,506,-2984,6837,-5047,-1057,-2282,-70,-4056,4640,11276,2089
1552,-784,-3446,7158,-4879,-1526,1794,-5642,-3800,4168,11392,2595
1154,-56,-4180,6792,-8420,-256,1492,-6564,-4178,4096,3781,3219
678,-220,-5362,5360,-8312,909,470,-6474,-6286,4228,2596,256
304,-214,-4272,5518,-8734,-293,146,-6410,-4272,4582,552,3332
-1336,-108,-3882,6782,-6885,-2412,-2606,-6696,-4296,2064,8449,4096
-2828,-490,-3986,6070,-4767,-4560,-2950,-840,-3990,5128,1092,2178
-3574,-778,-3758,5679,-816,-7337,-8614,-4906,-3672,529,12672,8737
-5404,-1170,-4076,5694,1306,-11087,-6510,-6528,-4200,1536,128,164
-5982,-2062,-3886,5262,1547,-14259,-5732,-6474,-8152,356,514,1554
-3928,-3004,-4980,5172,928,-16936,-3618,-3402,-7366,5168,0,5
-1586,-4418,-4074,6446,2153,-18500,-2350,-6530,-4308,6216,2122,4105
-1488,-4812,-2424,7337,594,-16249,-2094,-6722,-8384,8,-2492,1393
3088,-7226,-3302,7615,3467,-8348,1874,-4674,-3540,608,132,8837
3244,-7944,-4262,6788,-526,-2407,2010,-4134,-4264,6688,-7990,4098
3034,-8302,-3336,5631,-6576,1879,1494,-4600,-4166,1506,-7644,40
2166,-7764,-2738,8778,-2369,4179,1938,-4138,-2904,8357,-4088,2450
944,-7022,-3532,13128,2686,4042,-2022,-4630,-3416,1025,2305,4210
1868,-6582,-666,16743,7070,7441,1702,-6726,-216,16776,6144,1027
7784,-14258,3074,-6114,15616,-3567,5586,-3650,-4552,9232,8198,-7358
1484,-3208,1562,-18,918,14042,-2460,-5698,900,3140,586,4224
-1874,-4310,-460,-4120,7728,18827,-2580,-6730,808,8193,2636,2146
-4024,-2050,-6288,-3111,4606,20649,-8202,-6570,-8088,4355,4112,360
-3244,-462,-5630,-6436,-13234,5633,-1220,-5510,-8396,2584,3109,8196
-3052,1140,-2066,-2345,1563,22640,-8046,-2630,-1712,1024,8,5765
-6168,2420,-1332,-3649,-760,15066,-10670,-6218,-214,546,16386,2304
-8808,808,-4048,-7777,6302,8743,-8748,-2628,-6872,512,268,128
-1246,-238,-3876,-6463,-4451,4723,-970,-2386,-4244,88,11489,4741
-388,-1192,-1120,-3876,-5187,6054,-2590,-370,-4230,4106,10240,1152
78,20,-2960,1319,-10739,-38,-1532,-32,-4144,48,5441,-3888
1152,214,-3100,4133,-11841,-15,-942,-10,-4312,84,4096,-1120
1066,-206,-3264,5083,-13104,-1959,-720,-6588,-4168,2,3092,42
1306,74,-2742,6512,-13103,-1800,1490,-6474,-3512,400,256,386
1074,628,-2800,6806,-12773,-1700,-698,-6698,-2740,72,1084,11
1726,244,-2754,5213,-11600,-1401,2054,-6472,-104,64,596,-1404
1656,800,-2400,4627,-10967,-1272,1778,-6338,-200,529,5121,-1772
2082,1820,-1598,3477,-10424,-873,2270,-6722,406,280,5958,11
1616,2092,-2402,2689,-11557,-1268,1674,-6186,-4180,524,0,4
2570,1012,-2254,3465,-11461,-2219,2526,858,-2134,1314,4376,0
2982,806,-1826,5057,-12100,-2415,1644,-6634,-2264,1025,4130,136
2372,1882,-1910,4616,-10440,-2128,1618,-6728,-2080,42,5610,1664
1782,660,-2374,3875,-8239,-1637,2082,522,-2168,3584,5,288
1860,220,-1668,2865,-5758,-1628,2002,-6218,-2116,2822,2324,-2038
1634,166,-1198,2589,-5301,-1489,1634,-42,-2120,520,2,-1997
2076,4,-840,2839,-4868,-869,1494,-38,-1112,24,3392,-2008
2122,714,-864,2798,-5081,-36,2006,462,-208,98,168,-2060
2926,48,-216,2301,-5023,650,3058,-6722,-216,32,1165,64
1538,990,-122,3225,-3985,901,1618,718,-150,1328,4116,1032
1422,1722,-832,3718,-4952,757,1640,-6722,-1752,2097,1127,10
820,1080,-1652,3620,-4943,562,-1022,1034,-1694,3104,2049,512
1496,120,-1958,2281,-2521,-211,1684,-6718,-2136,142,4640,-952
1300,-806,-2242,2645,-4656,305,1522,-778,-216,2176,3116,272
1392,-482,-2052,3447,-6552,605,5606,-470,108,1424,8707,16
870,230,-2124,2970,-7835,1329,1170,10,-216,281,8485,63
880,194,-2594,2537,-7449,1724,-422,192,-3464,516,8281,578
554,84,-2870,2964,-8987,1513,-1230,-40,-4070,2372,5128,1288
788,-186,-2912,3441,-10402,1169,-1070,-6594,-4312,2049,1828,1054
1052,184,-2762,3408,-11042,694,-1732,-6466,-4176,2304,226,633
1312,46,-2460,2924,-10174,-43,1498,-6218,-2886,2099,97,-1132
1240,616,-2628,3419,-10003,-654,-1556,704,-2648,1344,136,-984
1100,774,-2544,4052,-10666,-1262,-2094,566,-3032,4,5639,-1374
1358,936,-2004,4736,-10902,-1955,1676,566,-2104,516,4256,-1992
2312,1136,-1764,5311,-10534,-2036,2466,502,-1664,53,1673,1
1734,1358,-1914,5187,-10973,-1773,1492,706,-1872,952,1187,257
2684,500,-2192,4294,-10910,-1420,1768,-6728,-2256,132,4356,546
2740,1522,-1842,3724,-9588,-1023,1498,-6570,-2264,1060,6736,1
2658,1760,-922,2642,-7434,-1468,2658,-6650,-1740,2060,833,-1516
2220,590,-1220,2235,-4883,-1294,2274,-6726,-2256,2208,3328,-2028
2384,584,-1348,3107,-5281,-357,2650,440,-2260,1025,2161,-1008
2430,598,-868,3493,-6005,-197,2534,470,-1940,1448,2176,-1238
2582,424,-844,3389,-4723,-252,2612,326,-1240,1203,2592,-1780
1966,320,-694,3670,-3307,-402,1582,-10,-1086,2176,4418,-1502
998,1518,-700,3250,-2311,-643,-1578,-6708,-1144,2144,4800,-1022
1630,1046,-1252,2763,-4153,-550,1666,694,-1140,2168,2840,128
534,708,-1952,3198,-6171,-912,-1436,502,-214,3092,8262,513
310,300,-2712,2237,-1959,-3144,-2214,-314,1482,2112,10538,4
-2540,724,-4086,2444,1650,-7563,-2606,-510,2216,2070,1697,2
-5500,1420,-4928,4694,2569,-12788,-10798,-1034,-5302,166,2,1548
-5276,-236,-5906,5845,1909,-15009,-6178,-1354,-8390,4690,768,16557
-4384,-1554,-5826,6548,2451,-15414,-10284,-6666,-16542,68,68,9
-3218,-2834,-4432,6909,4575,-16984,-10146,-5186,-4310,6980,20,11585
-1794,-3780,-4114,9096,3743,-16348,-1446,-4602,-4156,8224,3088,2180
1178,-4710,-4000,8999,-1754,-16376,-56,-5034,-3800,8454,-4096,16449
5554,-6634,-398,7595,-4388,-13961,5586,-6726,-3736,4672,3344,768
4374,-7732,-4958,6631,-906,-4297,2706,-4408,-8120,2880,-1152,4097
3126,-7092,-4870,8741,-3742,2016,3094,-4506,-6872,8265,-4028,2309
3940,-7486,-3820,12071,-1991,5550,2024,-5706,-7880,8475,-2048,4168
156,-6898,-3180,16968,3615,5552,-2606,-6434,-4288,16481,3328,4
-15570,23970,21020,-5944,15780,-1849,-10012,-4514,9022,-11372,3136,1132
206,-4812,14,3149,2924,10650,-366,-4680,-182,322,2049,9224
-894,-5886,-744,-945,1888,14158,-494,-5690,1434,6536,64,12292
-4588,-5372,-4030,-1975,5696,18362,-8716,-6526,-5304,6385,4451,32
-882,-244,-3356,-2033,3346,18587,-2090,-458,-4310,5152,2128,13
-5964,2110,-2806,-4125,1971,18530,-6094,-6178,888,162,1552,16970
-4188,1328,-2036,-5697,-1577,14527,-8750,-2342,56,-5992,16514,4104
-6206,500,-2210,-6308,2359,8991,-7658,-2618,-4120,1179,772,176
-4030,-1212,-2922,-8557,-5929,3536,-8348,-1470,-6744,6599,18568,3073
-492,-364,-878,-4911,-3977,5201,-540,-326,-4056,36,9604,1025
-206,1468,-1206,-1317,-8191,225,-42,-522,-2264,770,1508,-4352
1044,464,-2330,773,-7457,-2669,-1514,182,-2264,909,-8000,-3966
1176,-380,-2348,3261,-8438,-4391,-678,-344,-2200,3204,1540,1152
1374,456,-1420,5183,-8886,-4802,1626,454,-2230,5131,4096,2112
1306,290,-1924,6775,-9786,-4802,-1048,-202,-2200,588,6473,2048
1312,1018,-2386,7235,-10003,-3149,1522,950,-3376,1026,4121,1
1482,1070,-2296,6374,-8118,-1824,1770,1046,-2260,0,0,2337
2240,1262,-1206,3857,-7441,-1232,2044,1222,-1012,2599,678,2048
2492,944,-700,3086,-8511,-1192,2546,448,-584,1028,6544,2306
3140,610,-1050,3802,-10149,-641,6370,-574,3118,4,145,292
2352,290,-704,5094,-7335,-195,2540,-310,-1240,4170,8352,-970
1520,170,-762,6236,-6114,-193,1566,120,-1240,6148,10309,-2048
1120,270,-56,5070,-3518,-287,-510,80,-180,4960,8864,-2048
538,826,-826,4862,-5674,-51,-556,-6,-2864,4125,8220,-2038
746,360,-1224,4192,-8345,755,-1484,310,-2130,4097,1355,265
1134,390,-1894,4217,-8351,652,-762,-202,-1744,49,8192,67
1380,394,-1808,3318,-7075,620,1618,-6530,-2264,1026,8320,68
1330,-2,-2100,2011,-7026,806,-766,-322,-2232,1125,8224,388
1368,112,-2136,2045,-8120,1074,1514,-74,-2244,2055,1633,1088
1400,372,-2062,1956,-7602,1007,1576,260,-2260,1076,8704,528
1230,-170,-2300,2186,-6932,1040,1490,-6628,-2184,2132,9232,216
492,94,-2500,3441,-7349,615,-1534,56,-2344,2050,8768,522
400,66,-2560,3878,-8606,108,-2376,-4,744,1856,1048,6
712,132,-2366,4037,-9105,-505,-1574,-6712,-2264,2862,3206,-883
814,362,-2050,3741,-8665,-1151,-2086,-6602,-2008,2052,0,-1792
922,82,-1948,3733,-8615,-1753,-1996,-6698,-2070,2180,5376,-1770
1016,60,-1970,4420,-9300,-2071,-978,-6522,-1998,1,4452,-3487
548,1790,-2008,4611,-9779,-1961,-2570,-6714,-1984,296,4482,-2015
1438,2,-2012,4649,-9043,-2666,1682,-6630,-2008,64,5160,-3033
1724,918,-2004,4296,-8346,-2859,1490,988,-1944,144,4675,32
1920,542,-1748,4525,-7634,-3326,1582,506,-1704,160,512,160
1650,1000,-1614,4713,-6382,-3016,1762,-6730,-1752,561,1089,134
1600,1580,-1534,4105,-6178,-2107,2010,-6598,-1696,1409,388,-2016
2750,690,108,2969,-4280,-535,2802,598,-44,848,4096,-1024
1420,-84,92,2440,-1853,-238,1686,-6602,-174,324,4368,-502
1192,6,-558,3783,-1747,178,-998,-40,-724,780,6164,272
1388,140,-556,4373,-4011,1296,1538,118,-982,33,2212,1058
1448,418,-758,4042,-5374,2216,1554,272,-1112,1409,2577,2185
1530,128,-1008,3661,-5187,2185,1812,-54,-984,1628,2202,2048
780,892,-1166,3755,-4901,1959,-1054,566,-1076,2561,8218,868
-142,206,-1584,3242,-4902,1713,-2090,-42,-2162,3228,8200,1284
1258,-192,-858,3538,-6648,2607,-746,-198,-984,3184,8465,6
998,-494,-1876,4251,-7436,2101,-780,-578,-1720,18,8192,1246
1044,-260,-2736,3667,-6565,1796,-792,-264,-2688,2562,9728,4
-538,618,-3532,3905,-9057,1532,-2530,458,-3416,3840,4117,288
-216,422,-3730,3426,-9638,-550,-542,40,-3628,1282,2560,3081
496,-446,-3756,2893,-8315,-3489,-510,-6586,-202,1032,3712,4096
-2588,1484,-3064,3773,-3935,-9134,-2330,-6534,-960,2112,13380,81
-4572,2298,-3870,4089,2719,-13486,-4610,1464,-4038,0,32,512
-6484,1518,-5478,6074,3359,-17801,-6676,-966,-7250,4251,96,14686
-5808,844,-5340,7551,699,-21469,-6574,-4424,-8400,2252,32,8513
-3774,-712,-4860,7462,-445,-23060,-3382,-2496,-7380,4120,-3952,8448
-664,-2182,-3290,8044,1030,-23527,-2220,-2626,-3968,3744,288,224
3936,-3760,-3142,9034,-2860,-19692,1686,-4670,-4272,8193,-2800,16
6086,-6500,-3188,8177,-2640,-14903,6610,-4162,-3734,8264,-2743,2312
6356,-8756,-4696,10628,2987,-3092,6110,-4546,-7882,2569,131,5442
5112,-7990,-4164,12570,5597,4895,3794,-4426,-4296,4104,5256,5133
1530,-6330,-2312,15588,3185,9443,-680,-6346,-1966,3072,3172,8192
-19088,26045,24130,-7797,22433,-4786,-24100,-3562,16328,-16367,8544,292
-2796,-9674,-418,1484,6887,7985,-10574,-4998,-1708,72,84,3861
2352,-5940,2126,-4286,-4270,10199,-1546,-8714,1838,2048,9,9490
-3134,-4970,-2116,-3551,-663,14487,-3102,-6714,-4000,8480,-1792,14354
-3512,-2204,-1966,-654,2520,18330,-10708,-2352,-6162,8458,1,1376
-2600,-2262,-1420,-3268,-433,17712,-2090,-6602,-3760,4640,6272,1024
-4394,980,1094,-816,759,17682,-10662,-2090,-2902,2144,14,16514
-928,7358,5398,-9422,23796,5848,-10276,-2050,3922,4352,10300,1232
-5456,-2808,-2972,-4570,13014,2257,-8732,-5640,-7636,4626,2688,69
1640,-136,-1204,-187,1837,963,-2540,-578,-4248,5920,1304,8
-762,-674,-2928,3118,-11538,5103,-2318,-366,-3916,2186,392,524
2122,2086,-3556,1231,-8543,2365,2002,1528,-4240,528,3088,120
2298,-136,-3770,4489,-10703,2138,2298,-586,-3536,4352,4176,73
2354,-714,-2832,4989,-10690,2186,1500,614,-3168,48,17,197
1384,-602,-2418,4739,-13184,3195,1618,-1258,808,165,2304,300
68,886,-2990,6434,-14035,408,8148,-1482,948,2050,33,4
1010,434,-3320,6400,-12876,1969,742,462,-88,4177,2096,1602
1666,442,-2796,4864,-12936,1545,1498,-6666,-2712,4192,3456,448
908,958,-2682,3029,-15232,499,-494,862,-3212,2355,16687,265
2450,406,-2148,2493,-14539,-384,2546,-6578,-4040,2464,16430,33
2068,548,-2008,2283,-11154,-480,2262,-6686,-4300,2193,1152,-510
1754,328,-2280,2236,-11565,-452,2028,-6720,-2124,2049,4120,-928
1364,774,-2252,3704,-13382,-1849,1594,-6712,-2264,1248,2084,-2044
1434,1028,-2376,5560,-12232,-2615,1554,1110,-2230,0,4107,-2808
716,1632,-2112,5555,-11479,-3107,-2526,-6722,-216,384,4156,688
892,818,-1884,5337,-10171,-3541,-2574,438,-1616,1041,4264,409
1338,60,-1724,4701,-10162,-4355,1702,-6194,-1752,548,2053,720
1676,890,-630,4628,-10394,-4771,1506,-6696,-216,544,1280,166
5736,3500,1458,2809,-11026,-2528,5844,-6170,872,2176,4225,-2654
2716,644,-226,1937,-4486,-2455,2612,622,-144,512,3640,-2400
1464,-460,-1172,1420,-797,-1699,1504,-6106,-2144,1548,7240,65
2230,120,-674,2630,513,-638,2004,-6590,-1652,642,538,272
1688,-140,-1236,3888,-1176,81,1492,-88,-2128,1280,6240,66
1606,238,-1564,3780,-3979,706,1812,-6714,-1980,2056,4129,611
1398,50,-1058,3589,-3440,1344,1538,-6602,-2008,2070,4736,1346
808,698,-1418,4536,-3518,1389,-1498,514,-2224,176,8712,1281