1097,174,-15,-464,8,7,802,-92,-116,-471,90,0
1125,224,-65,-509,4,-29,784,-100,-74,-495,2,-32
1099,192,-17,-492,-252,2,740,92,-148,-510,-252,3
1257,400,-41,-488,-160,4,848,-52,44,-512,-184,32
1217,176,-41,-864,-230,16,848,-28,-76,-860,-240,8
1223,206,-97,-496,-193,-12,852,100,38,-480,-204,4
1153,352,-39,-932,1,8,720,-80,-124,-894,0,1
1129,166,-93,-504,-100,4,788,-84,-84,-868,-56,-63
1121,368,-23,-512,-112,18,792,-104,-52,-503,-112,13
1149,400,-101,-506,32,0,720,84,-20,-507,36,1
1157,372,41,-491,-253,0,760,-26,12,-508,-250,1
873,624,-101,-896,16,80,4674,-14834,2234,-622,-1259,233
1923,1152,2459,-496,-2846,-352,4550,-15036,2394,-395,-2904,-116
1857,-6048,1945,-1012,202,1,3752,-13900,2150,-601,-3119,-1436
2641,996,407,-3263,41,520,2294,-14768,1534,-918,-6203,-1387
2225,-6012,999,-4974,4865,65,1620,-6274,884,-5117,4832,503
113,-616,939,-5115,4356,1410,-540,-796,972,-5259,4264,1408
2883,436,311,274,6144,0,4864,-15456,204,865,-9126,1626
2153,98,-105,1,18,272,1746,-172,-122,336,0,342
5953,224,-105,64,1286,2064,5616,100,-2,0,1360,2066
6055,944,-1895,640,304,1280,5682,1012,-2196,1,130,1282
6003,-5964,439,1056,260,2061,6482,-16642,676,1229,-7589,3492
6369,360,495,408,8513,1540,5938,-15922,468,390,-5651,3850
-127,160,1255,-5883,1025,1024,4462,-16388,1216,-188,-7378,5210
2413,1152,-1831,-7936,144,8,2020,920,-1876,-8150,24,25
6241,932,-2521,-8188,529,5121,5904,532,-2536,-10720,533,5152
6089,336,423,-9984,1041,3600,5712,-42,428,-9968,58,3428
6019,-6026,-2117,-10985,64,770,1168,84,-2050,-10086,1124,771
6083,692,507,-9312,9736,1856,6752,356,364,-9150,9744,1832
6977,360,923,104,0,554,6812,88,916,256,65,131
961,112,-865,3328,2632,-350,1494,-1382,-1138,3335,2752,0
1985,-1632,-1609,2056,128,1808,1522,-172,-1684,2944,544,1986
2377,708,-1897,133,8832,3841,4376,-15596,-1534,1980,-6036,3901
1921,608,-4195,1361,8648,71,3532,-16438,-2054,1379,-7497,5320
1889,356,-4201,256,866,514,1496,-172,-4164,288,517,770
6001,112,-4073,64,8806,1152,6286,-15926,-2224,516,-17650,7591
6465,104,-3817,-11007,9217,2054,6216,-16526,-1708,-409,-17292,7587
7001,-1432,-3173,-11038,16,1536,6648,-16674,-994,0,326,1544
7109,-1696,-3905,-11007,2628,1090,6778,-17914,-542,-216,-13315,8166
5953,-528,451,-10926,2704,35,5708,-16466,436,-165,-12645,8365
833,96,-103,-11433,170,385,472,-172,-8,-11504,132,384
-119,626,-2649,-12158,6,258,-414,356,-3026,-12208,13046,322
609,240,-1895,-12256,12289,8256,5672,-15040,-1318,-3520,-17852,8642
-179,1120,61,-14848,3696,6178,3702,-15232,802,-2536,-12449,7436
-159,716,-105,-14765,1184,6656,-544,476,316,-14766,1056,6656
-2239,96,167,-15216,1048,6400,-2590,-132,244,-15215,1547,6412
-5039,-4190,2061,-18351,4105,8194,3006,-16460,2220,-1597,-3515,8155
-8893,-5004,1967,-18368,158,8449,832,-17060,2090,-1269,2308,9184
-10175,-1854,2263,32,272,8320,-666,-16532,2188,2,3358,12097
-10303,-5856,23,-7404,0,1056,-2454,-14104,-78,-177,1016,13740
-2095,-2932,-6249,-2040,272,1,-2250,-11256,-1874,-2093,346,13878
-1199,-5522,-7207,2305,1132,142,-1234,-9518,-2438,-5912,1105,13165
-957,-9600,-6713,8332,12,3209,-348,-9870,-1974,0,0,0
-1959,-9592,-2089,5321,644,10465,-630,-9612,-1116,-9152,568,10682
-1087,-9120,407,5380,0,8193,472,-8746,1058,-10642,2312,8262
-1911,-9118,93,4656,768,360,-112,-8766,1384,-10617,6108,4402
8257,-6048,20013,1028,2320,176,13010,-20698,-1634,-9431,8296,2354
-8607,-4472,107,-8192,29,-2024,-2758,-4498,-2948,-2421,3411,-2178
-1719,-5788,1951,-6080,0,3148,274,-5910,-1050,-2151,-6966,-4709
2361,-6032,-993,-8144,-15232,8256,3064,-6380,-768,-3878,-10938,-8021
-2199,-5886,-3001,-7081,-14528,4909,-406,-7418,-974,-7334,-8886,-10380
-1387,-2640,-1989,-13488,-13816,2338,498,-11226,-750,-9697,-5097,-12999
-8375,-5968,477,-7358,-8154,16900,-404,-13786,1684,-6292,-7816,-15444
-10431,224,39,-11774,-28507,2050,-10176,-5164,-20,-11132,-27605,16432
-4223,-4448,407,424,6,15553,-5592,-3974,16,1029,0,14481
-1599,-6040,35,-12216,8770,8576,-2542,1884,4604,-11262,8258,8336
-3807,-1686,4247,-14208,16896,2425,-4624,-2220,4732,-14110,16787,2323
-2093,-894,4695,-11688,13576,2068,-2608,-1158,4972,-10219,13721,2059
5997,-6046,6243,-6398,8480,2083,5592,-6312,6138,-7158,8197,3232
1869,-5500,2455,-4566,8256,81,1592,-5736,2032,32,10258,3
1093,-5792,-1861,-4027,8240,643,1282,-13432,-32,-2739,-5762,4734
1877,712,-103,-7164,1326,2452,4876,-14490,960,-2147,-8301,2573
1921,288,-81,-8064,8224,2396,5096,-15136,44,-1759,-7953,2927
841,412,-89,-7984,296,2077,5190,-15696,118,-414,-7614,3227
377,1056,215,-9084,1408,3154,4564,-15452,446,-368,-6702,3440
2369,-6004,-95,-11538,2052,64,4130,-14860,1164,-498,-9157,3026
1857,32,153,-12272,1061,0,5120,-13912,-204,-1892,-15228,4858
5955,1056,-2121,0,32,476,5612,-15596,-384,58,-16132,3651
8179,352,-3655,2,2049,6,7664,-6232,-3692,644,2571,160
7009,224,-1705,557,92,67,6768,4,-1744,546,262,401
6881,868,-1765,33,7190,0,6388,-15730,-1340,479,-8999,2696
1607,624,-1637,133,5184,1120,5448,-16020,-530,154,-11125,3330
899,212,-2145,258,2316,1038,5586,-15520,-450,609,-12997,3036
1347,232,423,80,3296,519,5306,-14958,286,728,-12736,2463
5969,292,571,521,384,2,5626,-15258,454,722,-9735,2704
1091,-336,-69,769,1,4,658,-602,-124,648,81,290
7029,128,447,-7128,64,386,6654,-16190,662,-515,-12613,5607
6285,608,1723,16,4,1026,5848,892,1644,128,8304,32
5987,352,-89,524,7841,1666,5800,-124,-138,520,7571,1706
7069,-6048,-1897,-6348,0,1224,7052,-13942,-322,-154,-11080,5582
6477,-5974,-71,-7294,0,321,6242,-14384,404,-1115,-11257,4995
5969,1552,391,-8159,672,40,5920,-15194,1496,-1575,-10382,4058
897,96,407,-7164,514,3270,5252,-15312,1664,-966,-8575,3201
6473,-5728,167,-7513,1284,2433,6200,-14216,1842,-1055,-6624,2382
6001,1168,423,-6141,3137,1137,6858,-14900,2094,-931,-4519,1513
1029,-5912,23,-7164,2744,4112,4824,-15454,126,-690,-14041,4196
1937,234,1623,-8575,66,512,5324,-15228,-558,-239,-11753,2704
-2237,96,-89,-9198,6432,4132,3214,-16398,1400,-778,-8542,5207
-1087,-1950,-105,-10493,4544,8448,2986,-16274,458,-329,-8957,8684
-5791,-5952,-89,-17915,4480,9947,2440,-17282,1320,-1390,-2153,10353
-2077,-912,-69,-19647,262,12288,700,-17790,582,-2372,1658,12919
-10119,-1948,-57,-11708,1456,9240,848,-16118,1024,-2429,6147,13486
-7997,-5984,-4681,-8057,26,1072,112,-14040,234,-4211,-3463,12080
-6779,-3478,-9,1,1792,9757,1644,-12188,-18,-4554,-69,9977
-125,-10606,-3849,512,6156,132,-730,-10768,-996,-5716,-869,8363
1881,-11936,-5219,1285,1056,394,-2016,-9740,148,-7247,593,9087
-2233,-9856,-3177,8756,5376,10947,-1526,-9770,-796,-7466,-1967,10674
-2103,-9110,-1993,8800,2059,8896,-1840,-9158,-1928,-7885,2016,8971
-9747,-7968,279,16384,3092,128,-880,-8254,-1038,-12142,3674,6310
-8191,-17498,2819,16432,9277,4128,9990,-21406,32619,-9027,7753,4148
-2221,-6048,5035,520,2578,-352,-2496,-5736,-3114,1904,-2523,-282
-1499,-7056,105,320,9507,1538,2924,-6830,860,712,-5995,-4462
-659,-8090,-1345,-7039,-8170,1348,1078,-7948,-184,-2314,-6231,-6887
-1839,-6048,-2375,-6013,-7676,1168,1890,-7898,-208,-5984,-7062,-9157
-1887,-6016,239,-7998,-14157,3136,1990,-10012,408,-7624,-4450,-12841
-2063,-6048,409,-7856,-5628,16992,-2438,-14738,-1260,-6433,-1046,-15470
-1975,-5512,1467,-15831,3593,16512,-1424,-4268,-132,-14839,5123,17043
-8255,-5820,6375,-6647,2575,16710,-6704,-6028,6386,-6903,2176,4443
-563,484,5463,1585,8208,8279,3238,-14852,5372,1313,-5487,-7069
-8895,-794,4119,-18032,2048,520,1832,-15778,186,-612,2747,-4611
5969,-3226,4127,2086,266,2176,-552,150,3400,400,166,37
-2239,-5916,1945,-7936,10240,1288,830,-14800,2210,-937,-1329,600
-2033,-5766,1943,-4056,10500,513,-2608,-6306,1932,-4076,10250,514
2051,-5024,929,-4063,34,4625,1776,-6284,928,-3895,1,4642
-191,-5792,59,224,8192,2588,4010,-17088,1078,410,-5043,2747
2121,-6026,-69,-4848,3732,546,4294,-14528,1314,-1065,-4445,2961
-159,356,-89,-7488,4353,1026,4018,-15616,-162,-2078,-11245,3209
5953,-6048,-97,-10224,50,2820,6284,-16238,364,-1757,-15807,4295
1345,-1340,-1193,-7958,689,229,5490,-15356,-294,-514,-13424,3830
6345,98,445,256,5186,546,5968,-15652,496,294,-8542,2557
1427,640,155,1324,6160,1128,5116,-14284,196,1197,-9789,3684
6021,-928,-103,8,14,258,5628,-15436,-40,-44,-13896,4599
6401,-892,-57,1,2096,371,6066,-16878,548,204,-14011,3495
6049,-768,535,323,526,558,5910,-15480,648,499,-10463,2650
6073,-672,599,64,250,2064,5834,-15162,538,563,-7778,2225
1505,128,155,-7552,69,2264,5316,-15188,368,-158,-7685,2866
833,610,-1607,-7423,128,3108,4764,-15624,-824,-212,-11046,3400
1553,-5776,-1575,-8120,2305,2115,5480,-14006,-312,-1176,-13280,3062
5961,-5024,2007,-8155,6164,824,7132,-17572,2316,-2316,-9327,5087
8143,1136,4647,-6060,2564,5125,8888,-14622,5368,-796,-5145,5475
1217,-5646,791,144,0,4144,4636,-13472,306,631,-6635,5392
6091,-416,-41,-3832,5121,4160,5736,-14590,374,-107,-10664,4758
6097,160,681,-5608,5156,4101,5720,-15382,830,-1261,-11310,4129
707,228,927,-5586,1000,82,5420,-15764,1644,-1002,-12275,3925
897,1336,919,-7128,4369,520,5238,-14478,1012,-602,-11290,2481
6019,-200,67,-7935,260,1288,6242,-14580,428,-943,-7814,1591
6277,-628,1943,-6728,5833,48,6876,-16732,1896,-438,-8440,2276
5969,-1948,-1225,-4560,2561,1042,6040,-14918,-1368,-267,-12573,3687
6031,-6032,6061,-1008,-19312,1220,9556,-13846,6824,-19,-14937,4480
-2027,-1934,-9,-4094,17,2573,2180,-16528,-520,-1176,-15378,6967
-185,224,2617,-8164,0,2104,4618,-15360,-1186,-557,-11287,6032
1923,-110,39,-10238,8492,6346,6622,-16190,1590,-858,-6373,6345
-2127,-1048,-103,-11001,0,4522,5890,-16300,1042,-659,1241,6592
-2203,-5468,495,177,2305,2696,3678,-16884,442,-855,6492,7214
-6807,-1822,-73,130,4356,8748,1668,-18074,-436,1444,4743,8773
-4287,-6032,47,1157,1538,8704,4088,-14158,2290,1312,2281,8624
-1839,-6048,1447,10,2369,8194,2232,-13624,1326,-332,2584,8010
-9229,-5488,503,-8112,2356,8520,-504,-13368,2682,-2552,2308,8547
-4151,-6046,1961,-8158,16,544,-2986,-13500,1670,-3435,-281,10046
-4217,-3872,-6237,-6764,896,281,-3536,-11036,-604,-4674,-2058,10685
-10363,-6028,-6539,96,6937,2065,-2968,-10106,-2166,-7066,-1270,10403
-1723,-5022,-5159,1078,12610,1333,-962,-9798,-1502,-7882,-1561,9975
-1723,-5984,407,4112,13451,2188,1938,-6748,-282,-12091,415,10062
-2197,-4708,39,16464,1288,8226,-1260,-10808,-1362,-9937,1106,8413
-9295,-5152,5343,6657,72,4107,168,-9090,-52,-8278,2842,5981
-9215,-5920,1497,9731,192,3338,-712,-9664,2050,-6402,4458,3291
-4183,-28576,1623,530,4143,3,-5134,-20210,5856,3819,6682,1558
-1079,-6048,3233,98,8352,261,-332,-6270,-124,194,-5880,1418
-319,-8048,-1603,2,-7935,257,-708,-6732,-74,112,-6799,-2147
993,-7066,-1001,-6342,-12030,1538,1110,-6990,-420,-2495,-8150,-4262
2121,-6040,53,-3824,-15295,2500,1700,-8440,464,-3714,-4756,-8657
-2015,-5536,-1891,-7392,-14080,5136,898,-8670,-1262,-5792,-5964,-11188
-2009,-6046,667,-10240,-15863,18194,1954,-11034,1058,-10567,-12888,-10312
-7927,-6032,151,-9176,-11232,16896,-414,-14448,860,-8498,-8992,-16058
-7101,-4484,1555,-11263,145,17408,766,-17316,3712,-9078,-11561,-15164
-8281,-2312,1047,-8099,2048,16408,-2190,-15054,7262,-9060,-11909,-10832
-95,-3998,1053,-7081,16390,2275,888,-16030,3520,-2857,-10888,-8371
-2203,356,487,-11044,16645,514,3662,-14806,3604,-420,-5466,-5232
6097,-1824,3489,-12024,8321,269,5878,-14892,3534,-820,-5585,-2250
6081,-6046,3129,-10912,11248,2092,5338,-13296,3656,-2800,-4823,-595
6121,-1432,3167,-7628,9889,2059,5846,-15690,3366,-1448,-40,-690
1889,-352,2361,-5967,2242,1345,4930,-14270,2010,-804,2142,-594
1417,-5984,1943,-5884,11360,13,5470,-17270,1880,-1315,-444,2238
847,612,1311,2336,9761,386,5108,-15624,1068,2421,-2397,2609
6025,-5536,217,-5894,1824,6272,4228,-12314,-68,-1535,-6085,4777
1857,-6048,699,44,6226,4386,5322,-17574,690,207,-9316,4342
1897,316,-91,528,388,2588,4716,-15260,474,1654,-11056,3844
6473,128,27,3849,0,3216,6130,-14986,886,4019,-16010,3703
7053,128,159,32,19,32,7160,-13712,510,2999,-16030,5065
5957,660,-1,1744,176,32,7664,-16918,1130,2362,-11667,2872
6033,-1030,407,1350,2065,581,6402,-16388,338,1366,-9304,3025
7009,384,1,130,8354,264,7504,-15734,624,2173,-6391,4556
6121,1280,-105,-7656,66,72,7654,-16348,-756,-458,-17057,5821
6721,-68,601,-6649,20,56,5936,-14070,884,-602,-14612,7187
6019,108,25,-5365,4178,368,4200,-16002,696,-1256,-11055,5588
5985,96,25,-4582,3086,822,6304,-16046,-378,-229,-5390,3813
6337,240,535,-5376,174,1160,5512,-14996,-324,-1,-6435,3696
1985,104,91,-7544,1285,272,5056,-15222,244,-257,-7474,3103
1633,496,159,-8192,8258,2305,5128,-15152,590,-1024,-7567,2264
1091,180,935,-6975,5384,1035,4912,-15218,844,-746,-10518,1726
1177,680,-65,-7920,0,2822,4960,-16096,1312,-240,-11440,3173
6483,-832,219,84,296,29,6214,-15172,840,170,-8554,4498
5953,164,515,-6708,3264,1248,6098,-15522,1796,-26,-4926,5361
883,372,983,12,2053,1153,5240,-16132,1684,176,-6228,5199
5963,-5472,-25,-5855,6678,38,5814,-13900,960,-708,-8417,4129
6349,-6040,-105,-5551,6156,2176,6546,-14314,838,-1064,-10265,3184
6217,960,445,-6010,4864,107,5880,-14650,1576,-830,-11471,2089
5955,692,1217,-6080,4096,275,5826,-14886,1836,-988,-11185,1879
6271,1328,959,-5628,6154,330,5932,-15332,1980,-1504,-9453,2480
5953,482,2969,-5632,4128,260,7314,-14702,2980,-1162,-3251,1229
65,480,519,5,552,129,4192,-15794,1430,190,-6920,2534
1865,96,-41,-4990,2688,642,4918,-16476,-130,-369,-12853,5995
1003,134,-93,-6080,516,8208,4752,-16278,56,-709,-10509,8301
2081,240,199,-7039,1036,8196,3704,-15648,424,-788,-9035,8254
2513,354,587,-7415,256,6501,3190,-15374,572,-1252,-7973,8201
1857,884,363,-12192,8212,8196,3538,-15800,1908,-1795,-5302,8479
-1211,172,151,-20416,13705,9540,2628,-16614,894,-1685,-2682,9577
-7729,-908,471,-20080,48,8273,1402,-15098,1712,-1502,1477,9505
-7351,1378,-7273,-7934,6208,0,114,-14558,-818,-1780,6199,8694
-7871,-5600,37,602,72,1042,-580,-13138,110,-3755,3809,9962
-2175,-6008,-93,8865,4,34,-1646,-12866,-256,-5109,-227,10907
961,-3992,191,8225,-4032,37,222,-11242,-1672,-5648,-4072,11950
-1437,-5874,-5697,8332,706,1412,562,-10884,-256,-4624,281,10052
67,-4764,-3935,9236,1200,10560,-1420,-10028,2626,-7708,596,10414
-8255,-4372,-99,18434,3140,9780,-1642,-9148,-206,-8989,-881,9991
-2205,-3920,-73,17418,16,4736,68,-8168,1386,-7192,4242,5730
-4575,5220,4439,8470,6656,2056,1606,-8154,4896,10026,-582,738
-1855,-7432,1945,1161,2893,18,-1746,-8054,-1392,2296,-6421,-2057
-2207,-6032,-2753,-5632,-7802,1104,-312,-6512,-768,-1550,-7740,-3027
-831,-7574,-865,-7400,-12024,4228,62,-7840,-832,-4188,-8412,-3612
-2239,-5272,23,-7063,-4510,8544,1374,-8348,408,-4392,-4222,-5916
-191,-5984,-55,-7679,-13310,8800,2206,-7872,1052,-7864,-11984,-6167
-8059,-3608,-743,-7614,-8189,1552,-2898,-8026,-1356,-8584,-10011,-11586
-1983,-5024,-89,-12255,4096,5122,2104,-10630,3484,-10320,-9479,-11352
-2231,-4768,2199,-11879,4800,19432,1218,-13960,2246,-11819,-10140,-11953
-10175,-5278,4249,-16362,1280,17440,1122,-18656,4800,-11152,-15193,-11045
-6335,-3206,1431,-16362,8192,8725,928,-18048,8222,-2274,-5419,-3051
8641,-6032,151,-13791,691,512,9794,-14438,4260,-5394,4336,-8467
433,112,3063,-14174,10274,2146,96,-15918,3594,-4241,26542,-5746
-1191,-864,281,1688,8348,512,-1004,-15434,102,1337,8374,-2548
323,962,-81,-3824,1,2050,1438,-17110,300,-1459,-9981,3591
211,356,91,-2048,256,16,3994,-15424,742,-755,-14526,5277
5953,1152,215,-3516,4,2048,6392,-14966,996,-2227,-11314,3651
1129,426,31,25,5,1552,5478,-15474,1020,601,-8088,1427
1985,-6044,667,98,4131,-3564,5268,-14332,490,1993,-3920,4
1091,-6040,407,515,0,518,5090,-14530,368,591,-8270,2688
-447,402,539,0,4353,2104,4600,-14386,572,-217,-12308,3810
1099,104,1179,-6627,10,256,4988,-14834,1174,-319,-13734,2770
6171,-28,491,-10232,787,1048,5814,-14766,802,-922,-11296,1828
6337,-5528,1961,-10168,41,160,6484,-16848,1868,-1100,-11026,2580
5953,224,1951,98,3424,49,7164,-14642,2504,497,-12946,2104
6213,96,-39,768,416,2,5726,-15542,894,735,-11768,1658
6229,1124,-93,260,16,42,6328,-15492,556,185,-9727,2522
2321,356,161,38,129,852,5752,-15120,526,258,-6868,2967
1639,392,41,580,8194,274,5440,-15594,350,810,-7775,3461
1377,1250,-2079,512,322,512,5256,-14860,-656,642,-11004,3925
6533,356,-1567,66,13,3584,6102,-15300,-284,173,-11382,3948
6337,640,-79,310,6070,4642,5990,-15574,-40,311,-10185,4741
6337,234,383,-7286,7460,4815,6012,-15794,320,-77,-8876,5917
5957,118,727,12,7176,612,5822,-15144,856,134,-8594,5851
5953,-1856,311,16,22,1094,6220,-16794,1938,377,-7972,5267
6475,-228,-105,32,4884,1,6406,-14790,1786,-19,-9428,5386
6255,-5848,159,-5720,4944,1088,5920,-14298,1766,-1113,-9537,5226
6033,1410,1965,-6136,5448,34,5928,-14722,1922,-1383,-10284,4054
6209,1132,175,-6144,6512,2056,5878,-15152,1624,-1302,-9215,2711
1669,-5536,-105,-5597,4,2057,5402,-13928,898,-1572,-7761,2254
897,692,705,-7016,524,3112,5012,-16076,654,-2142,-7662,3197
323,124,343,-6136,5646,3104,4022,-15820,292,-1735,-10657,3773
605,-928,-1115,-4072,16,3140,4462,-15256,-694,-1397,-14034,3943
329,-6048,-865,-1646,-17400,129,4438,-14130,-560,-1605,-17499,5670
2503,742,27,-5627,1154,1,5276,-15946,-896,-1524,-14863,4967
1857,120,153,-10183,2049,259,4874,-15898,156,-1152,-9796,3303
843,140,25,-11424,8224,3601,5036,-16028,16,-1015,-7073,3659
6249,-896,-41,-10108,10496,3718,5812,-15474,378,-938,-5034,3722
5953,98,23,-7645,5982,12,5580,-16600,-100,-1044,-2147,3049
-147,616,-65,-8061,3601,4230,4340,-14800,-420,-1890,-4679,4513
-1679,356,1697,-6140,7,3216,2368,-16504,1772,-2113,-3790,7571
-5935,-928,2271,-10239,1361,1136,1762,-17348,2420,-1995,1860,9618
-9855,-5024,983,-16310,33,4122,3436,-16738,838,-2819,7283,12384
-8245,-3708,2011,-16380,640,4352,1876,-16316,1794,-4485,1312,13055
-9703,-6040,407,-8135,1541,5184,-280,-14106,452,-5833,-2520,13229
-703,-4954,-51,-7292,128,4679,-1830,-13492,534,-6346,1775,12767
-1965,-4000,409,8,126,5122,6796,-12794,-136,-5320,-222,11851
-1079,-5920,-5373,8256,-8184,1825,-312,-8542,36,-7128,-5247,11149
-2205,-6048,-4181,8204,3200,8198,682,-6894,-1492,-8449,-1005,8598
657,-6016,171,17489,32,534,60,-8354,-174,-6734,3072,5044
-699,-4952,1007,8481,2048,2065,-500,-8480,2086,-5905,2562,3839
-1117,-5212,1057,9259,8354,-2304,-502,-5784,1294,7761,-2486,-1869
-1727,-5920,407,1739,2048,515,2158,-5788,658,1834,-6339,-2783
-2143,-8254,151,-1118,2860,2081,898,-6484,-416,64,-6100,-5727
-1531,-7068,557,-3511,-14678,6449,1624,-7656,466,-1579,-6553,-9207
1935,-5516,2083,-7936,-7646,4752,1468,-9402,1758,-5650,-6959,-10237
-561,-4958,1951,364,-7904,17680,-830,-11572,2120,-5416,-7255,-14782
-8631,1152,2983,-5088,-8184,17410,734,-16610,4592,-3133,-4841,-12944
-831,-860,331,321,2818,20489,2052,-16984,6324,-7695,-13149,-10905
-2239,-5752,6167,-13824,16392,8730,4066,-17280,8050,-5224,-14040,-6672
-1009,-1408,6047,-20394,21696,1282,3616,-15808,5480,-3678,-2191,-5636
-1177,100,2135,-14336,10240,2066,2588,-16246,3834,-5513,-2496,-2189
2887,-5664,-41,-8176,12034,322,5100,-13950,3324,-3768,775,-2433
2049,-6040,167,-7100,391,128,3654,-14570,2130,-2315,7217,-2396
1859,1312,955,-5879,32,640,2564,-15430,1072,-1735,2762,869
-1725,-848,-49,-6008,9730,1308,3130,-17536,984,-1901,-6770,3450
-95,-6038,-71,-4088,7252,2084,4184,-14000,540,-857,-9058,3203
2177,562,439,-7680,4640,3156,5122,-17220,838,-1361,-8418,4166
901,-1418,-2073,97,2576,4183,5008,-15750,-90,1390,-9712,4305
6085,120,-69,66,4864,307,5614,-14876,-142,1941,-8679,4708
839,1280,187,404,4165,1041,4940,-14190,280,278,-11851,5303
865,1120,447,-8192,4358,1568,4612,-15372,512,-531,-12079,3669
1827,-6048,463,-6064,1540,353,5648,-14450,416,-86,-12738,2401
6499,-128,-105,-7932,96,1364,6140,-16926,920,-1709,-11587,3428
6041,-5856,235,-9598,169,593,6214,-14376,334,-1239,-11905,2660
6499,-672,9,-7901,2134,448,6138,-15134,682,-1246,-13492,2539
5953,322,953,-6136,6,448,6060,-16134,768,-701,-10674,2601
1913,370,407,-5887,1059,8,4724,-15330,678,-69,-7092,3287
2241,616,295,-7103,264,4632,5116,-15616,-324,-362,-8522,4604
1507,202,-1621,-8128,548,134,5504,-15108,-432,-589,-9688,3998
1601,176,-97,-7150,6354,68,5546,-15500,280,-465,-9471,3549
5961,630,679,-6126,5960,182,6116,-16002,602,-469,-8386,4445
6507,1120,2119,-6133,66,576,6516,-15216,2290,-853,-5727,5100
131,112,2607,-5952,4139,1041,3786,-16040,2380,-495,-4599,5120
1351,-6044,979,-5120,521,32,5078,-14144,1026,-1161,-7606,5050
899,-5792,673,-5944,4726,256,4754,-14304,774,-1899,-11660,4459
1009,612,31,-6656,1428,16,4826,-15012,1140,-2339,-12872,4097
931,-5992,923,-7022,2241,4,4832,-14416,1056,-2299,-13052,3653
837,1184,535,-6511,4640,64,4886,-15564,1484,-2377,-11374,3283
977,162,615,-5854,4864,632,5266,-15498,1630,-1656,-9224,3058
6031,-6016,985,-6135,1036,1024,5958,-17402,1340,-1862,-6997,3015
2305,-5530,77,-7656,538,393,4972,-13834,-44,-1430,-9855,2451
6143,268,71,-4519,6160,528,6296,-16336,92,-126,-9910,1709
2625,1120,1321,-5565,2082,386,5470,-14988,-332,-469,-6086,1446
6177,104,-51,-7168,11011,552,5902,-15398,-1206,-1028,-5298,1597
6245,96,535,-6016,8500,386,5678,-15234,122,-1284,-5111,1870
1985,-5872,415,256,6272,164,3558,-13750,-48,100,-2979,1407
-1981,-1912,-33,-3709,4610,4368,3632,-17830,170,-1384,-10177,5778
1017,-528,1079,-12271,536,2120,5042,-14998,1790,-1090,-5809,7538
-5927,-3870,2237,-18327,4898,11650,1592,-19594,3288,-1617,5359,12483
-7229,-670,1083,-10596,48,4352,1610,-15846,5824,-2533,12455,15243
-5309,-6048,151,-6092,10,15716,-498,-14036,4074,-6737,-5706,16543
-7311,-5022,25,-2296,8202,656,356,-12806,638,-2246,-607,13251
-1727,-6016,-33,89,588,3681,-1558,-11586,20,-2840,-106,12024
8009,-1364,-8261,8704,424,128,-50,-7628,-4266,-7143,6670,9919
-2239,-6032,1959,8278,-10204,787,1910,-11390,714,-4953,551,11080
-2223,-3712,-2887,16544,2444,8,-1470,-7406,-2426,-8462,2946,8770
323,-1856,1959,18544,522,4352,-152,-9016,-1000,-5386,4603,4254
-1471,-5752,535,8528,2225,260,-710,-9220,692,-7674,2191,4324
419,-6048,1693,8732,512,2594,278,-8264,1920,-6094,634,2628
-9311,-16288,-93,360,2228,4,-3600,-16242,4812,4689,3461,-2273
-2219,-5594,2011,192,2560,19,-1378,-6058,-836,-339,-5773,-1669
-191,-4512,409,133,8212,2,202,-6490,-1424,101,-5299,-5896
-1431,-8080,-3689,-7168,-11583,0,-1326,-8228,-2294,-3341,-9659,-5552
-2239,-6040,-1381,-7322,-13894,9600,-12,-9468,-1584,-5924,-9009,-6943
337,-5604,-3169,-8568,-15322,16512,274,-9554,-244,-8786,-14219,-6751
-2101,-4960,-105,2048,-16251,20928,2834,-11642,2006,-8174,-9991,-10311
-2239,4276,535,-9496,2240,20710,-1684,-11602,2740,-9427,-9801,-12076
-5267,-1816,7259,-8046,13065,19529,3784,-18598,7984,-3581,-1231,-12159
-7199,-3456,4227,-13554,1046,4114,2032,-18616,3920,-729,516,-10893
-2045,618,4793,-16306,17410,2184,1746,-15746,4834,-1781,-5181,-9795
-1205,-332,2815,-15992,16408,1160,2612,-14876,3838,-2595,-2576,-6483
-2239,108,1951,-10734,131,4200,2594,-15318,2402,-2492,193,-3758
-2107,-478,1959,-7801,12288,4418,2166,-14906,1588,-1562,-562,-303
-1723,298,283,-4095,10404,872,2338,-16510,1378,-2471,-5158,3157
-1421,-5788,2139,-4028,9225,144,3260,-16344,2164,-273,-6485,3784
1861,-4848,1943,-4080,8672,3956,4110,-13536,1814,-2247,-6593,3886
577,-6014,187,-2048,8388,3618,4416,-18112,1034,-1739,-8091,3829
5955,656,-73,-2752,8249,3588,5928,-14376,16,-289,-8069,3724
6339,-544,411,-2036,128,3457,6526,-14780,368,-879,-7101,4209
969,512,-93,-4092,5128,3328,5132,-14970,114,-641,-9450,3938
933,992,41,-5632,4257,3424,5220,-14480,4,-233,-10704,3938
1381,1394,-73,-7038,3700,4266,5470,-15036,-110,-1104,-12680,4324
1345,1124,-105,-9436,260,3377,5494,-15314,236,-1191,-15055,3420
6593,-6048,665,-12094,1488,104,6174,-16112,476,-1516,-14863,3369
6507,160,-2153,-10744,12545,1075,6662,-15296,-442,-179,-16633,3210
6213,1120,411,-8096,514,417,6772,-15486,630,-523,-13168,3058
2403,240,431,-6528,134,1,5496,-15456,1350,-270,-8896,2479
1025,144,455,-7920,0,605,5104,-15518,-40,-393,-10315,2856
1217,224,-1129,-7574,3617,0,5220,-15386,-380,-348,-12910,3097
6211,98,-65,-7040,3596,17,5750,-15404,416,-374,-12649,3196
5961,786,795,-7016,4100,110,5846,-15630,768,-272,-10941,4166
6211,-416,31,81,5648,3,5988,-14718,118,68,-8528,5158
6565,-828,119,0,88,136,6228,-16588,940,77,-5735,5752
1665,-652,727,96,2638,1216,5436,-15132,1038,30,-4388,5901
-185,-1624,923,-4868,600,1425,5022,-17192,1696,-242,-5311,6098
65,734,2087,-4552,164,40,4948,-14378,2012,-466,-6066,5338
473,-6034,943,-5600,32,362,4298,-13894,1714,-1473,-7968,4464
321,-5640,1963,-7168,6606,416,4354,-14058,2070,-2321,-9802,2928
1993,-5950,1047,-6808,4613,2352,4010,-14074,1240,-2559,-10899,2364
2033,360,155,-8151,2881,2426,4270,-15432,672,-3426,-13556,2967
-1053,-5780,-547,-8190,1280,3073,3530,-15776,-216,-3975,-14709,3399
2121,-5518,-481,-7928,8292,4096,4428,-13936,-660,-3652,-17341,4423
7235,616,-7,-6518,16,64,6752,-15636,-42,-2427,-13351,3623
1665,978,-361,-8120,8456,2097,5472,-15574,-258,-1597,-3054,2294
981,-160,-93,-8188,9224,1064,4918,-14834,718,-1291,-2992,1817
-827,380,-89,-9856,9984,32,3318,-15226,-246,-1685,-4448,1002
1861,640,-1065,-10576,2242,1040,3800,-14824,-386,-2226,-5777,1500
129,98,-65,-8192,1488,8,3952,-15514,-156,-2035,-6863,2456
835,360,425,-8128,7175,3904,5256,-16184,340,-1876,-8925,4046
6019,120,-73,-8192,6992,4116,5990,-16398,114,-2604,-9121,5174
-3775,-840,-89,-7150,3336,48,3898,-16696,1414,-2715,-3953,6298
-10343,-1756,155,-8124,5,4,936,-18544,1028,-1890,2462,8752
-10285,-5024,-95,-11199,6428,589,-804,-17426,818,-3023,6168,13197
-10127,-5664,919,-7632,3096,130,-98,-15242,748,-1981,-4963,15509
-159,-5024,-8297,-2295,1096,9267,-1288,-15036,-750,-441,-2806,16156
963,-3864,1453,514,-8110,8385,2770,-11962,-126,991,-7619,12994
2153,-1782,1563,1,-7872,8765,3034,-10348,1638,664,-5071,10456
29,-5766,-7145,14390,2088,2176,-198,-9142,-560,-1112,3248,7373
-1951,-6048,-93,9937,816,6273,-1384,-8706,-14,-4828,732,6629
-2079,-5504,407,6177,130,55,-1324,-8362,828,-8620,1396,4683
-2221,-4974,-101,8192,256,2,-656,-7254,308,-7701,5116,2518
-10289,-7764,18839,6432,8768,4,5936,-7812,32619,-9464,12474,250
-9375,-2012,-105,96,2048,16,-2594,-2650,-3336,1349,-958,-1566
-421,-6040,-1129,-4032,-7900,774,1712,-5432,-206,-661,-6996,-5435
-1201,-6048,423,-8154,20,4488,1970,-5538,626,-5386,-10767,-4706
-2235,-5248,-41,-7676,-7097,5779,-436,-7616,1714,-3811,-6958,-10691
449,-1920,289,-4096,-7151,1569,-4,-9410,1510,-1583,-4558,-14978
-473,-4720,427,-7150,-10240,13337,-694,-13850,80,-7221,-8322,-17750
-2189,-2336,3351,-8188,2569,21004,1944,-18808,3378,-7001,-17930,-10612
-4143,11106,217,-16123,8961,16962,-2996,-17822,2570,-5947,-23619,-4893
-3007,-1944,4091,-18680,18193,880,4382,-16530,3078,-2475,-12793,-5922
2241,-5780,91,-15802,1,-3508,4832,-14236,3054,-4023,504,-3432
-671,868,795,-8180,3585,16,3324,-14772,3046,-3206,3286,-1718
2145,358,2983,-10622,2050,146,3910,-15120,3664,-2158,3178,270
-693,96,2009,-8144,0,128,3152,-15010,2492,-2063,370,2419
2145,-6036,2235,-5864,8788,2048,3578,-16116,1958,-1652,-2384,3384
-669,1264,663,-3884,8197,2591,3232,-15348,724,-2623,-7309,3910
897,200,69,0,16,512,5000,-15898,584,256,-11189,2898
5953,-5984,95,-6880,163,160,6104,-14262,70,-192,-9979,3234
5959,784,-1817,642,2152,514,5744,-15544,-222,648,-10043,3834
5953,452,153,133,1313,1035,6748,-14968,-8,-210,-10794,6212
5963,130,-2587,80,904,1026,6212,-15316,-274,276,-12322,4964
5971,1156,-39,-8028,1105,1062,6216,-15670,106,-593,-10935,3422
6045,1384,279,-9824,272,610,6212,-14622,318,-1226,-12131,2724
6027,1248,-101,-8190,1609,32,5754,-14958,402,-1010,-14806,2941
6011,-160,-1059,-6136,260,130,6774,-14836,-336,-970,-16143,3474
5985,1152,193,-5435,1256,1491,6514,-15492,184,-1135,-14694,4101
6337,528,319,-7164,3968,577,6064,-15448,408,-559,-12206,4006
1355,296,505,-7924,1,2441,5330,-15402,586,-223,-9825,2925
1857,672,-1011,2,448,2625,5218,-15670,-242,292,-11507,2890
2435,384,31,320,652,9,5666,-14664,28,266,-11521,2861
6211,662,279,-7039,516,514,6108,-15440,288,-100,-10354,3932
5985,-608,-101,202,36,41,6360,-15354,188,219,-10151,5273
7011,-592,-105,388,1229,1025,6630,-17026,1774,580,-5704,5810
847,1096,679,264,8323,74,5046,-15484,1634,304,-3839,6933
-157,352,23,-5054,2112,837,4512,-14204,1438,-657,-5986,5789
961,-5468,215,-4062,12,16,4616,-14018,1766,-1044,-7011,3231
1101,1224,1019,-3710,4435,672,4724,-14806,1778,-1612,-10010,2937
6053,-5998,2043,-3806,4160,156,6042,-14212,1948,-1975,-9887,2337
6081,-4878,151,-5472,4649,576,5592,-13266,1538,-1368,-9213,565
6493,-4254,-105,-6135,4357,560,7706,-13298,2044,-1620,-2159,-1321
6209,-4512,533,-5760,2,656,5836,-18584,842,-1071,774,-609
1875,360,279,-6048,8195,0,2550,-16054,22,-1067,-5198,1306
2385,-6038,43,-6076,1,4098,3180,-14662,-28,-1319,-11971,4696
865,-800,407,-8122,49,1280,4412,-14814,-446,-2066,-13339,5459
-1215,180,-81,-7904,7,38,3204,-15636,-710,-2297,-14294,6373
337,612,-41,-7592,11266,8730,4638,-16098,382,-3401,-16979,8858
6083,-5884,215,-7552,4498,4616,6934,-16266,1430,-2440,-11188,7667
-1631,-5008,-1,-5612,2198,1088,3724,-16394,2462,-758,3658,7270
-2043,-1374,-97,258,9217,51,1430,-17816,294,373,11744,6966
-4279,-2908,-73,-15535,1157,8712,3226,-14832,800,-5862,4193,10998
-7869,-5496,-41,-15804,11392,2064,286,-13834,-8,-6313,-4319,10644
-9835,-6048,-11553,-5568,8324,1856,-762,-12288,-774,-6469,-1178,10139
-2203,-3936,-7657,9268,4288,2050,1768,-12366,-2172,-5008,-4413,9886
-571,-6044,-8025,17541,900,197,1392,-12216,-1170,-4452,-5241,8518
-1127,-2142,2999,18732,4112,4192,4266,-10536,5918,-9522,-2023,8274
-7411,-6044,967,18057,1280,144,-962,-10364,1166,-6982,-881,8114
-2161,-5482,1559,10754,81,4736,-186,-10114,1920,-4600,426,5961
-8507,-4300,-85,6168,1024,2178,-1380,-10338,1698,7941,-2849,2193
-943,-9120,415,148,1152,49,300,-9260,-80,4060,1248,-2099
-1391,-5776,-2217,8,-5630,1,-1694,-7692,-2362,-280,-6218,-1565
-127,-5222,-2153,-3544,-14964,5192,136,-8290,-1344,-3757,-10817,-2659
-2239,-4256,167,-6912,-11192,10378,1326,-8598,300,-6435,-10976,-4817
903,-4928,279,-12282,-14208,9731,308,-8336,484,-10650,-13713,-6070
-2239,-876,2463,-12270,-12696,16666,1904,-9558,2516,-11845,-12055,-8513
-6333,3264,-31,-15360,2336,16484,1520,-12998,2494,-12860,-10043,-12419
-6311,-864,2459,-23296,16400,17808,3818,-19386,4934,-14296,-10845,-14885
-10367,-5682,6047,-15360,16523,6144,1510,-23026,5862,-1852,-7826,-16951
-13,-376,3991,144,9048,132,4212,-15072,3900,1254,-1842,-12064
8613,-1628,1433,-8158,2066,3540,8636,-17364,3684,-341,2815,461
7993,-1694,923,16,1089,2072,5766,-16950,488,-1668,3967,5392
5953,-5468,-83,517,10632,0,6236,-19188,3738,586,-1555,2365
2497,-5966,-25,64,8387,16,4884,-13320,1378,157,-3478,2709
2649,-6048,3223,-4096,1921,3106,5328,-16710,3458,-1224,-6152,3662
1865,-5952,455,0,8773,2176,5328,-14118,2724,769,-5111,2111
2781,-5910,-85,64,64,2052,5584,-14042,1742,426,-7663,2705
1993,1344,-89,1026,6145,2596,5254,-14876,1378,1640,-9915,3106
2941,112,-2599,-9079,28,5250,2734,-14296,-522,-831,-16402,5036
1105,508,-1865,-8669,448,8,5506,-16344,-676,-480,-14211,6494
6535,256,727,32,912,1024,6200,-16362,722,-30,-15206,5154
6213,-1408,-1129,930,1024,802,6458,-16674,-676,1040,-10760,3771
6017,824,-1577,128,1168,1312,7012,-14492,14,84,-6399,3478
5957,128,-2153,-7516,3718,2604,5422,-15102,-638,-1220,-4892,3714
841,354,-973,-9192,68,1627,5278,-15168,-860,-736,-11814,3730
5969,108,-1073,-7136,128,672,5934,-15994,-1000,-158,-13757,3708
6659,100,-1129,81,711,530,6360,-15430,-720,499,-11442,3620
6465,-6014,-21,329,174,368,6448,-16642,338,389,-8606,4517
6209,106,679,68,9264,18,6530,-15260,474,348,-6935,4709
6101,-5688,-51,-5790,2850,178,5644,-17742,1114,-87,-5323,4750
2085,-6046,-23,-6140,8226,1120,5134,-14360,392,-331,-8096,5286
1505,-5920,-105,-6128,24,1188,5364,-14390,930,-1759,-11327,5544
1401,1132,-89,-6128,1048,5,5314,-14506,1134,-1669,-13345,4621
5953,1408,163,-6110,265,4024,5616,-15242,772,-1725,-13921,4043
6001,868,479,-6144,129,292,5664,-14524,772,-1306,-13081,3324
6531,1188,663,-5628,20,17,6152,-14954,1902,-1027,-9559,2373
841,-5984,1121,-6127,321,256,5388,-16010,1202,-490,-10189,2259
6307,386,67,-5878,536,562,5902,-14788,270,-239,-13616,2709
2049,352,-727,-6590,283,128,5214,-16326,-274,-172,-11612,2256
1921,884,-609,-7546,2121,230,4578,-15614,-712,-31,-9514,2608
1859,-606,-807,-7798,2568,785,4812,-15206,-140,-19,-8590,2841
843,226,-31,320,264,1065,4370,-15402,222,399,-10102,3314
1345,866,-1113,-6975,1064,1024,5174,-15584,-778,-319,-15540,5372
7377,290,-1623,-7352,1607,1024,7154,-16236,-400,-1268,-13976,5464
6657,352,33,-3711,161,4386,8704,-15258,26,-1177,-7420,4412
5957,-5968,-71,-1392,384,2564,8272,-16584,2256,-249,679,3723
6083,-832,123,-3326,775,4096,5754,-14884,3604,-1478,720,6788
-6197,-640,4511,136,4,8264,2124,-17912,4850,45,3504,9432
-8093,-1790,155,-18176,4146,6432,-3874,-17532,2790,-1238,11479,15826
-9813,-282,1179,-12016,3097,3108,-942,-15970,1046,-3977,-4841,19334
-2239,-4496,-12713,2098,1044,16384,1998,-11998,-168,-5892,2367,17182
-927,-4926,-8281,769,1396,1348,-802,-11844,-3912,-7107,-10439,16167
-2025,-5968,-4201,8392,4129,1349,2838,-9806,-818,-5898,-1359,12774
-1723,-6044,-1513,16544,3456,2064,-916,-9632,-1400,-8414,-547,11658
-1135,-3996,27,16640,512,1408,386,-8584,-42,-7155,711,8913
-2175,-4000,-39,6144,5644,8212,-356,-7050,616,-9204,-510,8740
6145,-13214,4787,1440,4113,4800,136,-13072,1778,-5579,3138,6144
-1213,-1724,943,-7678,4872,3585,3022,-1710,1538,-1734,-3146,3457
-819,-2816,295,34,69,-3968,2888,-2512,-42,-119,-2665,-2004
2953,-6040,39,-10940,-16188,8248,3178,-4478,-892,-3068,-8090,-4006
2153,-4960,-69,-8128,-16352,8192,1398,-7304,-466,-6654,-8134,-7371
-2167,-3988,-3545,-12031,-16058,20032,2006,-6740,-1482,-11273,-9430,-8927
-1651,-1046,1455,-16123,-7928,21644,-298,-9804,1482,-15962,-6046,-10612
-10365,5346,2023,-17573,513,20764,182,-11564,2460,-16672,-6605,-9534
-9403,108,545,13,8726,19145,-1698,-15356,4164,-13551,-3741,-12371
-8379,-5602,5015,-15712,20301,16934,606,-18488,5260,-9950,-4257,-9936
-10429,-5992,4187,-16032,352,14,-314,-21232,4546,-3074,847,-8729
-2169,868,1943,-14832,18440,2819,1940,-15636,2628,-2667,-831,-4836
-1663,-5920,-9,-11968,12436,5916,2340,-16990,3686,-3814,-1582,-65
-767,-6044,1703,-6860,8768,3266,3342,-13100,2584,-2996,-8489,3601
1697,504,1947,-7680,2402,1728,5436,-14982,1742,-4247,-9780,3918
6081,920,-1129,-3000,4608,768,5824,-14324,-322,-2520,-9610,1784
2143,1122,39,-3584,4112,8,5260,-14932,662,-1112,-9231,687
1991,1428,411,-3797,296,1316,5030,-15234,414,-665,-12060,1399
1953,704,-25,-6080,544,516,5126,-14890,58,-489,-11618,660
1927,-6008,-97,-6640,165,1569,5530,-16388,-2,-500,-12555,1695
2945,1380,543,-7610,2579,73,5576,-15340,562,-150,-12820,2185
6067,96,-33,138,308,1632,6184,-16218,4,856,-11783,1733
2509,1248,59,337,2816,2051,5550,-14646,596,185,-9386,2065
2381,928,-3,-8687,1792,2434,5004,-14648,-276,-469,-10392,2987
1893,1152,-585,-8151,4378,592,4616,-15518,-480,-765,-11745,2875
2135,352,-873,-7399,3208,0,4508,-15240,-170,-122,-13027,2628
2387,160,151,12,4197,3074,5092,-16520,40,607,-11890,3518
1637,100,-1601,784,2560,4669,5634,-16240,-910,805,-13925,4873
6467,-928,-2153,67,2132,4102,7034,-17258,-430,307,-14117,5757
8321,196,-81,192,2337,708,8078,-14750,920,521,-9459,5764
6465,-5974,27,672,1476,2,7000,-14402,1238,828,-2229,4369
65,802,2135,860,336,632,4912,-15712,2078,1080,-2671,4711
1881,-6046,807,-3072,0,1104,4284,-14402,620,-491,-5313,5127
2245,208,-49,-3511,4,16,4866,-15414,542,-1125,-7162,5207
2631,2152,439,-5920,2561,274,5602,-13630,2946,-1662,-4854,3812
3009,1680,939,-8183,8211,402,3418,-15340,466,-3733,-5345,2608
71,1378,-57,-8163,275,0,4748,-14648,296,-3308,-9638,2404
457,374,4523,-8192,8192,1185,4130,-15076,3600,-1750,-3756,-667
1923,166,183,-7163,4127,156,2232,-16044,296,-3137,-20886,5503
6979,612,-2023,-3951,32,658,6296,-15702,-1852,-1838,-22090,6028
6065,116,1335,-3198,5825,1321,6082,-15174,-532,-1978,-15864,5859
609,688,55,-5853,8228,65,5492,-14700,942,-744,-4577,4344
-175,200,31,-6128,8234,4112,3232,-16626,1274,-751,-1871,5013
577,-5392,1177,-7648,8967,10242,1662,-17538,1850,-1147,-1929,10260
-2079,-1412,-21,-12180,67,10753,490,-18338,1760,-375,4621,11319
-5823,-894,6167,-19432,8264,8234,-2798,-15478,-804,-579,9561,10844
-8741,96,39,-15866,1411,14354,-3108,-16920,1700,-8008,-5674,15113
-10039,-5280,959,-8186,128,9216,-776,-12146,98,-7070,-65,13777
2181,-1182,-8297,2057,8720,272,720,-11568,-1620,-4653,-7185,13367
-2239,-5012,-6241,3085,-10968,1856,464,-8212,-1784,-4380,-8969,11838
2433,-5710,-5541,11041,-2032,0,2176,-7750,-926,-4122,-784,6829
-57,-5632,-2845,18946,6,1573,-486,-7850,-718,-8454,1132,5588
-1315,-6024,795,16720,2566,142,-1700,-8428,1046,-10953,2957,4204
-2237,-6016,199,6400,2153,2368,-1342,-7452,2762,-8288,1870,3380
-1401,-6016,223,850,9485,-6143,1468,-4486,5038,4572,-2126,-1689
-155,-4992,-105,64,-6912,272,18,-5004,1032,-19,-6103,-671
-189,-4986,-2117,-6644,465,5394,1310,-4878,-710,-2661,-6754,-2439
-2239,-7704,-961,-8190,-16384,1040,-668,-8158,-756,-4445,-8105,-4386
977,-5118,-65,-12090,-14520,11301,830,-7266,-42,-9440,-6190,-4757
-2237,-3358,151,-12160,-10126,18709,1668,-6748,478,-11965,-9032,-5645
-1815,2162,-87,-16894,-11776,16400,1896,-8574,1618,-17185,-9521,-7279
-1727,2436,4889,-17364,1538,22532,-1136,-14238,4732,-16224,-6529,-10390
-6333,-2524,33,-13184,9410,20608,1820,-18748,5522,-12796,-5409,-11049
-5275,-3736,4087,-12152,2328,128,2716,-20214,4044,-1911,2949,-14773
-59,822,167,-11124,178,6187,566,-15408,2648,-959,4404,-9686
-2087,-6016,935,-12692,16392,4177,2944,-18486,3666,-4521,-3435,201
1869,-5526,3993,-7872,3352,160,4714,-13216,4560,-3370,3328,1887
-2213,-5534,-33,-4032,9220,112,3106,-17940,1226,-254,-5136,4860
257,776,-1619,-3968,5184,1024,4704,-15438,-208,-953,-11154,5605
5955,634,41,-6016,3972,4096,5636,-14738,22,-1796,-12459,3994
6865,352,663,65,2,1536,6596,-15292,764,47,-11538,2327
2017,482,-1385,-4863,60,19,5230,-14526,-356,-132,-11306,1627
6081,224,-1125,-6015,324,2369,5730,-15338,-930,-84,-12015,2518
1921,-4848,151,-5760,1288,3328,5208,-17806,394,-1087,-14787,4034
4109,-5792,-81,44,10048,288,4660,-13708,-870,-73,-18752,3473
6467,108,-841,-8701,10619,516,6022,-15152,-214,17,-15596,2155
1921,1120,-105,-10734,4164,390,5158,-15392,-260,-52,-10303,2460
2049,226,47,32,5152,1410,4900,-16366,590,246,-10726,3534
1421,170,-105,32,1136,649,5060,-15500,36,-15,-11347,3986
1409,98,-2615,-8447,144,130,5192,-15556,-502,-98,-14867,3509
1473,362,-1595,-6848,100,3341,5646,-15504,-260,-49,-14582,3484
1607,96,-1437,4,3182,2576,5420,-14788,-320,659,-12811,3901
6495,-1888,27,15,5250,4416,6558,-17478,302,895,-10833,5524
6229,-1120,985,10,576,22,6834,-15710,1136,710,-5329,6578
6109,-1632,155,160,2086,2089,5850,-16284,1464,176,-5167,6908
6017,-6044,407,258,801,2336,5608,-14348,1664,384,-7390,6390
1397,-4960,441,-5103,228,1024,5276,-13370,1212,-260,-8264,5208
965,-5528,959,-5887,2082,768,4812,-14032,1406,-1051,-8515,3852
-191,420,2123,-6078,8244,2667,4664,-15076,2434,-1566,-7704,2828
-191,678,1455,-7791,772,2566,3882,-15712,1712,-2226,-7583,2796
1095,608,1523,-7612,6148,648,5226,-14770,1470,-2100,-9283,2812
1129,-5776,-89,-3518,134,1692,5360,-15670,1072,-3506,-14702,3800
5957,-4658,921,-3836,2112,548,7682,-12924,818,-383,-12265,308
6181,130,935,-6144,288,224,5112,-16190,-46,-1724,-7648,255
-2239,-588,2487,-10110,9811,1024,1980,-15290,2160,-2011,-2258,1609
-2159,-1918,2583,-8094,1453,5328,1530,-17192,-1156,-1885,-11381,8231
-951,-5280,-105,-8064,2072,8194,2070,-18530,214,-2869,-12338,12890
-3983,-5984,2377,-15305,73,4228,1234,-21876,2124,-1376,4301,14878
-6309,-1440,1107,70,6144,544,2000,-17928,1130,221,5934,17282
-6847,-6040,-3125,-12272,353,12292,2076,-13008,84,-3185,-7723,12369
-2221,-6032,215,130,9344,2564,2172,-14050,1530,-1331,633,7616
-2075,-5980,433,-1343,10,9224,-2084,-13354,270,-1379,787,9748
-5291,-5792,-37,772,-3936,9746,-2040,-11410,978,-3138,-2126,14159
-2165,-8092,-4123,9251,4376,11297,-1872,-7172,-1222,-1738,4781,11964
-1063,-9088,-4197,10304,160,8216,-1130,-6798,-1130,-5002,81,10955
-1399,-7764,-105,4520,1448,672,-648,-7406,240,-8951,-2443,10138
-1215,-5916,-37,5248,2049,130,568,-6882,40,-10907,-219,8193
-2233,-5036,1969,4144,3657,1280,1724,-7364,3142,-10087,3991,5137
-1211,-5440,2967,2848,1357,-2048,4226,-8104,3998,3943,1702,-2664
-1789,-5656,443,1024,2208,1032,2324,-5746,-430,1431,-1522,-4948
1867,-6048,-2007,-11224,-8192,6792,3458,-6180,-1590,-3234,-7807,-9497
1891,-3374,-1065,-15335,-9652,16,2260,-7400,-736,-9144,-8450,-12170
65,-1952,-31,-15472,-8189,536,-512,-9372,362,-13253,-6084,-12819
-2107,-3976,959,-16382,-7093,3077,-2218,-10602,-6434,-14821,-8598,-12895
-6335,-6036,-99,-16368,2656,16909,4018,-20228,5672,-10018,-11148,-12986
-6333,-6032,25,-14840,8384,17048,1568,-21706,6270,-5305,-6145,-16334
-9909,-4816,1951,-17648,24777,4,2448,-18736,2898,239,-3794,-14411
337,-5728,4015,-16318,532,2146,4744,-13948,4628,-1877,5822,-5686
97,-896,-35,-10088,8225,2050,-152,-15022,2044,-1987,9778,-1375
-1757,-6032,2061,-5248,34,2349,2594,-18188,3530,-861,-307,2606
-1207,-5408,1945,-4852,2084,2854,2982,-13450,1948,-303,-5444,4079
2695,-348,935,-2430,5538,131,4710,-15100,1594,-2474,-8933,4209
859,240,943,-1408,4740,794,4952,-16198,788,-1010,-8379,2764
6225,736,43,-1768,537,6,6024,-14616,-126,-1780,-7615,2551
5953,-5888,-1049,-3454,5376,0,5860,-14244,-444,-1230,-9013,2164
6073,-6012,-2465,-8192,1280,1126,5802,-14888,-242,-1387,-10493,1604
1857,458,-2141,-8911,388,2589,4630,-15204,-498,-589,-13711,2694
5965,-5980,-2025,-9952,1104,320,5886,-17180,-586,-568,-15305,3572
1957,672,-1897,512,261,1032,5664,-14552,-822,721,-15860,3137
6347,-1664,-1791,0,80,2116,7140,-16258,-716,418,-13385,2264
6609,904,79,0,386,2716,6160,-15552,396,1153,-11445,2781
1347,384,627,1122,8216,68,3890,-14972,216,669,-7974,2159
83,226,-721,16,3334,256,4272,-15958,-950,135,-13588,4080
2689,1136,-2025,-7152,10754,32,5484,-15572,-1368,-520,-17768,4254
6281,1160,-2017,-6100,73,3840,6054,-15466,-208,-1064,-15949,3831
6521,130,-1813,-6646,728,37,6182,-14884,-294,-427,-12112,3693
7237,-152,-101,-6325,6948,532,7096,-16806,-54,-39,-9019,4839
6977,-1120,-103,280,8320,20,6580,-15582,684,447,-7067,4951
6005,150,993,-5422,7425,1028,5980,-15198,994,-352,-8555,5171
6217,610,-37,-4607,4152,640,6018,-15588,954,-390,-9152,4754
5989,-5984,1055,-4992,6145,2,5860,-13972,1356,-666,-9756,4132
2425,140,1943,-7167,160,512,5396,-15884,2084,-906,-9907,3597
1921,-5856,-25,10,1152,768,4988,-14198,724,232,-6738,2126
1621,-5520,247,-3963,3170,17,5532,-15926,1320,-927,-4151,2673
3905,1666,-41,-5120,1536,3344,5922,-14580,3350,-553,-7052,3792
2385,212,-329,-4672,12,98,4532,-16098,-452,-413,-13444,4135
2929,1314,803,-5102,3096,3,5952,-14538,666,-195,-12547,4344
3165,576,47,-7353,8197,1160,2888,-14908,530,-1945,-8148,5854
2625,-6028,2331,-8190,1089,1072,3268,-16768,-694,-2657,-12641,8168
-671,-6044,33,-12288,2,8832,3664,-16548,-88,-3447,-9581,8915
69,-4942,-73,-19280,8570,9858,4676,-15296,1040,-3451,-2055,9682
-8381,-1376,483,-20439,6,8232,124,-17792,616,-2649,8710,10603
-7303,-1934,-3471,-15943,8206,6177,-4118,-18236,-180,-7977,-9395,14687
-6063,-1888,983,-14830,129,107,2298,-16288,1394,-6361,1100,12922
-8319,-5024,-9191,-9263,9620,206,-228,-14486,-728,-7409,-2529,12657
-1359,-4750,-8297,2048,4486,12353,-5102,-12888,-3494,-6526,-2932,12628
2001,-9840,-103,4115,8224,1592,1682,-10206,-20,-3378,332,11601
2275,-8528,-97,4098,6151,1584,1900,-8828,-166,-2296,-165,9290
867,-6014,59,8448,7176,6174,674,-6324,-270,-5681,-437,6452
-1519,-5960,263,5504,4,3509,392,-6206,1196,-9018,688,3909
-2107,-5764,1179,5918,5121,2328,-1240,-7172,1736,-10264,5530,2254
-893,-13068,29161,1538,8212,512,12006,-13600,23372,-8246,7068,1663
-9277,-1568,2121,131,1352,768,-2436,-1926,-1640,1286,423,-1076
67,-5790,1217,-4031,513,16,-104,-5732,-1034,-771,-3943,-3876
1905,-6688,-2121,-3776,-15872,2048,2898,-7138,-1356,-3913,-12928,-5916
-2109,-3932,-2149,-9726,-21944,8417,-50,-7920,-826,-9198,-17880,-7614
-2199,-4984,-37,-11838,-21952,6428,506,-8960,328,-11304,-18236,-10421
-941,-4864,1967,-17853,1713,21256,1120,-11774,2916,-16485,-14552,-10688
-2235,-5278,1943,-20267,2052,17091,2222,-23514,4694,-16282,-9365,-15478
-8317,8424,41,-15808,17410,400,4340,-23948,6098,-10101,-12410,-15849
-191,96,-97,-19424,20836,264,5794,-15250,4158,-2881,-11955,-2023
6809,874,4523,-18416,11330,3608,7190,-14924,4636,-1573,-68,-395
6977,392,4247,-10205,273,4245,7716,-14732,4702,-1392,8994,-3875
1989,96,1563,-6888,8192,3792,4690,-15758,734,-2073,10163,-3973
2511,180,-33,-5054,320,256,4640,-15950,-184,-629,-331,2004
2001,108,87,0,8672,1038,4878,-16450,232,1307,-3832,1027
2625,-5968,791,5,8592,32,5434,-14236,754,2084,-4758,2582
6179,-3992,-65,-2015,9740,4864,6754,-19576,916,-503,-6461,5789
6593,-5856,-57,25,3457,4672,6456,-11614,66,-120,-5287,4406
5953,-6012,433,-4441,2840,4247,6600,-17608,1618,-158,-9435,4661
1991,-6030,-105,2196,6976,1026,5640,-14078,296,2964,-18096,969
6247,-5696,1945,68,48,577,8028,-14244,2472,2238,-13202,744
7025,1648,285,1059,4232,33,6612,-15060,1118,1399,-8956,1948
2977,370,71,4672,1,944,8956,-19576,1388,5638,-12404,5294
6505,-5920,-3671,1,0,1024,6324,-15966,-1256,554,-15148,1493
6593,610,-2153,2912,9732,1413,6296,-15430,-1714,3126,-23422,3595
7521,106,-3001,13,3120,303,7152,-15846,-866,4176,-20734,2510
6985,608,955,2274,553,2561,6934,-14874,982,3225,-15604,3675
6465,-924,155,3926,0,4,6354,-15258,256,4093,-15301,2656
5961,-1184,407,3072,18,3377,6840,-15198,462,2957,-14149,3141
7237,-1886,-89,2376,704,2304,7776,-16964,-848,2251,-16070,4254
6081,-6008,-1257,1424,532,3076,7306,-15138,-388,7269,-8182,3501
1909,736,409,784,8309,32,5284,-14824,636,2916,-7478,4596
5961,-1416,599,2184,10568,776,5864,-16016,508,2307,-428,3648
6101,-6016,411,20,24,576,6212,-15556,434,2107,10793,1704
1985,-6044,2243,160,9002,1223,4674,-16538,1778,119,10331,2074
6037,674,-41,-5119,6284,2886,5904,-14376,2218,-624,-1671,2964
6465,-5918,2017,-3990,6172,1138,7978,-13906,2326,-1931,-1913,1408
5961,-5754,1977,-3998,4228,10,7296,-14132,2234,-1713,-1812,116
6033,120,23,-7165,8194,738,7250,-16162,670,-908,-6957,1301
3173,-5920,-17,-8192,1,49,4822,-13780,2020,-1090,-9390,1140
6507,-6048,1703,-6528,8361,771,6348,-15800,3898,-42,-7613,980
6129,208,-1127,2,8224,209,5940,-16272,-496,1395,-17254,4907
5961,160,-1533,1318,5162,1538,7730,-16278,-1538,1316,-10594,3577
6353,1122,-1621,-7902,8484,1416,6392,-15556,-1740,-214,-6840,3480
1923,98,-1637,-9376,2081,17,5184,-15484,-1384,-1138,-9884,4907
2113,610,1079,-8048,674,192,4974,-15030,804,-420,-12111,6001
6097,472,-41,-6016,256,7536,6144,-16182,-184,-682,-16071,7647
-703,-574,923,-6143,128,8200,5244,-17256,1494,-974,-9168,9164
-4233,-5752,-33,-7999,4616,2057,3412,-19146,1318,-1745,5474,11001
-9399,-3868,-53,-14750,3233,1028,-1536,-21292,-1882,-2467,8633,14074
-9215,-5690,173,-10072,9232,15488,-3062,-17292,744,-7121,-4755,15982
-2237,-15248,61,-5888,4096,14400,1558,-15042,1144,-5222,-3390,15102
-1413,-14112,-7781,1416,6176,155,238,-13262,1762,-4213,-5929,14619
961,-4890,-6757,1536,-4028,11309,624,-9872,-344,-1171,-590,12145
-2093,-5370,-5695,8328,2880,8296,-196,-8662,-1048,-4328,-3161,14057
-1971,-4000,-8169,11330,1120,9888,-1142,-7382,-3068,-5493,874,10178
453,-5920,-3145,4104,4262,1036,250,-6748,-1196,-12201,-71,8995
-2235,-6044,1049,4104,196,580,1010,-7590,2230,-11294,293,4900
-9791,-10104,1999,1036,1024,8,2612,-8126,4664,3050,-2221,413
169,-5884,25,2562,-6112,2561,112,-5220,-374,2622,-2164,-1644
1865,-6032,-103,-8159,-6144,2052,3178,-6130,16,-457,-5041,-6335
3995,-5440,-2535,-7416,-9983,6556,4064,-7636,50,-3503,-9483,-9025
2049,-4896,-933,-7984,-10716,0,2372,-8310,-744,-5146,-10753,-12438
-7359,-1952,155,-15870,-22528,4613,-1760,-8970,-1228,-15679,-20433,-9538
-583,-6040,425,-15303,-12027,358,-244,-15026,3364,-8400,-9788,-16782
-10351,-3728,6323,-15976,-26367,16700,2800,-19328,9618,-13709,-24363,-12777
-8823,-5024,5833,-15736,4097,18444,1562,-17372,6466,-11111,-12117,-12813
-6287,-3994,9003,-15863,4225,261,5060,-19960,9140,-7432,-9822,-10526
-1983,416,4539,-15340,10754,2609,4810,-14972,6096,-7138,11290,-9220
6513,180,4013,-16192,138,49,6362,-16328,7058,-4072,4363,-3572
5989,116,3993,265,0,2310,8610,-13122,4704,1533,1148,-514
6057,-5276,-105,80,8336,539,6862,-13520,1622,690,-6244,-1864
8257,-5406,1975,160,8,2369,7738,-19748,1610,4870,-10416,52
5977,96,-1895,427,8334,512,8212,-15594,-838,4668,-18668,1976
8045,736,-2013,3590,336,2432,7538,-16106,-906,3721,-7933,3403
8133,1222,-89,400,7344,1025,7810,-15174,70,2482,-8242,6074
6465,-5976,-9,1112,8322,18,5916,-14212,556,1220,-5800,5203
6081,1186,935,516,9256,1162,6362,-15002,920,721,-3041,3615
1637,240,-101,417,8197,265,5390,-15048,200,462,-8262,3283
5955,-1664,-89,1064,3444,1540,7670,-18890,834,2653,-8714,2977
8001,96,-73,1216,328,258,7794,-16082,1236,1554,-11088,3862
6097,864,-73,2211,522,1058,7614,-14644,176,2204,-11079,5418
8009,-6048,2083,1348,4188,544,7744,-16230,2644,2003,-12029,4513
6273,-5492,27,2176,0,2313,8074,-13558,2084,2225,-7030,2299
6467,-5820,1767,1096,128,2595,6706,-14256,1506,1551,-7570,3916
6987,1186,655,36,2378,2580,6758,-14358,1450,904,-4824,2569
6273,-5984,-75,35,4609,6400,5544,-14980,-130,1437,-11992,7098
7523,-6044,-481,1025,4480,72,7356,-14410,-832,1469,-19085,5865
6469,1124,409,320,11296,268,6162,-15850,598,264,-16870,4527
5961,106,159,4,4096,2212,6074,-15004,124,792,-11848,3531
6273,-1168,-1769,1281,8704,134,6872,-16564,-280,1322,-7224,4238
1025,128,-481,47,9816,162,5588,-16034,-404,1566,-4470,4400
6481,532,411,1026,10465,520,6120,-15776,-120,1091,-5931,4893
6307,246,-565,144,8193,4688,5808,-15328,-688,338,-7889,4639
6065,896,-869,0,169,3592,5768,-15738,-732,-1,-11123,3934
6081,1136,-1241,0,128,3617,6074,-14908,-1456,85,-11468,3672
5969,500,499,-6098,1168,1537,7616,-15690,-1376,-399,-10433,3760
-111,-5872,8603,-7680,10,3955,5112,-17482,7322,-876,929,4149
2897,-1932,-69,1034,792,5952,2608,-14972,2148,1898,-11799,6320
-183,-1908,279,-8160,1538,7179,4746,-17432,62,-473,-14581,7720
-2165,-4382,927,-8051,49,9285,4592,-16352,750,-531,-9657,9334
-167,-4856,3107,-18400,2052,3720,4478,-17696,3382,-526,237,12076
-2231,-1792,-9,-23516,4204,6033,6,-16988,834,-4009,11933,14138
-9661,-1440,33,-27920,7236,5127,-2852,-18090,1724,-6461,-670,16019
-1983,-1424,-11329,-10031,520,2308,-566,-15922,-1370,-10018,1226,15531
-9247,-4184,-11721,206,11653,4646,-1112,-14570,-3124,-10060,-2341,12506
2153,-3484,-4065,260,-2542,10249,4072,-10468,282,-8093,-1351,11052
-923,-10138,-65,8690,64,1938,154,-9624,1724,-5512,-10683,12177
1937,-9732,-73,6144,10,289,1618,-6794,656,-1955,-5124,9450
-639,-6048,41,4100,48,4258,2078,-4674,8054,-3425,6362,4992
-1823,-5640,-1047,8197,11,640,-1572,-5912,-632,-6115,2162,4647
-2237,-7776,-1081,6148,1318,2321,-2576,-6636,-868,-9300,3115,4177
-9773,-5530,-65,20800,44,37,-1568,-5780,88,-9881,4018,3563
-8255,2280,3159,1572,-2704,0,5074,-7112,6410,1030,-1357,-1953
-8383,-4734,-71,-3736,-7163,16,-2802,-3584,-3024,-1692,-2432,318
947,-5596,-1385,-7620,-3832,2308,1140,-4772,-2218,-3611,-4465,-1730
459,-5952,-551,-5368,-14572,8369,4208,-5776,-118,-5385,-10326,-5786
1937,-6046,-71,-7996,-12028,4738,4722,-6492,-294,-7917,-9242,-10625
-1977,-5760,1175,-12144,-11392,17426,-280,-8968,-2330,-12532,-10022,-12358
-2233,-4950,-65,41,-10237,16387,156,-10900,-166,-13628,-9495,-13560
-8383,-4976,-37,-16192,1024,20672,-200,-19584,4152,-15072,-14658,-10538
-6319,-5910,11159,-13814,16384,20522,2730,-21458,10766,-8510,-6708,-10575
6017,-5024,3991,-15550,10241,627,6030,-19012,4118,-3816,12091,-15300
8017,-3744,12581,-16349,21899,4640,5726,-13392,10262,-1708,32767,-19526
-9819,-1824,-3137,-14772,11529,4994,-5332,-18424,-2738,-1992,8084,-1792
977,136,31,24,12416,257,4792,-15618,-28,-156,-19418,5090
-167,260,2523,-8192,2129,908,4788,-15322,2388,-3074,-12969,2899
871,-864,1387,-4030,1026,1029,4908,-15152,1134,-1717,-8680,1469
1377,-5532,705,-3584,8244,1684,5392,-17230,724,-2380,-4148,1658
2117,-1888,-53,-3324,8231,22,4348,-16090,666,-1303,-3359,2313
2417,-6038,-85,-2682,1652,1060,3848,-14702,578,-1735,-7122,3563
3025,-5980,159,-6044,5,3136,5102,-14546,162,-702,-13577,3326
6211,1128,-1833,-7679,97,4610,6308,-14548,-1618,-1430,-16212,4528
6545,-6044,-81,-10240,2048,2341,8146,-13670,576,-1961,-13522,2788
6013,-4960,503,-9626,3072,1155,6694,-16814,2590,-529,-9221,1062
1355,1120,-105,51,4690,579,4904,-16310,132,2096,-11008,945
2053,-1404,-999,2306,10639,2050,4974,-15646,-976,2762,-17938,2253
1089,96,-1481,144,74,34,4976,-14968,-142,2091,-11395,293
615,386,331,1319,1073,528,5528,-16238,116,1535,-6228,1723
-67,492,-81,1413,2631,577,3994,-15194,-58,1393,-5569,3203
1351,134,-1101,254,6441,136,5202,-15816,-834,969,-9502,4266
1875,178,-977,290,4684,264,5512,-15048,-236,278,-11444,4462
5957,96,-73,-5632,2,4096,5934,-15478,-54,-406,-12839,4365
6593,104,159,-5600,0,4880,6408,-16362,680,-37,-11989,4935
6529,-1168,231,65,1560,6144,6318,-15928,18,23,-10650,6214
5963,160,55,4,516,352,6732,-16308,642,529,-9599,6460
6017,486,823,1,450,40,6226,-14672,882,59,-9721,6501
6339,-5784,-105,-6912,1540,1252,5930,-14140,1010,-213,-10602,5471
5953,-5696,75,24,104,384,5716,-14146,1610,34,-12087,3872
1145,1138,97,-7488,545,2713,5486,-15290,1520,-65,-13466,2971
6649,1408,1691,-7006,4488,5,6590,-15048,1614,-225,-11702,3024
5987,-5852,-101,-7067,6244,102,6518,-14350,976,-661,-9569,3491
6633,-6024,183,-6134,6272,528,6472,-17958,2238,-695,-9940,4769
6465,-5536,-1001,337,1024,226,6512,-13998,-544,307,-15007,5702
5965,682,-73,-4669,2048,160,6540,-15996,-6,-64,-13556,5802
6349,130,-105,-7167,882,0,6168,-15034,-2,-84,-13305,6212
897,144,27,-7551,1674,425,4782,-14524,1450,-467,-8318,5001
-119,96,575,-5878,9417,4102,4860,-15502,752,-833,-6339,4208
1601,162,481,-4476,138,4096,5204,-16054,664,-459,-7817,4971
645,356,2327,-4947,1636,4359,6258,-16234,2622,-1106,-3545,5472
-1407,736,1943,-7136,4673,2176,4054,-15860,2570,-888,5147,6749
-6175,-1662,2711,-11124,6160,2562,5058,-15808,2456,-2521,6274,11578
-6323,-1624,2031,-12160,6400,4288,2016,-16436,1084,-3668,5509,13672
-8315,-2976,1993,-7678,65,1360,842,-14878,1976,-3326,2921,13859
-9277,-4948,2391,-3708,258,11536,-832,-13450,2354,-2588,592,12370
-1205,-5438,23,1120,4971,2388,3766,-11566,916,-3440,-943,11677
-7743,-6048,-4917,5412,7,8232,-4508,-10884,752,-1072,-10434,11011
905,-4992,931,37,2080,2125,70,-9984,1220,2380,3108,6801
-2223,-5404,-3161,11473,-3673,8705,-1604,-8764,-1294,-4362,-2668,9766
-1113,-7452,-3431,10240,3329,834,-1338,-7072,-182,-6070,3179,5838
-2099,-6292,423,5186,2240,4128,-334,-6530,-468,-11140,2671,6073
-8743,-6522,-95,4420,52,4096,-894,-6552,1264,-10644,1363,4317
-10295,-5982,8087,5700,4232,2048,-504,-17752,6928,963,2761,1121
209,-5880,-105,-3518,2056,521,602,-4432,-1334,-622,-5480,204
-1847,-5964,-613,-3056,260,-5856,1946,-5130,-750,-581,-7162,-4396
1921,-7776,-97,-4096,-16346,385,3108,-6976,28,-3776,-11941,-7967
-2239,-5086,-97,-12256,-24464,8720,-854,-7452,-926,-11575,-21365,-5593
-1919,-4766,1545,-11102,-13529,17936,978,-8744,1534,-10710,-13611,-12834
-1711,-6040,4039,144,-12272,17170,2060,-12630,4654,-15792,-11900,-13742
-6325,4336,4183,1280,1024,8836,2916,-19578,5274,-20334,-3817,-20360
-7841,-4396,6263,-9168,1632,7211,-1290,-20522,3018,-10864,-17582,-15496
6123,-6046,471,-20158,25472,4114,7468,-15720,7494,-3651,-5226,-10861
3025,-1952,3359,-22454,3137,460,4654,-10456,3468,-5411,3313,-1471
-1207,-584,2455,-9404,259,2057,5088,-15024,1986,-826,4448,2566
-1695,-3978,-2145,-5106,8476,65,-1056,-13368,-234,-10,-8246,3521
1297,-6046,2077,577,8200,1088,5482,-13980,1692,-88,-2384,9686
1231,238,-105,-7640,9552,1052,4982,-15514,1068,-4930,-6833,7323
6081,-5966,2135,1028,516,2088,5958,-17040,2080,1564,1165,2059
2117,608,157,-3042,257,2573,5460,-14954,752,-430,85,2956
5961,832,-103,-4605,4146,2820,5656,-15380,1432,-526,-4034,3921
5959,-200,-105,-6109,176,2056,5604,-14568,746,-893,-8272,3563
6465,160,505,-6072,4611,2564,6170,-14832,556,-852,-9622,2826
6345,900,183,40,416,48,6084,-14588,1140,-247,-9496,3835
6017,744,417,-9136,1152,349,5754,-16104,796,-392,-15203,4113
6531,352,411,16,1,642,6134,-14762,742,-25,-10051,2787
5995,1122,87,-8178,6888,2578,5926,-15200,742,-1435,-9571,2674
5957,1152,-19,-7680,2366,25,5586,-14764,552,-1211,-14200,3371
6469,-414,-105,-5367,5646,2816,6426,-15082,538,-1059,-16741,2742
6099,-864,-1833,4,1218,37,6228,-16576,1310,-180,-12021,2260
6505,380,-25,1,0,2048,6262,-15160,-30,338,-7463,2176
1313,240,469,268,2400,2241,5522,-15386,504,287,-5756,2288
145,864,-41,132,2560,866,4650,-15564,470,30,-5438,2063
1153,660,-103,428,384,2349,4736,-14514,84,383,-7396,2359
867,172,105,-6144,6656,2641,4654,-14942,718,13,-9696,2926
833,232,-103,-6782,401,3074,4714,-15486,398,-120,-10269,3418
869,400,299,42,208,4224,5236,-16032,1856,333,-6994,4438
5989,896,-97,-6400,6832,6794,5832,-15916,1260,-197,-9716,6915
6285,416,-101,-5932,4623,9,5942,-15644,326,-580,-11631,7127
5957,98,27,-6136,4401,1396,5510,-15360,-136,-1506,-10311,5914
865,96,-79,-5975,4360,4,4542,-15070,168,-1902,-11940,5059
619,1488,-103,-7612,3596,1,4480,-14622,146,-2464,-12485,4363
-45,224,-1641,-7166,72,272,4386,-14742,-280,-3093,-12917,4544
5953,768,407,-7531,3591,1068,5772,-15780,-58,-3103,-12121,5487
1483,-224,-23,-8190,16,528,5472,-16586,-148,-3916,-9473,7059
455,116,-1129,-8104,6144,1154,4238,-16090,-612,-3828,-10411,7887
1881,132,-71,-8032,3280,237,4164,-15816,-784,-3400,-13053,7892
-119,104,-97,-8062,8258,5545,3696,-14780,370,-3423,-7844,5447
-2159,360,-105,-8180,9249,4105,2148,-14580,202,-3381,-7181,4660
-2223,1314,471,-8191,8473,128,2342,-15022,1658,-2926,-6792,5316
-6847,128,1695,-10744,8192,1536,1950,-15054,1438,-2648,-1263,6005
-10415,-1952,-105,-15877,313,581,-616,-16270,2036,-1649,2548,9153
-7343,-4984,127,-11736,1106,1299,-3768,-17048,1436,-685,1231,11709
-10143,-6048,791,-6776,2504,12416,-1886,-14496,1798,-390,3020,13094
-2191,-4160,263,-2619,4172,3968,-642,-10568,778,-2257,-3284,12147
-1991,-8324,407,-1726,-6400,8196,1430,-8496,180,-1167,-5745,11711
-831,-9840,-29,-256,321,2841,18,-7726,-868,-1005,2257,7922
-1055,-9806,-6249,4168,1924,8808,-978,-8116,-1618,-3905,199,8792
-2207,-7968,-6239,8706,291,5281,-2390,-7654,-2210,-6967,2540,7370
-2201,-8092,-4169,5379,1296,0,-1584,-7508,-1628,-8821,1401,6616
-9151,-5998,183,7065,2667,0,-1292,-7254,220,-9265,2667,5133
-9855,-5492,951,18482,2688,1046,-2218,-8004,1124,-8671,2699,3834
-8383,-5920,8113,2433,4354,769,4828,-6048,9860,8211,-3039,-140
-1655,-5326,-3873,256,-15734,137,-648,-5830,-1634,1052,-8152,952
2385,-5020,963,-3294,-8192,17,3514,-4946,-888,-3303,-8194,-3948
1905,-6032,151,-8107,-13567,6160,4270,-6256,-208,-5795,-14004,-8808
-2139,-5902,413,-16032,-23807,5384,2178,-6818,2508,-14251,-20641,-8528
-2143,-3688,6295,-14836,-15550,1952,-444,-12858,7112,-14482,-15027,-12076
-4021,-3832,2031,-13882,-23960,16785,-620,-19922,7918,-13176,-21246,-10210
-10427,1376,219,-16320,11488,8592,4356,-15030,10714,-7499,-3441,-7834
-5021,-5532,6355,-11068,292,6530,3192,-13462,7522,-2531,528,-9809
-1213,-6000,6255,-13772,8784,512,5170,-13302,7448,-4456,-2015,-5729
-1721,884,1583,-8133,2820,4098,2828,-14376,4164,-4009,-6116,-3782
-191,-4976,1431,-7384,6660,0,4060,-13500,3374,-4200,-9906,-219
-2023,-3798,693,-8140,512,532,-312,-12376,1346,-5638,-7299,136
1993,-6048,-865,-6144,3072,1396,3894,-15720,2,-5245,2862,1952
-1723,-5022,983,-7386,1034,769,3180,-17038,1320,-3921,-4400,2750
2695,164,1167,-5112,3073,1040,4614,-14746,1470,-11,-4086,-406
1857,104,-97,-7399,8834,1088,4646,-14586,374,-1040,-762,-564
857,136,407,-9976,9739,2692,4592,-15360,102,-1387,-2404,2886
1407,356,-1129,-8192,10256,2307,5044,-15208,-566,-164,-2002,2437
-183,1130,231,261,8905,2584,4438,-15332,300,977,-7697,3724
1941,-6044,-53,0,4356,0,4812,-14226,482,-104,-11627,4163
833,208,255,-8832,2049,1472,5322,-16472,278,-671,-13608,4089
6671,736,1437,37,273,65,6394,-15752,1400,90,-11707,4212
7113,372,1593,-6111,6145,84,7442,-16184,1700,-338,-8562,5027
5985,-5728,-89,-4846,128,3,5698,-14160,1586,-656,-7524,4232
1793,-6040,167,-4979,6209,445,5610,-14470,1420,-840,-8551,3484
1545,-5852,411,-5436,6912,233,5020,-14264,1798,-1241,-9402,3288
837,1120,2295,-5632,264,3076,4874,-14788,2330,-982,-10815,3357
1873,124,433,-6067,560,3108,5480,-14988,1588,-460,-11704,3273
6469,-6000,1687,-6654,279,3584,6004,-14482,1654,-496,-10649,3837
6209,96,343,-6128,640,3,5974,-15514,826,-917,-9671,4039
5953,704,959,-5814,268,258,5318,-15886,1596,140,-8377,4548
5959,-864,151,-5120,0,256,5390,-14822,530,-290,-10689,3810
1089,1504,429,-5102,448,1044,5578,-15230,500,-911,-7719,3098
1633,610,439,-6459,8384,1024,5438,-14742,582,-364,-7015,3217
857,756,59,-6935,9216,2568,4610,-14832,1802,-492,-6551,2735
929,96,919,-6126,2880,158,4470,-15780,654,-563,-5350,2537
2897,-5948,-1601,-6848,7184,36,4612,-14524,-336,-630,-8883,3375
2145,1704,7,-5948,3084,386,5218,-14944,10,-1884,-13291,4545
2625,308,407,-6480,3076,4612,5390,-14922,618,-2439,-13104,4646
2113,424,-105,-7239,6440,4640,5482,-15412,1384,-3046,-9465,4937
5953,-5004,919,-7660,1825,528,5524,-17116,2962,-1407,-4343,4875
803,-5940,1003,-7933,729,593,4544,-14186,1550,-2218,-7422,6261
1399,1124,55,-7588,4882,188,5506,-15590,250,-3546,-9248,5400
2241,-6048,-73,-7278,6800,579,4930,-14424,448,-3075,-9493,3675
1991,1268,-67,-8000,4562,272,4294,-15008,988,-3815,-11873,3410
-125,608,503,-7102,19,516,3870,-14662,1456,-2701,-11074,2668
387,808,1063,-8190,514,3369,4304,-14906,1324,-2051,-12609,3546
739,-5856,685,-11766,265,5209,4768,-16560,850,-2422,-11255,5293
-2205,-4858,1063,-15482,10561,1188,2158,-17198,2060,-1858,-4525,7784
-7035,-6048,313,-18368,4737,1106,1182,-17802,272,-1817,5282,9874
-6303,-3868,-55,-13046,2264,2235,2292,-16072,-974,-4375,14359,10575
-8059,-3950,-2065,-7232,5184,2064,804,-15784,-714,-5205,-1172,11915
-1983,-4508,-3145,-4094,4327,2058,1572,-12654,-2454,-4097,-3249,10187
1907,-5792,-6213,2048,4608,1028,800,-11298,-2106,-4009,-3930,9586
-1983,-5536,-7767,1748,-3228,4356,-920,-10186,-2484,-4395,-2814,6358
-2201,-5792,-4137,8704,-4096,6209,380,-9878,-1486,-7574,-3683,6619
-925,-4988,-3945,5760,2242,4114,-1094,-9224,-2096,-8463,-5990,4702
-1655,-4704,-73,16392,4160,5192,-762,-9506,-1364,-11481,-4317,5507
-2211,-5788,1175,16641,224,5696,1728,-8198,810,-12054,2366,5497
5969,6326,11331,1024,4624,9299,10142,-24992,9514,-8984,6147,9044
-2231,-6030,1079,286,-6783,1545,792,-5422,956,1577,-6778,1478
-1781,-6814,-97,3201,-7872,48,2098,-6740,60,3229,-8417,-5079
2113,-5536,-71,960,-12263,9,2514,-7522,46,1011,-12168,-8406
-1491,-6048,-35,-3568,-12283,2137,622,-8856,1546,-2335,-11740,-9827
323,-4376,-39,-11232,-13760,4752,206,-8588,-684,-10005,-13740,-9564
-1023,-6048,-6597,-14263,-15488,16832,3144,-15130,2868,-12881,-10434,-11606
-2231,-4692,49,-15356,-13790,20992,1624,-19378,9036,-12868,-13721,-11895
-2961,13612,9147,-13818,8233,19584,5502,-20424,9620,-8474,-3678,-12423
-2229,-1672,327,-16383,8514,4140,2336,-19132,2398,-3147,10117,-11497
-947,96,-83,-12224,8704,96,2652,-15968,2068,-3285,11301,-4825
-1599,-5792,1975,-8124,4,3072,2176,-14070,2608,-1833,5840,-934
-965,866,3991,-6080,1425,2380,3048,-15542,3356,-620,3698,-545
-935,612,27,-4862,1072,148,2846,-15532,-42,-798,-7456,1844
1937,224,41,-3712,640,3080,4850,-14854,-656,-2237,-12753,3235
6005,-1246,535,-2542,68,2752,5654,-18098,538,-2397,-11988,3944
6113,-6002,153,0,1,3584,5736,-14182,-58,1546,-7497,3839
6921,-672,443,-6112,8368,4,6682,-17220,788,-628,-6448,5724
331,106,-1895,1034,2944,19,5008,-15072,-688,774,-5623,6554
6065,-5980,-29,-7933,5265,0,5636,-14494,168,-1211,-9175,7045
897,936,-105,-7688,3200,1026,5026,-14748,454,-936,-12577,5447
5955,-6032,351,-8192,0,394,5692,-14388,584,-1574,-12125,3456
5953,1952,-73,-10240,1088,679,5586,-14410,994,-2063,-13236,2039
1555,678,-105,-8126,680,281,5298,-14818,858,-2903,-13670,1334
2257,400,409,-7163,16,289,5724,-15838,1612,-3049,-14299,1341
7049,-5916,2463,-7504,0,784,6948,-14002,3300,-328,-16056,606
1859,-1820,919,-5533,2378,18,4768,-16536,114,2,-14095,853
6033,1120,-85,16,5539,132,5700,-15466,44,115,-10555,2028
899,308,-873,107,1040,259,5262,-15254,-46,243,-6852,2412
237,624,295,80,8356,1025,4356,-14596,318,320,-5981,1957
-95,118,55,-6143,1041,52,4372,-15304,136,-491,-7141,2088
2001,224,443,-5479,7184,680,4264,-15316,564,-366,-8600,2897
1869,1280,-551,310,538,1045,4876,-15270,-452,44,-11523,3708
1549,130,-521,594,1364,268,5326,-15820,-698,790,-12872,4424
5969,102,-841,392,1024,4224,5816,-15428,-284,955,-10970,4568
6593,288,151,4,1057,5274,6358,-15758,148,936,-8155,5678
6385,-736,1283,9,2819,5399,6886,-15336,1706,676,-4216,5532
1149,104,1113,-6080,17,133,4928,-15964,1564,-880,-6852,6225
609,370,-33,-7124,40,1538,4480,-15694,116,-2629,-7447,5938
6017,636,227,-7157,4676,266,5646,-14668,382,-3079,-11927,5484
6273,-5772,2089,-8124,4160,2,6332,-14072,2352,-3460,-11433,3970
1089,1152,1985,-7936,2,153,4716,-14944,2402,-3201,-8130,2060
1095,128,435,-6502,5,2208,5162,-14982,1406,-2369,-7301,2218
2121,-6016,311,-4590,5198,2832,4026,-14298,644,-1012,-3383,-50
2253,-6048,-97,-7160,0,4,4976,-15918,378,-3298,-8349,622
6213,-5468,875,-4928,64,1289,6134,-13886,592,-814,-14880,-291
1961,224,-349,-6826,10,1731,3432,-16014,-286,-2038,-12518,2159
-693,614,25,-6007,2052,1312,3164,-15894,574,-964,-7957,3505
2513,608,223,-7168,9216,129,3150,-15110,250,-1014,-7138,4281
-191,1132,87,-7091,2240,4484,3602,-15588,-388,-1018,-10153,5053
505,864,-39,-6334,3584,5636,4090,-16124,590,-2303,-8385,5889
-2207,-6028,1687,-12013,10752,1056,2050,-18258,1530,-986,688,8139
-9917,-5024,943,86,8705,1840,204,-19406,1352,442,9213,12262
-10429,-1680,2079,-11248,9418,1033,370,-15696,1238,-2103,11119,15512
-2103,-6048,951,-7672,10534,15732,2510,-15268,1388,-4742,-5069,15508
2135,-13324,-7785,8300,4096,129,1752,-12470,-1028,-2507,4144,10134
1997,-3616,487,9216,818,8208,2808,-10890,220,-4829,-1994,12910
-1215,-5280,-81,8236,2569,8480,736,-9908,-2424,-939,1975,9963
-63,-5952,-5065,16448,0,10313,236,-8680,-920,-3774,413,10273
-639,-2928,-3829,16386,2180,2,-928,-7290,-722,-6479,-325,8730
-1725,-6032,-101,19070,-704,136,416,-6216,130,-8470,-373,6098
2369,-14240,6031,16929,1032,4768,3306,-18554,21568,-10314,6862,5663
-2233,-1880,-105,153,3072,48,262,-2792,-1048,1116,-4793,341
-751,-4480,-2145,-7936,-6032,2248,2836,-4390,-1528,-4295,-5357,-6050
2065,-4320,-35,-15231,-12160,8288,2164,-6580,-622,-9316,-10848,-8040
1269,-2940,151,-16351,-12286,4673,696,-7152,-872,-11636,-12122,-8576
-895,-1780,887,-16380,-11776,8200,-836,-9226,754,-14603,-10769,-8155
-2031,-5664,1111,-23987,-15840,6565,-124,-15280,1762,-17993,-13081,-10273
-10077,-5716,6103,-21492,-14224,16393,976,-20028,6832,-16161,-14287,-11176
-3735,-5876,-57,-15228,58,16771,4186,-22088,6992,-8443,-7144,-12848
6977,-3200,6055,-12287,16512,1152,3994,-16374,5820,-2642,-226,-9108
6985,-4188,4023,-16363,2061,0,7340,-13198,5314,-3229,7633,-6757
-159,-4000,2743,-12281,3305,1280,-272,-12046,2304,-4162,19762,-4765
-2109,-5888,-81,-6008,5492,160,2460,-18660,3032,-1651,-3417,3202
-1453,-6020,1959,576,7232,92,2396,-11094,1602,954,-1312,923
-1707,-5726,-89,-4090,4676,1024,3202,-16690,1054,-1921,-2726,5738
1,-666,417,-1022,5265,5733,3810,-14960,586,-378,-11242,5900
1871,-5720,943,1680,4384,5248,5222,-14354,1276,-2238,-11333,5589
905,1154,807,1040,4160,1284,5388,-14794,662,-2525,-10778,3723
4673,-6014,423,-6335,4357,2048,5470,-14864,474,-2147,-12037,3130
6089,1186,-41,-9950,2182,44,5800,-15368,1074,-1854,-14137,4012
6049,916,-73,-14336,1667,81,5912,-14646,956,-1933,-14952,4259
6233,-4860,985,-11896,384,835,7086,-14050,1542,-2082,-15213,3695
6151,-6048,1453,-12143,4881,1120,5730,-16666,1798,-1872,-9124,1922
2057,-5984,409,-10231,5201,2128,5122,-14422,414,-1287,-11252,2374
6107,-1152,-67,-6102,72,321,5874,-15840,360,-927,-12079,2566
5961,-1884,925,-5002,5242,819,6204,-17856,872,-401,-10203,2968
6083,130,-103,64,2570,1540,5626,-15718,922,1148,-5433,1750
5955,1696,419,128,8192,1226,5464,-15064,1596,431,-4053,1907
977,1120,-83,604,8200,1056,4746,-14912,-158,701,-6964,1697
6337,1026,-999,1088,4139,56,6096,-14626,-842,1240,-12044,1610
1859,1380,-73,1089,5664,194,4854,-15130,818,1525,-10434,1820
1873,-5984,951,2085,1032,265,5536,-14506,1132,2122,-8839,2505
5985,-372,-101,514,8555,16,5676,-16944,626,1582,-7783,3844
5965,-5976,-101,513,8201,304,5970,-13862,30,1329,-6701,4189
1443,624,23,-4987,7296,323,5464,-16134,546,-928,-8947,5649
5957,624,55,-6128,6176,5609,6286,-15450,1006,-926,-9515,5642
6049,904,-81,-6106,4609,6146,5690,-14808,946,-2100,-10804,6275
6593,1192,329,-6615,3509,4658,6236,-15366,1834,-2320,-12255,5708
6193,1120,371,-7744,4192,4104,6024,-14710,1320,-1587,-11693,4101
5953,1344,-69,-7795,5226,41,6406,-14800,1120,-1130,-10273,3109
2209,258,493,-8192,7594,514,5422,-15590,484,-1050,-8236,2604
5985,-5762,407,-7101,6416,648,5732,-16178,596,-680,-9541,2986
867,100,351,320,517,1024,4870,-15776,-1050,406,-13986,3592
6021,-1744,155,385,264,2,6110,-16318,-1572,287,-12064,2723
-603,-1584,55,-8191,8409,50,3452,-17278,30,-1494,-6455,7226
-1181,-5936,-105,-14590,8275,8707,3396,-18544,1512,-2171,295,12235
-8121,-3872,311,-16128,5328,17220,216,-20550,2522,-3293,5559,17504
-10227,-5024,-81,-10240,18,18688,1208,-17134,1146,-1730,3190,18355
-6327,-5136,927,-6096,0,1312,1984,-14132,758,-276,-8153,13602
-1205,-2814,407,2,381,564,2718,-11054,586,-97,1912,8611
-123,-6048,-8293,4232,8768,1024,218,-9470,-1342,-3301,-1541,9831
-2237,-5776,-6761,4365,228,8257,-1382,-8884,-2770,-4114,2303,8622
-1661,-5428,-4201,9220,32,9082,-630,-8292,-1966,-6408,113,9142
-1823,-5792,-3513,7168,0,8210,-1072,-7636,-2182,-8910,266,8195
-2071,-7566,-1091,16640,16,4356,-1290,-7766,-1464,-10628,4346,5557
-1875,-4504,179,17410,4130,30,-2244,-8740,1010,-8885,5383,4215
-6171,-4512,39,12920,2560,-2544,-6342,-9832,192,12704,2355,-115
-1829,-7582,-4121,-2360,34,4124,750,-8242,-1020,19,-8056,-1590
-1631,-6036,-37,-7552,-13248,561,1504,-5514,-1646,-3427,-9731,-3600
2129,-4972,249,-8092,-16244,1824,2812,-7078,192,-7074,-10259,-6459
-2015,-2958,2071,-7678,-11166,1320,1446,-7314,-938,-7651,-9251,-10613
-2239,-1948,-69,-15103,-19031,8288,-456,-9208,834,-14638,-16622,-8338
-9403,-1084,919,-20432,-20478,10800,-4538,-8678,944,-18794,-17612,-4722
345,-5012,-89,-12248,1686,16384,2316,-14274,6098,-12696,-10007,-7842
-5025,-1886,-105,-14976,4160,19466,2766,-18568,6778,-10168,-12227,-9151
5959,-4480,4647,-24063,27204,128,5914,-19002,4534,-6270,-3727,-12119
2249,-5968,6039,-18430,18048,141,1200,-15212,5384,-1287,28647,-14477
-1983,-4000,-87,-12197,1040,128,-3066,-19852,1958,-426,19480,-5612
-55,104,1625,-6136,6792,48,1322,-16226,1838,-421,-8889,5426
1865,636,-89,-7936,2072,3088,4636,-15868,866,-2416,-14513,7368
6089,-5416,23,-8176,4192,3170,6212,-13958,372,-2946,-11105,3803
2113,1134,-85,-2502,256,1028,5610,-15016,-10,-1933,-8851,1158
6209,448,-2153,-1792,264,1281,5640,-14374,-386,-1112,-8400,1725
5953,738,-2151,-3040,5140,3779,5954,-14624,-484,-949,-10035,3745
6293,442,-2023,-6117,4432,768,5884,-15734,-650,-1859,-11951,4082
5953,-5658,-37,-7102,130,1560,5770,-16672,146,-23,-13100,3839
1159,608,-281,13,904,2337,5154,-14710,-38,693,-14250,4070
6311,240,-255,320,528,2625,5976,-15490,-70,322,-11479,2927
1933,160,-81,-8816,5121,2370,5082,-16170,90,-122,-11349,2538
5953,608,151,-8154,4132,256,5452,-14748,206,-2,-12198,2365
1409,864,407,-7606,2116,2313,5114,-14866,660,-448,-13825,2380
1905,416,-55,-6902,1537,1,5464,-15192,150,-739,-14811,2334
5953,1256,169,-5035,31,2068,6128,-15340,974,-744,-13163,2091
6147,130,779,-4095,5000,2304,6098,-15334,838,-42,-11199,2476
5977,-5976,415,-4992,450,2253,6786,-14052,758,-196,-7391,3368
6865,-640,1951,-4762,1282,0,6432,-17062,1990,41,-4768,4032
993,-1248,2457,513,166,40,5264,-17676,2326,542,-6071,4796
5985,-6014,-63,32,912,48,6764,-14238,1164,1617,-6243,4248
6545,-5280,153,652,1551,340,6300,-12868,182,563,-6748,4984
6337,1264,-15,128,1063,0,6432,-14808,1412,263,-7202,4527
5961,-6048,2247,64,1088,37,5650,-14096,1650,460,-7230,3091
2659,-5534,-103,-6140,513,80,5380,-13796,1412,-1079,-7631,2643
2913,96,925,-9725,196,2180,5642,-15086,874,-1639,-9714,2265
6001,-5432,1055,-7600,6160,21,6118,-14856,1306,-2014,-8698,1709
2371,-6028,2473,-6527,6929,2336,5632,-14694,3630,-2165,-9580,2344
5955,1158,935,-4592,9296,4,5636,-15136,1134,-849,-6727,63
329,242,-71,-4938,9097,514,4492,-16050,0,-670,-6123,692
2953,864,55,-6144,8417,2048,3124,-15902,-1028,-1871,-5913,2494
2977,900,-745,-6127,28,5123,3322,-15536,-706,-963,-15385,5268
2561,152,-1713,-6078,9156,7696,4506,-16062,-1548,-1664,-22840,8143
6513,632,-2135,-6080,8232,7321,6006,-15806,-1136,-1053,-19542,7751
5955,132,407,-4711,1124,5192,5508,-15888,-1536,-554,-11788,5362
-191,-256,-81,216,4644,4996,4788,-16866,122,306,174,5071
-1979,-5756,583,0,7170,9224,2622,-17636,1804,140,7861,9911
-1077,-3924,3993,1360,12,5201,1244,-19410,3126,1525,10698,14050
-8383,-1952,2971,269,5120,4201,518,-16690,3364,20,5314,14525
-9789,-4384,505,-13751,14465,129,-764,-14746,1018,-1209,-507,14775
-1341,-3744,-81,-1012,4332,1056,-1798,-11564,552,-956,-3906,13185
-10425,-5920,-12261,4163,2186,4212,-7930,-8826,484,-2958,-5117,12414
-155,-1950,-7769,4608,21,1817,1214,-8122,-1850,-3473,2552,9904
673,-3996,-7273,18386,-7551,8202,162,-7986,-2274,-10328,-403,9647
-191,-3996,-2063,16384,48,352,-550,-8152,-1324,-12993,433,7348
-1215,-1632,-105,21153,2049,144,-1494,-8334,866,-11558,3349,5810
-2077,-5344,-73,17472,3154,4656,-2818,-8946,-1048,-8832,3387,4587
-10255,-2926,159,6916,28,-9136,-614,-1564,-10,7012,-132,-873
-185,-5982,203,-4988,-16127,2056,4170,-5698,-1122,-785,-9994,-4729
-6335,3206,-7893,-10194,1028,896,-4106,-3082,-4830,-6484,-14865,-11859
-189,-3936,-1823,-16064,-11136,9512,398,-7430,-806,-11819,-10584,-6607
-127,-5998,55,-12027,-8090,2056,-372,-8506,850,-11085,-7493,-9203
-1663,-6014,-105,-16036,-13310,17481,-2008,-10148,1300,-13060,-13372,-8066
-6271,2556,2975,-15608,-10157,16392,1852,-12918,2948,-13886,-9560,-8284
-5823,-1856,1947,1872,2840,24064,3472,-18860,7124,-12076,-13098,-8592
5969,-5960,433,-15936,65,293,5772,-21154,5102,-5166,1209,-13648
1473,224,2045,-19927,19090,3242,1624,-15566,3436,-2553,19794,-11989
945,-416,199,-15856,14496,4394,474,-14988,1790,-3769,13653,-3156
-1119,-5516,951,-11776,20,1090,1492,-16580,2946,-2312,441,3813
1889,-152,2291,-7432,4388,4613,4116,-14350,2634,-953,-10339,7072
-635,-406,-35,-3776,2049,2564,3322,-16992,14,-1174,-13883,6848
5969,240,223,-4095,2048,592,6054,-15626,252,-1485,-13768,4537
6049,640,-1881,-3583,5280,0,6110,-14756,-332,-1106,-8372,2794
3985,-5516,-69,-3518,6737,3338,5314,-15082,112,-894,-8573,3377
1953,300,87,-4969,8356,1160,4832,-16002,400,73,-7621,3838
221,-6008,119,-5632,388,2120,4988,-14194,-80,-589,-8771,3865
905,864,501,-6144,4916,2309,4676,-14864,378,-1782,-11754,2876
1857,226,439,-8178,193,1282,4648,-15638,554,-1754,-15972,1833
6465,-5788,5143,-11056,8192,210,8246,-13960,4886,-2441,-23439,2438
6045,-4798,863,134,88,388,6354,-13094,1630,728,-18186,-1825
6055,-6044,-3639,512,4,786,7242,-14270,-1630,703,-15175,-1081
6723,-5910,-537,1810,4645,1369,6352,-17356,-88,2107,-9108,121
2001,-288,-103,1120,11016,3584,5550,-16550,712,1226,-5280,4132
1603,880,729,162,10376,4610,5526,-15564,618,630,-5647,5988
1889,482,-2065,512,1576,4608,5298,-15542,-1550,561,-11078,5773
5953,872,-4183,711,1024,4417,5978,-14676,-2068,730,-15075,4402
6021,162,-2121,292,1476,4672,6498,-15170,-766,622,-14697,5010
6989,-1950,-2145,64,5248,5640,7632,-16522,-1022,155,-10008,5977
6979,238,1181,695,2577,6224,6992,-15756,1306,1735,-5551,6470
6021,-712,175,258,8585,7209,6140,-17428,1172,936,-7330,7243
6797,356,951,60,6501,20,6508,-14390,1118,122,-9971,6199
6721,-5792,1081,-5632,838,0,6524,-14352,1196,-1046,-13507,5524
6051,1648,-105,-6144,9,3584,7136,-15094,2312,-676,-10705,3446
5971,-5984,-101,-7104,8657,657,6346,-14156,1898,-14,-4510,627
2533,296,-101,-8887,2627,156,5250,-14920,1060,-782,-5751,1010
1857,-662,87,-9728,7304,273,5298,-16742,990,-1301,-8774,2504
5955,1122,-1223,-7798,68,256,5666,-15130,-268,-1718,-11738,3389
6547,-1164,539,-6072,3076,129,6290,-15876,-2408,-942,-12774,2738
6059,-5008,1049,184,8833,1056,6000,-13134,2084,-150,-5897,1727
-1965,-928,705,-10334,1155,4193,3296,-16882,390,-1304,-10522,5803
-2221,-928,2327,-8760,1795,10258,2410,-16678,-1130,-722,-14670,10672
-6295,-3488,947,-9332,1224,4631,1736,-19982,2364,-1466,4087,14050
-9845,-3984,923,80,8260,17924,-364,-19596,3370,118,15830,18062
-4231,-4246,-8009,-15104,6328,2256,-4052,-14378,-730,-4944,8641,14728
4551,-5768,137,-5372,1,32,3702,-14270,-144,-5541,1727,13447
-1975,-5914,-15923,834,1300,8380,-46,-11632,-3080,-6817,-8971,12683
2115,-4256,-11877,8195,-8192,8640,674,-10054,-3874,-7834,-567,10769
77,-5918,-6217,16666,4,8235,-910,-8930,-4796,-9469,1529,8495