311,-173,249,166,-453,207,3609,-16146,1096,1051,3412,-574
-69,-997,-93,638,-25,157,3283,-15460,-184,1307,3434,-360
-197,-2175,15,1527,-1858,-518,4443,-14112,-538,894,3146,-436
-39,1401,1895,2195,-2665,-347,2235,-16894,-1678,-466,5367,-1352
509,1201,273,1473,-2686,-559,2253,-16698,-2398,289,4028,-3109
901,-1401,-1163,3624,-4630,-1321,3553,-15424,-1304,-463,5165,-1922
627,-1723,-1247,5731,-8256,-595,5087,-16038,-292,935,7324,-1987
465,-1819,-745,6567,-11758,446,4583,-15254,-1810,1998,12274,-1965
789,1721,-1673,6475,-13102,2618,2291,-18784,-3096,1612,13913,-571
2033,1651,-119,3311,-12021,3371,2519,-15470,-1868,1895,14910,-1547
-1087,2587,-2837,1987,-10200,3167,1821,-16586,966,2917,19602,-1756
1067,443,-1529,1623,-9416,208,1917,-14542,-170,4291,14006,-1878
1017,-35,-1655,2577,-10755,-1509,2863,-14900,-388,2382,12177,-1559
689,-159,-1771,2536,-11423,-1788,2663,-15674,-1168,1291,9407,-1715
1967,277,-2551,2196,-11968,-1340,3175,-15572,-478,881,9336,-1631
2381,-97,-2297,1915,-9275,-1741,5163,-14822,1586,-582,8699,-512
1759,1777,-2247,2974,-8008,-3049,979,-19112,1716,-308,9458,36
1831,403,-679,3407,-7257,-4496,925,-13250,-2260,1603,5559,-1097
1045,2293,-781,4164,-7689,-4730,2835,-18038,-1472,156,5742,415
761,729,111,2973,-4808,-3118,2239,-15618,-2592,-140,4199,-789
655,-817,-349,4956,-7676,-2013,4047,-15860,-572,-111,5714,-566
1211,-179,-25,4735,-6680,-223,5247,-15732,-164,283,2597,-432
409,-405,-813,4864,-10502,1669,3757,-15732,-1800,2645,11512,-1363
845,-371,-1509,4480,-7664,1694,2051,-14830,-3374,3726,19094,-1969
-199,1907,355,3219,-10112,1941,2225,-15668,-3228,3309,18519,34
-105,1347,-2675,2800,-15415,2145,1861,-16150,1258,2466,17797,1413
1319,1913,-3733,2309,-17608,197,2539,-15314,1190,2806,11225,-176
3041,225,-2531,2014,-13487,-1463,5197,-15516,350,2484,11045,-2310
1289,309,-2577,1453,-9757,-2139,3705,-16264,-1968,2801,18639,-1910
777,443,-2519,2225,-9797,-2198,2761,-16152,-2786,3890,14811,-1869
1035,517,-2287,3407,-10991,-2351,3009,-16332,-2202,2988,11394,-1741
1397,723,-2633,4213,-11531,-2872,2297,-16470,-1504,1679,11547,-1367
1757,425,-2855,5103,-12047,-3540,2299,-15784,2464,3592,15528,-273
1351,1379,-2363,5771,-12044,-4378,417,-16424,-2254,3932,11026,1304
1407,423,-1839,5422,-9683,-5839,3079,-15266,-3850,2709,8778,1408
321,2173,127,4022,-7965,-5375,1835,-15354,-3044,3855,10907,-1662
357,-61,-683,4191,-6361,-6143,2369,-15250,-1508,2289,10550,-243
-1859,-31,-775,4915,-5492,-6103,1905,-16336,-1630,2904,9482,957
-2223,-1275,-1163,5249,-5905,-6758,1969,-15734,-222,5377,15360,3744
-2729,-1091,-983,5770,-7472,-8003,-147,-16094,-624,8570,21112,7875
-3697,-319,-1429,4615,-7062,-8861,-4223,-15916,-1518,9870,19396,11193
-5463,1855,-3079,1795,-8740,-11369,-5301,-12572,-1824,7715,11537,11947
-3585,625,-3983,-934,-485,-13363,-5631,-10404,-3264,3990,7268,10824
-2759,-2287,-5437,-1053,2358,-14103,-4655,-10124,-3076,-74,4265,10819
-1729,-3023,-4053,2545,2966,-14745,-3233,-8944,-3850,-2427,-26,4159
-1125,-5759,-3599,5386,4352,-12228,-1939,-11664,-3196,-4953,-1800,4607
-129,-7339,-2313,8923,4025,-9328,-1939,-7562,-1982,-13700,-8971,11864
-189,-8331,-2219,13076,6256,-4428,-1889,-9480,-1028,-8886,-3805,7921
-1561,-7053,193,16170,5191,-2244,-497,-7778,-90,-10227,-3015,8687
-2269,-6909,3091,14452,1718,-213,-1,-7672,504,-8016,-731,5670
1247,-3363,20457,3123,-3735,165,-4315,-11290,2606,2686,-4299,-707
-1607,-8269,1189,-1572,1631,4834,4189,-6308,1920,3765,-1594,-7741
2463,-8051,-1135,189,-248,9060,1349,-5008,-2368,-1976,-11445,-13828
1663,-6327,21,1187,-2429,14300,6513,-16128,3498,-1867,-10501,-5887
-1509,-4699,871,643,89,17720,-33,-11614,3746,-10102,-4253,-20501
-3763,-2467,-817,1542,-1,17744,617,-18238,826,-8463,-786,-24811
-3621,2719,2217,3710,-1121,16898,-613,-25850,1580,-9909,3810,-28243
-4883,2937,1801,-2701,6937,13268,853,-22678,1164,1069,14587,-17756
-5125,-1917,-871,-2668,8941,7481,-245,-15002,-1962,-3137,5501,-3226
-2199,-1531,353,1044,-1191,5010,-123,-16296,-1620,-2616,1675,1013
-1373,-1301,425,2666,-5151,3079,2487,-15462,344,-1034,-138,2421
-323,-541,-1145,1342,-3115,2131,4993,-15962,158,655,4995,-728
425,1551,-1095,3275,-12619,1480,3857,-16662,-402,1285,11346,-770
1877,1295,-2037,3189,-11349,771,1775,-13800,-840,-584,11921,-585
331,1613,-2867,1889,-11376,-128,3663,-14814,-842,-4748,5596,2552
707,23,-2607,1380,-11673,-1190,7509,-15324,1368,1933,19910,-2691
637,129,-1873,1797,-11451,-2096,5025,-16208,-378,3828,28829,-2451
689,521,-1793,2994,-12227,-2453,-373,-15632,-2152,5069,31121,-2058
2007,-1079,-1831,2431,-10430,-2712,779,-13388,-2154,4406,21836,-1859
629,2759,-2403,3423,-8807,-2567,-139,-20038,-1532,358,12846,117
1099,1515,-1291,4687,-10558,-3878,961,-15962,-1530,612,6424,-1086
1759,2781,-141,5667,-10726,-4547,2951,-17762,-752,1015,8607,-46
1975,229,-317,5059,-10342,-3195,4799,-17008,-1176,3264,13883,471
909,-1019,-1177,5378,-9131,-1897,3515,-15472,-1794,2218,9877,-644
1375,-963,-2153,6840,-13335,-1285,3789,-15502,-956,2162,9624,-1544
3121,819,-1819,6708,-14035,277,3447,-17576,-1132,2367,11195,-1139
55,1065,-1523,2096,-10753,4807,2665,-15196,-268,2921,12741,-521
1973,2063,-2825,3135,-14996,2618,1505,-15762,-634,3337,11552,-736
2213,1659,-2329,3166,-16763,-275,2385,-15056,96,3917,11800,-498
2219,887,-725,2203,-11533,-2389,3089,-14406,-230,3175,11695,-274
695,959,-407,944,-6191,-2898,2899,-15598,-626,2938,10031,-1380
559,-127,-1159,787,-4443,-2697,2805,-15816,-602,2746,9844,-2051
641,-323,-1881,1585,-5429,-2128,3011,-16114,-748,2347,9551,-2284
-315,533,-1419,2880,-8215,-1629,2775,-16708,-214,2459,9407,-1753
833,403,-2077,3668,-11439,-2418,2711,-15564,-600,3212,9515,-937
2353,791,-2045,3185,-10041,-4073,2619,-15496,-1598,3647,10251,-626
1847,1839,-1607,2949,-6389,-5014,1715,-15846,-2122,3634,10124,-2324
1227,1119,-1457,3667,-5652,-4647,1623,-15214,-2026,2103,7348,-3234
681,973,-1397,5027,-7800,-3886,1769,-15182,-1426,265,3795,-3420
911,301,-813,5552,-9406,-3041,1953,-16196,-1614,-776,1383,-2459
1095,-963,-721,6879,-10704,-2690,2855,-15674,-1406,-91,4272,-1615
1107,-1091,-1299,6985,-8075,-1451,3409,-15202,-264,1834,8874,-614
-705,1529,-1653,6596,-7279,237,3375,-18076,-1282,5328,15751,1215
311,477,-3059,6586,-11778,-606,3101,-14358,-100,6183,22099,1559
187,1445,-1339,4721,-12386,-1288,687,-15572,658,5915,21472,3235
-675,1141,147,2823,-9428,-4425,-1681,-14856,-60,6423,20041,4252
-1313,1457,2179,605,-5492,-9052,-6493,-13826,-2126,6019,16680,7449
-2403,1761,1729,-2986,-609,-11985,-6791,-12978,-2002,3774,11893,10392
-4845,-103,-1491,-5076,1756,-13719,-5839,-13022,-3164,1054,6601,11612
-5155,-2203,-2531,-5576,3065,-14946,-4413,-11200,-2870,-1714,6884,10439
-2889,-5183,-4259,-2706,5813,-16225,-1585,-12444,-5620,-416,6524,118
-1957,-6109,-4063,3019,3651,-15329,515,-11212,-4822,-10105,-6144,13037
-511,-6529,-3253,7546,4861,-12824,-3213,-9646,-4258,-10970,-8511,10249
229,-6761,-3793,14229,4879,-8781,-1655,-9536,-1424,-11462,-9022,8892
-1835,-5833,-2069,17699,5687,-4286,-1473,-7952,390,-10953,-2715,8962
-445,-6263,-897,19335,4805,-974,-959,-7540,874,-7569,1542,6920
-11953,-667,19267,16241,-17541,26,-2847,-3708,7348,-2144,-2127,2708
-2129,-7749,793,-5102,6427,2036,2891,-2904,-128,9314,-4704,-7497
2237,-8299,-237,-3419,896,6540,3129,-3148,-664,-3178,-8849,-8330
851,-7533,-171,-1634,-5171,12135,3875,-14244,1226,-3533,-10733,-9008
-329,-5799,2063,-994,-1062,16169,1623,-9644,2472,-14295,-1801,-16081
-4367,-3903,-593,-885,1663,16837,-385,-14604,1264,-14138,-2757,-20545
-5993,23,-1077,2693,-4245,16038,1187,-20888,-1166,-14490,-4936,-24487
-4545,2819,2835,1167,-1810,15074,4617,-27482,10978,5617,17915,-24724
-2613,565,1053,-5012,8913,11456,1145,-16730,-2340,4376,19420,-8232
-3633,-1151,521,-4943,13925,7327,1921,-14814,-4036,-2346,2778,-795
-2591,-1337,355,-2560,4383,5365,2805,-16232,-1664,85,11733,-1663
-1549,-1345,-1107,2181,-4855,3916,3395,-16618,-2468,47,9743,-3641
-731,-637,-1097,3657,-5690,2917,3891,-15918,-2498,-1087,4440,-2688
-453,1021,1549,2112,-2636,3331,5869,-17960,-1324,805,9989,-2602
-465,-771,-2701,1005,-7817,830,3565,-14566,-1128,-3338,5563,-2194
217,1425,-2409,2161,-11030,-982,3547,-16344,-594,-1581,5654,-1295
765,593,-3191,1464,-13192,-1638,2211,-14780,342,-2080,488,-977
1131,421,-1783,1786,-10906,-1821,3427,-14240,356,-3470,-6939,689
773,303,-1747,1351,-8576,-2204,7663,-15946,1756,-1904,-8546,2646
667,333,-2117,2008,-8336,-2218,7263,-16244,1552,3028,13096,2379
787,239,-2243,3390,-10365,-1955,5175,-16362,-660,4758,32767,1491
959,415,-1145,4815,-13016,-2499,1237,-15368,-3840,6340,32767,2041
1411,999,-1263,5290,-12427,-4128,1359,-15862,-1574,-546,11138,2683
1815,767,-481,4421,-10049,-4040,3769,-15210,-176,1369,4440,-1131
1671,-141,-595,4669,-8623,-3302,5791,-15766,768,1163,7808,-1619
1087,-495,-643,5097,-8059,-2733,2943,-16312,-1698,1593,10226,-1989
757,-471,-1219,6146,-8925,-2049,3063,-16552,-1920,2590,12103,-1728
759,-275,-1723,6600,-11466,-1353,2721,-15460,-2436,3138,14861,-1346
1249,-49,-1799,6268,-11810,-877,2387,-16040,-2494,2735,12716,-803
1299,1783,-1065,3573,-12873,523,2017,-15656,-2352,2224,11630,-1271
365,735,-2537,3335,-12142,1172,2651,-14892,-106,1524,13168,-1169
677,1837,-2303,2720,-9537,-61,1991,-15894,-294,2440,11960,-1008
1527,383,-1955,2537,-6126,-1562,4949,-15208,950,3528,12476,-1969
869,355,-1881,2556,-5239,-1599,3303,-16190,-498,2952,12792,-1516
687,-345,-2239,2561,-6775,-733,2339,-15618,-2120,2060,9904,-1633
817,301,-2455,3306,-9462,-329,2935,-16384,-874,345,7339,-1129
1333,185,-2195,3575,-9982,-610,3493,-15748,756,433,7363,-1274
1007,1433,-1935,4477,-9923,-1851,1693,-17772,1696,2417,12480,57
1359,-251,-1111,4759,-9666,-3062,2519,-14140,-2274,4306,11179,-182
291,1347,-775,5226,-9534,-3100,1711,-16284,-2178,2530,10950,-694
581,-283,-249,3898,-8009,-2358,1841,-13960,-1722,1285,7627,-1964
781,213,-173,4315,-8244,-2176,1567,-16108,-1680,-55,4653,-1251
627,-167,-333,4412,-7277,-1726,1669,-16046,-304,329,6594,-811
485,463,-897,5098,-7908,-831,2509,-17286,314,1587,5841,132
1129,-291,-1621,5471,-8016,-382,3835,-16074,-692,3159,13257,-483
521,123,-1789,4899,-9791,-265,1745,-14562,-1048,2639,11137,-582
479,841,-1877,3734,-8483,-820,1013,-15506,344,2308,10900,406
-485,-173,-1211,2155,-5011,-2449,2257,-15158,862,3053,8360,932
-1461,-175,-1293,2309,-3231,-4817,2915,-15488,2008,3906,14939,2191
-3357,523,-347,2137,-1510,-7809,-441,-16560,20,4967,19307,6498
-4581,743,-723,853,447,-12040,-5555,-14898,-1484,4865,17253,12317
-4901,-1001,-2323,-462,866,-14820,-5077,-13874,-936,4708,10424,14673
-3771,-2033,-3759,-1009,-486,-15877,-4643,-12398,-3044,2918,7222,11217
-685,-4253,-5357,1322,1283,-13680,-4345,-11098,-4658,-1602,-4767,10881
-1103,-4107,-4247,6406,61,-10969,-877,-9488,-3394,-4906,-12422,12762
-309,-6419,-4743,9188,1409,-6805,649,-8418,-1030,-8433,-4377,10692
-975,-7789,-2299,14675,4452,-2902,-643,-6570,806,-8233,3706,8775
-1947,-7727,-607,17349,1574,-1307,-1459,-6376,-52,-6869,3151,6400
-2771,-6775,3251,16194,424,-1521,-273,-6538,134,-5374,2726,2225
-911,-4217,12497,860,1346,785,-1551,-3394,2154,454,-5559,-873
-555,-7473,901,-2493,-5206,6021,1481,-4722,-1182,-3540,-1044,-3344
897,-7279,-163,-1004,-1571,8468,1843,-6824,-1034,-7424,-4287,-9706
-393,-6111,985,-974,-953,12558,111,-9996,872,-7799,-4913,-15674
-2147,-4549,1113,-1101,1702,15481,145,-12828,-332,-9300,-5109,-20181
-3835,-1489,-21,1841,390,16046,2289,-19898,-1800,-12474,-3034,-25435
-3291,2465,2997,1626,3057,14857,-921,-29712,1810,-5567,5985,-25965
-1739,1415,-1359,-5614,11029,12259,-905,-19898,4090,330,32767,-9923
-4785,-1029,61,-3699,13280,7783,595,-15078,-7590,-4370,5570,-2
-4071,-1069,187,-4176,9593,4783,1091,-15324,-4184,1895,13067,1119
-2117,-1681,-1729,2574,-8878,1216,3081,-15606,-2124,116,8158,1797
659,1217,-2111,4542,-8901,1828,4401,-16130,-1660,15,9793,666
1987,199,-3107,4585,-14036,303,4569,-15554,-144,-593,9563,-1491
537,919,-3013,3637,-12665,-64,4581,-16452,-416,1378,10363,-3815
831,459,-2383,2887,-12628,-913,3587,-15430,-604,292,9202,-2179
775,563,-1635,1914,-9863,-1282,3383,-16508,18,2573,9764,-2984
815,-133,-1829,2359,-9413,-1798,3631,-15912,18,396,10045,-509
691,441,-1975,2874,-10189,-1196,3059,-16550,-920,1778,14132,546
1325,-969,-2041,3473,-11697,-1155,1807,-14208,-1150,-263,11548,1047
691,2215,-1081,4369,-13277,-1813,1529,-17252,-1746,581,8639,1958
1933,653,-653,3256,-8141,-3375,2697,-15454,-1286,-1521,6069,2091
725,1423,-133,3618,-7985,-3814,2823,-15696,-1814,17,7461,570
1983,-189,-777,4957,-8730,-3848,3207,-14760,-1518,-793,7304,214
1565,-535,-1161,5824,-8583,-3238,2865,-15756,-1936,-620,6997,-36
711,-369,-907,6276,-9511,-2317,2811,-16004,-1840,-307,6095,-44
961,-409,-1067,6132,-10772,-1433,4621,-16528,-206,2180,10153,260
1073,-15,-607,5258,-10904,-349,2923,-15280,-2770,4349,14892,467
3071,3245,97,5098,-10258,1077,2503,-17248,-3954,3810,14842,776
457,27,-2807,5620,-11110,1042,2479,-14220,-2660,3069,14561,112
1691,393,-2513,4883,-11510,593,2445,-14904,-2232,1403,12969,16
909,1419,-2619,2562,-8351,531,1635,-16060,-912,2724,13106,399
821,705,-2635,1996,-7403,75,2249,-15222,-410,4138,14992,-206
865,901,-2271,2148,-7451,-542,2271,-15458,-356,4276,14515,-145
955,379,-2281,2759,-8821,-1279,1597,-15282,-1512,3299,12367,-7
1253,343,-1889,3461,-9817,-1451,1873,-15908,-1776,1774,7107,-140
1705,563,-1827,3226,-9749,-1267,2849,-15840,-1434,1166,7007,-1227
1609,1207,-1947,2830,-8860,-1376,3171,-16208,-448,331,7902,-925
1915,243,-2187,3041,-8118,-1870,3397,-16126,1700,2510,9668,-1481
1355,1965,-2219,4171,-8652,-2198,1237,-16978,-1014,2444,9069,-488
2409,-55,-1583,4682,-9019,-2616,2101,-14530,-1918,2290,4569,-223
3631,839,1361,2744,-5443,-2441,2445,-14502,-1998,2213,7798,-124
1363,2067,1673,2775,-5678,-1956,1695,-16048,-2164,1357,7948,-562
611,93,633,2259,-4094,-2084,1637,-14230,-2076,614,6776,-1436
-605,-731,-531,2743,-4008,-2284,1521,-15326,-1964,-738,4475,-939
423,-899,-1037,4931,-9458,-964,1935,-15968,-1704,-322,5551,198
663,9,-1081,4925,-8286,134,3767,-16670,-510,1186,4148,590
683,1239,-1055,4576,-10111,281,3875,-17196,-1350,2361,11561,1501
2999,935,-43,3402,-12781,1449,2531,-14278,-1348,3050,13828,1609
243,985,-2243,2651,-10015,426,957,-15242,-1032,1842,10910,2297
999,377,-1543,1740,-7782,-1655,1261,-15692,454,1399,6925,1783
649,541,-1169,1523,-5614,-3086,2331,-15518,1604,3505,10062,1164
-713,733,-365,976,-3138,-4929,2879,-16484,1300,4997,13930,2219
-2231,563,743,2085,-2347,-7330,-1187,-16744,-596,5779,18382,6226
-4869,1097,4033,3192,-3113,-10633,-3261,-17104,-1616,6202,18997,11042
-4281,1517,2715,-20,-4983,-13397,-6569,-14766,-3066,4122,18253,16748
-3553,865,-371,-3601,-3517,-14060,-7209,-13668,-3714,391,1141,17148
-2559,-761,-3815,-6028,366,-14781,-4553,-11614,-2830,-210,-6005,16476
-3575,-2913,-5275,-4814,3178,-16122,-2903,-10222,-2328,541,-6723,15592
-2433,-4537,-8457,1658,-1689,-16854,-1647,-9236,-3322,1292,-3850,12769
-1263,-5381,-5993,7977,3076,-16031,-715,-8310,-4156,-2684,-6023,11754
-661,-6311,-5325,12390,7938,-13246,-1045,-9912,-2884,-6772,-2379,6908
271,-6163,-263,15477,9275,-8136,-495,-8174,-1848,-10117,1117,8300
-1289,-6009,2333,15505,5098,-4670,-1851,-8816,1598,-9253,4024,7730
-2573,-5465,3487,14158,3252,-746,-1657,-7136,1024,-4758,2609,5852
-9201,1275,20521,4791,-5653,-495,-3689,-11144,3920,8917,6445,-222
-719,-8701,193,-387,-160,2901,151,-4380,-282,-2613,-7555,-3225
2275,-7745,-759,-273,-1222,8395,2171,-6148,-524,-2852,-8777,-10945
799,-6639,469,-758,-1979,14282,663,-9290,24,-6362,-2453,-15407
-2231,-5581,1005,-1898,1848,17054,623,-11832,-1420,-7384,-7581,-20497
-4897,-2903,-1185,978,-1555,17697,283,-17856,-1616,-11342,-6853,-26074
-5255,1189,1003,2427,2868,17242,-881,-29152,2334,-12740,-8086,-25982
-4931,2071,1265,-546,2355,14091,-715,-24710,-4034,-3667,-4913,-22996
-1639,187,-301,-3026,8222,11765,2847,-15612,1864,-818,16116,-9440
-2069,-513,-1091,-1170,6851,8448,4255,-19506,-2180,-2257,16734,-393
-3349,1007,-829,1720,-4675,6521,307,-16512,-3800,2684,23091,753
-2627,433,-1191,-20,-4061,3449,1639,-14866,-3298,-785,20395,2089
-897,-9,-1441,1332,-8830,-564,1209,-15858,-2368,154,14867,-96
1331,595,-1469,1599,-8633,-2845,2235,-15312,-858,-2098,8714,-697
1321,1065,-2059,1241,-9095,-3892,6221,-16040,2756,-929,16092,-442
1429,803,-2059,998,-7029,-3277,2291,-17156,814,5217,28146,-1321
1179,-861,-1423,2473,-7947,-2826,813,-15362,-828,5345,14769,-180
941,359,-1545,4703,-10648,-3593,4669,-15296,-438,672,6725,-285
679,311,-917,6601,-12077,-3225,3861,-16866,-794,-541,5304,601
347,963,-289,6043,-11606,-2235,3357,-16224,-2258,79,6662,1117
1465,-15,-377,4770,-8818,-1398,3197,-15756,-1876,219,9086,893
889,-265,39,4339,-7230,-605,3003,-15906,-1820,26,8632,264
663,-313,-101,4448,-7563,-77,3261,-16296,-1010,648,4723,-868
711,25,-347,4583,-8434,-88,4037,-15760,-284,1040,7084,-1185
1055,223,-617,4335,-8684,-1154,3009,-14970,-1376,1528,8528,-1237
1285,743,-869,4521,-7916,-1168,2533,-17304,-1760,890,10269,716
1059,847,-1307,3557,-10324,-618,3327,-14874,-412,1192,12498,1254
1243,1429,-2319,2946,-9482,-790,1147,-16418,950,1870,11476,-491
1437,913,-1981,1489,-6728,-1246,4347,-16408,1184,1649,5371,-1327
1373,95,-2009,1766,-5001,-1264,4405,-16388,426,3176,11637,-1803
687,-373,-1941,2593,-5642,-514,3767,-16060,-1110,2734,9028,-731
695,45,-1567,3372,-7637,-526,3343,-15758,-1296,1948,7228,-818
1299,185,-1087,4015,-7886,-1738,2653,-15444,-1484,1156,6822,-814
1081,63,-1045,4640,-7328,-1816,2295,-15762,-552,-162,6863,821
-415,1059,-655,5046,-8384,-269,3755,-16014,1856,3408,4065,675
1121,-767,-709,4771,-9095,-1227,4651,-14160,-562,3034,12700,38
167,2033,-499,3867,-8494,-1404,789,-15580,-3338,3615,12189,-3175
695,423,-33,3107,-6094,-2047,1669,-15346,-1362,1001,7037,-3260
571,-383,-165,3407,-5903,-2171,2101,-15814,-540,-474,3477,-1795
615,-1085,-619,4108,-7074,-1484,3393,-15240,-88,-371,6833,-643
727,-645,-819,4655,-8306,-146,2265,-15364,-2260,1231,12120,-1094
471,923,-1611,4333,-10516,568,1057,-17704,-2020,754,11574,-102
679,517,-1615,3957,-11310,918,3509,-15628,2268,1378,8946,-564
1871,377,-2279,2998,-9783,-291,2695,-14960,746,1555,10603,-729
1399,1067,-1793,1865,-7434,-1268,2541,-16138,134,2136,9342,-1033
1329,383,-1769,2288,-6682,-2286,4021,-15776,1184,2987,13784,-927
785,581,-1623,3539,-7189,-2459,3235,-16240,-844,2255,11662,-428
527,119,-937,4697,-8654,-2224,3055,-16132,-1710,1287,7576,178
1009,-439,-757,5056,-9192,-2549,3063,-15200,-1592,1277,6174,108
1049,911,-781,5123,-8624,-3097,2019,-17050,278,1727,12866,886
-133,917,911,5563,-8328,-2833,1851,-16108,-1732,4092,11065,910
-627,-217,1973,6295,-8345,-3707,1525,-16334,-1180,4635,13594,2702
-1159,421,5853,1987,-9204,-5168,-15,-16016,-1248,5887,18236,5745
-1091,-1491,2909,-9458,-1571,-5576,-5451,-13358,-2626,5487,13465,10564
-5551,-199,2609,-14058,17414,-11230,-6457,-12914,-2524,2639,612,12155
-3807,1583,-5817,540,8896,-14957,-4485,-12756,-694,2423,1380,12374
-2241,579,-4975,4863,3705,-15181,-4787,-12428,-2000,392,353,12630
-1317,-2247,-6227,7672,4888,-12868,-2691,-11100,-2702,-573,906,8811
-579,-4537,-5305,9492,3159,-11119,-3833,-9126,-4066,-7178,-4087,13030
-613,-6345,-4151,13083,942,-8638,49,-10376,956,-6248,-3176,9787
41,-7443,-2239,15523,252,-6338,-1171,-8844,236,-6905,-622,8817
-941,-7221,-735,17649,2544,-4064,287,-9846,1476,-9217,942,6995
-1043,-6275,477,18566,4909,-701,-31,-6268,1458,-6741,4009,3710
-18421,-97,32132,10912,4044,2720,11573,-19048,878,-5190,1769,2598
-2191,-6139,3301,-5026,9111,2168,-425,-4788,-876,3780,-6097,-6632
507,-6851,41,-5539,1815,6534,1125,-6892,-1156,283,-8329,-10940
-2085,-6989,-1463,-4797,-730,10761,-301,-9072,-458,-2229,-4451,-15513
-989,-6089,-611,-3636,-2617,13551,623,-10680,-154,-7299,-6716,-18306
-3399,-5113,-1835,-1144,-1354,14743,2777,-16316,-1036,-9966,-5869,-20027
-1669,-2945,-1279,684,-2590,16155,1933,-25008,-198,-11704,1858,-20730
-4825,1551,-723,-1687,1916,16953,3459,-23694,2360,762,24389,-18226
-3217,2287,-903,-2944,1209,15519,-539,-13612,-1582,4003,16329,-8137
-4095,937,665,-3162,6790,6733,2025,-16610,-1840,-137,11277,256
-3439,-1437,-985,-610,2894,-429,1023,-15342,-1542,-1444,15261,1131
557,-359,-1567,2725,-8379,-1065,1541,-16194,-1122,88,15262,1625
859,-21,-1115,2224,-6723,-857,629,-14936,-1306,801,15528,1483
835,5,-1229,2565,-7550,-1620,-471,-15466,4066,1330,11537,-152
735,1219,-1333,3443,-7587,-2782,3255,-16580,-774,4656,11224,-3249
1471,-361,-489,3834,-7237,-3264,2645,-13500,-812,5221,1261,-1403
493,1041,-507,4262,-6865,-3517,2635,-17018,-1366,649,1176,530
-31,893,63,3642,-8826,-1797,2011,-14280,-1730,-365,8303,1810
611,57,-59,4039,-8062,-916,2391,-14444,-1388,573,9697,2103
917,-477,-195,5172,-11060,-986,2487,-15684,-2302,-440,6242,1626
1031,-437,159,5189,-8279,-581,2511,-15968,-1540,-1031,2823,1214
447,907,5,4782,-7695,396,2157,-16652,1110,-60,-1701,-30
1027,393,-771,3664,-7393,373,4257,-15224,1362,979,370,-544
1465,1419,-1337,3532,-6574,64,3711,-17254,-392,2895,7144,-1715
1415,-211,-1449,2797,-6911,-134,2889,-14954,-1050,3868,11390,-2493
1741,-81,-2267,2877,-7232,-372,3083,-15070,472,-236,8499,-352
1043,1055,-2177,2132,-7664,-129,1583,-15408,-330,1802,9369,-557
1171,327,-2695,2644,-8904,-206,2439,-15002,410,2807,10786,-461
1235,119,-1837,3290,-9132,-486,2953,-15402,12,1695,7377,-436
1789,907,-519,2717,-7002,-746,2521,-16292,324,1936,6623,-1375
767,685,-799,2543,-6597,-910,3555,-16540,958,2977,6639,-2353
1565,277,-1257,2651,-6524,-1186,3143,-15916,412,2237,9081,-1298
1393,-291,-1699,2722,-5625,-1030,2763,-15774,-332,2474,8361,-1457
1165,193,-1805,3121,-6152,-804,2079,-16120,58,1292,5520,-900
697,1899,-1335,3153,-7566,-884,1885,-15734,662,2708,5283,-1254
2509,781,-301,2344,-5225,-2398,2957,-14936,-206,1848,6257,-385
337,1373,383,952,-1085,-2359,1595,-15220,-1014,2029,7767,-826
-31,441,9,2060,-3200,-1776,1187,-14922,-1860,1585,6459,-1839
759,-537,-497,2959,-5917,-1518,1367,-14994,-1086,279,4676,-2506
767,-521,-329,4379,-8595,-1015,2121,-15586,-562,-163,4878,-2071
1047,-1079,149,4053,-8066,182,2679,-15698,408,-73,5597,-827
557,771,-87,3223,-7458,1560,3783,-15808,232,1787,8646,-867
709,277,41,2453,-7358,2332,2945,-16642,-854,2427,12837,103
173,823,-1073,2274,-8820,2001,2807,-15894,318,1842,10885,63
1045,887,-2043,1850,-9960,915,2223,-15770,496,1978,9162,-364
1825,215,-2151,1667,-8961,-711,4099,-15354,758,2462,7786,-1489
1465,181,-2055,1963,-7678,-1069,3561,-16016,426,2661,11243,-1256
1115,-85,-1725,2560,-7851,-771,3077,-15706,-472,2541,11335,-716
139,439,-833,2982,-6740,-694,2495,-16306,-948,1770,9553,-296
-159,589,-1309,4705,-10578,-1493,1599,-15760,-650,1834,8558,-445
1195,2143,-165,4414,-10913,-2637,2387,-17398,-908,3624,7686,-536
2427,-115,-481,2763,-7301,-3614,2945,-13756,-1608,2974,11096,50
1205,2029,-1001,3217,-7853,-2644,1621,-16262,-3060,2307,9568,-588
1631,35,-1247,4388,-10947,-1492,2063,-14934,-1954,1821,7460,-2222
1345,-647,-987,4893,-10396,-1482,1525,-15608,486,1731,8087,-1559
-239,-295,-883,8598,-15173,-1390,1381,-15558,-1098,3415,10495,132
3515,1267,3035,5739,-12106,-656,1549,-16138,-1708,3503,11149,1742
591,1959,2147,4877,-14680,-2136,1801,-16608,-1170,3078,11768,2945
1233,2553,3403,-2106,-4535,-4969,-2871,-15212,-1852,4199,14926,5331
-5105,247,-2527,-7413,6356,-8659,-4959,-15332,-964,2796,11202,11234
-3575,-85,-3891,-7007,6321,-13510,-5055,-13460,-1240,1800,6096,13005
-3945,-191,-4667,-537,2979,-15956,-2949,-11296,-1338,433,5376,12749
-2639,-1045,-2423,3004,3554,-15797,-1525,-7848,-2350,-1168,-126,5329
-1157,-3313,-2333,5825,2368,-13002,-1201,-12834,-1382,-4817,-1917,3257
107,-5287,-2881,7646,1351,-9856,-1249,-13204,-2352,-10136,-1137,6094
201,-7529,-3429,12741,1760,-5827,-2371,-12654,-2364,-8939,-2963,5058
-2271,-6079,-2879,16862,-736,-3578,-3247,-11218,-1726,-8514,-2804,6553
-2417,-4477,1137,16603,1016,-1667,-985,-11736,102,-2923,457,4988
-13243,-5781,23117,9291,3154,-794,-1245,-15238,1964,-592,-7244,3782
-1417,-7709,301,302,-3902,779,1581,-6512,-522,1532,-4641,-2603
857,-7773,527,1528,-4117,5223,1919,-7746,-678,1211,-5144,-8386
-165,-7067,493,164,769,9279,1777,-9158,-248,1221,-8495,-14324
-19,-5665,1017,-1623,74,12440,1025,-8596,-1380,-1874,-9513,-16799
-1515,-3157,-557,-2764,9980,14688,1399,-15740,-578,-7644,-2118,-16753
-3419,-395,-1469,-114,-415,15239,-3397,-30108,1152,-3871,2348,-24906
-4243,2179,1679,588,-8113,15667,-279,-19734,-388,1621,1223,-19145
-5029,2005,1919,-4045,-1170,10350,3539,-17450,-586,-1655,8844,-4257
-721,697,5279,-991,2229,4032,1747,-17516,-1116,-1629,8506,592
1115,-997,1961,-606,1401,2625,-265,-14392,-2232,-152,13895,-1073
-389,-675,-1985,1686,-4218,2293,1471,-16614,-1566,1526,11036,-3628
-699,-1177,-799,2777,-3994,1979,2469,-15284,-670,456,9407,-18
797,625,-199,2651,-4788,2779,3101,-16872,-154,-609,10101,2530
-1025,-67,355,2637,-6796,2013,2115,-16012,-270,592,10903,906
-297,759,-805,3510,-10201,245,6657,-15994,5080,2060,5351,242
1197,1709,-627,3431,-11701,-1144,4569,-16108,2318,2036,9945,564
2081,555,-1047,2133,-9620,-2463,2841,-14974,-134,2656,11912,100
2455,1049,-1441,1893,-9521,-2858,2827,-15140,-874,3362,12294,-235
2003,843,-847,780,-6382,-2376,957,-16860,-1522,3149,8835,-338
589,315,-1041,-296,-2500,-1800,2143,-16140,-186,1255,5216,-1043
661,-653,-1591,909,-5267,-1281,3663,-15146,1252,1101,5812,-1382
879,-1097,-1593,3008,-9073,-1238,2275,-14298,996,1245,7145,-518
-41,2759,-1087,4517,-11071,-1491,2243,-18206,372,2479,6772,-380
1485,-33,-391,3789,-10223,-3096,3089,-14546,-1332,2684,8767,-45
1119,2267,-289,3503,-7903,-4305,1781,-16850,-2604,2102,6781,-655
3043,1463,105,2722,-7664,-4301,2113,-14408,-1884,807,3893,-1052
1681,343,-117,3238,-7040,-3998,1875,-15364,-1154,-61,4008,-1129
1975,-851,359,3577,-2425,-3157,1939,-15814,-858,488,5780,-1247
-21,-455,-285,5309,-6184,-2824,2133,-15964,-506,1339,6980,-697
723,-1507,-623,6770,-7172,-2074,3649,-15028,156,2139,7532,-417
175,819,-741,5578,-6781,-353,2265,-16424,-684,2837,12367,-237
-85,573,-1427,4294,-4543,1464,1747,-16320,-1424,3337,10161,-698
1151,-139,-2167,3510,-6436,1393,2659,-15012,-252,1914,8327,-263
553,797,-2323,2794,-7472,1100,2331,-15730,-154,1889,6710,-700
1195,495,-2003,2434,-7207,545,3525,-15654,1196,3088,6674,-1978
769,-35,-1775,2755,-8126,485,3547,-15822,1120,4257,12121,-2423
557,241,-1455,3393,-8971,536,2415,-16114,-598,3629,12671,-1712
321,339,-1341,3502,-10373,466,2215,-15700,-1424,3052,9260,-1956
393,379,-1363,3233,-10701,437,2181,-15546,-1188,2029,8370,-1327
853,89,-1287,2702,-10201,-18,2289,-15444,-630,1392,7923,-1007
785,109,-1275,2737,-9837,-968,2291,-15144,1062,1658,8592,-1205
33,2509,-1241,3418,-9843,-1769,1257,-17980,2082,2532,11168,-552
2087,-1455,-865,2869,-8294,-3032,1967,-12004,-634,3887,8160,-408
883,1271,-753,3706,-6451,-4353,1065,-17018,-1468,3294,10060,-913
547,1013,-137,3349,-5735,-4258,465,-14932,-1376,2903,7939,-1825
977,-207,19,4095,-5157,-4052,1637,-15202,-1122,1094,5365,-1043
393,-553,177,4973,-5915,-2634,1799,-15738,-694,587,4922,-872
217,-855,169,5724,-7620,-800,1991,-15766,-208,1219,4499,-985
759,-529,-731,5096,-9160,515,3375,-14444,-122,2849,8066,-1439
555,193,-1007,4614,-8112,810,2405,-16142,-1162,3197,12527,-1248
-669,577,-369,4012,-10416,1190,1697,-15982,-1812,4938,13063,-1466
581,-27,-1767,3650,-10694,-545,1203,-15452,-302,1394,9880,719
193,1367,-1069,1772,-6930,-1528,687,-15140,3230,3186,8727,784
-161,-313,-351,-83,-1750,-3970,2939,-14952,3376,4894,15907,1562
-1405,219,185,238,-892,-5964,171,-15272,434,6013,20930,4359
-2723,173,277,95,-2227,-6984,-3185,-15304,-1932,3723,17291,8649
-2111,-23,-547,-853,-2754,-8978,-4787,-14182,-3450,1579,9149,12000
-3883,-189,-2235,-888,-2648,-10260,-4419,-12834,-3100,1257,4840,9913
-3551,-2119,-3087,-58,1053,-12645,-2769,-11284,-3604,-201,6812,8506
-2611,-3413,-4175,2630,1675,-12586,-1205,-10748,-5024,-4342,-886,9959
-2441,-4601,-3555,5354,3120,-12026,-871,-10096,-3120,-3278,-1924,3277
-1937,-5445,-3939,9835,2042,-9484,-859,-10326,-2386,-8616,-3968,7194
-1403,-4503,-1711,13555,2144,-6167,-1333,-9248,-1782,-9903,-4968,5052
-1515,-5955,-1519,16969,1611,-3184,-1189,-8130,-1436,-8029,5771,2378
-5399,-4399,-47,16535,1558,-490,-359,-8406,-1150,-6780,3440,109
-2497,-4953,1755,-5766,4528,-445,-487,-6004,-1842,3573,-9371,-887
-413,-7743,-351,-752,-3623,3610,701,-7410,-1574,3115,-7947,-7459
91,-7471,-61,-713,-472,7366,1139,-8428,-1232,223,-6061,-11750
-1893,-6687,771,-730,-3061,9702,-1821,-10824,-818,-3178,-7115,-13648
-3157,-4923,-445,498,-2221,10792,465,-13874,-1280,-4332,-6849,-16171
-3971,-2247,1059,2339,-5238,9924,-1753,-25012,1742,-5044,-1706,-21195
-3109,-863,3413,131,2232,8596,-537,-20466,2534,5093,4409,-17613
-3307,-2843,1449,635,3057,6333,1823,-15258,-364,460,1419,-5560
-3475,-2879,2135,2371,1247,5750,2257,-16248,-2356,-275,11434,1662
-2833,-2279,69,2082,-937,6057,617,-15816,-2202,1457,17538,1333
-2171,-997,-1577,2473,-5544,5605,2175,-16554,-190,3073,13845,-567
-447,-255,-1675,2736,-7482,3666,3461,-15332,-866,4266,15799,-1905
-575,2135,-1421,2941,-9710,1100,497,-16050,-2606,2123,12238,-2812
1967,407,-2183,2805,-8349,-2400,1321,-15422,62,-390,7906,-3175
591,1373,-1223,3196,-6989,-2442,3163,-16026,1666,2014,15040,-531
837,-489,-1497,3286,-6577,-1807,2281,-14792,222,2976,11662,1112
247,101,-1001,3854,-8553,-528,3173,-15686,-788,2923,9104,-557
335,671,-1029,3061,-8847,19,3879,-15700,210,472,7495,-1057
1497,-275,-753,2319,-7472,119,2625,-15558,210,2437,9485,-3307
1171,-831,-521,3233,-6875,-543,2279,-15560,-1534,1526,6844,-1886
7,1225,-41,4574,-8415,-405,2489,-17182,-884,1304,6686,-233
1397,-183,-177,4089,-8423,-1708,3007,-14624,-1634,1970,8276,-1251
631,1123,-115,4788,-7408,-2780,1739,-16260,-3170,1418,7709,-2828
889,409,-219,4095,-6864,-3039,1877,-14974,-2294,-177,3800,-2697
801,-353,-191,4794,-6276,-2555,2199,-16544,-1498,-457,5227,-1744
541,-589,-1299,5598,-6988,-1102,3935,-16182,-110,643,9673,-974
659,-33,-1683,7240,-10586,96,4641,-16442,-264,2353,11028,-802
755,1577,-2267,6580,-12417,907,3497,-16302,-2176,2978,15979,-705
2171,699,-2549,2879,-7632,470,1815,-14892,-1396,2099,14041,-2025
1479,1611,-2573,957,-3607,-53,1573,-16254,968,2514,10180,-1329
807,-249,-2069,1941,-4984,-12,5507,-15554,2394,2611,11423,-1179
629,-403,-2077,3680,-8811,493,3011,-16070,-1000,2669,10909,-681
671,239,-1805,3833,-10784,788,2767,-15374,-2168,681,6773,-231
999,605,-1709,2672,-10085,906,4071,-15746,118,391,7617,-1290
873,537,-1625,2427,-9336,541,3933,-16672,2178,1046,9629,-2122
1021,-193,-1771,3274,-10547,-636,2455,-15698,-44,2066,11059,-1137
149,2507,-1545,4108,-11450,-1430,1501,-16422,-582,3097,10270,-246
2067,-919,-1371,4111,-9786,-3243,2515,-14912,-742,1768,9349,222
263,2389,-225,4514,-8352,-3114,617,-16514,-1220,2758,9476,-801
1253,-305,-71,3208,-6134,-2663,1609,-14494,-1646,1488,7008,-1570
805,-59,-295,2535,-4929,-1794,1633,-15462,-1254,14,5816,-1672
253,-997,-271,2633,-3219,-719,2863,-16342,936,-256,1763,-900
-1165,-615,-1129,4310,-7051,-206,3383,-15770,-146,3739,14602,-458
-1269,1775,-971,5198,-10099,-399,1745,-18028,-1480,5178,15914,492
-19,-291,295,3137,-10038,-3620,2197,-15664,136,5749,19575,2969
-1509,771,2595,1993,-8262,-6088,-1603,-15416,-652,6924,22559,9056
-2775,1225,-381,-3866,-4848,-7175,-6995,-13994,-1898,5991,20393,13376
-2703,767,-3233,-6042,-339,-10007,-5581,-12616,-2242,3355,8408,12547
-4237,-795,-6231,-4878,5772,-13961,-3625,-13552,-2746,850,-3434,12998
-4811,-915,-4077,584,8468,-16553,59,-12684,-4126,1475,1589,5939
-2713,-2943,-4431,6156,5587,-15499,-881,-8470,-3498,-9913,-5563,11829
119,-5135,-2239,13650,3258,-10731,1525,-9362,96,-10720,-5748,8841
1167,-7013,-3155,18082,1555,-6168,-835,-7468,-450,-10440,1081,6175
-181,-6683,-1249,20966,3100,-3350,-1999,-8092,92,-7043,2611,3723
-789,-5399,-231,21677,3709,-208,-3283,-8302,-224,-4209,1593,1501
415,1245,16271,6611,7585,2685,-3341,-4804,738,-1017,-5977,-4892
-2761,-5381,2225,249,-745,5856,4193,-5628,3140,196,-4290,-7182
-2315,-7157,-759,-883,5032,8409,2563,-6812,1796,-1067,-6099,-14580
-2655,-6175,2267,-2309,-3767,10060,-135,-11736,1440,-4314,-5166,-17852
-1513,-5015,-391,-1490,-5317,13767,23,-15408,-918,-8160,-1551,-23524
-333,327,-1701,6320,-6461,18266,727,-23794,1424,-9225,1923,-26259
-575,8679,3869,3160,-2661,20539,3595,-20982,-1424,-4046,-1309,-17297
-3491,427,5949,-7270,20224,12141,3025,-16160,960,-5332,6806,-5646
-1225,-335,2903,-3044,4867,6428,2867,-18106,484,394,10474,32
-1287,-563,179,-298,-553,4884,1067,-16122,-1284,1094,18240,2969
679,-287,-517,152,1109,2893,1119,-16532,-1550,1079,16045,-348
1591,-243,-17,905,521,1653,2135,-14744,-2116,2782,13499,-2403
641,305,43,1968,284,-592,2883,-15528,-1538,-359,9199,107
-573,2091,-87,3138,-882,-3151,3217,-17056,-548,-1709,8776,1575
605,669,-581,3764,-4022,-5549,3665,-15754,60,-1749,10392,1189
447,1103,-1765,4455,-6822,-6980,2879,-16320,3152,-1813,10501,572
561,1873,-2329,4279,-9699,-7133,6827,-15958,3514,3471,9515,-1645
1903,1091,-2245,3938,-10520,-6696,3823,-15328,1962,656,10705,780
2065,967,-443,2954,-7307,-5927,3099,-15592,-392,3343,9758,-440
1279,-197,-1943,1534,-5480,-2558,2919,-15376,-1484,1391,7346,114
1069,-699,-1627,1046,-4385,-964,2733,-16062,-702,405,7326,-59
851,-835,-2025,1727,-5754,1348,2909,-15670,-510,69,7152,159
799,-1093,-1891,4135,-9601,1653,3151,-15504,-24,-628,5472,599
485,57,-1559,6267,-13366,2227,3189,-16158,808,-866,2499,826
-345,1825,-325,6689,-15393,2094,4183,-16572,4270,1771,2920,-276
1999,123,-367,3781,-11175,-560,4397,-15020,-1306,2021,10061,-1113
1515,1975,-219,3354,-6457,-2418,1411,-16582,-2580,3175,9325,-1736
951,739,455,3832,-5189,-3210,2273,-15940,-1762,2497,9051,-1445
527,-149,881,4873,-5443,-3440,2375,-15846,-1432,1667,8109,-1141
159,-649,835,5396,-6968,-2846,3241,-15722,-1792,849,8207,-801
345,-1287,283,5795,-8463,-1934,2421,-15406,-1642,1200,9947,-512
429,-727,-323,5437,-9461,-807,2667,-15032,-1386,1656,10152,-563
619,357,-1227,4522,-11016,-188,3057,-15506,-1176,1790,11045,-646
997,1671,-2103,3380,-9773,812,2353,-17790,-2078,981,10846,98
993,927,-1869,2545,-9575,1284,2911,-16182,-1316,498,9349,-70
909,1927,-2677,1312,-8650,1408,1763,-15682,190,1552,9091,-397
1257,1451,-2269,563,-7721,445,2921,-14856,2184,2167,5893,-285
1783,183,-1737,729,-6399,-1150,3519,-14884,904,3231,12139,-1439
867,117,-1541,1651,-7116,-1784,2963,-16224,-434,2936,11896,-1225
599,-273,-1487,2282,-8935,-1627,3527,-15336,-1308,2498,9329,-829
781,-69,-1743,2857,-10061,-1368,3533,-15894,-1308,1229,8057,-12
893,399,-1819,3476,-11022,-1162,3063,-16866,-996,1433,8948,148
935,73,-1511,4372,-11828,-1411,3053,-15584,-1116,1444,9151,785
549,1949,-1471,5136,-12545,-2543,1141,-18088,1112,3923,10369,189
1781,-375,-855,4168,-11132,-4398,3069,-13662,-1828,4647,15576,587
963,1955,-503,3651,-8004,-5243,1007,-15638,-4004,5748,17033,-1417
891,961,-283,2909,-6227,-4938,829,-13866,-3590,3451,8699,-2687
727,397,-317,3579,-5417,-4555,1235,-15438,-2678,1664,5163,-2407
625,-443,-535,4912,-6721,-3816,1759,-15880,-2008,1395,6064,-2343
363,-271,-711,6474,-9142,-2751,1923,-16562,320,1904,9030,-1415
923,-205,-953,7217,-10979,-1764,1185,-15950,-1126,3489,12717,32
1167,193,-1015,6336,-12428,-1300,2219,-14738,-1988,3428,12658,675
887,701,-999,5103,-9933,-768,1669,-15684,-2610,3295,12036,149
491,341,-745,3200,-9293,-1646,1865,-14556,-532,2597,12164,577
435,1073,-293,1977,-5844,-4075,837,-15804,272,2342,12059,2408
-369,2009,519,-29,-1065,-6667,849,-16418,1382,4057,10899,4115
-1835,661,567,-1455,3456,-8890,-679,-16088,1172,6022,19968,7877
-2951,-1091,-397,-1512,4703,-10502,-5507,-14688,-2982,4924,25359,12631
-3885,-2073,-2387,-154,3557,-10712,-5545,-14764,-3302,-50,14139,15961
-4123,-2103,-2669,1838,344,-11494,-2975,-12618,-4946,-322,5209,11393
-4099,-2675,-3855,3261,-1198,-12673,-2307,-9504,-6234,341,722,411
-2487,-3793,-4111,4718,295,-12669,-591,-12274,-1942,-2159,-549,6725
-1027,-5633,-2715,6180,2566,-10569,119,-11756,-2152,-3898,-880,9019
-945,-6779,-2485,6593,3530,-8464,-1649,-9462,-2952,-8107,-5623,10455
-1505,-7175,-3959,8384,4590,-5260,-663,-9638,-2486,-3868,-6360,6637
-2037,-6513,-3611,13251,3462,-2051,1207,-4534,-1880,-1955,5315,2808
-2331,-5809,-2795,17070,1536,-419,-583,-7140,-2182,-4320,-2322,1611
-2723,-5233,-1231,20592,1506,762,-535,-7908,-1196,-3973,-502,-310
-2941,-4721,-2499,20315,667,932,-2863,-10024,-482,-4068,2949,-1164
1535,-905,15079,-1279,10366,1489,-3571,-11604,-222,1718,-2058,-5145
-557,-7873,-35,-6108,5489,4031,1691,-8132,-1296,2364,-228,-8251
885,-7709,-1731,-3001,2700,7609,663,-10220,-1410,5440,-7384,-15098
637,-6677,-1267,-2726,1455,11010,525,-11370,-1560,3645,-6274,-13567
-1913,-5387,-2901,-996,-5735,13045,-1153,-16544,-2076,-1371,-13258,-17337
-3031,-2921,-1885,1659,-6639,15621,499,-22256,-1120,-7516,-5223,-21325
-4507,201,-463,3101,-7597,16489,-4199,-25330,378,-1125,-9285,-21957
-1553,3335,1767,-1555,-5192,15266,585,-20802,2460,1459,-4326,-12846
933,2829,3925,-3776,9546,13138,-861,-16542,-690,1869,15347,-7152
-6065,-131,-391,-2802,11438,6020,1439,-15684,-1166,-2786,4536,1951
-2007,-981,-377,-971,1201,3947,1703,-14340,-384,-956,11328,1885
-1051,-2155,-2185,2656,-5963,2539,3101,-16764,-1566,687,13572,796
817,393,-259,2488,-6383,2532,2797,-17134,-2190,2148,13254,490
-937,677,-1027,1888,-7844,2879,3195,-15556,-1116,2333,13070,621
853,887,-1481,1584,-9494,615,3651,-15668,4484,2500,14041,163
1443,1803,-1655,1511,-9598,-1371,1603,-15660,1578,2501,11236,-11
1283,1127,-1669,887,-9250,-3232,2831,-15704,-164,1551,7030,-527
979,517,-1657,984,-7833,-3317,3611,-15446,12,1844,7295,-980
525,-177,-1547,1277,-7709,-1927,3495,-16042,364,2409,9925,-700
585,-357,-1767,1824,-8734,-721,2723,-16950,178,1361,8119,336
865,-493,-1813,2658,-9609,170,3657,-16110,266,1774,7492,-1361
1047,-817,-1701,4002,-11340,325,2459,-14740,352,2124,8140,-1607
1033,-241,-1479,4810,-12711,-533,2661,-15150,-142,2380,8749,-413
269,2969,-1399,5137,-12913,-1667,1995,-17278,-2296,2397,8621,-1209
2005,1171,-521,4079,-10052,-3703,893,-15280,-718,2224,7450,-2601
1077,1337,-185,3561,-7175,-4889,2519,-15078,-1558,864,5734,-2413
1457,459,-17,2599,-4511,-5231,2205,-15010,-2604,-718,3355,-2244
881,-511,-303,2949,-3478,-4701,1893,-16056,-1702,-588,5182,-1826
511,-991,-477,4433,-5164,-3302,3177,-15972,1328,1340,10875,-801
881,-793,-897,6143,-7871,-1818,2655,-15804,-1050,2218,11241,180
155,469,-1471,5209,-8752,3,2527,-17404,-1450,2246,12681,612
-1461,1837,-2931,4614,-10236,1577,2393,-15662,-250,2376,11244,-70
1259,677,-2043,3526,-7423,2532,3097,-13710,786,740,7365,-738
1411,1225,-2427,1459,-5371,1480,4877,-16778,554,3393,8980,-2553
1469,477,-1943,1728,-4452,-92,5037,-16280,256,3506,11867,-2483
553,565,-1979,2622,-6242,-612,3689,-16084,-828,2934,11659,-1432
743,369,-2069,2978,-8367,-416,3663,-15940,-1036,2334,9741,-2191
1007,333,-2013,3345,-9303,-222,3207,-16090,-1110,1943,10568,-2287
1185,-85,-2061,3668,-9419,-544,2361,-15688,-590,1029,9975,-944
919,793,-2015,4527,-10045,-1331,1981,-16544,2058,1608,10487,-253
725,1067,-1395,4984,-11080,-2167,2623,-14754,1364,3258,9294,-284
1355,135,-1143,4937,-10773,-3420,3349,-15260,-1842,3178,10902,-1653
833,1083,-929,4680,-8706,-3065,2243,-16094,-2380,2229,8964,-1074
207,615,-89,4103,-7422,-1497,2127,-15098,-1548,1525,8954,-957
263,407,-149,3992,-7634,-1067,1787,-15210,-1584,1198,9607,-1592
627,-133,-91,3836,-7872,-1429,1475,-15810,-78,1477,10426,-1927
601,-967,-247,4153,-7842,-2136,1751,-15796,-128,1985,10066,-842
97,-275,-333,4045,-7786,-2634,2667,-15670,-1132,1841,10383,-9
-629,389,-201,3249,-5945,-3252,2143,-16120,-928,2200,11184,160
-1039,-101,297,2926,-5677,-5286,1645,-16500,200,3485,14774,2513
-2127,-199,431,2914,-3657,-6165,-855,-17146,162,4654,18767,8348
-2221,-1477,1195,1214,-4284,-6684,-3041,-14892,-632,7431,18730,11631
-2103,-1535,-825,-587,-4438,-6112,-3857,-13284,-1282,6740,11149,12726
-3175,-741,-2053,-952,-6034,-6526,-2353,-11804,-1728,5937,5666,8716
-4029,141,-3581,-444,-3570,-8654,-3397,-11102,-2474,1399,3149,9674
-3483,-757,-5579,217,1580,-11247,-3291,-10156,-2612,-412,1990,6795
-4347,-2177,-5643,6141,1132,-12329,-2615,-10606,-2732,-2829,1174,8595
-1973,-3655,-4209,11634,3499,-12573,-957,-8328,-2452,-6316,-3559,6302
-247,-4619,-2777,16842,4442,-8367,-1721,-7686,-2056,-8543,-206,3678
-1007,-4585,-847,18841,2083,-5513,-1531,-8708,-992,-8425,6831,1225
-1189,-5409,1153,19225,4620,-2410,-3019,-9344,-1014,-7082,1623,-1162
-6701,-3569,-8853,21039,-3625,-1816,-5857,-18868,32661,-5707,13313,668
-2947,-2113,8177,-3655,9503,334,-1129,-7564,502,4047,-4951,-1510
-279,-7097,977,-5906,2958,3911,641,-8418,-2620,3696,-6524,-7643
-489,-6645,-741,-2704,2,7339,445,-9068,-1692,2857,-6375,-12520
-1715,-5805,-97,-2346,-830,10441,-133,-12412,-824,1040,-4711,-14486
-1585,-4341,-1103,-1215,-1391,12242,389,-12660,-1556,-2473,-4921,-14116
-1215,-2017,-711,282,-2286,14573,-1839,-21782,-284,-1414,-2343,-19758
-1931,2387,1043,-1624,-6092,17105,207,-21134,-1630,2218,-3697,-19398
-283,6109,-195,-6459,2252,16974,-755,-17368,358,3519,28333,-11140
-2505,2111,5291,-3293,11868,10601,-515,-16604,-2752,-377,2670,-961
-2433,-9,2647,-2782,4124,5505,-385,-14406,-2306,99,3325,-115
-3131,-1439,35,-208,-4791,4296,1333,-15182,-400,-1752,4650,1015
-1437,-733,-1531,708,-6196,1977,1989,-15718,-950,-397,7934,374
617,343,-557,1162,-9117,776,1965,-16114,-890,-413,8693,2131
667,863,-1417,3189,-10109,-1359,9127,-17500,4128,1350,-2184,1932
2567,-445,-629,4030,-8465,-3605,4413,-16562,210,2179,7027,-605
631,1293,141,4339,-5982,-5607,2503,-16404,-1612,4462,15565,-281
1731,-1155,-509,3960,-7070,-6559,3143,-13672,-1100,3318,15053,-840
-295,1391,-3093,4798,-8344,-6466,2631,-14866,-262,-256,9227,962
4445,1319,-2315,3710,-6665,-4690,647,-15212,1374,2721,4148,-1867
1799,633,-2495,3120,-5844,-2893,3067,-16280,2946,3489,10867,-1556
295,163,-1835,2034,-5780,-1368,2327,-16106,762,3054,10677,-1177
95,55,-1527,2649,-7668,278,2771,-16012,-194,2443,7400,-520
345,-627,-1619,3717,-11228,1326,3183,-15578,-58,2003,6108,-507
451,-325,-1565,4254,-12910,1395,2291,-15842,850,2736,8371,-567
1183,139,-873,3613,-11968,1378,1907,-15722,1212,3493,9293,-537
561,1311,-245,3447,-9513,228,1817,-15686,-1478,4601,9469,-1520
1329,391,111,3923,-6704,-2470,1423,-14986,-2246,3869,7890,-2415
645,1109,177,3813,-5215,-3922,1169,-15486,-1360,3136,7147,-2731
1163,73,-25,3330,-2321,-4070,1599,-14044,-770,1401,5784,-2608
631,-155,-35,3395,-2005,-2729,1527,-15694,-1258,512,4259,-2403
343,-531,-155,4485,-4412,-1021,1743,-16664,-1460,721,5344,-2189
501,-513,-1261,5255,-8448,270,2641,-15290,-740,1518,7140,-1516
973,-245,-1931,5754,-9691,1142,2931,-15870,-550,2155,9337,-208
331,675,-2065,6235,-12424,2197,2509,-17754,-760,2572,10581,105
857,1211,-1389,5750,-14128,2475,2585,-14966,-1290,2831,11559,-1173
1421,1085,-2205,3289,-11207,2041,1911,-14696,196,2820,11686,-2824
1681,1493,-2117,1640,-7819,472,1063,-15936,1218,3874,10210,-2611
1207,493,-1755,1988,-7337,-522,2351,-15402,814,3676,10485,-2086
617,-11,-1415,2912,-8860,-706,2649,-15916,206,3493,11560,-1408
739,279,-1837,3149,-9756,-480,2293,-16058,-592,2901,10846,-877
1249,-3,-1951,3218,-9725,-264,2797,-15674,-578,2268,8154,-625
1093,-37,-1681,3594,-9876,-772,2435,-15750,-210,2039,7906,-529
1159,205,-1633,3859,-9901,-1798,1533,-15282,1530,2777,10071,-860
331,2093,-1115,4035,-9502,-2825,-321,-17262,172,3582,11023,328
1093,-501,-507,2998,-7832,-4527,1087,-13218,-2042,3812,8596,945
-97,1117,-139,3212,-5748,-5923,417,-16026,-1100,2817,8439,1363
-635,-69,323,3199,-5480,-6379,763,-14588,-392,3973,9069,442
-1121,-2033,2363,4369,-5996,-6080,1299,-14302,-430,3731,9804,782
-2167,-2403,3411,2818,-8354,-4283,-97,-15156,18,3776,10278,2011
-3403,-695,1925,623,-8411,-1853,-297,-16370,-338,6585,18856,5359
-3967,1003,-19,-1017,-10732,-2183,-3071,-14944,-2702,7885,20923,10139
-1763,1041,-447,-2898,-7714,-5793,-6333,-12164,-3668,6310,14002,14000
-1431,647,-1163,-5238,3937,-9812,-3675,-10818,-3654,6576,10902,10346
-6899,1507,-4961,-1548,2537,-15220,-2779,-10984,-4812,2304,3170,9425
-3549,-753,-4757,1071,8400,-18764,-825,-11298,-4532,545,739,6526
-1317,-4261,-4061,9307,7420,-14691,-529,-8414,-5626,-5997,-7109,10789
629,-6029,-2261,14014,6272,-11135,1323,-7816,-1542,-7008,-7028,7619
-337,-5971,-585,18821,6989,-6627,407,-5264,-1158,-4823,2945,1887
-657,-6553,-317,19163,4619,-3965,-555,-7400,848,-5314,-347,1132
-3261,-5757,1141,18853,5756,-1176,-2337,-7594,670,-3354,2364,-1216
-9939,2023,23477,16767,2348,3275,8029,-18016,-128,-3062,2246,5306
-3755,-6359,1379,-3922,7730,1196,-997,-5276,-1178,3845,-5974,-4921
493,-7905,-1391,-4372,-2169,4731,23,-7748,-860,1735,-8564,-9192
-937,-8609,-1767,-4304,-1820,8035,751,-8566,-256,226,-8280,-13285
-1281,-8015,-635,-2712,-170,10432,603,-10678,-10,-3104,-6232,-15747
-3,-6525,-1343,-145,-2061,13467,1533,-12958,-728,-5723,-6410,-19672
-1083,-2639,-1327,3422,-4347,17358,2681,-21074,-1078,-10419,-4086,-18992
-1891,3663,285,3191,-5589,20335,-1429,-28926,-2752,-5564,-1923,-19817
-3073,6985,1949,-2454,-3122,18841,-5983,-12424,6432,7731,24770,-4487
-1257,1961,3473,-272,-696,12490,6135,-15862,4106,3432,16424,5271
-1423,907,2969,67,-1517,5760,1941,-13966,-5638,2702,8907,4368
-1283,-1213,1465,-1353,-883,2779,2491,-13130,-2836,2800,-1261,-753
-755,1019,-287,-1111,2377,1187,2477,-16302,-974,1295,6097,-2901
-83,571,-199,-393,-794,-2094,2039,-16678,-758,1176,5592,-3023
243,-641,-225,1978,-1759,-4297,3001,-15218,-712,825,6590,-1204
967,-1005,-579,4127,-3729,-5660,3907,-15118,-1292,1664,8803,-113
1167,-691,-1463,6045,-6778,-5864,3039,-16410,-1816,1047,8842,404
-167,3533,-2283,8015,-12622,-4129,2545,-16480,-1462,1123,6670,-479
1589,1993,-3163,4856,-11895,-3289,241,-13476,302,-3597,-3393,-1003
2203,2163,-3047,2060,-8001,-2812,3385,-16068,6464,4467,17370,-4392
2161,27,-1543,1850,-5998,-3088,605,-14930,984,6881,22688,-442
547,-237,-711,2923,-6865,-2160,1339,-16838,-1166,3561,5205,-890
793,-1665,-343,3006,-8385,-845,3349,-14452,-878,1242,4431,-793
1341,-1241,-889,4324,-7170,110,2197,-16602,-692,1442,8474,430
-331,1023,321,5929,-8364,2289,1995,-18456,-1254,3180,6602,932
-263,231,1447,6089,-8667,2265,3603,-15696,-1298,3180,9171,613
-17,1523,575,5185,-9278,1055,2101,-16180,-2018,3280,10885,110
1079,939,281,4411,-7560,-512,1763,-14854,-1518,3152,9714,-1665
1327,353,1063,2918,-2881,-1147,1561,-15060,-1304,2512,7907,-2648
-85,-185,169,3024,-4822,-1367,1771,-15872,-1236,2063,6684,-2816
-147,-1151,-377,4036,-5174,-959,2443,-14948,-1022,2325,8677,-2600
61,-1147,-759,4562,-9746,-558,2229,-15578,-1432,2468,10421,-1729
669,-103,-1691,5525,-11863,-125,2191,-15874,-1296,3370,11587,-1174
479,1939,-2005,5563,-12798,850,1851,-18684,-1968,3855,13583,-468
1329,-743,-1249,3737,-11999,608,2563,-12818,-2400,3695,13082,-2560
1893,1517,-2991,2287,-9985,-957,1339,-16004,-1072,1284,9573,-2633
1749,2015,-2465,623,-7735,-1669,2325,-16358,-1062,841,7247,-2223
1871,945,-1947,802,-5699,-2752,721,-16830,780,1504,10057,-1529
1289,-149,-1873,2432,-6999,-2222,1789,-15294,2690,2558,11862,426
875,-429,-1995,3732,-8813,-1101,3157,-16172,168,3019,10656,-823
829,-89,-1909,4267,-10279,86,2901,-15488,-1392,3208,10940,-1255
1197,-241,-2193,4336,-10504,23,2743,-15672,-978,2452,10971,-668
1083,453,-2005,4967,-11394,-1059,2153,-15512,-816,1860,8862,2
833,2151,-1127,4659,-11428,-2141,2361,-14852,-1172,3936,7415,-837
2121,-249,-807,4145,-9379,-4295,2821,-14460,-1218,2766,7834,-362
435,2807,-955,3856,-7192,-5115,1197,-16468,-1416,3044,9070,-1243
923,695,-431,3488,-4668,-5474,1011,-14450,-1030,3415,12087,-2421
103,153,-419,3672,-4880,-5322,1215,-15404,-1662,2765,10131,-3568
301,-1035,-857,4719,-4626,-4050,1581,-15922,-1566,1784,7781,-2873
271,-1853,-639,6312,-5970,-2417,2397,-15810,-610,1105,7984,-645
-637,-1065,-277,6947,-8304,-747,2319,-15656,-700,2041,10589,1039
-2177,191,-187,7026,-9228,-214,1159,-18412,320,3587,14559,4259
-3189,609,1851,3135,-8450,-3013,-2093,-15210,-232,5801,19980,8954
-1487,4193,-7,-8719,3640,-8300,-5455,-13324,14,6887,18071,14065
-7617,-767,-8001,-8229,12491,-14215,-4215,-13332,-1520,6874,12975,12265
-5035,-1609,-2125,-3653,8513,-18131,-3729,-12372,-2554,3923,8494,7501
107,-3161,-6389,5776,1918,-16085,-2061,-12716,-3140,-328,2705,8510
291,-3961,-5015,11024,316,-11959,-353,-11164,-3550,-6216,-920,9471
1361,-5849,-5323,15367,163,-6822,-1305,-10310,-3402,-11600,-3139,8544
-119,-6663,-3639,15652,4588,-1068,-2183,-7014,-3962,-14049,-6480,7204
-1501,-5689,-1337,16342,5453,1920,-1217,-8048,-284,-11596,-7927,6897
-5655,-5473,-2453,18372,1190,850,-1061,-7760,-98,-4630,-3483,1287
-3689,-4721,9323,-1935,6940,1271,-493,-9074,2998,8244,-1411,-4142
-1491,-8547,-725,-1779,-6082,3993,53,-3070,-2890,-4166,2461,2160
601,-8531,93,-678,-4992,6581,1607,-4262,982,-2110,-3961,-3538
-1587,-8217,85,-4,-2958,9034,1817,-6812,348,59,-11062,-16181
-2319,-6807,705,-1861,-388,10684,313,-11128,54,-5013,-7442,-19663
-2837,-4471,-441,-3143,6896,11082,607,-15452,74,-8016,-4618,-25746
-4369,-2785,-2293,-1396,5510,10300,187,-26246,1852,-11535,-1191,-25203
-2507,-2839,-633,-642,1056,10263,1991,-22536,-1752,-2358,-4362,-23609
-3113,-2643,-103,-1776,-816,9285,14569,-13010,12120,-2822,15368,-884
-3013,-1799,-169,-2449,-2733,7690,-1681,-16602,-4092,-332,30537,-708
-4959,-1073,-775,-883,630,7476,-1109,-15904,-3268,1361,5072,-2629
-6437,-441,719,-911,498,2449,5251,-17466,-1726,-2017,-3436,-2268
-2153,-1919,-401,-139,1761,543,5379,-16746,-1528,-632,-2265,-2894
663,-2953,-779,3239,-3249,760,5863,-15590,-1082,-1221,5496,-1595
89,-2747,-2007,4555,-7056,1026,4947,-15718,-1606,-362,11465,-323
449,-993,-2149,6388,-8049,3285,3861,-18306,-1462,75,16038,2156
-2027,1365,-1055,6322,-13247,5619,3551,-15246,-1078,966,19285,3047
-873,2217,-2483,3805,-15590,4041,2853,-15718,124,-302,15083,2333
455,2091,-2155,2904,-14803,1710,1373,-15744,-872,119,8455,36
2495,-323,-1151,1691,-10451,-819,3021,-14722,80,301,5449,-2119
1551,-989,-207,917,-6656,-1888,2799,-14854,812,-103,7765,-950
-7,-867,-385,858,-5016,-1340,2339,-16188,1010,1643,15653,239
-191,-255,37,1679,-6269,-1002,2127,-15352,244,726,4960,406
1027,-559,225,3041,-6823,-1895,3173,-15220,-1206,614,2429,544
343,1779,483,4237,-7424,-3646,2907,-17680,-2544,1319,4369,67
543,1401,547,3901,-7518,-4806,3027,-15552,-1288,974,6986,1171
1249,-273,201,3929,-6095,-4921,2919,-15482,-1222,933,7447,965
761,-1069,119,5057,-6081,-3664,3311,-15230,-2336,1277,8431,746
-129,-1049,-65,5826,-8458,-2006,3637,-16064,-2524,1254,9890,1187
-667,-555,-323,4913,-10979,-902,3553,-15972,-2688,1517,10830,1354
443,-721,-1153,6164,-11756,-1165,3465,-15998,-2764,2407,11698,1095
577,-677,-1237,7638,-13696,-1158,3479,-15710,-2700,3356,12801,-22
357,519,-1757,5818,-9881,-349,2693,-16344,-3544,4244,13578,-1327
1047,1407,-2717,2671,-6309,-436,2251,-15908,-2982,3028,11666,-2686
1463,1635,-3689,1073,-4114,-760,1821,-15544,-1610,2295,10524,-4457
741,65,-1925,3399,-6849,-1199,2029,-15700,-1734,2552,9455,-3695
623,-103,-1765,5292,-9100,-1741,2627,-15476,-860,2343,17872,-6
315,449,-1197,6353,-11078,-1760,1049,-15074,-2356,2273,13012,488
555,303,-571,5887,-10572,-1687,2201,-16030,-2038,-316,3976,514
839,435,-531,4816,-9552,-1657,4017,-16630,-942,-505,4071,-411
1151,-721,-481,4299,-8678,-1818,3567,-15062,-620,384,8968,520
-29,2049,-909,5079,-9599,-1187,3291,-17756,274,2423,10473,476
1507,-463,-437,3647,-9291,-1541,4697,-14368,-374,2790,11336,1725
601,1705,-199,3967,-7321,-1629,1303,-17308,-3340,3715,15403,316
725,-447,-331,3196,-6519,-1283,1679,-14386,-2138,1746,6147,-1292
189,-311,-217,4906,-6964,-667,2245,-16460,-1964,1478,5050,-1416
-315,-969,191,6354,-9169,291,3403,-15710,-1416,2213,9372,-232
-531,-689,105,6622,-11567,780,2787,-14802,-2026,2476,12825,691
-35,599,-605,5128,-11120,194,2495,-15522,-1856,2680,12788,109
-789,2007,95,3437,-10520,-339,1517,-16938,-2310,3529,13365,88
1651,9,-289,1563,-9507,-2697,2317,-15392,400,3031,16752,2291
-831,1263,177,-1281,-5772,-4613,-1065,-15704,176,4263,12837,5671
-1817,1361,-749,-1431,-3396,-8950,-3925,-15034,806,5594,16871,10419
-3527,775,-3125,-1349,-439,-12599,-4401,-13892,516,4316,7290,13769
-5895,-943,-4301,3654,-1142,-14885,-4923,-12232,-668,3067,2171,14401
-3609,-1789,-2337,2779,967,-16837,-2369,-10312,-982,1928,-158,12404
-1631,-3111,-3855,3611,2770,-15161,-1869,-9188,-2784,-691,407,10240
-833,-4203,-3557,6470,2349,-12392,-3061,-9936,-3208,-3479,1197,9199
-167,-5245,-3071,9108,1864,-9746,-2637,-9866,-2978,-5237,266,7870
-1881,-5891,-2625,11932,2203,-6219,-1723,-9184,-2404,-6832,468,5855
-1029,-6219,-1995,13213,3554,-3308,-1129,-8562,-866,-7910,-1710,3260
-3551,-5511,-775,14845,1600,-862,-1253,-8624,1254,-6631,-1842,1717
-3667,-4355,-9363,14715,4076,-363,-3615,-12692,7206,-10965,9941,1224
-1449,-4353,649,-553,1201,157,-1379,-6942,98,2787,-1907,-3753
97,-7195,-239,275,-7729,4767,1009,-8546,-734,2703,-3004,-7993
-1029,-7761,373,-1915,-5481,8396,601,-8914,-1300,716,-1136,-11632
-1849,-6955,1009,-1663,-4532,10784,1155,-11328,-1348,541,-2819,-15481
-1295,-5775,-599,594,-911,13152,1159,-14448,-1196,-4437,-6387,-21771
-2389,-2317,-1223,4404,-1816,14807,9,-23712,1348,-6959,-3866,-26982
-1015,2169,2561,3847,-1364,16761,-801,-23370,-230,-1754,-5320,-24087
-1903,2923,1663,-1823,1389,15316,13703,-13396,15106,-2199,32767,-2185
-1939,1863,3613,-5540,9634,9688,2089,-17700,-2386,2167,15375,2514
-2415,561,1735,-1889,2801,5337,-757,-16050,-6670,1895,-1731,10
-751,-545,413,1566,-5776,3298,4827,-15768,-890,1057,313,827
1281,-583,323,395,1437,1230,3817,-15640,-420,-1409,1928,-336
445,-439,-517,84,2425,-139,3335,-16022,-2764,273,4078,-1769
-551,-47,-2053,2544,-1975,-1958,3719,-15886,-1618,858,7135,64
2235,3103,3265,4379,-9616,-1782,3375,-17388,-1310,-56,7481,2985
1853,363,-451,2893,-11589,-1391,3345,-14842,878,-472,7330,1820
1241,1239,-1723,1674,-11814,-1287,2219,-15642,122,1230,6772,-344
1061,753,-2241,918,-8335,-693,3407,-15300,958,3013,8423,-1141
361,387,-1211,1206,-9065,-1130,2895,-15032,922,4709,14913,-1113
799,-199,-771,1588,-9332,-1964,1837,-14126,-794,5344,19769,-448
2337,-2189,-371,807,-8016,-3331,2743,-11192,-1982,3174,15634,-1030
831,2669,-575,3057,-4655,-4783,-51,-22316,-2850,1168,8408,-2052
105,1489,897,3524,-5520,-3897,1811,-16288,-2356,1140,949,-3424
645,1139,571,3760,-6681,-3717,3791,-18006,-2400,1602,4768,-1056
1729,-207,-43,3884,-5996,-3170,2599,-15310,-2108,144,5682,348
1637,-1211,-625,5028,-6601,-2178,2919,-14916,-2106,531,8706,405
1087,-973,-1091,5802,-8450,-1179,2987,-14882,-2636,364,8285,-159
487,669,-1805,4618,-10405,-136,2895,-16074,-1456,478,7981,-222
-2699,2701,-2573,5534,-12797,2077,3695,-15060,-1604,1067,8983,322
1469,1197,-1699,4579,-8517,1367,2753,-15594,-1322,970,10399,-160
1389,2025,-1737,1445,-5858,119,1281,-16002,594,2179,9532,-292
1653,269,-1391,737,-2441,-1303,2197,-14784,848,3647,16060,682
665,25,-1477,1332,-4192,-1453,2335,-15580,-480,2809,6443,-1176
655,-603,-1371,2505,-7000,-916,3415,-15940,-778,1003,4875,-294
783,451,-1435,3140,-8686,-567,3167,-16736,-1454,839,5826,617
995,-59,-1237,3434,-8859,-347,3377,-15868,-1794,754,6763,850
253,701,-1269,4535,-9980,-337,1885,-17182,96,14,8206,614
783,-1061,-253,4848,-12678,-1262,3565,-14192,378,1712,-327,46
981,639,-1085,3969,-11272,-2595,3937,-15288,-2884,4955,18178,107
975,2049,-421,2283,-7710,-2361,323,-15244,-3956,2982,13125,-231
893,455,-5,2301,-5152,-2802,1743,-15468,-1824,991,5365,-2063
1083,-665,-515,3377,-5064,-2477,2541,-15488,-2020,360,4702,-1622
1111,-1575,-1061,4840,-5622,-1419,3011,-15634,-2376,777,9376,-353
1033,-1731,-1497,6561,-8887,-442,2031,-16368,-3092,1414,12264,1156
-683,431,-1467,8589,-13506,1186,1977,-17424,-1326,3982,14272,1443
-1421,1695,-989,6683,-17695,1503,1205,-15284,2,4341,16638,3572
981,1721,-2021,3012,-15040,-540,1193,-14484,-738,3450,10098,1928
2141,2103,-2011,484,-9336,-1576,2259,-15206,-74,3650,8428,1370
1315,1289,-629,-1390,-4680,-2719,2533,-15686,68,5015,12213,1877
-193,235,13,-1796,-1747,-3972,1273,-15054,442,7549,18137,2561
-2131,213,-515,-1058,-553,-6617,-1009,-15598,-394,7894,22397,8263
-3833,1097,-3227,944,446,-10773,-4349,-14612,-2618,7162,19104,13092
-3267,417,-3737,3372,1025,-14543,-5517,-14146,-1636,4390,6431,15134
-3333,-1155,-4321,4626,1836,-15643,-4423,-11986,-2594,3627,2553,14621
-2681,-1687,-3177,6898,363,-15220,-3229,-10546,-3342,1306,219,12801
-1059,-3185,-2775,9410,69,-13460,-2169,-9552,-4044,-1397,-914,10921
-1575,-3473,-2083,12292,184,-11398,-539,-7738,-4428,-3782,-2234,6920
-897,-4275,-877,13764,1362,-8760,-871,-7496,-3554,-5030,-1270,4544
-2001,-5063,-751,14746,4829,-6102,-1075,-7358,-2594,-7526,42,3769
-1219,-5765,175,15563,8507,-1330,-1853,-8242,-856,-7430,-1393,3300
-12143,-841,21959,13553,-4101,2350,2595,-8652,2168,1668,4216,174
-2327,-7705,269,-4284,5690,-245,1215,-5134,-2400,8632,-1174,-5441
-151,-8589,-1399,867,-1665,4789,829,-6856,-872,2489,-7070,-6963
713,-8547,-371,253,-3847,8614,723,-8094,-540,-650,-1866,-10393
-795,-7109,341,-1356,1200,11861,1103,-10084,-254,31,-4674,-16441
-63,-5265,-1037,-235,331,14440,885,-13444,-338,-2499,-7860,-22591
-1593,-2057,-2117,1992,-2475,18466,1725,-21568,-280,-9172,-4859,-26894
-3135,3609,-489,3178,-5410,21970,1867,-27744,152,-2470,-7417,-25467
-2445,5847,1469,-4267,-3459,17277,-3723,-19658,17594,772,32767,-3691
-967,549,4381,-4201,8437,9051,6619,-16890,-1070,1123,4491,2648
-2613,1081,1039,-2492,3046,3821,297,-15456,-4272,1330,-11776,-567
-2131,403,475,-307,-713,1239,6161,-17172,-794,-39,3606,-37
473,-641,707,232,289,-491,2913,-15710,-2516,-219,6927,-1449
1277,-1137,243,-367,828,-1541,3475,-15682,-1804,-810,4476,-1855
693,-1155,-1323,340,1337,-2003,3685,-15488,-1618,-390,2829,-1757
569,-1267,-1721,4722,-2801,-2285,4839,-14444,-1368,-292,7231,9
-447,1271,-1707,7944,-9411,-2425,4265,-18480,-2292,1681,14288,9
-1459,1145,-2477,8479,-16386,-2601,3603,-14532,-474,2186,13992,-931
2357,2057,-2293,4907,-11860,-2564,2039,-15722,-368,-656,5603,-1600
2265,1283,-2069,1535,-7589,-1629,3697,-16396,2256,1312,8508,-896
1117,-739,-1985,1011,-5230,-1013,2321,-15258,1502,1916,13704,599
45,-639,-1747,1669,-6706,403,1801,-15630,-258,1056,7661,1567
215,-317,-1297,2789,-8499,1770,5027,-16032,1064,3429,9946,346
749,-217,-917,2958,-9799,1588,1977,-14954,-390,2444,7805,-1699
787,1217,-1319,4032,-8791,-673,1853,-18828,-2156,1450,6773,-1507
967,1303,-195,4193,-7716,-2588,2265,-15924,-1666,1001,4894,-1551
1249,1493,1063,2988,-4471,-3705,2505,-15628,-1512,-176,5885,1555
1195,-97,279,3673,-5481,-3114,3331,-15020,-1612,256,8108,331
873,-601,23,4618,-6404,-1962,2615,-15182,-2124,226,8339,-345
519,-1237,-977,5581,-8453,-1045,3121,-15522,-1842,115,8274,-591
469,-483,-1295,5583,-9316,330,3099,-15662,-1814,1108,9670,-410
841,507,-1431,5851,-11832,879,3127,-17674,-2610,2073,12587,18
195,-57,-1125,5301,-12101,1354,3519,-14134,-2150,2569,13691,-878
1263,489,-2415,2772,-8626,1421,2429,-16160,-1348,996,11206,-1960
1427,1179,-2461,399,-5423,947,13,-16156,1110,2067,11193,-1320
1349,515,-2411,-561,-4650,188,1947,-15412,602,791,9410,793
945,453,-2329,624,-6746,-53,3221,-15142,-462,1169,6998,158
1109,157,-1969,2054,-9081,-563,3391,-15608,-642,2058,9497,-661
1089,865,-1985,3018,-9617,-1131,2679,-16452,-514,1389,7901,-701
1249,371,-2165,3184,-9529,-1666,2965,-15566,-164,1108,7760,-331
1145,283,-1817,3536,-8834,-2041,3315,-15354,-110,732,7556,417
797,495,-1485,4367,-9521,-2283,3239,-15540,-136,1421,8069,824
-43,2403,-825,4766,-10610,-2522,2195,-16664,-500,2676,7323,261
1877,-589,-631,3514,-9241,-4675,3923,-13102,-1380,1867,8015,-1078
-121,2983,315,3335,-6782,-3559,1315,-17054,-2772,1210,8805,-1310
1295,-779,257,2502,-5211,-3146,1851,-14856,-2626,242,6368,-2806
917,-531,67,3592,-4840,-2324,2283,-15874,-2436,-623,5667,-1549
601,-1973,-495,4838,-4906,-1062,2883,-15532,-1874,-816,7393,913
53,-1315,-945,6059,-7656,-253,2433,-16166,-2290,647,10796,2907
-1073,149,-1779,7671,-11645,254,3545,-17564,-1488,899,8133,2964
-363,1027,-1045,4573,-10260,764,3341,-14870,-516,2116,11478,2916
-791,887,-1751,2380,-6819,-974,1441,-16528,1952,3540,11909,2353
-1499,805,-1163,1935,-5890,-3535,2471,-15932,1676,5401,13216,4330
-2065,325,-419,1854,-3805,-7229,3179,-16186,-22,9758,25046,5986
-5429,523,-2689,3756,-3104,-10028,-4035,-15212,-3626,7879,26771,13080
-3459,-313,-3993,3249,-1891,-13220,-6265,-14198,-2304,3292,7095,15165
-2771,-1635,-5201,2896,-131,-14005,-4837,-12194,-2678,2587,3088,15140
-1831,-2855,-5377,3739,1351,-14407,-3323,-10722,-3350,-584,-301,14244
-1647,-3799,-5373,8261,3374,-12454,-2667,-11008,-3934,-2407,-41,11914
-2327,-4391,-4081,12944,4165,-10296,-1799,-9420,-3736,-5749,599,9489
-1183,-5015,-3525,17420,2120,-6540,-549,-8908,-2388,-6508,-2224,5451
-1781,-5643,-1675,18581,946,-3119,775,-7388,-1498,-8072,-1475,4606
-6029,2785,32132,14333,5003,3378,8499,-26058,3424,-1965,-242,8987
-3635,-4727,2095,-3862,11099,-1449,2811,-2028,-1736,8686,-3216,-2957
511,-8611,-2799,433,941,3256,1385,-6686,-1062,2951,-2785,-5531
2331,-8027,-359,-522,-3693,7270,2391,-6682,-970,1657,-8588,-10800
-529,-7251,995,-1615,-3779,10998,1623,-9002,-164,-2031,-5567,-15019
-285,-4685,1215,-4881,2930,14818,717,-12560,358,-2553,-1540,-21257
-299,-1201,-2791,-5152,8355,16981,577,-18830,-2526,-6062,-1769,-27423
-8697,1727,-4405,1060,-6801,16184,-3961,-31460,1962,-3666,-12782,-24533
-3005,1477,2249,1634,-16710,10166,3259,-20832,2082,-2343,-12661,-12433
1631,-313,2645,2314,-1746,5807,9475,-16838,348,-3582,16768,-217
-1777,-851,1731,-1990,6707,4369,-489,-16362,-2744,2834,21261,-1196
-3581,-2627,-687,-933,6593,4001,-63,-15934,-1918,2790,17296,-2598
-2547,-1891,-1857,3966,-7327,2163,1593,-17142,-2246,4091,13575,-2654
-277,115,-665,5014,-10079,690,2481,-14950,-2302,1226,12541,474
-507,553,-1097,2290,-6564,688,2937,-16038,-1338,-2166,10522,3323
-603,1071,-2009,1984,-8747,-850,2333,-15758,-658,-1978,9707,2612
925,-1013,-1165,4659,-9303,-1047,4421,-17022,6242,-703,14089,1741
471,643,-1079,2230,-2869,-293,2933,-10318,-1666,821,19102,-1166
-203,-1291,-1057,845,-3486,-136,2665,-15698,446,3222,7131,-1044
-125,-833,-719,1486,-5800,674,2467,-16132,-1448,831,4992,-779
413,-1155,287,1206,-5693,1013,1905,-15016,-782,571,6878,-541
733,699,39,889,-5389,1064,4161,-18084,2172,2931,8525,-460
-111,-403,855,776,-3366,-1445,1779,-15110,-1682,2024,6994,-9
-253,591,311,3542,-8392,-2409,2287,-15642,-2274,1757,8764,402
981,-571,55,4410,-7991,-3123,1687,-15530,-1918,1109,5840,-1052
357,-43,-537,5751,-9569,-2804,2493,-16178,-1354,1389,7961,-1129
1059,-717,-701,5366,-9126,-1970,3047,-15326,-1538,1629,10412,-542
915,-917,-1283,5569,-9450,-1324,3245,-15572,-1252,2035,10550,69
-673,2311,-2265,6428,-11198,671,2617,-18522,-1252,2378,10963,894
1069,1003,-2499,5781,-16164,242,3749,-14082,242,2363,10462,208
2103,1527,-2573,2398,-8487,-337,2079,-15306,-1268,4422,13092,-1291
1853,947,-2341,-139,-2962,-2013,2483,-15428,-1196,4086,11488,-2582
591,375,-1497,1693,-4615,-2243,2189,-16220,-774,2371,8399,-2196
151,-223,-1467,3702,-8440,-882,2715,-16370,-890,1668,7394,-1218
803,-529,-1443,3948,-10172,198,3337,-16166,-360,922,6543,-834
1041,-49,-1767,3429,-10042,252,3355,-16234,1828,1435,6080,-495
695,-31,-1439,3367,-10907,-30,3637,-15090,798,3060,10393,249
397,3025,-1445,2932,-10878,-1911,1497,-17168,-206,3760,12308,79
2403,-169,-503,1981,-6131,-5202,2681,-13176,-1888,3697,7402,-918
561,2507,-469,2988,-2759,-6792,2011,-16686,-2290,1849,7262,-902
149,305,-349,3235,-1115,-5174,2233,-14750,-2606,1983,7037,-3295
909,-1541,-465,5952,-3915,-3586,2989,-16212,-2424,931,6128,-1506
241,-1257,-1479,7914,-6983,-773,3389,-16692,-1368,1111,10408,-58
29,25,-1449,8318,-11147,1912,2891,-16880,-1348,2037,11427,567
-187,1061,-2409,5016,-11374,2947,2437,-15034,-1082,2243,12081,-805
631,1279,-2057,2883,-8580,1218,-1793,-15476,1890,4233,17982,-988
13,761,-1469,2372,-6465,-3179,1283,-14894,984,3010,11438,1767
-1737,483,-793,2671,-3840,-6399,2071,-16132,1154,3394,12877,3458
-2279,-419,-937,3245,-2130,-8157,-767,-16522,-438,4111,17921,8394
-3481,-1311,-2135,3735,-3727,-9158,-4669,-14352,-1372,2938,14911,12751
-4133,-227,-3073,4056,-6211,-12886,-3989,-12974,-2844,3761,7339,10421
-2891,-2673,-3521,4048,-1887,-14187,-2791,-11696,-4932,1220,8152,6525
-913,-4581,-3241,6921,-463,-12846,-925,-11452,-5520,-3783,-657,10231
-1033,-5073,-2845,10828,-81,-9542,-867,-11074,-4248,-6742,-4748,9141
-1673,-5935,-2087,13921,2880,-6209,-2459,-8266,-5342,-3575,-6561,3114
-309,-5181,-4145,17183,6120,-1777,961,-8250,-1940,-7880,-632,5075
-6033,-577,-3717,23517,-1770,-538,-2057,-22892,30756,-8473,10924,9133
-3887,-4413,-2305,-205,5573,243,-2869,-8132,-4634,10710,-11363,-3414
217,-6299,-479,3118,-6775,3410,-277,-7088,-1906,421,-3738,-4611
-3,-7721,659,-537,4362,7007,1107,-6864,-1266,4485,-6478,-15098
-2091,-7477,-973,-2364,-2549,9857,-357,-12750,-2046,-1134,-6783,-17234
-981,-6099,-1193,1598,-238,12289,1843,-17030,-2000,-3641,-6952,-18910
-3309,-3551,-2041,4321,-32,14184,487,-23402,-580,-5227,-4929,-24952
-2437,-747,-831,5999,-7224,16188,1679,-23448,-1888,-3345,-15,-20884
-2353,3573,2043,2261,-7697,16041,3881,-16562,1706,-2790,16554,-7883
3225,4095,5,-4391,2277,13619,487,-17078,-2292,4833,30608,74
-2015,751,1849,-5437,11243,8922,-2751,-11976,-8500,-829,7487,-599
-2219,319,-451,-2360,244,5326,815,-15322,-1396,928,2744,-318
-1637,399,-769,-421,-3899,2296,2251,-15646,1348,-105,1472,138
623,-209,-393,1505,-5221,-179,3447,-16296,-54,-873,-1910,-1015
815,897,257,775,-3418,-2414,3191,-16146,-982,-1752,271,3359
103,587,-283,1046,-2237,-4368,3921,-15232,-1574,1644,6478,2716
177,-231,-55,2666,-4152,-5523,3323,-14938,-1702,368,6853,2937
-65,-559,-935,4260,-7451,-6141,2803,-15644,-1778,-94,6379,2322
367,337,-1019,5958,-10977,-6106,2741,-15730,-2042,54,3353,844
1291,569,-1573,6495,-11917,-5798,3947,-15296,-902,315,2496,84
1243,1365,-2035,6909,-10768,-4182,3979,-17968,-1140,299,5757,940
609,545,-1655,5996,-10438,-2176,4567,-15840,-978,807,7578,9
1751,243,-2889,4179,-9343,-1801,3695,-14052,824,-460,7101,-1906
1327,617,-2909,2919,-7421,-697,2107,-16386,1342,4376,12631,-3543
1241,201,-2517,1862,-5969,-2,3347,-15902,1272,2785,11636,-456
283,-275,-2037,2314,-6197,1033,4069,-16036,-910,3945,15990,-586
-345,-363,-1401,3415,-8109,1939,2975,-15252,-484,3573,10094,-441
-137,5,-777,3673,-9618,1811,2169,-15538,-774,2025,7724,-50
1555,-1073,-551,2486,-7903,-154,2901,-14776,860,1168,7897,-177
1223,465,-1013,2972,-5193,-1379,2117,-17612,90,1309,6940,-236
391,2033,133,3375,-4901,-1533,1977,-17292,-1960,2805,5319,-290
1043,77,137,3280,-4767,-2145,3699,-13904,-1910,2976,8514,-981
447,1931,411,4114,-4324,-2144,2239,-16736,-2258,3173,11287,-780
467,533,-309,4369,-5614,-2045,1761,-14852,-1962,2933,10405,-1942
1263,-1049,-635,5374,-7361,-1989,2903,-14526,-1286,2565,10308,-1877
595,-635,-945,6074,-9126,-762,2679,-15534,-1522,1715,8562,-893
385,-739,-823,6155,-12972,171,2929,-15690,-1518,2409,10274,-666
613,-309,-1407,6158,-14511,946,2583,-16616,-1948,3116,12042,-768
853,1163,-1743,5756,-14357,1294,2587,-17444,-2164,3852,13337,-922
1363,1243,-1751,4510,-12175,1233,2977,-14782,-2612,4612,15107,-2492
2241,23,-1751,3180,-9331,392,2129,-14748,-2216,3046,14742,-3033
1595,1355,-1827,2269,-8150,-537,1395,-16648,-1806,1829,11963,-3693
1581,1563,-2793,1208,-7506,-1039,1201,-16112,-992,-974,7358,-2238
1649,1033,-2833,1296,-7009,-945,1961,-15952,-502,-557,7023,-1026
1403,-217,-1969,2379,-8406,-880,243,-14658,-318,2167,8304,-622
827,-223,-1725,3922,-9148,-997,1117,-16278,698,2805,14111,1167
5,525,-1375,4514,-9984,-1206,2027,-16094,-336,2914,12469,134
-107,425,-1341,4400,-9788,-2308,2393,-15330,-752,2653,9657,-884
-355,339,-1239,4089,-8764,-3775,2421,-15268,-748,2254,9093,-622
-785,-105,-1079,4105,-8684,-5332,2399,-14576,-384,2570,10932,623
-463,-1247,-1021,3806,-7329,-7618,2703,-13880,-316,2905,13145,3117
-1581,3131,-107,4351,-5571,-8662,-1075,-21136,-1232,3958,18705,7064
-3395,979,865,3512,-2626,-9847,-2651,-16598,-2310,8750,18311,7469
-3141,-1533,-493,3431,-24,-13260,-2041,-13304,-1580,8194,19387,10185
-2403,-2235,-2141,3644,4,-13409,-3359,-12828,-2526,5945,14410,12538
-3287,-979,-4369,2794,-456,-12855,-4447,-12880,-4244,3378,9151,12309
-2259,-2323,-6183,5831,-474,-12632,-3623,-12696,-4290,2018,6620,11529
-2975,-2759,-5771,5400,4325,-6617,-2345,-11680,-3140,753,1086,6466
-1367,-2709,-4751,6996,1179,-7098,1681,-10920,-3068,-3679,-2294,8860
-1205,-3921,-4827,11710,-114,-5141,655,-9908,-2114,-5075,-3473,6528
-1117,-4911,-3795,15520,-877,-3767,-909,-10892,-3774,-5503,4180,1790
-1057,-5807,-2655,18802,1211,-1297,-813,-9136,-2176,-8958,-292,3544
-4643,-5165,-22119,23356,-2984,-461,-5125,-18082,32661,-14895,7024,5007
-459,-3989,9679,-3246,8250,-658,-8403,-10348,-266,1927,-926,-2944
-1205,-8907,-1069,-2196,2139,3207,825,-7996,-584,343,-2985,-4507
929,-8995,-1043,102,611,5746,1239,-9028,-308,1938,-9738,-9457
-1417,-8931,-1477,332,-2116,8900,775,-11106,546,3381,-11015,-17543
-903,-7305,31,-1790,551,11686,1183,-14352,784,120,-8922,-17555
-1115,-5233,-1747,559,-2004,13559,1643,-17672,-1184,-4597,-2393,-17514
-2309,-2893,-2803,3245,-5550,15632,177,-25218,-46,-7201,-101,-19816
-2625,857,-477,4805,-7163,16952,2127,-24036,-2226,621,-533,-17516
-2559,3847,2369,-500,-7705,15920,3233,-18214,1364,4185,12086,-10235
-373,3441,453,-3431,-346,15378,-2303,-13442,-3188,-2058,12393,-914
-861,1665,3653,-2559,1403,10369,-881,-16098,-2250,943,8594,-2256
43,579,1581,-1939,1241,4598,-809,-14960,-864,-358,5727,-1768
-397,717,105,-816,494,1322,1867,-16210,-296,-378,9372,-1681
-733,217,61,-216,136,-469,2287,-15940,-622,-81,10096,-408
31,-701,-29,938,-1677,-1639,2635,-15234,-1194,-493,9315,1346
183,-1747,-371,3154,-3742,-2270,3093,-15358,-1422,-1217,6431,2374
235,191,-1959,5952,-8092,-2477,3177,-16538,-1376,-734,7454,2780
1071,2347,-1167,6979,-10827,-1029,5483,-18366,-380,904,7051,1374
1441,777,-1525,3984,-12957,-1176,2527,-14872,2286,1146,8013,-976
3125,2015,-2379,3592,-13355,-1485,4167,-15772,3280,691,9406,745
2995,989,-3449,2509,-10718,-2014,3279,-15186,-868,3708,15175,-1143
1357,1049,-1459,1146,-5807,-1761,2597,-15234,-1464,3204,12008,-1460
641,249,-1219,988,-5469,-1082,3533,-15844,-644,1533,6438,-1608
723,-153,-1403,1750,-7190,-782,2477,-16410,-276,1102,8080,-1282
1177,-111,-1733,1450,-8114,-225,3159,-16060,314,1588,7788,-1399
1273,-269,-1651,1131,-7418,217,3285,-15932,680,1319,6947,-1213
1209,-157,-1381,1891,-7755,-37,3367,-16166,298,1189,8245,-261
537,2255,-993,3081,-7780,-660,1977,-16898,-1108,1754,5577,-400
2365,-941,-511,2454,-6275,-2297,2863,-13752,-1356,788,4550,-2324
1525,1863,-563,2653,-2649,-2371,2249,-15564,-1194,685,5500,-2173
621,1729,83,1429,252,-1588,2639,-16232,-1740,-389,4818,-1439
809,-237,-19,3091,-2176,-2176,3041,-15878,-1330,70,5796,-676
741,-261,-203,5121,-5790,-1906,3783,-16036,-316,416,6256,514
-191,509,-1761,6253,-9283,-921,6197,-15468,-378,1995,9482,-68
7927,2287,2661,3312,-11965,1654,3811,-16854,-1656,2136,14732,597
-1709,1299,-1355,2053,-11117,2950,2893,-15236,-2164,2653,15770,-771
1671,637,-3171,1546,-12056,916,2599,-14916,-880,-181,9851,552
2343,1675,-2905,817,-10193,-11,2249,-16182,1530,3973,11006,-1328
1983,467,-1813,-153,-6624,-553,3803,-16500,2488,2619,12035,-1092
637,701,-1801,439,-6287,-5,2825,-16192,-208,2772,12977,-521
77,37,-1541,2700,-9640,592,3141,-16478,346,1723,8907,807
487,-383,-1587,3845,-12934,-344,3099,-15562,-860,1521,5907,35
2285,155,-1839,3661,-11394,-3295,2977,-16386,54,1480,8255,-414
2805,2343,-1263,2287,-7511,-4765,1965,-15806,-72,1933,6499,-535
2889,233,-841,1781,-3206,-4766,3215,-15502,-1320,2404,7327,-1691
1193,589,189,2713,-2625,-4180,2325,-15532,-2348,2563,7988,-1929
371,211,-113,3762,-5394,-3075,3025,-14820,-1372,1910,8352,-1515
1125,-715,-375,4862,-7472,-2584,2711,-15284,-1654,1594,6928,-815
561,-775,-527,6648,-9501,-1388,2881,-16460,-1834,1973,9729,-681
-91,731,-817,5336,-12545,-738,2885,-15950,-1332,2916,12880,-632
-49,1227,-1813,4691,-9769,-769,1809,-17524,-1006,3737,17099,755
543,-363,-1769,4295,-8852,-751,2613,-13912,-826,4333,19042,1548
-543,-261,-1843,3553,-7768,-1722,813,-15010,-870,3920,19221,3841
-1957,1351,-2133,2252,-5129,-4865,-733,-16478,-298,5038,15422,5261
-1657,1217,-2301,1789,-700,-9449,-813,-14390,710,6846,18570,6691
-3651,881,-2077,2527,1264,-12949,-3833,-14606,-960,5552,22618,10121
-4033,-457,-2681,4405,899,-14488,-4015,-11920,-2642,3661,18594,12898
-4253,-1979,-3667,6182,-2592,-14727,-1389,-12456,-4464,3618,6494,6134
-1615,-3043,-2377,6820,-7509,-14515,887,-11248,-5248,296,5159,689
-649,-4799,-1953,5640,-5153,-12689,-1407,-13760,-6142,-4761,-1740,7068
-29,-5589,-2129,5822,-829,-9257,-1039,-11592,-6090,-4799,-3000,5926
-751,-6591,-2989,8688,3257,-5910,-1377,-10080,-5034,-7460,-6459,6863
-1659,-6253,-1327,10053,6373,-1573,-1125,-8600,-3124,-8607,-4609,5433
-3705,-6667,-2619,12678,8131,2080,-691,-6386,-2432,-8562,5646,1817
-5443,-5279,-397,15895,1098,1375,-895,-8330,-1448,-6598,2298,-334
2395,-973,18669,501,5949,40,-8357,-7034,436,2067,-2659,-2411
465,-8605,-463,-1264,58,3098,-819,-8128,-1832,109,-402,-5112
-487,-7393,-2143,693,3005,6704,1475,-8488,-260,2623,-9553,-11811
-1777,-5565,469,-1494,-1136,8881,419,-13352,430,2166,-9794,-15163
-1359,-4093,-1583,-3005,-1632,11167,209,-16054,-2528,-5465,-6574,-16082
-4543,-1291,-689,-2076,-8335,13019,-2207,-23902,-474,-1639,-10117,-21826
-1899,-295,-375,-6675,-3481,14135,3321,-17622,702,1462,-6408,-12239
-3877,425,2003,-3439,11408,10862,2159,-19672,-950,1469,20569,-2171
-3339,-1645,2567,20,5477,6292,-1833,-13930,-2906,3545,10388,-1751
-1895,-1521,-83,2431,1399,6124,2145,-14130,-1214,-169,9221,-980
-1409,-509,-1953,1420,-2241,5788,2497,-16780,-850,823,6321,-1396
-1077,973,-2033,643,-2876,4308,3113,-17652,-828,105,9066,1161
335,645,-1603,2564,-12360,2197,3323,-14700,-1046,104,12000,1278
1751,1317,-2377,1785,-8948,-747,959,-15854,-792,-1206,8608,1137
1571,921,-2103,938,-6813,-3169,3917,-14444,6606,3618,9435,-580
749,517,-1989,1297,-5612,-3415,3603,-15542,1864,4536,15453,-1129
145,-497,-1899,2338,-8381,-3040,1765,-16562,-552,4447,10506,-1189
89,219,-2307,3802,-11913,-1855,2787,-15152,-426,3057,7343,66
693,335,-1295,3769,-12168,-1503,2203,-16274,-1304,1708,8338,905
1739,-781,-767,2819,-10004,-2895,2099,-13698,-588,2812,6429,-1577
651,1731,-727,3100,-6829,-3750,1033,-17838,-1428,1664,7083,-2339
817,695,69,2514,-6152,-3637,1437,-14048,-1500,1808,3530,-3964
1029,267,17,3745,-3832,-3633,1929,-16038,-880,521,3527,-2328
1003,-1091,-79,4370,-4896,-2596,2303,-15466,-890,58,4423,-474
403,-1137,-355,5955,-6292,-865,2341,-16174,-652,1315,7040,155
351,-567,-1047,5837,-8460,740,2765,-15584,-102,2574,10127,86
-685,1323,-233,5110,-10898,3273,2745,-16544,-874,3791,13005,116
233,451,-703,7541,-15963,2774,2835,-15058,-1168,4873,15162,-1688
1237,1211,-1669,3549,-9484,1554,1961,-15500,-1038,2852,11757,-2307
1467,1419,-1759,921,-5880,-109,2211,-15752,-534,2210,8052,-3004
1143,1005,-1385,187,-4323,-1445,1591,-15248,-448,2044,8908,-1542
933,-391,-779,1033,-5202,-2374,1361,-15300,276,1961,9482,71
705,-389,-1191,2764,-7242,-2141,1343,-15752,56,1866,9359,-696
365,-337,-1315,4135,-9866,-564,2375,-15392,-198,2107,8359,-1186
-15,-189,-1419,5955,-13558,670,3143,-16164,-116,1926,8821,-469
705,737,-707,5072,-15334,-1167,1437,-14322,-568,4035,9036,-2064
2475,245,-847,3869,-9488,-4050,1921,-16278,-1260,3380,10100,-1910
1231,1151,119,2709,-7298,-4156,2389,-15146,-2358,3073,8056,-2727
475,643,417,2830,-5461,-3849,1949,-15600,-1798,1259,4969,-2184
1357,-709,165,5026,-5479,-3284,2403,-15622,-1472,1084,7288,-1476
523,-593,-455,7144,-9543,-3064,2557,-16924,-1228,1813,11359,510
-101,29,-1095,7286,-9040,-2648,2965,-15674,-1132,2649,12446,1197
-633,555,-1499,6445,-7464,-2511,2001,-16882,-1388,2289,13264,2178
-897,15,-1265,5725,-7422,-2582,2127,-15354,-946,2994,11702,1845
-475,-335,-2209,4105,-5836,-3748,1629,-15582,1398,3035,11861,3285
-2167,-143,-2293,3883,-3040,-4229,449,-16368,608,5898,14524,3518
-1925,-715,-1941,2602,-1652,-6462,-49,-14606,-12,7748,22013,6001
-3235,-509,-2677,2303,630,-8713,-4197,-13460,-2078,6512,21268,10423
-4239,-1365,-2645,2996,800,-10757,-3637,-12740,-3386,4322,13577,11795
-3909,-3099,-3367,4177,-742,-11735,-3343,-10766,-4012,1091,9605,9331
-2839,-3781,-3223,5079,-1239,-11834,-1789,-10970,-4086,546,8361,4767
-1825,-4819,-2999,5244,692,-10514,-1437,-11284,-4190,-364,2515,4701
-721,-5569,-3077,5185,-843,-9062,-931,-11452,-4056,-4645,-735,8129
-977,-6171,-4337,6234,-1696,-6259,-2847,-9776,-5008,-4306,-1647,5646
-391,-6067,-2791,8452,-516,-4168,-847,-9220,-3650,-6950,-3126,5204
-653,-6517,-2655,10719,984,-2551,-1483,-8772,-3462,-4911,-4214,2743
-1613,-6889,-3229,12836,3664,337,353,-10082,-2038,-1725,-359,120
-4073,-6401,-3421,16428,3357,1674,-1109,-7884,-3312,-4196,-1035,-1657
-3617,-4713,-315,19213,1894,1273,-759,-8420,-2912,-5843,494,-1084
-6847,4243,24437,1614,2916,1565,-847,-9304,2248,-1161,-4710,-387
-4009,-7697,-2359,-1237,90,1823,-55,-6134,-2450,-508,-933,-2852
-589,-8861,-169,-294,-2505,4233,-1505,-8448,-3640,-144,-3823,-4611
-825,-7917,-659,-2394,900,5897,193,-8126,-928,-1382,-6418,-7600
-1703,-6789,-613,-3741,-1417,7564,1169,-9974,922,924,-8512,-11375
-641,-5709,757,-4204,-256,9022,-267,-10978,-340,958,-9591,-13572
-627,-3631,-1651,-4261,693,12981,1009,-14460,-1548,-7052,-7991,-15438
-2097,483,-767,-794,-3552,16397,-4699,-29292,996,-3862,-3181,-21873
-3935,3179,3115,-2302,-4916,16254,661,-18562,-3214,5834,-8661,-17692
-425,4621,2429,-5214,-4,13637,6193,-15250,2860,332,3657,-3931
-6695,-267,993,-4701,5868,9193,2153,-19426,-3530,-30,21426,467
-2723,-1605,1627,-733,-2909,6518,-2415,-13872,-4628,3098,12705,-852
-2903,-1519,275,1038,-10279,3977,-701,-14040,-3710,342,10753,-1577
-585,-1185,-737,1280,-4483,1976,1885,-15462,-1370,1835,8109,-3765
1219,-1367,-1101,2354,-1881,43,2913,-14668,-566,-7,5200,-800
-1253,1213,-2231,3542,-3825,-2193,2729,-18516,180,-1681,9164,3789
-5,1321,-1021,6243,-10000,-4466,2889,-17588,-764,1243,11007,2264
445,2157,-417,6334,-13327,-4906,5941,-14710,1864,4929,14388,1061
1725,1533,-805,4665,-12528,-6036,3309,-15038,328,4213,16908,625
3035,1875,-1253,2921,-8607,-6507,2339,-15604,-974,4273,17032,-1180
1949,755,-2253,2098,-6376,-4871,1117,-15336,-1530,4783,17153,-2835
1833,25,-1785,997,-5311,-2880,857,-16042,-946,4325,13003,-2639
1329,-111,-1683,980,-5900,-1089,1569,-16032,-370,1993,6600,-1406
1123,-513,-1415,3218,-8745,61,2943,-15788,-482,-377,3683,320
1535,-169,-981,4494,-12108,-295,2917,-14640,392,-366,4241,-486
915,2477,-249,4923,-11910,277,2217,-18032,-266,1371,4863,-1270
2087,659,891,3941,-9046,-194,3339,-14826,-516,2052,7315,-1844
565,1893,1293,3841,-3826,-550,1725,-17538,-1930,2095,9591,-1652
1117,323,1513,3447,-5014,-1632,1873,-14844,-2308,1664,6892,-1487
1087,-851,543,4551,-4732,-2191,2233,-15666,-1286,425,4522,-236
771,-707,305,5674,-5237,-2278,2407,-15676,-1228,369,4270,-220
637,-965,-139,5567,-5781,-1302,3101,-15856,-1106,996,8021,-674
899,-713,-629,4960,-6674,-478,2855,-15994,-992,2293,10904,-330
247,571,-887,4910,-6678,852,3241,-16444,-1040,2764,11884,330
-565,1097,-1007,4304,-11454,1220,3637,-15608,-1136,3618,12644,-232
775,183,-1393,3903,-12401,-17,2925,-14556,-1880,3640,12788,-1944
2229,51,-2299,3071,-12274,-1532,2243,-15312,-1284,2752,11893,-2996
2401,2037,-2687,1336,-9503,-1497,2041,-17070,-964,1929,9135,-2234