1222,282,-150,-499,-256,0,5051,-14519,2287,-415,-170,-1
260,262,-70,-499,-184,2,5005,-14475,2195,-422,-66,-38
1222,270,-56,-925,-188,0,4963,-14435,2211,-417,-182,-7
1228,330,-66,-512,-192,5,5063,-14489,2233,-440,-178,-5
276,306,-134,-958,-220,32,4981,-14523,2285,-431,-84,-5
330,382,-184,-894,-220,-4,5043,-14493,2357,-392,-70,4
1260,262,-200,-508,-191,2,5013,-14459,2235,-436,-54,-6
1220,360,-130,-512,-152,16,4999,-14527,2179,-425,-18,-13
1254,270,56,-500,16,2,5039,-14495,2305,-402,91,-44
1222,262,-168,-489,0,0,5069,-14507,2239,-373,154,-52
1226,264,-176,-480,52,20,4987,-14485,2141,-385,55,-60
1252,374,-72,-926,1,0,5017,-14465,2195,-417,47,-69
1260,302,-150,-444,2,0,4983,-14533,2213,-427,79,-44
1220,270,-160,-508,13,27,4993,-14495,2247,-427,158,-27
232,346,-168,-508,32,40,5001,-14461,2149,-444,97,-19
236,346,-134,-504,4,-12,4953,-14505,2257,-473,71,-5
1224,270,-136,-503,48,-52,4935,-14461,2301,-448,49,-9
1222,334,-168,-508,-222,2,4895,-14545,2247,-436,-24,4
1222,330,-196,-509,-254,1,4983,-14559,2231,-433,-63,20
308,266,-184,-510,-154,-16,4989,-14547,2211,-418,-119,3
1252,262,-168,-918,-183,3,4955,-14469,2227,-386,-173,9
1244,262,-196,-896,-254,0,4959,-14529,2321,-377,-154,7
230,278,-56,-888,-124,64,4951,-14517,2329,-318,-133,-34
212,296,-64,-1920,5,2368,961,-15105,1777,-1746,-5848,2640
-10040,294,-48,-2031,13,7428,-5605,-15821,4325,-1826,-12664,8384
-9912,-5688,378,-1976,1604,18502,-10151,-20455,5785,-1281,-6134,20610
-7644,-4854,56,2050,16,29226,-7415,-21049,7813,1989,1241,30741
-7666,-1764,860,-2684,2049,27789,-8339,-1679,163,-2560,1096,26642
856,-1658,826,0,546,23108,-29,-1813,197,131,578,23052
1350,846,1216,396,1856,22784,1281,-15069,195,2028,-10074,22978
2340,-5364,-198,96,3600,22026,1883,-11515,1001,234,-8490,22019
-1292,-1786,356,528,1176,1064,-2075,-1671,-157,1312,1024,268
7620,-5778,76,664,194,2106,7951,-5897,323,6472,-10836,14044
7780,-5882,-3264,8458,2110,1,11585,-3693,-1403,9972,-6180,6440
6564,-5866,-8392,8272,258,64,12481,1395,-5235,9632,-3867,4854
7844,-5738,-6184,4120,521,3640,9309,2109,-4891,6286,2887,3512
2248,-976,-7560,2056,7592,24,5293,-1145,-6483,1717,7845,-3048
468,-858,-5952,-8047,3077,-5632,4507,-1125,-4723,-5617,11416,-5508
-570,-5346,2416,-14718,515,-6768,1331,-4013,1837,-4700,4595,-7145
252,-138,4676,-12272,128,-4032,-109,-6583,5011,-12152,1176,-3959
-8682,-466,1152,-11126,8192,-1016,-2331,-6665,4197,-10920,11266,-570
-9516,-4090,8016,-14326,5762,2057,-10391,-2053,10115,-14076,105,2225
-9840,-4330,-188,-14974,6290,200,-5397,-161,10661,-10358,15032,1015
-9714,-442,-180,-5087,804,0,-10279,-1221,-29,-5088,547,8
-5140,-3834,90,-4060,4290,8952,-4355,-4043,1399,-3424,4104,8197
1264,-5850,858,-2571,96,0,957,-6165,939,-2880,272,3
2856,-5658,-176,257,4608,10688,2493,-6069,-157,416,4105,10792
3470,-1654,-200,2311,80,10821,2461,-1425,-155,2193,524,10880
452,-3058,-3216,1060,2325,10564,-111,-3541,-21,137,2308,10778
7404,-5782,-3688,256,1090,12352,7247,-2059,-3741,1377,1096,12546
6924,274,-3272,529,1264,1,6717,249,-3613,512,128,52
8964,-1392,-3398,2053,4352,64,5951,-1773,-3453,2082,4142,38
8820,-858,-5128,-4096,0,68,8557,-13,-5005,-6608,16,74
6406,-1272,-4166,-6400,4112,524,6169,-1525,-4069,-6400,4128,592
-1462,-3528,-3526,-8120,5376,68,-2175,-5333,-3737,-8160,62,15
-9644,-1782,-2112,-8124,113,-12160,-4823,-8413,123,-8839,7832,-10365
-9970,-1230,4566,-15327,4613,-8128,-6489,-6211,5429,-10569,13175,-5300
-9656,1382,-200,-15356,2368,-2012,-10167,-5809,5653,-10645,6171,-214
-9716,554,1794,-16368,4611,1334,-10429,27,1973,-15871,4108,1408
-8764,-2296,-118,-5980,1280,16,-5967,-2023,11527,-5686,5705,13573
464,1166,456,-7124,1544,66,95,869,6351,-6993,3459,13304
3270,360,2522,-14847,4193,10240,2959,585,3511,-6250,4346,11610
2294,-5354,1434,-14844,640,9117,2239,-5853,1261,-14478,1234,8792
-826,-3830,-186,-12236,1037,3,-1219,-3723,43,-12135,1112,176
-3834,-4272,1880,524,524,0,-4291,-4525,1899,650,256,68
2520,-3482,1080,4226,1560,5248,5491,-3585,1941,6575,-2307,5339
7750,-5082,-120,1413,4,272,7457,-5321,-29,714,2306,258
7500,774,-6336,1,6656,1,6597,2241,-5883,2149,6504,3951
7364,-248,-3260,1664,5639,24,7233,1899,-2517,5945,5751,-377
6600,-1452,-4150,1108,4640,705,6259,1623,-3963,844,5923,-4767
-1034,-44,-4164,-6132,3213,544,-1401,-21,-3481,-8043,3992,512
-1828,-722,-4212,-15872,4,261,-383,-1041,-4117,-15871,0,280
-10042,-5850,3128,-15910,1324,-7104,-6375,-6187,3363,-11807,9845,-6707
-7990,-4262,2176,-16191,260,-1920,-3635,-2521,3319,-11907,9280,-1384
-6644,438,8392,-14331,2050,0,-7377,-8241,10195,-12923,4311,5616
-9880,-4330,8762,2242,128,7104,-5367,-4801,8569,-9338,3705,7490
-756,-5786,2264,2052,1282,9282,-837,-4431,10689,-4401,2199,10142
2248,-4330,1088,-2013,4480,150,2063,-2175,7131,-328,5269,10291
2280,-5352,-160,1156,4097,138,1893,-5141,-115,1048,4096,128
6340,-1274,3256,2054,256,8200,6137,-1057,3245,2042,5969,8201
7750,-730,-56,258,520,128,7411,-883,1217,846,7048,8122
8902,-5750,314,4234,4368,1292,11169,-6525,1223,5916,12001,10246
9420,-5784,-5746,4225,8741,262,9209,2167,-1887,4438,8631,4119
8408,-1018,-8120,8274,7180,1537,8001,2037,-5345,8638,-1234,-864
6342,-1496,-4200,2080,1800,256,6041,-1997,-4205,1600,2196,315
-1192,-1578,-6674,38,301,-6016,-2175,-2031,-5751,65,12,-6112
-1592,-954,-5768,-8080,4640,-9070,-2243,-1361,-5725,-12702,4096,-9077
-7516,-5170,-2248,-19368,2374,-7672,-4011,-5453,-1429,-17222,7009,-6206
-9932,-3826,-4006,-19320,2241,-3545,-6625,-2469,-4425,-17008,11365,-815
-16124,-1754,6488,-18910,1577,9474,-9547,-9043,9735,-18049,10483,9769
-8892,-4312,9304,0,586,8736,-8691,-4485,10167,512,133,8704
-828,394,1848,273,2240,6656,-733,359,9283,-5447,10354,7001
398,-5626,3898,-7602,1,4,629,-967,3941,-5561,7313,7184
-806,-2770,824,-12256,1,180,-1123,-3093,395,-12215,1698,77
-1514,-3834,1912,-11741,676,559,2177,-3187,1929,-1223,4612,5709
-1712,-3746,1848,2452,1293,257,-2177,-3849,2083,2449,280,256
-1696,-1210,206,138,580,258,-2019,11,227,256,128,224
7428,-1786,-1216,570,898,3363,7101,-2053,-1145,704,936,3217
7396,-506,-2212,4257,773,513,6485,-5,-2093,4384,256,536
6868,-5726,-4164,900,4165,272,7465,2775,-2899,5905,-3410,-723
708,304,-4246,66,518,-1720,5589,1473,-3691,3265,667,-1840
328,-234,-8356,3,2056,-3584,3903,1813,-7571,863,2205,-3590
-1692,-218,-6342,-6136,3592,138,2721,-1077,-5613,-2125,-547,-3175
228,-4404,-3838,-13916,182,3,-179,-4629,-4209,-14296,5,60
-1450,-5674,-1992,-13936,4488,-2496,-1971,-6133,-2077,-14279,5121,-2506
684,-4346,2140,-21871,5387,-1686,-185,-4805,2165,-22000,5680,-1703
228,-3832,376,-24381,64,-1946,141,-3181,619,-22465,16183,-1665
-6580,-4854,10060,-22365,4897,2112,-6843,-4879,10595,-22456,5376,2069
-9910,-5104,2178,-15743,576,3109,-9131,-5167,3015,-15362,17742,3821
-9972,-5312,3920,-14655,136,25,-5831,-3363,6411,-10864,9384,6250
-9484,-5814,5210,-14844,224,578,-5667,-6065,5163,-10332,8669,9172
-1820,-4338,824,-8000,5460,2064,-1991,-4181,5405,-7809,5482,10767
-1530,-5738,1880,-7576,4358,268,1343,-3299,3319,-3097,4125,8458
2380,-5850,3908,1280,800,6144,5235,-1805,4001,1614,657,7188
6358,-566,1848,0,258,4096,5949,-625,99,312,4,1961
6420,-1236,-184,9545,3073,1186,6031,-1215,165,10242,2616,1229
7494,-816,-3528,11288,1552,-1846,7005,-5117,-3469,10276,1031,-1464
-764,-1738,-2156,8756,2056,-7019,-179,-1661,-2187,8817,5,-5996
-1820,-5880,-200,6144,128,-4600,1437,-4705,531,0,0,0
230,-1730,-6078,-3576,4,-3584,-103,-1539,-4179,-3930,-1030,-3686
-6664,-3620,-1960,-7160,2307,-4016,-7091,-3913,-1909,-7675,2112,-2943
-6170,-1756,-62,-14299,32,132,-6595,-4723,-157,-16256,28,129
-9140,-5784,-1736,-20437,961,368,-4525,-4403,-411,-19893,4279,3012
-9532,-4634,7256,-23792,296,324,-5491,-4485,8291,-21450,10859,8788
-9612,-1138,120,-15935,1024,14497,-7097,-7381,5219,-13204,4542,15504
-1302,-5082,10808,-16112,1905,14380,2585,-4187,12409,-14732,10325,15205
1264,-5224,10048,-8171,1032,12609,1281,-4297,10987,-7159,8919,12696
-812,-3802,-180,-2176,0,17,-1199,-3701,-91,-1985,5406,10881
-1176,-2998,-64,307,2206,8424,3677,-3245,4387,1711,3382,8232
1220,-1506,-192,392,2213,4617,5083,-1771,2099,4659,2414,4766
2278,-4726,-158,8194,6658,768,1217,-5137,-141,8240,6168,794
7764,-586,-1478,2220,10240,60,7043,-1037,-1627,2065,10288,69
6340,-1452,-3234,8280,3216,-2003,5951,-2021,-3159,272,3074,-1856
6596,-632,-4080,709,5378,-2048,6117,-785,-4235,514,5380,-1776
220,-1272,-6232,0,1026,-3582,-191,-1763,-5789,-5888,1332,-4086
968,262,-6256,-6912,1536,-8178,-67,79,-8027,-7111,1049,-8192
-7924,-3834,-4126,-14317,0,-5104,-4035,-4313,-3599,-9172,1433,-4176
-7728,-5658,-2924,-13145,4,-1904,-8025,-6029,-3229,-13306,12,-2048
-8762,-5754,-14,-24573,423,5124,-2781,-5925,1921,-19876,13102,5746
-1240,-4850,6076,-32766,4099,6277,-2241,-2063,6059,-25701,23244,6262
-10040,-1494,-6320,-22911,2944,6464,-7543,-7383,-5371,-23174,20676,7222
-8374,-5114,10168,-16384,2310,4364,-3969,-4723,11123,-11061,16327,4018
-9976,-1774,5944,-7167,1121,65,-6373,-1693,8083,-6485,17608,4661
-4860,-5688,2886,-4846,5652,1030,-5201,-3135,3245,-5044,5016,1522
-3900,-3766,312,-7032,5280,4466,-4339,-4165,3619,-4917,-325,4791
-7606,-5730,-34,-480,1025,516,-7839,-6155,-153,-670,900,275
-6450,-3152,1212,153,274,1165,-2549,-3559,-357,1834,4207,1132
-1468,-2806,-182,2065,0,1632,91,-3305,-2119,3074,-358,2091
-1816,-3826,-1092,516,4357,4294,-2101,-4095,-1049,160,4112,4616
-1852,-3434,-3464,1088,3298,4466,3007,-2473,-1699,5571,-9504,5683
6340,-890,-1480,7699,3200,5213,6179,-997,-1329,7917,-12409,6000
6340,-248,-4222,536,4097,6164,6093,4147,-6507,3016,-11867,5747
7174,14,-4248,8192,5204,128,7123,2059,-3723,8485,-2128,2338
6700,-1750,-3656,192,4532,1296,6177,-975,-3503,3855,-1081,-148
-572,-1506,-8392,-8189,1538,0,2927,727,-7023,-4583,2130,-5192
-1852,-4858,-4096,-12032,2176,-5056,-1811,-2625,-3705,-11229,2865,-4558
-7852,-5302,-1598,-20287,1058,-1275,-4205,-3327,17,-17963,3633,-940
-9690,-1728,3916,-24013,24,4,-5219,-1733,5301,-22135,10110,1791
-9788,-4618,6972,138,195,8,-3775,-4837,7791,-23951,15685,1341
-9900,-4398,736,1058,2048,4752,-8079,-10377,11235,-9838,6771,7441
-4860,694,-134,-8191,1287,8946,-2675,-7441,4169,-8185,3711,11295
452,-5814,2368,-5100,1856,11922,339,-4341,6839,-4626,4268,11893
-1820,-4826,834,-10864,80,11281,259,-4685,4937,-189,4583,11516
-1532,-3676,3934,4288,12404,1088,3047,-3067,3859,6715,-704,11363
6360,-1266,824,1280,1252,1610,6621,-735,1635,9581,-7099,10008
7172,-1396,-4040,84,4096,1129,6593,-1549,-3727,1078,5120,1314
9412,10,-3844,536,4500,0,9025,-277,-4253,772,4436,689
8486,-1274,-2552,2361,1116,-1023,9075,563,-2767,6377,1254,-1160
6500,-1464,-6464,304,513,-6048,7511,85,-6823,4096,4767,-6219
484,-1528,-9910,-4085,802,-9216,69,-2069,-9555,-4080,592,-9208
-1810,-5304,-7360,-13261,1616,-10992,-1217,-6087,-7307,-14064,1371,-10232
-10042,-5358,908,-21102,1288,-7808,-10363,-5509,879,-20956,1538,-8088
-9268,-5850,186,-22384,3610,-5720,-9641,-5901,611,-22520,3202,-6107
-10026,394,8512,-11646,3400,450,-10387,3,8323,-10720,3201,643
-7740,-1750,-160,16,262,6272,-7765,-9513,-2221,-21396,9188,7502
-9640,-5754,824,-15802,262,4672,-5465,-5119,7303,-14294,11556,6277
-7984,-5354,1928,-15328,12552,7185,-4207,-4825,2385,-12593,12537,7073
-5836,-5290,2380,-15678,74,7196,-2397,-4179,3089,-11562,9496,7466
-1338,-5368,344,-10240,3072,7720,-1807,-4921,3677,-9779,3526,8237
452,-4090,4504,-12288,16,67,423,-4221,5571,-3358,584,9355
-1440,-5064,4024,148,128,112,2631,-3061,4257,1491,1146,9014
-1852,-1114,1362,1536,521,1073,1283,-3905,-2625,497,-2626,10912
7438,-4408,-1860,9027,4352,2,7507,-85,-1207,9117,-3196,5208
8912,710,-4168,10290,2088,256,8143,-6161,-4119,10281,898,5
6350,436,-4088,665,64,132,5949,125,-4185,1056,324,282
204,278,-4128,1815,672,1027,4291,467,-3253,1580,-5009,-2792
-314,-762,-6026,-8190,2601,520,3481,1107,-4783,-3546,-1548,-5761
1988,-1586,-4232,-7024,3372,13,1723,-1159,-2947,-7136,-4762,-7295
-828,-5882,-1848,-15808,4356,2385,-847,-5355,-509,-11616,-1981,-5731
-8484,264,3908,-15836,5701,2784,-2863,-7145,3923,-14849,6231,-731
-9300,-1718,5528,-23742,6192,2242,-2651,-8073,5983,-19644,15024,6722
-9020,-4186,3992,-13391,4943,1,-6633,-4299,4571,-13084,12802,9424
-5882,-1512,8344,-15788,266,520,-4019,-1225,8785,-12653,8590,5421
-8628,-4838,352,-11762,710,8,-4757,-2975,8367,-10073,8698,7680
-1684,-5230,856,-12280,4768,8960,-1937,-2151,4973,-9860,6743,8974
-700,-3190,1856,-7040,4,8328,-303,-2565,3117,-6454,4839,8503
1780,-2666,608,-8176,2629,8352,1399,-3093,421,-7680,2573,8336
2334,-2810,1032,322,1610,4399,1985,-3093,1077,512,1604,4112
-564,-4726,80,598,10,4165,-1051,-5135,99,1113,12,4192
-546,-5754,-1736,2080,4224,4674,3277,-2883,-461,6519,-4354,5702
7992,-4820,-2056,2048,1030,6146,7007,-6035,355,2098,1044,5192
6680,2344,-2184,1377,273,3202,165,2035,-2039,5556,428,3058
6340,774,-2188,2118,5160,1158,6319,1457,-1867,6418,-606,1113
1236,-1624,-3760,4,32,-3037,853,-1941,-3485,84,913,-3548
1252,-1456,-6336,-12155,3392,8,-163,-1805,-4249,-16126,3587,28
-1714,-5314,456,-14556,515,257,-2045,-5143,1019,-14608,6201,-4635
-1404,-4600,420,-16030,576,385,-2001,-3071,941,-15069,11044,-2523
-7996,-5736,6008,-14336,12,4,-3177,-2843,5913,-13802,13692,2414
-7706,-1706,8008,-20443,2064,288,-3331,-2221,8143,-16255,18333,4678
-8700,-2490,4218,-16231,5248,7168,-4217,-2353,4797,-11920,12968,7155
-7932,-4002,2938,-11223,1044,4881,-2773,-4109,3635,-10811,9441,4583
-1852,-5812,-200,-8056,2176,4116,-1783,-4097,3645,-7951,6600,5605
-1820,-5882,-194,-7132,0,7169,-1789,-4659,1617,-6365,2768,7534
-1320,-2938,956,-2416,-1360,6914,1513,-3183,1321,-1982,-1255,6897
2372,-2288,314,545,2604,716,3107,-2323,1355,2171,-5573,7161
6698,-5558,-192,6178,1602,416,7181,643,1241,7457,-10801,6467
8584,-5366,-4246,7184,8209,2498,7951,2823,-2263,7273,-4650,2139
7364,-1786,-2246,2564,2056,-1903,7467,1867,-899,7081,-5727,-1419
6476,266,-2240,4420,3093,-3456,6017,779,-2139,4100,3360,-3578
-1082,-1522,-2232,-4832,4132,-5094,3493,-315,-957,-664,-136,-4768
468,-760,-3904,-8183,1090,-7872,1469,-1149,-1883,-5363,1783,-7396
324,-5810,56,-8080,2339,-7095,-199,-4149,709,-7530,-724,-6739
388,-4662,-2248,-8189,1584,128,1119,-2835,-719,-6368,-4542,-4118
-7980,544,4410,-12219,536,386,-3533,-7695,6501,-12291,3859,1955
-1594,-5354,4920,-20414,1072,160,-1847,-3761,5063,-20459,21931,5948
-9012,-1198,10164,-19584,2,9218,-3115,-1079,11057,-16399,20755,9534
-9364,-3322,6008,-18224,1154,8756,-5435,-3753,6585,-16060,12827,8737
-442,-1770,8288,512,128,8704,-459,-1753,8017,-8311,6988,8678
774,-4842,360,2841,4722,6084,433,-2333,4629,-3822,4408,8153
2246,-1972,2020,-2048,2136,6148,1977,-2221,2389,-795,2111,7237
2388,-5622,-4,1760,2,5120,3079,-2167,-171,2228,5,5511
2262,-1700,-192,7204,7685,4616,4059,-1745,-2127,7350,-9150,4771
1236,-1754,224,7200,6145,3312,4061,-1553,-1115,5602,-10847,4706
284,-468,-4258,9220,2,21,5139,1671,-2097,11217,-6120,2159
580,-1534,-2078,3140,4106,264,5343,199,-2047,7487,-3184,316
196,-1690,-7992,2,260,98,-179,-2029,-7741,8,258,8
-1592,-734,-5056,-5824,2882,-3958,-2099,-965,-4733,-6126,2952,-3904
420,-3742,-1576,-14336,4108,-3696,885,-2987,-1211,-9245,-1967,-3722
-1656,-4550,2360,-13280,3096,-3675,-1701,-2177,3791,-13686,8174,-3412
-1844,-1446,3960,-16352,2094,0,-2299,-1817,5609,-15958,15899,-28
-1340,-618,-196,-23903,512,100,2813,1899,5691,-24664,26902,2416
-8762,-1718,-168,-23030,4173,7168,-9353,-8487,-1705,-21293,18973,7386
-7768,-4856,3928,-13292,528,5056,-3017,-4861,4493,-8378,8901,6126
-1660,-3796,2442,-7603,4822,68,-1675,-2463,3639,-6444,4762,6066
-1852,-4818,2362,-6016,5137,288,-2179,-5009,2409,-5632,4225,332
-1400,-3700,-184,-2489,1536,608,-609,-2791,1875,-2033,-2163,7077
212,-3322,376,2106,432,6740,1949,-3461,453,6893,-7764,6953
6760,-1236,846,5632,2052,6280,7297,-1171,-2589,13586,-21131,7340
6444,-5624,-1208,6858,6145,6502,8887,2959,-1685,6591,-7636,5590
8428,-5526,-2968,7554,289,1024,8555,2237,-2493,7680,-7451,610
6656,-758,-3390,2048,264,-2048,6651,891,-3403,6300,-3235,-2130
1788,-1518,-6344,1048,40,-5106,5221,317,-5279,1017,381,-5013
2326,-1208,-6176,-4279,552,-8136,-3,-1517,-7981,-4544,76,-8170
-1512,-1782,-3772,-11240,33,-7924,1605,-2091,-3389,-8959,-1657,-6875
-1724,-3834,344,-12280,32,80,-1173,-3543,1127,-12109,1723,-8583
-9764,-5480,4490,-16109,77,736,-2851,-3211,4571,-14577,10837,-6122
-3068,-5622,4416,-24495,3329,24,-3039,-5551,4671,-16811,11663,243
-9784,-4984,8226,-22269,2816,28,-3867,-4955,8343,-17946,11195,3823
-668,-5814,5962,-20312,2266,6404,-853,-2973,7481,-19331,15261,6679
-7482,24,3972,-24401,2056,8470,-3715,-6361,5351,-23175,19041,8815
-7994,-3770,3904,-16170,1028,77,-2765,-4019,4673,-14834,13226,8431
-10044,-3834,1358,-13811,1504,48,-4389,-3773,3301,-9296,9250,7333
-1332,-5804,128,-7880,170,6658,-1371,-3345,2757,-5749,2809,6627
298,-5626,60,-3510,3121,5665,371,-3731,1075,-1939,-1193,6209
1676,-3762,184,576,776,5250,1951,-3183,1281,901,-2442,5255
2500,-3610,1252,81,1153,4368,3259,-2379,1073,4467,-2985,4516
-36,-1754,-1216,8464,6016,4115,3917,-1309,-1145,10687,-10827,4668
9174,-5876,-2248,8987,5888,5040,7985,5657,-1969,6641,-8738,4709
-1044,1670,-2760,8208,3850,-158,4809,1383,-477,8604,-12310,-156
196,-1718,74,4390,2096,800,4399,-203,-75,7565,-10351,949
-1200,262,-4190,4160,1409,200,3493,1753,-3147,4875,-10194,99
1270,-1608,-6774,-7000,1553,-2478,1445,773,-4193,-2965,-2365,-2645
354,-1776,-4256,-15552,177,-3836,443,-1285,-4143,-11978,1376,-3185
-1660,-5338,-180,-21456,515,-1982,701,-2813,1345,-17415,5216,-1822
-1840,-1718,4978,-24064,618,3592,-3413,-5057,5495,-23599,11723,3761
-1492,-1784,7992,-24416,1036,5192,-1325,-8157,7731,-21105,17408,6145
-1832,18,8068,-13104,2560,9248,-1853,-5843,8913,-12602,15427,9426
-1562,-1658,6712,-14336,288,8576,-1319,-1099,6717,-14172,17300,8580
-1320,-5742,5968,-11264,97,8200,-1547,-2959,6463,-10080,5952,8536
-572,-5586,4410,-12160,561,6944,-373,-3645,4321,-8121,4873,7254
-1584,-5750,-72,-7932,265,9601,-1987,-6097,139,-8192,4,9604
-1836,-3828,1404,-6601,256,336,-2243,-4099,1197,-6080,901,526
-1678,-1626,56,312,128,626,2297,-1809,2107,1431,6884,11018
824,776,432,432,3158,256,7595,-5073,1331,4057,5209,10967
70,-5866,-4292,4482,10176,90,6109,-6045,-3989,6280,9483,10
8388,-5426,-4232,8744,352,544,8063,-6165,-4201,8228,6914,0
8900,-1378,-200,8256,6304,-2048,8519,-2069,53,8260,6408,-2000
-1536,-1514,-4276,268,24,-6143,-1969,-1537,-4205,2587,148,-5406
868,-1754,-3206,-8188,48,-6123,361,-2027,-3101,-7738,1315,-6054
-1332,-5370,-2984,-16384,336,-4087,-1975,-3635,-625,-14298,10033,-3835
-9318,-5880,1896,-20468,130,-940,-9665,-5939,2159,-22000,848,-723
-9468,-1770,4184,-24157,2114,2080,-2547,-1379,3987,-19804,14906,2948
-9964,-1636,5080,-24494,3,6672,-6279,-7753,6919,-23129,17031,7216
-1844,-5864,8476,-16100,937,10912,-827,-3611,8795,-12826,17679,10972
-1752,-1744,1848,-12184,136,272,-849,-1955,3317,-8645,13953,9525
710,-1688,2104,-6524,1074,776,61,-1589,2215,-6368,512,514
-1330,-1720,-64,37,2785,5200,-1371,-1851,1981,-2425,2375,5522
-1848,-1754,-196,-1504,280,137,1395,-755,807,-1236,-1088,6911
1604,-1770,840,2085,1026,256,1153,-3477,581,2180,1120,385
7760,-1702,556,8194,4106,8,8829,139,421,8856,5793,130
7892,-5880,-104,64,259,3665,7233,-1,-153,33,128,3331
7156,282,-3270,8192,2057,1286,5991,255,-3319,8212,1668,1080
6500,18,-3554,1072,512,-2298,5965,-439,-3337,131,521,-2548
-1494,-4440,378,4666,128,-3997,-2223,-1821,-141,4928,166,-3948
2308,-1258,-4072,-2030,3076,-5975,1855,-2053,-3741,-1663,98,-5883
-492,-2806,-184,-12019,590,-5632,-955,-3091,99,-12016,770,-4082
-1060,-1658,824,-16080,217,-1493,-257,-943,3053,-13358,5581,-1288
-1338,-664,840,-20479,576,-2040,2261,-691,2621,-20427,19725,-1116
-1770,-4834,4664,-20479,8,1280,-1759,-2935,5377,-18191,17413,1569
216,-1786,-12,-24063,4,1032,-187,-2021,451,-24568,5,1050
-8508,-5866,-56,-19278,1024,345,-9015,-6031,1895,-20480,1108,18
-6972,-4346,3420,-14202,4136,1088,-3169,-4679,2055,-13533,15310,7277
-9648,-5106,1928,-15488,544,1816,-2869,-4117,3195,-9116,8610,7980
-10036,-3574,826,-6128,2916,1024,-2925,-2949,1573,-4213,3677,5219
-7672,-2168,-38,-2021,1825,160,-2211,-2305,1547,-1343,3579,2265
-1852,-1714,204,1552,-1768,0,-2051,-1939,-81,1296,-1764,20
-1716,342,-188,2193,4352,40,113,85,-289,4035,-4035,1375
250,-1258,-1152,1024,6148,596,-195,-1403,-1051,1105,6940,522
772,-4842,-3460,8694,4232,1280,551,-5077,-2195,9603,-11862,1561
-626,-888,-4260,4324,320,538,3645,-1325,-3969,6817,-11541,2821
-1458,-1694,-2470,10272,161,6248,2941,-1065,-2503,10364,-15415,6170
6916,302,-200,8256,65,5219,6513,509,-413,8194,1024,5125
6344,-1274,-4294,9195,64,3072,-439,-1549,-2333,8968,328,3147
-636,-5134,-8056,512,5128,-1792,5549,2767,-5655,1129,36,-1830
-684,-3320,-6152,-4894,98,-3504,3217,955,-4301,-4199,14,-3580
-1262,-5754,-2558,-11236,105,-2688,445,-1949,-2207,-8877,-501,-2581
-7988,-5242,-198,-16254,584,6,-2743,-3249,1475,-13888,5946,223
-1608,-984,-1608,-19132,14136,72,2411,987,-1433,-19792,15089,3278
-9020,-1654,5960,-27624,386,8340,-2875,-1889,7009,-24897,25512,8517
-1570,-1718,5976,-25599,34,6790,-679,-1541,7301,-24692,23502,7901
-1850,-5158,5448,1030,374,7459,-1757,-3455,6091,-14240,9504,8127
454,-5874,824,2208,6912,128,715,-4359,5469,-8517,6544,7416
1798,-3762,2888,-3632,1043,6576,-2233,-4101,2155,-4021,2092,6564
-1676,-3802,1884,514,576,524,2905,-3827,2019,5294,-7903,6807
1988,-250,408,8449,3656,13,5935,-101,861,13196,-12728,4217
6620,-5718,-1644,397,1096,517,7291,1977,-293,7661,-6271,-1199
216,264,-2204,719,5248,68,4519,1827,-1733,5097,-3083,-1988
-818,-628,-2036,82,380,404,4907,1887,-433,6662,-5609,-3578
-764,-1782,-2166,1,3340,-5607,3281,-1111,-703,4559,-4460,-5886
-1180,-1194,-198,-5884,1552,-9080,651,-605,-1437,-1659,-2422,-8985
-7196,-5682,2890,-7086,1152,-7545,-7795,-5909,3467,-6910,1026,-8016
-7396,-1430,5436,-13824,3116,-2039,-2559,-1553,5699,-9923,8215,-1085
326,-760,322,-22504,70,864,845,-849,-923,-18697,12325,1171
-7474,-5626,4280,-21401,3208,3588,-2651,-4593,6267,-20251,16378,3578
-1548,-5822,1848,-22892,2816,522,-2091,-4787,3029,-18710,19320,6285
-9016,-5048,56,-15838,264,40,-2873,-4159,5145,-13393,16451,8356
-1654,-5238,3900,-12244,2082,7749,-513,-2021,3893,-9980,10294,7938
-508,-1658,3976,-8159,38,36,-913,-1807,4057,-6681,5495,7527
-1320,-5226,828,-7928,2188,34,-1627,-2547,957,-6182,3365,7328
-908,-1770,2398,-2559,16,128,925,-1461,2351,-2020,-110,5506
-680,-1274,968,1568,392,4416,3839,-1315,1177,1806,-3878,4339
2244,-5746,-168,3656,2052,448,5009,-3521,2273,7902,-8002,2495
2392,-696,58,2248,4197,388,5965,1281,-1515,6873,-2384,1714
6420,-5880,-2248,516,67,22,6241,2095,-1879,4514,201,15
220,-722,-4292,4096,305,-1724,5073,1641,-3443,4062,240,-1587
-1828,548,-3268,2120,1617,-3008,-467,-19,-2773,2178,1027,-2925
-764,280,-2152,3072,1248,-3567,3007,-233,-1585,3829,-6585,-3134
1670,-1462,-1992,192,2564,-6108,1101,-1557,-2133,172,2464,-5357
-444,-4474,960,-7680,4168,-4992,-1079,-5125,355,-7646,4613,-4982
-1596,-5874,5712,-7656,4096,9,-1641,-3855,6167,-5445,-8702,307
-814,-3066,6584,-5372,288,33,5531,897,7727,-5243,3201,1807
-1334,-5858,3640,-14427,774,146,1317,-3713,4459,-14970,14198,6890
468,-1754,4088,-19804,104,0,4247,-2125,3971,-18191,18241,6304
326,-1146,5060,-24428,3171,128,1005,-1019,4933,-23252,28138,7309
-8764,-5370,-192,-20472,2116,10128,-9379,-6129,-93,-16384,1216,10112
-1596,-1786,4056,-8184,51,128,355,-785,4141,-5676,10362,5914
580,-664,1896,-6128,268,262,753,-737,2029,-6088,5354,3422
714,-1752,60,-7136,4230,3332,513,-1491,1509,-6561,4596,3458
372,-3706,1858,3,8,3077,797,-2661,1969,-2785,2084,3064
-1846,-3310,76,7,738,1,669,-2235,337,1546,1047,3134
-764,-1578,-166,5184,2176,2177,-1601,-1749,523,4100,1552,2562
1364,1302,252,8194,512,1114,957,1325,165,8192,1025,1128
-956,554,-190,8754,4097,2,3041,981,173,9222,-10148,1374
468,-198,-3000,1349,4394,-888,221,-523,-2557,1248,4192,-992
246,-502,-2248,4176,65,-3261,-1695,-981,-3483,258,50,-3328
-1170,-506,-2792,0,8,-2814,2471,-295,-2863,122,-3653,-2760
-1850,-1786,-4418,-4086,3304,-3454,2159,-1737,-4497,-2075,-911,-3289
-1818,-3290,-5832,-4080,516,-3805,-2209,-3569,-6283,-7264,273,-4076
-1692,-5496,-6048,-14304,203,6,1809,-4785,-4753,-10929,-5870,-3796
-76,-1268,2192,-18414,3392,0,-489,-6293,2435,-17243,98,-202
-8892,-1754,5432,-19456,4113,2672,-9379,-2051,5987,-19439,4624,3076
-780,-5240,5052,-22968,3076,3402,-2227,-5973,5027,-22910,3337,3137
-8356,-5838,7736,-13240,356,1,-4347,-5415,8103,-13218,9713,5459
-7996,-5866,1118,-14272,131,5217,-4169,-5395,7799,-13978,10294,5996
-8248,-3834,1522,-15351,3081,7169,-4159,-3907,5885,-12451,7898,7490
-7210,-5614,824,-13176,2056,163,-3569,-5943,1683,-12967,6204,7490
-814,-5818,312,-15350,4,99,-727,-5249,2757,-8167,2654,8342
-1320,-4778,2378,-7540,4164,7984,-619,-5027,2465,-4910,4322,8177
516,-4026,2360,-8167,2352,8441,461,-4113,2955,-3171,3500,9222
-726,-3314,1856,-8032,1160,9728,913,-3529,2317,-3089,3430,9949
198,-5878,1084,918,1096,10625,1257,-3849,1633,1423,-3427,10614
1228,-1258,1848,8200,17,9248,833,-1907,2061,8960,0,8866
8774,-504,412,8864,178,7250,8597,6961,1223,7610,-7440,5942
7366,-5616,76,1282,4128,1569,6773,2641,419,5532,-3004,1829
6412,-3066,408,2112,4096,9,6685,677,553,6725,-3256,677
6340,-698,-968,1347,1329,256,7369,-853,-539,5257,-2484,-3051
898,-622,-4296,-7880,3,-8163,5537,-987,-4263,-5597,5784,-8173
-1708,-5858,-4272,-20990,1027,-9206,1785,-3351,-4407,-17679,10517,-8317
-1284,-4858,-3136,-24566,2144,-6016,-2153,-5635,-2791,-20304,10640,-5750
-7978,-4984,5964,-14591,3072,263,-6529,-4915,7395,-14273,11791,-1225
-9786,-618,130,-10103,13,-1024,-3293,2021,5003,-10262,17650,-887
-7948,-3834,-136,-10999,38,97,-7175,-3669,2129,-10991,7366,8286
-1658,-3240,456,-16367,129,176,-1687,-2497,3297,-14856,9377,6301
-1820,-5870,6,-7998,4620,292,-1029,-4597,955,-7110,7385,7312
2316,270,-120,-12248,4096,8448,6073,-9513,1299,-2962,5303,12150
-1852,-4858,64,532,10284,10357,2429,-2219,435,2445,-1229,10209
6376,-144,-196,4108,12297,8289,6401,-343,453,4568,-1783,8610
-4964,-5880,328,515,9808,6720,5123,1619,381,3746,-2344,6756
7364,286,-1220,2192,0,1088,7269,151,-757,2384,49,129
6362,-4820,-4012,16,8,-1791,7179,3145,-1135,8126,-12885,-1921
6988,-1512,120,265,1537,-3882,6533,1021,253,5206,-12196,-3175
-316,-1750,-3216,-7419,4104,-7038,3245,-787,-1525,-2375,-8113,-6871
-1204,-2770,-200,-16380,16,-7611,445,-3703,2213,-12808,917,-6202
-1700,-3696,4184,-24432,137,-1704,-1637,-3341,4059,-25707,22700,-446
-1786,-5274,696,-27588,578,640,-2295,-5851,987,-24237,26386,2122
-9884,-5240,4108,-11648,20,257,-3599,-2169,4725,-10259,12347,223
-10036,-1780,4034,-16243,1540,4,-317,881,4425,-13233,11872,-824
-9714,-5882,-2758,2148,8578,1058,-6147,-3677,-167,-14384,10693,3836
-9274,-5872,1080,2412,1608,548,-4157,-5601,2115,-8934,5857,4717
-7354,-5746,-184,-5237,6200,736,-2331,-4049,2631,-4945,7029,4927
-1256,-3510,-120,-4838,2625,432,-489,-2637,407,-4043,3224,4862
-1786,-4838,-246,-5744,2088,216,1971,-2857,-117,-1508,-5681,6851
2372,-5866,-1992,2120,4098,8802,2341,-3831,-2111,4301,-12512,8964
7908,-1256,-184,8272,2576,4643,7303,-41,1301,9997,-13095,5700
6866,-4090,-200,2128,130,2216,6361,2047,731,8126,-7437,2711
6376,-1754,344,10285,5120,2096,5927,1089,613,11809,-11060,2465
6852,-1144,-3240,8324,4168,130,6077,-1045,-3131,8192,2753,2
454,-5624,-6280,-3792,67,0,5691,2099,-5663,-1188,-3374,-3623
-1834,-1210,-4296,-16160,4,432,-2175,-2069,-3229,-16352,66,0
-7924,-5306,920,-23536,520,-4023,-2857,-3447,1731,-17125,10475,-3288
-1852,-5578,3930,-24525,3620,2752,-1859,-4281,4053,-20563,21222,3203
208,-1530,92,-24558,32,5376,913,-1517,-19,-23580,27818,5438
-1720,-5350,-6342,-31212,2566,25,-2993,-8545,2453,-22618,16524,4325
-1836,-4280,6272,-24492,1356,4289,-687,-4513,6523,-17672,14267,4588
-1844,-3450,5212,-16379,50,5747,-1847,-3855,5155,-11835,12494,5633
-1780,-5816,-200,-11996,2624,0,-1909,-3055,2765,-9743,11165,6495
-7356,-5368,-200,-7391,1068,53,-2597,-3093,1373,-2152,9457,3016
-7324,-4842,92,-7928,5154,320,-3443,-3115,-987,-3398,4849,3549
-6396,-4792,448,-6112,4616,1,-2521,-3021,-1327,-4426,-436,5992
12,-4340,-216,-12352,6800,578,-205,-2637,139,-4139,-1020,6895
196,-4842,888,-9467,448,769,865,-2879,1065,-945,363,6868
-1844,-494,1404,146,6147,27,2751,-605,1587,4669,-2506,5370
-1832,-5354,314,9328,5,5888,3967,1481,475,10628,-12816,5654
8558,1542,-56,12423,826,4218,8133,1259,-27,11200,1056,5
8400,310,-1910,9952,4717,-1456,8263,-19,-2105,10240,4416,-1920
200,-634,-7880,-3968,2244,-7536,5147,1363,-5669,-2467,-3192,-7476
-822,-4342,-2248,-11622,384,-8848,743,-4457,-1499,-9416,274,-8156
-8228,-5870,2256,-16123,323,-3679,-2273,-5465,2597,-14434,5201,-3144
-1796,-4920,4224,-15096,1027,93,-2135,-3303,3923,-13024,7357,-1594
460,-1706,2520,-23129,1060,157,261,-2991,5909,-21779,14596,230
-1580,-3306,3168,-22487,1185,77,-1551,-3751,3313,-20544,17776,1856
-9882,-5606,1098,-18944,2306,37,-5139,-4167,999,-18517,14336,2444
-6844,-4920,832,-15996,254,5120,-6971,-5141,1539,-16244,208,5120
-5428,-1786,1848,-16380,352,548,-2371,-2043,2557,-14071,8351,6449
-5936,-3834,-184,-16368,4884,36,-2409,-2687,-141,-12945,4398,9451
-6716,-5858,-64,-15360,7813,11296,-2609,-3703,1275,-6619,-326,11514
236,-5282,2192,-10037,8196,14336,113,-4693,2519,-602,-4207,14869
-2874,-1002,1402,1153,5321,12416,5153,-897,1223,8089,-2658,12171
-2820,-5866,-38,10504,1280,6150,5837,2155,-91,10680,-6690,6975
6868,-5498,-198,8257,5184,640,6525,-6079,-145,8284,5196,513
6516,-1786,880,2307,1092,-1693,5969,-1997,423,2050,958,50
232,-1780,-3224,1488,2162,781,-67,-2065,-3221,1628,33,780
-760,-1014,-3272,2332,4096,-6904,3569,-97,-2385,2015,-10099,-6465
-1772,-2282,-1734,-6144,261,-7130,381,-2711,-145,-4920,-7293,-6424
-1784,-5298,3928,-12139,1282,-2800,-2177,-5611,4355,-12255,1962,-3024
1124,-1530,1886,-11376,528,-1526,1737,215,1577,-8665,9244,-1469
-1844,-3770,-1978,-20987,2242,176,2319,-2817,-1795,-21132,16375,-359
-178,-5690,1848,-24416,2184,148,-707,-6021,1915,-24061,2370,87
-820,-3706,-1862,-22976,40,576,-1287,-2417,-1373,-18736,21652,1757
-6972,-3490,-136,-15860,130,132,-3167,-2209,-1175,-15773,17708,647
-9516,-1752,-148,-24026,4112,2244,-5987,-1673,-3835,-16408,13402,2501
-9532,-4842,-3238,-16338,4192,4198,-5227,-1831,-1897,-10658,4121,4109
-6444,-5814,-2168,-11952,2284,8007,-2485,-2825,-2189,-10906,2120,8139
-1844,-2440,1100,-16349,37,7268,-677,-2719,1269,-6840,405,7593
-7930,-5602,824,1056,8218,6468,537,-4823,971,2185,-4584,6523
-1848,262,828,15376,8,8192,4211,2069,557,14928,-21090,7667
6388,-1074,1868,8996,2096,2308,6213,-1501,2073,8197,2306,2472
7004,-1258,-184,4227,2825,-768,6469,-1593,759,4269,2321,-766
1252,262,-8,3777,3266,-2784,461,187,-157,3650,3394,-2732
-1200,-1268,-2240,521,179,-3968,4563,415,-613,1148,-6929,-2978
-5434,-5232,-2612,-4096,19,-4702,2421,-343,-329,-4170,-2887,-4157
-1340,-1354,-1864,-11264,1220,-4090,2763,-165,-235,-11633,6137,-4055
196,-5562,1976,-20424,711,224,4413,-2155,2109,-18560,15816,-3937
-1596,-690,3960,-20064,688,1032,3001,27,3535,-17848,22043,-4299
-1268,-4762,-4040,-30967,16,579,-8763,-4757,-3709,-30523,0,560
-8748,-5370,-2184,-15104,136,258,-6669,-2983,-1745,-14309,15657,4693
-6108,-5848,-2464,-14080,722,1546,-6253,-3569,-2297,-12768,9489,2070
-1852,-1786,-166,-12092,6152,1099,-1983,-1811,893,-12284,6224,1028
-828,-1178,1932,-14958,1056,802,-1175,-1253,-767,-10114,5703,4753
-1844,-1634,-168,-7958,2176,0,-837,-1345,-1745,-5717,1829,3432
836,-592,-2102,-8192,128,13,755,-445,-1975,-3766,499,3017
196,-1450,-1730,-12288,4,0,-353,-1295,-1141,-3885,-206,5266
-1816,-2786,-1700,3089,768,5176,-2235,-6137,-2193,4292,308,4118
-1724,-1754,732,10433,128,6304,-2171,-2045,1899,11296,12,6304
1232,-1274,66,12305,5,5120,5351,-311,777,12410,-17520,5597
6416,278,8,1120,3585,64,6729,299,109,1026,4097,584
234,774,144,-5624,4166,-3455,4625,855,157,-1812,-1242,-3299
-1848,-1496,-64,-8190,283,-6112,2707,351,-125,-3866,100,-5623
-1814,-5874,-190,-8123,3717,-5090,939,-1145,-31,-7192,-159,-4793
350,-5606,824,-15869,16,-2920,937,-3089,805,-14134,4599,-2874
508,-4278,4426,-24032,1026,-2528,2133,-2283,4495,-21911,16138,-2579
-1660,-134,-3768,-31451,2070,102,1377,-6895,-4771,-26597,19670,-1883
-7980,82,382,-20066,836,48,-6629,-7893,2379,-16862,12807,1839
-7994,-3870,1912,-20392,37,1,-3745,-4235,2359,-17804,17347,5006
-9020,-3746,-68,-15855,200,1584,-4947,-4017,-91,-14574,12442,5749
-10020,-5750,844,-12100,4744,296,-6201,-3707,-497,-9471,4212,5503
-7842,-3706,832,-7907,64,680,-3711,-3833,-723,-7651,903,4747
-1836,-2810,828,-7060,209,2,-2105,-2279,721,-4610,1475,4309
-1596,-3704,-168,-11300,6144,128,-1865,-2747,-1063,-2883,-909,4773
-1818,-5812,-3200,130,768,1394,-2293,-3797,1167,5701,-7773,5466
-1788,-5792,-1094,6212,3840,304,2145,-2447,-959,14230,-20768,6494
332,-1766,88,8806,705,3208,2683,-3231,569,9410,-15889,5573
-96,-3818,-2240,10250,2500,2317,4469,-305,-1665,9892,-8498,2206
540,-1530,-1704,3,4804,-2032,4013,-1645,-1787,4937,-8562,-1159
-1850,-758,-1960,-8104,88,-3072,2079,-945,-1897,-3370,-5959,-2353
762,-1546,2048,-8184,4096,-1980,721,-1933,2393,-8538,-641,-1708
340,-1546,4920,-12524,2048,-1016,751,-1017,5795,-12704,11166,-856
7252,-954,1852,-30656,32,-2536,6871,-705,2503,-27343,26219,-2352
-828,-4602,-2240,-20416,142,1,-1391,-2467,-3075,-20596,25925,1787
-9956,-3806,-1672,-16299,32,538,-9827,-3923,-3733,-16304,150,574
-7996,-494,-6088,-16293,32,109,-2617,-899,-5699,-14722,12738,2397
-9980,-1774,-2754,-12928,4544,2054,-3359,-2031,-2505,-12201,6073,-402
-9012,-3762,260,-16328,536,553,-9403,-4113,-157,-16303,226,641
-7996,-4266,56,-12272,64,449,-4127,-4559,-881,-11988,516,4212
-6580,-3736,352,-13170,146,5640,-2915,-4043,613,-8228,258,5854
-5756,-5704,440,2294,2990,6496,-1921,-3491,465,3690,-6068,6454
332,-4728,638,545,3548,4865,337,-2057,-347,9461,-13449,5910
-4402,-1706,-56,8224,9217,4098,3607,-53,915,12177,-19437,4913
-5306,-1208,-128,10504,516,2082,-6075,-2035,869,11145,1058,2052
2328,-3754,-176,8708,132,256,1869,-4117,-29,8192,44,160
2284,-3766,-200,4112,2058,-1504,4779,-2337,-95,4806,-10062,-1601
-1520,-1178,-2184,-7359,3072,-4384,3587,-1209,-989,-2590,-4338,-4177
-252,-1178,1338,-5556,5400,-4076,1225,-65,2271,-4471,53,-3569
-1724,-3438,728,-8126,136,-2303,859,613,2901,-8248,6214,-2050
756,-1526,-2856,-23487,592,582,3741,-2721,-2741,-21919,15437,-2052
-764,-4602,5016,-15800,2049,266,-101,-3741,5305,-15616,11518,2417
204,-1782,1882,-21846,1555,4,423,-2183,2123,-17585,18346,1484
-1724,-1670,56,-16278,64,1062,-2059,-1871,1471,-15701,18650,3937
-9720,-4858,-1732,-15596,3281,2,-4095,-3147,-1185,-13435,11792,4308
-9388,-3220,2152,-16320,5252,6912,-5559,-3715,-777,-14455,8095,7102
-5716,-3770,896,-10764,771,257,-4065,-3035,1233,-10118,5705,7246
-1852,-3526,148,-7103,4610,264,-1307,-2807,995,-6364,4813,6351
228,-4282,-98,-10480,6186,3,113,-2095,281,-1793,-1224,7426
6724,-1530,1848,3619,6240,11266,5131,-1287,637,10574,-10043,11902
-2858,-762,-200,11264,4433,6336,-3139,-885,-125,12356,4452,64
1508,-426,200,9236,-12480,512,5275,1345,749,9240,-12049,359
3270,-312,1150,5140,7,-1688,2951,-517,903,5124,284,-1528
484,-762,-1992,1025,529,33,4561,-1159,-561,2985,-7603,-1769
-792,470,-1732,-6062,810,-3584,3635,223,-1781,-527,-6131,-3517
-1640,-1554,-2236,-5440,264,-5312,-2129,-1549,-3483,-4434,-5472,-4282
-1334,-4858,-200,-10815,1234,-2252,553,-919,197,-8865,-533,-1991
-1852,-4346,3006,-11732,641,641,-1155,-2419,3281,-8270,1902,825
712,-1754,1904,-14336,3122,1675,4441,-117,2127,-14969,12395,1607
-1340,-862,1400,-20936,577,2056,2367,-1151,3579,-20817,21673,2481
196,-1630,170,-24528,336,272,657,-1655,531,-23383,26082,2887
-1244,-5850,-198,-20480,2144,1216,-1603,-2839,-51,-19151,22861,1774
-9980,-5610,-2592,-16126,64,18,-4595,-5313,-2405,-13449,15003,2791
-10036,-758,312,-11232,1089,2178,-6115,-6593,-2137,-10714,7270,2273
-9004,-3834,1640,-11612,14,3328,-4699,-4023,-211,-8267,4921,3599
-9780,-5046,888,-14752,1605,4140,-4833,-3297,-1041,-8481,3408,5340
-7356,-5872,68,-8191,6400,6656,-3211,-3373,-761,-6394,-1122,6705
-1816,-4986,-2210,-11840,1034,8228,-583,-4457,-1019,-3479,-7291,9088
-1560,-4210,252,2850,2560,545,1451,-4423,1889,3703,-13442,11041
10466,-1490,5048,16646,2080,16552,10337,5447,1433,13498,-18143,15804
7510,-5738,1886,8248,4361,6219,11207,2189,1899,13374,-16541,5834
9416,266,824,9392,8,752,9213,829,919,9118,-7479,565
7652,-1722,-1992,1600,272,-5805,7221,1255,-2289,1152,1422,-5717
-1296,-2746,-6310,-8176,4260,-8699,5591,1429,-4359,-6941,7911,-8710
-316,-1706,-3782,-6519,104,4,3245,-1545,-3307,-6239,-162,-8090
-1676,-5542,-1480,-11752,1664,224,1891,-3367,-965,-10909,-1970,-7567
-284,-4842,2364,-15992,193,-4862,-699,-4787,4073,-12483,2551,-4496
582,-1780,3896,-16286,1080,-4096,2269,-709,4193,-16866,12756,-3273
-7580,-5270,3994,-20464,133,-2009,-2591,-5259,3953,-18030,16294,-1631
-1820,-52,-1088,-21976,13346,206,-2727,-6445,-827,-21032,13330,826
-6572,-186,860,-18412,0,580,-7025,-6369,3669,-17218,12441,3779
-7048,-5882,56,-14940,13,526,-6539,-4147,1505,-14856,11474,4755
-7836,-1528,-56,-15872,4641,8457,-3839,-1731,841,-15018,7204,8628
-7468,-4850,850,-16192,1283,10116,-3669,-2539,-439,-12623,3870,10159
-1788,-5882,974,-16079,8,1024,-1899,-3883,1125,-7355,-289,9366
740,-5882,1914,-11615,6545,28,413,-3707,1739,-2008,-1815,9624
-1820,-634,-184,32,4672,12290,2309,57,945,7105,-11755,10711
7252,1222,568,8193,96,5132,6721,841,513,10715,-13407,4621
2784,-1360,-198,514,4243,85,5669,385,451,7826,-11048,797
6340,-730,1214,2176,4112,-1008,5867,-307,1273,6545,-9946,-920
-1748,-1778,-126,2053,35,29,4135,-1167,315,1902,-8165,-3717
-5436,-1272,-3268,-7132,4482,-8160,2373,-289,-1453,-5352,-3352,-7088
-1528,-5676,924,-11636,256,-6128,33,-2277,1597,-8706,600,-5848
-8080,-5114,4536,-11840,1048,-2752,-2341,-4313,4833,-9865,4036,-2372
-796,-1714,4456,-12158,81,81,-205,-1883,4349,-10419,6782,-522
-1466,-5674,2944,-23451,774,2306,2097,-4419,2707,-18536,11097,3122
1384,-5882,832,-30464,1024,4610,885,-4347,471,-26952,17995,5974
-5372,-5592,850,-24256,2178,6465,-6139,-5127,1927,-20084,23667,6229
-7838,-5882,-68,-9920,40,6208,-8173,-4797,1283,-9656,16204,6194
-5880,-3800,-198,-12277,1537,66,-4683,-2867,1045,-9737,3278,4794
-1788,-3738,-200,-10656,34,1024,-1411,-2465,927,-10275,573,7224
454,-4728,632,-15288,1056,2,127,-2233,599,-6849,1074,6367
-1840,-5882,888,-14303,35,264,133,-2691,965,-4164,1849,6103
-1776,-5882,-168,56,6532,5396,765,-3381,-143,446,-898,5844
-6864,-3928,1344,521,352,4096,971,-2061,1631,3164,-3541,4630
-1658,-762,396,4640,1610,4096,2757,-571,267,8075,-11253,4318
978,-730,64,8192,1473,3316,4739,-423,1235,8061,-14781,3396
196,296,58,1049,321,136,3775,1,473,5009,-8292,-554
-1752,-1656,824,840,4380,-3838,4025,323,915,1689,-2454,-3964
-1796,-5362,1400,69,2165,-4608,2579,-1711,1739,347,-5614,-4221
220,-1674,952,-5631,352,4,1123,-1861,1485,-4864,-3469,-3191
-696,-5354,3012,-11008,4,-872,-1403,-3753,4251,-10357,3565,-589
6344,270,-72,-20250,358,804,5881,-19,-109,-18790,12092,929
-7212,-5878,1850,-21464,2314,263,-3379,-4349,2933,-20906,18768,3517
-9916,-5138,-94,-16055,260,1232,-2535,-1343,1837,-16214,19410,3302
-10016,-5862,-158,460,2048,4100,-5675,-3855,747,-13925,14185,4094
-5930,-2230,1400,-14330,9481,154,-4033,-2209,1319,-13106,9303,4146
-5788,-3316,1666,-15327,5216,7,-2647,-2187,-57,-10763,5117,4868
-1276,-3716,-160,-16128,1153,6032,-1301,-2205,-199,-9976,3319,6211
-824,-5850,-840,-8443,802,7432,-997,-4213,-1237,-8193,1349,7818
196,-5882,2008,-7808,8,7328,-69,-3697,2133,-4466,1109,7679
-1772,-5880,2168,-8190,6164,8777,327,-3785,2395,-1141,-869,8967
-1260,-5742,2108,10432,5633,8384,1869,-4575,2079,11399,-11430,9866
2260,-1780,328,16896,2560,7264,5863,745,1417,16908,-22226,7609
6920,80,60,9411,2048,112,6077,47,99,11572,-17644,2009
6422,-1652,-168,1609,1632,160,7413,49,-131,5361,-9824,-1738
-752,-696,-4148,257,1633,-4980,5699,-15,-2949,-96,-6328,-5076
-764,-1190,-2248,-3800,136,-6072,3539,-1405,-2275,-4039,-5338,-6077
-1638,-1498,70,-7616,2336,-5054,2073,-1729,447,-7536,-1509,-4944
-1848,-1594,-150,-13701,658,-4852,2421,-1461,1065,-9563,5392,-4713
-820,-5626,88,-14203,1025,576,-1151,-3685,2475,-9590,9291,-4250
-1340,-3544,476,-23424,2064,1680,-121,-3117,647,-21470,20118,-4373
-9020,-4586,840,-22976,4296,257,-6759,-4671,1395,-20313,23140,-1637
-9900,-1734,120,-20349,2886,-2048,-4057,-1737,-2273,-18698,19082,-1628
-7992,-5114,506,-19901,2082,385,-8557,-5537,-5655,-17087,14282,2936
-9780,-5050,824,-14307,4433,868,-5643,-4953,-4049,-12157,4991,4826
-1084,-5802,-192,-15328,1792,100,-1443,-3587,-1481,-11190,1747,6038
-1580,-4856,-188,-15839,6145,7364,-1335,-4425,-7,-9225,-798,7924
-1592,-4338,-200,-8147,4738,6289,-43,-4209,1787,-3098,-3689,8174
-1284,-3254,88,8225,2560,6144,2679,-3031,1765,10015,-14608,7815
7384,-5368,-168,8529,144,6213,6767,2605,1147,12203,-19841,7262
6990,-1784,-120,8800,514,2240,6981,57,719,8929,-15343,2092
1198,-1622,-3138,1282,212,-494,5909,-737,-189,5246,-10323,-295
244,774,-3014,-4860,2692,72,3875,709,-2619,-1158,-5018,-4004
-1660,-1274,-2560,-7604,4160,-4541,1919,-659,-197,-6459,-785,-4494
-1164,-1778,856,-12287,912,81,557,-2009,941,-9081,3264,-2502
580,-4786,248,-15296,1082,1024,287,-5141,767,-12856,5133,-795
1354,-1402,6232,-16368,2080,72,1777,-1275,6231,-16421,15269,-28
-1842,-2618,2040,-28568,64,64,-2923,-3335,3195,-26091,30916,-430
-7996,-1770,514,-16384,2626,768,-3687,-1111,-165,-15813,23287,-234
-9706,-5880,-80,-19069,2048,16,-7587,-5065,-3669,-16407,13617,2493
-7676,-5370,60,-16320,129,2948,-6881,-5669,-4127,-14713,8166,3158
-8680,-5858,370,-12160,1057,137,-4309,-4589,-1487,-12083,5123,5185
-6426,-5240,-192,-16317,259,134,-2657,-3529,-2051,-11024,2167,5438
-1844,-5242,400,-8192,6277,2,-1501,-3361,-585,-7769,-538,5532
412,-3834,-192,-8151,5250,4101,101,-2389,-2231,-3699,-2768,4124
236,-5784,376,3072,408,6229,1133,-3491,1597,3699,-10799,6306
-1340,-4474,216,8384,4624,6146,2915,-2437,383,11820,-20270,7739
8388,-1018,1024,12520,3072,6148,6695,4615,3195,13744,-17225,5872
6340,-1716,2364,8224,2048,2308,5705,-291,2647,10534,-12453,2342
6864,-1402,-128,4098,36,32,6351,-761,1407,4011,-7327,-237
550,326,-3618,-5616,156,-3503,5135,977,-1353,-1414,-3053,-3671
-1336,-1690,-2240,-8177,4306,-5108,2337,351,-1417,-3952,-3482,-4838
-1788,-1400,-120,-8111,354,37,225,-567,1109,-7923,615,-4449
998,-762,1886,-11936,2,149,835,-597,2053,-12562,9019,-1729
1016,-1782,-132,-24532,616,0,1805,-1199,1611,-21516,21439,-983
324,-5802,-4166,-24559,2592,525,-713,-6315,-2587,-23586,18922,2043
-1304,-3832,1880,-16128,535,4,-431,-3863,3079,-15890,15120,3217
-7548,-4556,-192,-19936,1120,36,-6667,-5125,-307,-18698,17612,5811
-8756,-5354,2106,-15338,1280,4624,-4433,-4203,3149,-15274,11354,4665
-8922,-5754,-136,-13791,1616,5131,-4537,-4921,2241,-13642,5577,5915
-6964,-3722,844,-12286,928,6306,-3069,-3763,2957,-9072,2028,7033
-1840,-3126,-24,-8176,1025,6148,-813,-2175,2017,-5252,1842,6908
774,-4312,1432,-9712,44,6433,519,-2127,1315,-1234,248,6948
1772,-4466,880,3088,2197,6792,1883,-2695,1845,3556,-5215,7155
-1820,-3896,-200,2248,3328,5121,6545,-11177,2425,13462,-10475,9034
6342,-346,-176,130,8265,4360,6289,1513,161,8460,-7182,4051
-572,-118,-1064,403,4096,-1504,3669,1611,-437,5183,-2238,-538
2314,-1746,-1152,1024,68,-1786,4997,339,-575,5053,-5872,-1173
996,-848,-4068,260,450,-3875,4555,-171,-1747,2076,-7374,-3839
-916,-1718,-3716,-7616,2052,-6063,2699,-1057,-1517,-3642,-1273,-6104
294,-4848,-2936,-4096,3100,-6400,-21,-2555,-261,-4067,-493,-6302
-8852,-5850,332,-7928,385,14,-2441,-3047,795,-6043,569,-3678
-6972,-3818,960,-8062,2316,4,-3049,-2883,1431,-7311,2401,-170
-1572,-1274,-184,-22384,2048,326,2181,-1997,693,-23128,15442,1350
-9994,-5736,4440,-22334,2576,353,-3875,-4511,4753,-20723,20199,4153
-8822,-3282,824,-20160,1284,516,-2791,-2591,1079,-16430,17723,3768
-9528,-5370,344,-15819,1024,130,-5611,-3805,-1823,-15993,11103,7174
-7796,-5302,824,-14184,1156,32,-3321,-4261,1113,-13714,5462,7049
-1084,-3634,220,-14128,5158,5704,-1335,-2949,2655,-9560,7105,6396
-1776,-4854,-168,-8128,4869,5,-789,-2855,1613,-5884,5079,6805
-508,-4842,856,-7644,3072,7940,-347,-2549,641,-3066,2782,8021
200,-1530,422,72,8468,6416,1017,-1877,521,3183,-4172,6931
-3818,-1784,-152,261,1112,4288,3717,1169,-577,8659,-10046,5720
-1812,-5322,316,9280,4673,256,5565,3051,499,9148,-10172,1206
2260,-3706,-1854,4588,1280,-2048,4663,97,-399,5451,-6761,-1512
332,-746,-3240,1348,66,136,3995,-1007,-623,3244,-8315,-2545
-534,-616,-2230,-3798,9,-4160,3147,-591,-1453,-2463,-3181,-4316
-1756,-1558,-2184,-6400,1839,-5356,69,-1525,-999,-6853,4690,-5253
-1340,-1578,156,-11644,10249,-5119,-1741,-2147,887,-10369,11542,-4737
-7462,-4298,2004,-12248,11537,130,-3771,-4535,3079,-10977,11517,-1670
356,-1114,-1474,-19453,10275,775,4833,-1261,-1907,-20269,11335,1023
-8874,-1786,-168,-24505,276,282,-4979,-7977,5441,-23594,13859,6262
-1712,-4402,3904,-20090,261,6250,-1641,-4333,4369,-18198,16662,7179
-7850,-5770,64,-11927,14976,1025,-3669,-2511,5577,-11618,15845,5581
-9020,-1204,1848,-10231,1090,3662,-3395,-1235,1729,-9984,12897,3557
-5948,-5274,-72,-12144,2069,515,-3989,-4163,845,-10159,6177,5076
-1452,-1786,888,-6080,1030,80,-91,-1769,3385,-4693,3889,4311
-1850,-1722,-168,-10496,3092,658,2575,-1277,1033,-2076,3055,5800
-1804,-1780,-1224,512,128,674,3187,-1235,-925,1270,-26,4726
2340,-2294,-2998,1092,2048,411,4343,2347,-1873,4499,-5589,4820
212,-1786,-1960,768,3330,2053,5585,509,-1327,9336,-12914,1995
-1530,-1530,-198,10420,91,112,5007,321,-11,10841,-13442,782
-1844,-688,-1204,9216,3130,2,3009,-489,-569,9520,-12874,63
-1084,-1658,-2174,3147,4205,-3948,1779,511,-2603,2741,-10568,-3256
710,-1434,-2984,-7124,80,-2912,427,-1183,-145,-3212,-11812,-2399
-1242,-1786,2874,-15851,5248,-776,-423,-1521,4023,-9749,-1999,-644
-752,-1274,4988,-16381,1409,176,1241,645,4919,-14662,10539,580
6892,-4792,4896,-28489,32,1,6593,2901,4941,-27462,25588,-2263
-7076,-1658,-2048,-27519,3140,538,-3735,-7595,-1173,-25758,23267,2063
-7738,-5818,498,-15931,3203,16,-3253,-6005,971,-15225,11909,6874
-1080,-3416,602,-11775,4,1040,-1177,-2703,473,-11671,10227,7570
-1676,-5828,984,-13236,9868,1704,-1591,-4151,1697,-12263,9577,5225
-748,-2546,-180,-10215,594,9,-1139,-2885,775,-9391,4936,2626
-6364,-4854,824,-7678,531,2641,-2603,-3175,1411,-7203,2919,3712
-5942,-2770,58,-6004,96,80,-2545,-2361,811,-4827,2537,4253
-6588,-1656,-160,-12215,2062,3692,-2399,-1943,427,-2722,2011,3891
-1594,-1752,-1648,3154,8320,5386,-1267,-2001,-589,3935,-5887,5603
708,-5242,-1224,1833,7744,6212,1907,-2261,-739,10372,-17442,6738
-1852,-1746,192,8400,8199,6661,2967,105,-2409,11089,-23754,6632
-1706,-674,-72,10546,4452,2532,5315,1037,817,10986,-11369,2470
496,438,-152,4485,20,-1528,4243,479,547,4219,-3720,-1393
2438,-506,-1224,-4064,132,-1968,4395,-261,-277,-156,530,-2102
-1834,472,-4262,-4574,512,-3580,2923,219,-1993,-4964,760,-3324
584,-1734,-2648,-7541,2578,-4592,1571,-975,-557,-7643,2854,-4412
196,-1722,-150,-12254,1552,512,-363,-1703,1641,-12252,8000,-3954
-1852,-1718,3960,-14269,32,1028,-1145,-1441,5147,-14402,12995,-1089
-1718,-1370,576,-24304,1112,1664,2277,-41,1331,-20257,19855,-2389
-7796,-5878,1904,-16359,664,1568,-2941,-3365,3099,-15830,18051,1517
-1036,-5846,-3516,-13696,65,688,-1659,-4055,-1115,-12313,10477,2970
-7480,-1786,-2218,-12288,128,34,-2111,-2419,227,-12114,8997,5352
-1778,-1462,-1216,-14200,384,5148,-2161,-1983,-707,-12857,7391,5102
-1722,-2426,-182,-10752,32,4660,-1147,-2575,529,-10132,2174,4857
-1336,-4338,280,-8064,160,32,-1513,-2467,843,-7914,3131,3983
-6872,-5306,568,-4031,5658,512,-3079,-4401,861,-3652,-750,4612
-956,-3702,316,774,5256,66,-1227,-3409,735,1097,-2581,5398
844,-1274,376,5637,392,352,1641,-1223,1571,5799,-7502,6210
-764,778,-200,2052,601,6792,2809,1131,-349,6292,-5952,6739
1222,394,-32,8202,1093,3264,5123,1353,709,8900,-6401,3537
2284,-1128,208,2136,1280,256,5389,787,559,7316,-4592,740
1868,-1754,-128,3587,4148,-1770,5789,-91,-155,3184,-1727,-1410
-796,-1526,-1158,-4080,41,-4091,5147,-631,-1047,-1137,381,-3781
-1336,270,-2752,-8188,1883,-7484,3283,-69,-2367,-5444,2091,-6428
744,-3562,-136,-7840,3617,-7296,179,-2507,567,-7836,3894,-6134
-7852,-5368,-136,-15328,2055,-4064,-3059,-3311,879,-11265,10564,-3677
-9964,-562,1882,-7680,1608,44,-6179,-6085,1731,-6978,5503,440
242,-1270,-104,-21728,513,33,4557,1403,1275,-17778,10697,3595
-1464,-1130,5016,-26912,0,3155,-961,-1517,5487,-24072,21896,3526
-1516,-1530,1932,-16336,260,3332,-1225,-1917,2107,-14906,19423,3987
-10036,-5562,-1672,-12032,64,729,-3897,-1835,-719,-11227,14125,1885
-7470,-4570,1848,-14942,4668,36,-3391,-4775,-1591,-11874,5944,3188
-1852,-3834,1338,-11968,2604,2477,-2089,-3889,1475,-8612,2636,2586
-1786,-5554,-72,-8140,5410,5136,-1549,-3825,-529,-6268,-1017,5219
-474,-5462,124,266,800,8292,-937,-5893,863,1009,-6808,8899
-774,-4202,826,8704,4676,2,3351,-3987,-1033,10267,-17393,13008
7484,-5366,1880,10268,5776,10766,9575,1525,1747,11051,-7623,11148
7368,-4298,-1672,8770,3140,2098,7241,3869,-1579,9027,-4957,1903
1748,-5064,456,5296,1128,-1696,5549,2919,597,7417,-6850,-1226
2916,14,-104,3333,1185,-944,5621,-501,781,3417,-2661,-961
996,558,-4286,138,131,-4863,4763,577,-3815,-267,-1734,-4998
-532,504,-4272,-7414,22,-6046,3607,155,-2401,-3315,-3558,-5129
1238,-1734,-172,-8151,85,-3903,1769,-1023,475,-4533,-4017,-3942
588,-1772,1848,-6140,5634,25,169,-1791,2945,-6423,-1898,-1740
326,-1646,-200,-7104,4174,1737,293,-673,4463,-6454,5772,33
-1468,-1786,1850,-7932,3092,28,2429,147,2011,-7657,12009,190
-1784,-1738,-152,-13056,2048,74,2221,-1901,765,-8446,6115,2385
-764,-1784,3152,-14936,2432,1280,-89,-469,3267,-12561,12203,1165
-806,-1274,-18,-16186,2058,32,-981,-1327,1961,-16388,19385,112
-644,-1520,1720,-19248,3265,1042,-931,-591,1581,-19365,24699,1129
-8428,-1786,828,-20216,576,2713,-4609,-2205,-4645,-18662,18838,3173
-8508,-3832,-184,-14332,560,31,-4527,-3655,-281,-12047,8553,4863
-1820,-4728,1112,-8064,5122,80,-1779,-2769,1243,-7719,5142,5259
970,-3578,824,-7039,3072,6528,573,-2449,1079,-6760,3373,6634
516,-4856,-102,-7901,1024,8274,1077,-2633,853,-4560,967,8106
-1340,-3798,88,3089,8486,5154,1373,-3007,1199,3884,-4476,7062
-1156,-210,-1028,8400,6728,6432,4263,-35,427,12544,-17890,6405
6528,-110,1480,4353,2305,3402,6163,1635,1545,7728,-13603,3154
6340,-5850,828,4413,2112,-1463,5963,2147,839,5783,-9140,-519
452,406,-200,75,1062,-1915,4005,383,573,1018,-2814,-1945
-796,-1718,-3272,-3072,2050,-4926,2907,25,-963,-3226,-1602,-4160
-1850,-1786,144,-7168,2084,514,2339,-1839,1033,-6217,-1037,-4284
484,-4310,2368,-7888,44,1314,691,-2509,3741,-8103,2497,-2105
-186,-3570,4218,-15744,2075,1060,1627,-2275,4797,-13025,11887,-165
202,-1656,6168,-19352,1288,968,1805,-909,6147,-17469,22401,931
-8156,-5544,-104,-19182,18661,33,-4353,-4861,1157,-17943,18425,3521
-1820,-1138,4424,-19284,40,2129,1147,727,4121,-17114,21074,2313
-7764,-1610,-2876,-16382,521,3073,-3829,-1795,-3517,-14357,16329,3717
-10036,-5592,-3262,-16352,1840,36,-4889,-4231,-2311,-14264,7009,7027
-794,-1686,1882,-11232,264,224,-1229,-1879,2003,-10389,5414,3906
276,-4182,-94,-8168,2176,5760,-71,-1823,1443,-8038,3118,5859
1288,-728,-160,-14786,584,5329,1063,-967,1897,-6310,2848,5864
2032,-746,144,-8128,8624,6146,1623,-1157,643,-1379,-2035,6365
1256,-360,866,8803,6657,8340,5193,1457,777,8445,-9751,8003
1486,40,-2064,8232,10,4256,5267,1771,-1411,10698,-13943,3925
-1786,-5622,362,8354,1048,48,4327,1843,385,9560,-13185,701
-1850,-3936,1148,2576,50,18,4685,-167,1781,7909,-10863,-14
2428,-758,-1656,1665,1675,-2031,4373,-779,-1549,1128,-5566,-1761
-828,-1730,-4004,-7416,1042,-4092,2807,-691,-1189,-3258,-3253,-4040
838,-1258,316,-8062,3332,-3936,1483,-1379,389,-3780,-4760,-3810
216,-1770,1858,-8191,1,-2784,553,-1727,3359,-8273,1709,-2130
-1770,-1766,4920,-14336,3584,-575,313,-1463,5155,-10421,8208,-590
6492,-614,2108,-20347,1072,0,6865,1917,2587,-18921,20074,-1775
-1060,-4818,-4168,-28384,388,642,-2097,-5031,-2405,-25449,21196,1233
-1562,-3816,2040,-20472,96,1045,-1475,-2647,2487,-18296,17072,3557
-7996,-3834,-168,-20254,268,26,-4287,-3859,-1623,-17510,17342,2507
-8748,-3610,-124,-14180,68,4,-5033,-3831,35,-13949,12309,2380
-9784,-3834,-166,-15148,1056,418,-6111,-3215,-1143,-12693,4757,4134
-5894,-3770,796,-16320,2744,4752,-3689,-3365,951,-12073,2572,4831
-1804,-3814,312,-14839,266,6532,-1889,-3311,1701,-8524,142,6783
-828,-4818,1080,-7160,6144,7204,-549,-3057,1291,-4118,-1654,7240
964,-4976,-88,2317,2449,6468,561,-3241,1025,2879,-6175,6552
-6420,-5752,464,11520,6153,256,1535,-2651,531,12666,-18757,6351
7368,-1590,860,17120,5253,8570,7665,4639,1903,14840,-19097,7148
6604,-718,644,8513,2338,39,6165,-983,1545,8581,-13787,2461
7412,-1526,864,5697,2,0,7059,-799,987,5519,-9544,164
6380,646,-200,66,1536,-2020,6435,549,-271,678,-4140,-2164
260,-1274,318,-5115,864,-4839,4763,501,465,-4799,987,-4267
196,-744,344,-12263,20,166,3893,-467,325,-11292,5970,-4686
-732,-4080,664,-15068,64,1058,3063,-2457,1835,-15052,10533,-4336
1220,-3304,1912,-20480,0,-3260,2495,-1761,2981,-18505,18230,-3204
-1592,-4554,-3752,-28656,30758,64,-2349,-5501,-891,-28369,31568,-1930
-10042,-5562,-198,-16343,2050,48,-7337,-4927,-2491,-14790,19020,287
-9764,-3790,3916,-13748,4368,912,-6079,-2751,-4083,-14017,12304,1527
-7228,-3386,524,-13937,4360,1036,-7121,-3149,-3443,-12909,4171,3591
-5936,-5736,600,-14336,1024,416,-3837,-4185,-2901,-12997,831,6192
-5940,-4504,-1352,-16320,20,7812,-2943,-4787,-1109,-11928,728,7875
-1832,-3146,8,-8072,5187,7703,-691,-3195,-23,-8027,-645,7893
210,-3724,-136,-6896,68,5306,841,-3041,1407,-4535,1189,5931
1444,-1786,1492,-7032,5389,128,1155,-1905,-91,-2765,-2960,5676
-1720,-4854,250,1616,5256,193,2031,-2541,1159,2305,-10914,4241
-1848,-3798,1532,8193,180,544,2087,-2321,2113,9018,-20745,5798
-316,-1250,1696,12289,2113,770,3703,-359,1709,15755,-22763,5858
7396,-3736,568,11394,4101,2309,7691,1091,1731,11512,-10639,2167
8776,278,-4294,-3008,2304,-4064,8287,-121,-2341,-877,3392,-3332
1268,-1630,-1568,-9722,12,-11768,5095,-347,-1443,-9895,10713,-9863
-1804,-1522,1526,-14079,10817,256,-527,-1297,1863,-13207,12185,-9307
-1660,-4318,1336,-20448,8,40,-1927,-2479,1649,-20505,23461,-4827
-1320,-1654,-2152,-19884,3850,1040,-261,-1631,-2041,-18858,19865,-2835
-7604,-5870,-4260,-14952,4292,16,-3801,-4953,-4093,-14006,7318,917
-9020,-5866,-6,-13814,5764,281,-2809,-4023,269,-13400,8165,4384
-7916,-3318,312,-10127,2501,66,-3661,-3369,-1251,-9278,9816,3793
-5680,-2426,1848,-7032,1031,0,-3043,-2729,-1599,-6874,4786,2968
-1606,-2682,-70,-7296,5384,3679,-1821,-2619,-1473,-5083,-2578,3951
-1714,-3770,-904,-10211,8488,5904,-1107,-2869,-745,-1273,-6180,5934
-1594,-1112,-200,513,3038,3076,2121,-1261,49,1516,-8052,3672
-764,-1510,-3124,16,8192,2058,963,-1153,-969,3686,-8775,2664
-1308,-1592,314,10842,40,3136,2987,437,2817,12051,-15321,3274
206,-1786,2120,8449,6278,0,5063,1751,2359,8828,-9389,2006
-1836,-1786,322,-3823,11,-1008,4403,-1455,927,-1793,755,-562
-1842,-3434,1432,-12160,52,-3039,2941,-2111,1665,-10275,4678,-2917
1228,-1108,888,-7034,4224,-4832,1323,-1233,2905,-6989,4917,-4179
204,-1782,3934,-9918,8963,-2560,-73,-917,4797,-10067,10573,-2296
-762,-1786,-2248,-19712,12,-2992,2483,-1381,-1535,-19888,18677,-2730
-9276,-5810,2108,-12282,2449,3684,-3995,-4969,2577,-10568,6958,3917
-6940,-4840,376,-15983,1248,6306,-2695,-3399,439,-15398,13870,6473
-9524,-5754,-56,-15356,2306,1044,-4425,-1251,1239,-10914,11209,7454
-7956,-5850,-1392,-22103,792,279,-3735,-3127,-1199,-17645,8509,10060
468,-3802,-174,-14045,4108,0,293,-3313,4021,-8875,4065,8566
516,-1750,-64,-7980,2048,5632,4335,-1619,2269,-1602,2155,5400
-314,-1402,58,3220,8448,2715,3635,-1111,645,3951,-2129,3787
212,-1656,-2104,8930,8448,2096,4093,1457,-1385,9956,-8196,3341
-1756,-746,-2244,75,1348,-3022,2921,821,-1357,7347,-8769,-872
-1690,-1780,1032,1123,2,-4096,2221,-929,1087,5161,-7987,-1392
196,-1230,-3272,48,2416,-4087,747,-765,-551,737,-5696,-3145
660,-4856,-2232,-3968,2049,-3950,867,-3031,-199,-3758,-4343,-2632
508,-3594,-200,-8190,216,-2037,243,-1935,2017,-7123,572,-1914
-1588,-1494,4264,-7416,48,-1776,-913,-1629,4215,-6512,4551,-479
-1696,-1254,2248,-16160,1208,1565,2305,79,3869,-16318,14070,1704
200,-5864,2020,-24535,32,260,217,-2973,2229,-18607,17463,2942
-300,-1690,58,-22462,2576,185,-777,-1751,-165,-18328,20199,3920
-10042,-5690,-6344,-20222,1164,132,-4841,-5053,-4275,-19831,15396,6469
-7964,-3238,-70,-21181,152,6,-2455,-3619,61,-16462,8809,4086
-7996,-4858,-72,-15598,4996,68,-3859,-4397,1691,-14182,5949,5088
-7976,-4574,-72,-12012,2689,5888,-3643,-4197,2133,-8718,2898,5970
-6972,-5098,-128,-5311,2585,4644,-3053,-4301,2161,-4989,2755,4581
-796,-5850,2104,136,2054,4736,-987,-4451,2049,563,-2341,4922
1220,-5846,1090,8704,48,1040,1219,-3879,1159,11311,-16002,6012
458,-1370,1368,8460,2084,866,5931,25,1659,13496,-21629,4716
7406,-5818,1992,5136,3072,772,6247,879,2133,7287,-7810,622
452,294,-168,2064,-1008,-4016,5507,281,137,2235,-543,-3567
2252,526,-1992,-4092,46,-5694,4397,463,-731,-1728,2369,-5778
-1336,-1786,376,-4095,512,0,2343,-831,629,-3815,815,-5801
200,-3026,1528,-8191,0,-4827,-79,-2267,1963,-4627,686,-4716
-1812,-4342,444,-6016,497,1024,-881,-2219,1631,-6344,3289,-2419
200,-1722,-26,-14910,2081,0,745,-1993,889,-15040,10915,1024
-1840,-3722,-2184,-24000,16,522,-2041,-2403,-1741,-24134,14383,4526
-1320,-5546,-100,-27577,1154,2,-2083,-4121,-35,-25023,17719,6411
-7420,-4586,2110,-18366,4468,144,-6611,-4465,2437,-16004,12249,8821
-5360,-1770,-136,-11551,2678,5088,-4949,-1737,2561,-11453,10652,5899
-4878,-3832,120,-13824,4736,5121,-4905,-2369,1811,-9239,6511,5122
-5914,-1426,1464,-14208,2065,19,-3295,-1881,1323,-9379,2524,6866
-1716,-3562,826,-6069,256,128,-1943,-2817,997,-5862,307,6505
212,-3688,904,-7680,1117,7696,55,-2945,1413,-3238,1313,7897
-300,-4202,-192,1028,1024,6305,1401,-2241,1879,1641,938,7238
72,-5812,-36,8704,6658,6400,1943,-2129,-107,10554,-9257,6790
-732,-984,930,9873,76,3112,5835,23,1125,13917,-16078,2875
1222,-1722,-72,4508,-7930,-1999,5477,-1505,833,5839,-7566,-1180
236,-5744,-1224,-1696,-4092,-4023,4601,-1485,-797,-528,-3027,-3960
-1716,-1268,720,-7551,1266,-4832,3215,-471,895,-3021,-2315,-4852
278,-1242,-200,-5046,1288,113,1051,-293,999,-819,-6425,-4913
-522,-1240,1340,-8185,128,1024,1099,-579,1453,-5428,-3137,-2756
-1746,-4816,4036,-8029,2050,564,-1057,-3001,4813,-6000,47,1213
508,-498,3944,-12157,321,1137,395,-591,4973,-9208,10259,1900
-762,-1786,-192,-15039,10,1296,2681,-1309,2027,-15565,17351,1430
20,-1498,132,-23102,4864,1096,3617,-1141,1653,-21451,24951,1307
-1692,-5880,312,-28576,1032,0,-657,-3715,-3611,-25238,27547,1512
-8952,-618,-200,16,576,515,-6823,-6019,-3371,-16518,16640,2799
-6900,-5294,1856,17,9561,36,-6571,-5509,-527,-11036,9042,2181
-4908,-5880,824,-11896,1292,0,-4705,-2911,341,-9647,5256,1488
-4838,-3190,-168,-13306,2705,400,-4645,-3391,575,-8967,2602,2623
-5896,-3322,-166,-14078,170,783,-3875,-2573,37,-8692,542,4020
-6908,-4602,804,-5982,4453,72,-3055,-2647,821,-5928,-1411,4583
-1532,-5850,1368,-8127,33,1,-1167,-3653,1923,-1873,-6522,9024
-1816,-4842,-54,8992,136,68,2099,-2015,285,10899,-15630,8623
8156,-5622,840,9395,2068,8193,7445,3545,1193,13131,-13354,7655
7492,3132,312,11008,5120,3088,8841,2773,251,10492,-8631,3240
7396,446,-2208,9475,1057,128,7161,1107,-1037,9778,-7184,1025
6884,-1526,-2216,4167,80,-4066,6757,-1631,-1461,7378,-5855,-2254
2252,-1258,-5748,-5545,4800,-8063,3921,-971,-4967,-1162,-1836,-6488
1760,-3574,-2216,-14236,4,-7608,1637,-2525,-1847,-8344,-276,-6480
-1212,-5754,-198,-15800,7274,-3840,-1581,-3705,983,-9646,-340,-3454
656,-1250,1084,-14124,6332,-2992,391,-1503,3393,-13202,8131,-2405
-598,-1510,4416,-20480,2852,-3007,3055,293,4727,-20322,21394,-2749
-1242,-550,-2214,-24214,128,-3052,3927,-813,-2627,-23989,26037,-2527
-9532,-1686,-4294,-24424,4257,4292,-5747,-7355,-2489,-22853,20659,4737
-9496,-5880,-2816,-23356,21,2,-3515,-3505,-1255,-18616,18567,6953
-9018,-3678,-2468,-15984,2625,96,-5327,-4161,-1887,-14124,14860,6321
-1444,-5880,-702,-14176,162,922,-1535,-3561,-745,-8722,8771,3737
-1852,-5846,-168,-8160,4121,36,-2065,-3637,-667,-7438,7048,1811
-7094,-5694,-1096,-6304,3740,2064,-3405,-2919,-533,-6081,3748,2166
-7400,-3770,668,-2816,780,328,-2589,-3945,-293,-2521,-1852,3448
-316,-4344,-128,280,2574,1102,-305,-2379,-41,403,-5600,3235
-824,-970,-184,2078,5634,16,-623,-1183,329,3702,-8832,3082
-1340,-446,858,8217,596,67,2865,37,1041,10460,-15840,3567
-1816,-1664,2010,9219,6924,2688,4669,253,2159,11298,-16082,2557
-3252,264,-168,4112,2640,14,4465,1005,441,6915,-8848,-71
-488,-506,-136,0,177,-3056,3287,-759,-1133,2236,-2322,-3284
2772,-1270,-2246,3,1029,-7404,2345,-1321,-2239,-268,-3143,-6352
196,-3274,-2372,-6115,50,-6142,227,-2565,-103,-4939,-2469,-6029
-6500,-3768,2056,-7660,49,-3983,-2895,-3445,2599,-6701,715,-2972
-7340,-3738,1938,-7800,3072,-2016,-3523,-2535,3105,-7756,3047,-883
-1462,-1524,-624,-16055,1280,4,2563,-1281,-183,-14128,3261,1339
-700,-5610,3396,-21376,4672,4544,-551,-4023,4065,-17023,6179,4758
200,-4790,840,-22262,521,6295,773,-2757,1255,-22979,13774,6521
-7580,-570,1892,-21936,1291,384,-3011,-6717,3629,-21115,16041,6637
-9500,-338,4424,-15866,384,400,-4377,-6655,4671,-13150,11929,9740
-8506,-5210,3896,-16180,536,32,-2531,-2321,5727,-13157,11861,8485
-1852,-3690,640,-12096,128,1186,-2093,-3523,3037,-11008,3912,9407
196,-3818,-200,-4020,160,32,243,-2665,3863,-3563,273,8149
-1740,-3322,-164,1158,2071,0,2303,-2217,2339,3604,-5046,6125
-220,-1198,824,8194,4371,4257,3541,-1011,753,8768,-10793,4245
2308,-1442,-190,2562,4504,2082,4839,505,297,7630,-11536,1859
-1204,-1254,-62,2218,4744,531,3719,-1317,393,6622,-2427,17
-1010,-1274,-140,1304,128,262,3719,-731,-1155,3343,240,-3045
-1726,-1402,312,-8186,6401,-5336,2329,-1473,-2509,-2002,-1671,-5230
206,-4792,-180,-7550,8256,288,-181,-4941,1541,-6560,-1779,-3690
-1816,-1762,4732,-7167,4100,386,-1503,-1577,4969,-6972,5336,-3128
206,-1770,1870,-14333,203,-832,-495,5,3205,-13457,12964,-648
-9272,-722,3162,-12252,1184,3360,-5261,-461,2807,-12283,13425,3757
-8442,-3746,1992,-19961,128,7872,-3489,-4077,1717,-16162,8319,8232
720,-4858,4984,-15352,428,8,967,-2799,5497,-12307,8419,8856
340,-1560,6200,-8182,4,652,4411,-1173,6153,-7902,8492,8828
-440,-4856,2660,-8186,662,192,3763,-3055,2949,-3746,4747,8907
-1820,-4216,210,4112,2054,578,4455,-2271,2083,4926,-1910,5477
220,-1624,-172,0,4609,144,3907,-311,569,3563,-3001,-594
524,-1384,2656,-4088,78,1616,1103,-1731,2675,-2201,3775,-4514
-1706,284,144,68,624,70,431,257,13,1066,125,-5189
-188,-1778,-120,1224,1090,534,-693,-1143,-1371,1894,-7414,-4436
-8762,-3802,-198,-7094,5464,-2424,-4769,-3899,-403,-7453,-2113,-1951
-7836,-3802,3138,-6592,296,560,-3877,-3691,3207,-6441,2127,1134
-7916,-5882,-134,-7592,4382,5123,-2327,-3569,3521,-7704,4333,5481
-1850,-5106,-142,-16384,5506,8193,-1379,-3825,2513,-11147,8170,9636
196,-4698,-162,-7903,2053,0,-23,-4097,6469,-7041,10677,11172
-786,-600,5728,-6494,2561,10308,3207,-575,5655,-2331,11135,10114
-816,-746,2682,-6142,32,6403,3199,-1143,3841,-1033,8177,6909
-474,-1778,2104,320,1705,5132,3909,-373,2739,4852,-2606,4867
712,334,312,512,40,541,4745,781,1483,4912,-6114,440
1252,264,-70,2692,2688,67,4999,-51,1615,4022,-9593,-1216
268,-114,1850,522,2104,516,4451,-207,2037,1386,-5644,-2578
-1850,-994,268,-4044,266,2324,2635,-1153,1687,-1822,685,-4283
-1810,-1588,-166,-4014,341,704,1859,-895,-331,-3926,4044,-3255
-1782,-4602,-2208,-5548,1540,0,755,-545,-1955,-5570,1560,-3306
-6196,-4724,-166,-10886,64,-4095,-2641,-2623,2945,-10756,8773,-3762
-1714,-3770,328,3117,14396,256,-2173,-3835,331,-16803,15108,-1963
-5816,-3830,-40,-13824,137,514,-3501,-3571,2415,-13604,17152,-585
-8362,-5626,-72,-15072,8360,16,-4799,-3593,-1507,-12889,12120,1432
-7988,-4840,-2100,-16156,769,5501,-4227,-2851,-2385,-16489,11125,5781
-6972,-3828,-2244,-15616,4642,5632,-2751,-4445,-299,-10198,8047,5862
-1204,-3530,376,-7552,4112,8960,-215,-3871,501,-7160,4651,9262
-692,-554,-152,-8156,1026,7189,1229,-643,337,-4061,3851,7543
-1338,-1978,960,-4088,6145,5120,1617,-2171,-747,415,-2144,5084
240,-934,-200,4620,2371,3072,4099,-885,471,6875,-14335,3451
1228,838,-192,4160,3848,-1224,5167,1649,-83,7761,-16550,-1213
228,-234,364,1044,640,-1982,3859,-749,2185,5147,-11379,-1544
-822,-674,-2106,516,2050,-3392,3059,-681,-601,1034,-9950,-3297
-1592,-4328,-184,-3711,2114,34,2089,-2569,1087,-3870,-5610,-4235
1008,-5242,3016,-8183,2064,66,609,-3397,3945,-7627,2614,-1612
-1836,-2644,3896,-11648,2056,272,-25,-2643,3753,-8757,6775,-612
-1300,-3386,2616,-15918,0,1103,323,-2929,2969,-13754,10547,-849
-6712,-5362,-196,-16350,2050,8,-3033,-5519,4503,-16251,12109,1222
-7996,-4010,364,-20216,3110,518,-3617,-4029,3427,-19402,16704,2044
-10036,-3768,56,-24000,2816,3492,-6011,-3759,2339,-19530,19429,3613
-9864,-3792,-90,-21980,1060,4160,-6287,-2831,-423,-17619,17330,4299
-7484,-4822,-164,-15872,242,6662,-6833,-4653,-745,-15648,10025,6989
-9658,-5414,184,-14176,4097,17,-4205,-4637,103,-12624,3999,7713
-812,-4802,452,-15856,65,34,-851,-5009,537,-10532,1544,8464
1268,-5490,-164,-7552,264,8770,1461,-3777,2673,-7325,343,8807
-1298,-4858,856,-7456,6432,6788,2525,-4347,1239,-1946,-357,7859
-5896,-2528,-200,465,5128,4900,2345,-2385,2183,5282,-3363,5832
-828,-1706,-624,8584,2112,4416,2903,417,-311,9026,-9828,4521
3524,-1776,-196,4161,2186,2592,3665,303,473,5307,-8457,3811
2578,656,-1992,4120,208,2848,3861,1007,-29,4314,-7518,2836
280,354,-112,2052,832,562,5161,405,335,6292,-5255,676
236,-1754,-1928,401,4096,-2656,4693,-133,-1161,943,-3687,-2681
-1822,-742,-2104,-5365,6156,-4990,4121,-371,-1323,-4473,-1879,-5005
-1840,-5814,-120,-5608,4131,-5489,1979,-2901,1791,-5562,-1914,-5458
348,-5338,2880,-8110,2563,160,-81,-3619,2885,-8477,3163,-4556
-1596,-3824,1888,-12000,10,1,-553,-2969,3741,-9909,8734,-2306
-1522,-690,378,-15998,532,-1536,-351,-429,2327,-13651,13091,-1374
212,-1248,-180,-20476,1090,-1723,-669,-1571,653,-19638,15795,-1045
-8310,-3754,72,-19454,0,192,-4039,-3069,-109,-16344,12514,297
-8978,-4698,-72,-15743,96,2,-4493,-4825,395,-15534,8607,3110
-6706,-5802,3904,-16048,32,513,-2725,-3169,4435,-13236,7823,5789
-7888,-5882,24,-16103,1857,50,-3369,-4217,11,-13060,7926,7075
-7996,-5864,1124,-11752,153,17,-3171,-4385,2029,-10388,5370,7177
-6802,-4858,232,-5882,193,164,-2739,-4795,1065,-5369,2564,8621
388,-4854,120,-7158,328,9216,1205,-2903,3629,-2870,1770,9156
-1340,-3834,-200,-6128,2144,8353,1481,-2909,1017,-699,1811,8438
6356,394,352,112,4609,516,4773,4141,495,3444,-950,9798
216,-758,-2024,4,4118,8,4429,957,-187,4406,-1753,3967
-780,-1222,-1988,1409,4132,560,2907,599,-283,3547,-2884,375
-4956,-474,284,162,8712,620,2835,-621,2199,4475,-7768,-1423
-1818,-1138,392,1536,2184,512,2853,-731,597,1233,-10021,-2457
1226,-3544,332,-6094,64,-2931,1545,-2139,529,-5472,-4026,-2767
-1816,-2298,2194,-9584,128,-2894,1099,-2757,2389,-8178,534,-2027
-1722,-3706,2766,-7974,264,1089,-421,-3853,2859,-8212,2085,1441
-1526,-1294,4024,-11736,1633,3104,2631,-1111,4809,-12354,8971,3288
1234,-1722,3964,-21821,1028,80,1003,-1527,4761,-17697,17953,3229
456,-1594,6200,-21504,4290,1284,1191,-1093,6469,-16731,21929,3429
-746,-5224,2128,-20664,2154,1025,-1331,-2539,2337,-16526,22793,3458
-7720,-5306,92,-16240,3,136,-3529,-3233,1253,-13893,17999,4161
-9644,-4074,1426,-14332,14546,20,-3173,-283,-3,-12412,14199,4283
-9640,-1774,888,-12220,9,0,-3587,-2339,-2525,-9846,8161,2376
-6440,-4602,410,-7664,2416,32,-2031,-2591,887,-7589,2611,4600
-1562,-2994,-192,-6974,3412,578,-857,-2139,317,-6726,3198,4689
-1772,-2938,832,-7936,32,432,643,-2027,1123,-3671,1130,4571
2124,-1402,-168,-7976,185,4784,1711,-1187,193,-1999,742,5113
1252,-1152,-178,8,7304,4704,1781,-1257,371,678,-1166,4613
-1820,-634,-120,1029,576,2080,2501,-703,-657,7733,-9104,3033
-1850,-762,-1672,8514,4129,754,2321,-1293,-997,9969,-12053,1899
-1724,-1126,-56,1538,270,-1952,2279,-671,833,5418,-6790,-1983
1356,-1738,332,896,1,-3828,1285,-1851,143,3833,-8290,-3246
1372,-3570,-200,1424,74,-3992,1013,-2303,417,1355,-10070,-3451
452,-2634,1986,488,-9214,-3834,35,-2381,2183,351,-8953,-3121
-760,-1754,2936,-4014,54,-2942,-585,-1911,3059,-3118,-3496,-2332
200,-1526,3968,-7556,1104,-1499,-87,-1071,4415,-6895,3643,-1148
612,-1758,4412,-11616,2100,0,1627,207,5633,-11824,11138,-978
-1308,-1786,2912,-16064,1,1029,3289,-187,2293,-16400,17999,-2975
454,-4678,-3012,-20096,2182,258,-43,-4923,-3211,-18705,15365,1403
-8986,-5738,-3528,-20411,520,80,-4803,-4919,-2517,-17820,14867,5507
-8692,-3814,-174,-15031,661,130,-4241,-2805,363,-14756,11884,6671
-9916,-5754,1624,-14318,516,1152,-3215,-937,1927,-12798,11186,5557
-1844,-1786,1932,-12032,334,48,-1789,-1983,-667,-10847,4435,5251
-1652,-1234,830,-9968,180,4480,-621,-1581,1123,-8599,77,4478
-412,-3762,1180,-8166,3909,258,-701,-2271,1727,-5510,-381,4476
1220,-3478,464,-6048,6161,14,965,-2221,831,-1108,-2090,4585
-1834,-1522,104,2048,5286,64,2511,-1327,171,2490,-2984,3958
196,-4794,1108,8216,7680,20,6319,-5879,2215,10098,-6839,5655
708,-1466,-1896,1618,1152,3744,4475,681,-837,7431,-6625,3540
-56,-194,-1196,31,6688,64,3683,-255,-1175,3987,-1092,1054
-748,-758,188,2176,917,-3702,2887,-649,-1299,3180,759,-1779
-1786,-1718,88,1796,1153,-3770,2107,-1103,-1531,1710,-2841,-3300
456,-754,-200,-7136,596,-6112,85,-1137,139,-3306,-6408,-5360
-698,-1594,2150,-7168,2058,-3820,-545,-1841,3421,-7121,316,-3718
-726,-4814,1862,-11772,1076,-2800,-1197,-2863,3749,-9263,9390,-2803
-7996,-4474,1886,-7680,641,-2432,-2491,-2503,3233,-7503,8888,-2078
-696,-1586,2552,-13308,980,-2512,1197,115,2435,-13117,13709,-2335
-1852,-5882,-1958,-20442,657,86,-2213,-4063,-177,-17454,13914,1537
-7866,-5626,2946,-16365,896,64,-2579,-3677,3005,-15184,13458,5028
-6428,-5834,-8,-15222,2208,1057,-2535,-3435,855,-12479,14505,5111
-1848,-4666,-1726,-11000,1540,704,-1661,-2199,-83,-9454,10308,5098
-1850,-3028,-2712,-10616,323,276,-861,-3363,-441,-10117,6031,4259
234,-1648,1912,-8192,1168,272,147,-1809,2445,-8016,3791,2246
198,-1722,-196,-7152,2114,9,439,-2109,1813,-6467,2227,2132
842,-3958,-120,-4020,530,392,537,-2245,2345,-3585,443,3007
644,-1786,90,4,2336,160,513,-1693,2433,3108,-5244,3177
-1052,-182,-164,4136,1538,470,2815,-419,761,7612,-11227,2572
908,-1172,312,8240,448,2304,4777,857,677,8786,-14942,2230
760,-1274,698,3074,384,4,4735,989,-409,7848,-13770,-126
-1180,-1274,-100,544,4098,291,2599,777,-3345,4304,-4955,-2636
-1808,-744,-2118,1941,4360,544,2997,-771,-1187,4025,-1717,-5354
774,-650,-1976,2080,4481,-5355,1593,-683,-1903,2493,-3796,-5332
196,-4498,-200,-6597,4112,-5886,127,-2775,-1023,-2647,-3983,-5390
-9338,-5346,704,-13144,4160,-1895,-2665,-4453,1107,-9359,-3631,-1235
-9530,-5290,-168,-12252,1040,-1528,-3821,-4303,4845,-8621,1990,-1130
1220,-1690,6206,-10696,1592,1,1683,595,5541,-11000,10708,-2165
628,-4792,-198,-22520,325,136,433,-3443,181,-21532,15457,-26
-8764,-5112,2048,-19964,1096,3333,-4499,-4947,2753,-18530,14132,3605
-9778,-5874,536,-15936,522,130,-6091,-5607,1881,-13852,12333,6230
-7922,-4346,-88,-12024,3341,320,-2819,-2725,3717,-8349,7495,8060
-1084,-4056,140,-13791,2502,129,-533,-2189,1659,-9452,6575,8245
-698,-4858,2490,-13172,3156,3,-459,-2689,2835,-8708,3733,6319
464,-5582,2366,-7081,264,67,167,-3335,2639,-6867,569,7451
-1788,-4916,1932,-5036,2052,146,1995,-3047,3259,-113,-6609,8916
-1276,-1226,3896,-3007,498,466,4527,-1303,4133,-799,-1612,6871
-1578,-1622,1432,4112,2064,36,3159,-803,2013,5652,-5591,3471
2766,-1768,1210,4949,2376,1417,4421,-25,1183,6986,-9950,1375
324,376,76,4237,4289,288,4265,557,309,6571,-8975,656
196,-1654,184,2112,6870,-1984,3943,-269,-1231,6248,-8460,-2113
-1852,-634,-168,1939,2197,-5632,2779,-979,-2837,1645,-5219,-5530
326,-1370,-200,-6884,4162,325,595,-1667,-1461,-4452,-3086,-5475
-1804,-1776,-152,-8174,5384,0,-1979,-1829,507,-6637,207,-3447
-9020,-5754,3000,-7168,5124,-1998,-3047,-3107,3233,-7238,5661,-1282
-1850,-740,1912,-14780,4164,-2360,-87,-553,2423,-13162,12818,-264
-728,-1722,60,-23422,528,-1536,1513,-1031,1411,-21234,19438,-562
-5916,-5066,974,-26044,1,240,-3011,-4945,1319,-24564,22054,1826
-6972,-1146,-1784,-18848,26,70,-7063,-8419,-365,-18256,13943,7707
-9772,814,1848,-11696,1281,296,-4855,-7031,2577,-11372,11584,5417
-7740,-3960,2968,-13968,512,267,-3313,-4219,3245,-9737,8428,5958
-7862,-5782,2424,-14263,512,281,-2509,-3811,2413,-9987,4432,5549
-1432,-4186,1848,-8160,1128,1568,-1635,-4419,2665,-7711,1081,5755
372,-5366,2496,-4800,256,576,255,-3125,2661,-3961,407,4712
724,-4856,760,-4068,2065,39,1313,-2017,1923,-3447,2137,4147
-820,-4722,1000,-3038,1410,156,955,-2327,1763,-2211,2093,4172
324,-1654,632,-1724,1106,747,913,-681,519,39,1084,2686
-1460,326,1402,131,276,76,1143,23,1373,1440,111,1774
-936,520,1178,334,4258,10,2701,179,-811,2415,-3529,2204
-746,270,-622,1300,1056,36,3563,75,-573,5664,-7000,522
2310,-1530,-180,34,1294,128,3379,249,-1025,4039,-4491,-1415
-1748,-1726,152,140,2562,512,1103,287,-2821,2488,1665,-1677
-1242,-1466,-3076,8,2726,8,2747,651,-3111,4216,2804,-2657
-1852,262,28,1026,5184,-4800,1701,129,-4511,776,-3644,-4323
-500,-4730,90,-3072,1536,-7676,1177,-2615,-4505,-3293,-2500,-6425
-1816,-5112,408,-7812,302,-7040,-1029,-5477,-3371,-5979,-3312,-6569
-5676,168,-148,-10456,-3443,-4432,-4001,-8257,731,-8393,-3156,-4019
-6938,-5602,2428,-8112,1409,-2556,-3191,-5629,2533,-8006,1633,-2337
-9016,-5864,4188,-15324,2605,2128,-4549,-5715,4591,-11390,3101,2559
-8504,-5770,3978,-13816,18,4230,-2185,-3723,5005,-14144,4991,4434
-7484,-5880,824,-20479,3120,656,-2631,-6069,4339,-16527,8208,6968
-802,-5458,4936,-14334,2388,1032,-1173,-4065,5327,-13970,12411,7495
-7348,-3776,194,-13821,145,1152,-2531,-2841,899,-13857,12546,7636
-10028,-5818,824,-13566,272,275,-1677,-2049,1633,-13302,9443,6962
-1842,-2806,1848,-14336,4688,770,-2455,-3305,-2235,-13987,5754,7083
-314,-3834,2300,528,1157,77,-381,-3723,3011,-7997,1759,5759
-1752,-2810,-126,-8180,2561,1041,665,-2557,1853,-4723,2613,5338
-1852,-3130,-50,-4729,576,208,997,-1997,2215,290,407,4221
-1464,-1466,-134,520,6184,384,2261,-573,1283,1662,-1833,3506
202,-1578,-198,2048,4262,8,1369,-701,1197,3648,-4104,2600
394,-234,-96,9220,4384,6,1715,-199,643,9468,-11369,2534
6340,-1786,92,11264,1024,3144,7803,1931,2065,9550,-4952,3579
-476,-970,856,1024,2064,-1947,4071,459,1257,2905,121,-1216
-812,280,-2120,1027,20,-2042,3673,575,-919,1961,254,-1547
460,-1242,-168,16,36,-2048,4331,-193,-551,3087,-4106,-1639
260,-1270,-1140,2,69,-4096,3979,-161,-975,132,-3607,-4201
-1804,-1220,-808,-4088,4102,131,3093,-1121,-909,-4174,-2851,-5467
-1590,-1784,-1148,-16054,322,168,2005,-2167,-183,-16194,9006,-5079
-1780,-5370,-184,-11774,3651,113,-1871,-5257,699,-11348,7917,-2435
-1276,-3250,568,-15345,84,545,-1709,-3347,27,-15310,13734,-1335
-9876,-3542,-900,-18268,64,1362,-4889,-3827,-651,-16897,14208,-573
-9148,-3382,-168,-16319,349,61,-5477,-3907,-43,-15663,10862,707
-5436,-3194,1508,-15551,4120,257,-5493,-3429,-287,-13497,6300,2614
-7732,-3818,-168,-16384,1,132,-3853,-3385,-1093,-12547,4075,5296
-6328,-5562,-48,-15084,2698,6416,-2295,-3801,-1959,-12421,2612,6479
-716,-5306,-200,-16272,267,6289,-769,-3073,315,-10002,1751,6323
-1834,-3702,-192,-7680,65,0,-1729,-3667,213,-7213,-200,8158
-692,-4818,1804,192,8709,9472,-577,-4745,1813,2197,-8215,10336
6630,-1006,-102,8584,268,12488,6825,-1511,1053,12480,-14861,12501
7366,-5872,128,428,8704,2121,6755,2063,1837,5991,-836,2193
-1308,390,568,513,6660,-1452,4465,1029,811,4950,-1618,-1428
676,-1726,1360,921,1032,-1758,4225,49,1559,707,1261,-1759
3468,-1742,-710,-1920,64,-3072,3099,-999,-579,-2045,1339,-3207
-1720,-5872,-1664,-14720,1561,-4346,1909,541,-1181,-10950,8582,-4274
-826,-1338,312,-16240,528,-3520,-759,-1513,387,-12044,12951,-3225
-1332,-5754,2048,-14134,68,-1408,-1541,-3011,2353,-9611,9068,-981
-1702,-1784,1858,-12156,1120,195,541,-1477,1775,-10376,9562,763
-822,-4554,2120,-14236,9,659,-1367,-4419,3505,-14055,13250,1908
452,-4586,1468,-16372,83,18,1257,-2149,2833,-13865,18847,2049
-8756,-5350,-160,-13688,14624,1036,-5331,-5403,475,-12071,14158,3698
-6902,-3194,1420,-12190,3200,1186,-2969,-2143,1517,-10625,11414,3404
-7772,-4858,312,-15744,4140,1050,-3557,-2531,841,-8991,5699,3529
-1820,-1508,-126,-8062,2572,256,-643,-1589,953,-6915,2370,4457
196,-1644,888,-5120,1413,1024,205,-1439,1105,-4829,1297,3967
-1596,-1754,-178,-7672,5290,66,1267,-773,767,-3546,-624,3904
1636,-1400,60,0,3745,5518,1251,-1239,683,1276,-4925,5673
-820,-184,-166,8384,6721,384,3755,409,-67,10817,-18108,7497
196,-1528,-72,9672,391,229,5395,685,181,11752,-9840,3805
196,-1262,-116,262,4096,-1024,5355,585,175,5866,-3911,-553
200,262,144,1024,7425,-3072,4329,913,-133,1545,-94,-2994
478,-1778,-1558,-5874,648,-4856,4201,-121,-1219,-1793,695,-4753
-1690,-1512,-1976,-7155,3682,8,3403,-871,-1505,-5193,-123,-5940
748,-2554,-160,-11008,2,-6144,1321,-2117,157,-8565,305,-5830
268,-3774,312,-11758,2072,-5885,-169,-3061,1759,-9759,2852,-5818
-652,-4706,-164,-12283,1056,-3052,-489,-2911,1735,-9589,5299,-2769
-1596,-1506,-3514,-11262,8,3,2185,-1753,-1341,-10673,3304,-897
-1592,-4442,3990,-8192,512,292,-1049,-4537,4685,-7994,935,3128
-1724,-4824,4000,-15864,4096,592,-1027,-2629,4217,-9766,6554,4959