577,121,-106,-510,-240,9,6103,-8145,84,-375,-60,16
815,37,-110,-479,-111,33,6169,-8149,178,-392,-32,55
831,57,-74,-413,-184,4,6205,-8153,208,-389,-70,25
761,71,-132,-894,-62,67,6177,-8155,186,-379,-45,-4
757,125,-140,-494,-112,8,6215,-8149,222,-406,-96,23
775,25,-142,-510,-216,4,6123,-8167,288,-383,-67,-12
759,105,-138,-432,-255,5,6131,-8199,200,-376,-59,-5
755,29,-308,-445,-315,12,6169,-8213,198,-382,-47,-18
767,43,-318,-480,-318,4,6119,-8147,210,-340,-25,-90
721,91,-130,-512,-480,16,6071,-8091,156,-356,-88,-18
559,25,-142,-492,-254,-6,6145,-8173,244,-352,-79,-6
687,155,-110,-469,-315,-26,6135,-8141,232,-334,-55,3
759,27,-118,-862,-206,-32,6063,-8103,180,-343,-62,4
813,41,-140,-512,-184,34,6147,-8153,242,-375,-138,66
755,157,-388,-504,-228,9,6171,-8153,340,-374,-91,29
751,89,-108,-480,-248,17,6161,-8041,280,-407,-104,53
495,97,-106,-968,-382,0,6145,-8123,298,-456,-252,14
543,-145,-86,-638,-384,-120,6173,-8155,162,-544,-385,-84
505,-227,-70,-1008,36,-256,6089,-8163,162,-728,-480,-99
899,-163,2,-1262,67,-476,5773,-8047,188,-1070,-963,-239
531,281,376,-2048,65,256,4599,-7849,638,-2012,-1501,458
2551,289,1910,-2044,10,2322,2367,-7639,2088,-2006,440,2682
1015,5637,644,-2559,833,6144,161,-7955,1228,-2716,2669,6111
-5589,4893,370,-3066,786,322,-1037,-10117,710,-2331,-1094,10037
-4493,3865,-1870,-3957,1558,1316,-825,-9301,-1972,-4609,3757,12657
-5111,3937,-3206,-8124,2112,1039,57,-10661,-3024,-6316,-566,13412
527,5145,-2698,-7652,33,1061,635,-9193,-4612,-4811,743,13748
-5375,281,-4396,-6015,2644,1538,-547,-7195,-4400,-5769,-1468,16290
-7153,57,-3898,-6092,2944,149,-957,-5821,-3420,-6307,-5025,17379
-6641,3881,-2414,-7168,4,537,-679,-2943,-2178,-7239,-5950,16756
2543,4089,-2440,-7656,2121,17408,2195,-2007,-1662,-7315,-5797,18299
751,6561,-2698,-6908,1540,18760,5355,-1421,-1892,-4413,-6514,20316
10855,-223,-2184,-4084,1411,18466,11015,417,-1840,-280,-6523,19567
16879,3899,-524,4176,144,14592,17617,6073,108,6212,-6775,13966
12805,427,-2550,1408,4160,8212,15245,4307,-888,1672,-3214,9019
17909,-231,-4506,8577,3586,-6875,18053,7931,-4866,9452,-4029,-7178
8689,4137,-2670,1799,1064,-13952,8869,6219,-5630,757,3072,-12924
-14845,9497,-2180,-8190,4162,-12288,-12753,-4961,-2610,-4327,12851,-10739
-3537,4937,-14214,-16131,8709,1041,6179,9397,-6564,-16168,14459,1857
-6721,3899,11122,-16096,6552,13656,-5471,8483,10524,-3043,8408,13667
2545,1889,-2292,-7904,1153,1288,6389,401,8248,-6939,10016,12678
9727,297,2594,1792,106,12452,12045,4385,3302,5757,9226,14051
12803,6173,-2702,4424,8754,11682,12883,6015,-2542,5036,15561,12296
13815,-191,-9834,36,0,2699,13617,6403,-5842,5604,15973,6322
13201,6643,-10794,439,9984,-6601,14827,7509,-6266,4477,9379,-928
13073,317,-6784,1352,4608,-7950,14233,8673,-5930,3231,5397,-8751
9871,4123,-10698,-8064,14,-20480,11385,4677,-8002,-4448,7475,-18930
9377,25,-6638,-14336,2380,-19952,2807,-165,-5722,-5170,1540,-19616
-10673,-39,-10444,-12216,547,1563,-7923,-5319,-8176,-11796,-7480,-6291
-15623,9053,-2574,-23868,0,6659,-17095,-16751,2634,-17879,3174,7714
-7633,-229,7230,-14943,656,32,-7561,3459,7240,-12728,17563,17593
-7697,7961,5626,321,256,17425,-3743,12545,9204,14,16285,17599
759,553,6642,-14324,592,32,4891,5239,7086,-9862,1332,16732
2577,4929,10292,-12288,1205,18467,9353,5503,5450,2117,4354,16648
4615,3865,-1678,276,2080,9736,8231,4895,-1544,2382,17920,9185
13047,321,-2164,2308,8198,1153,12745,3987,-1298,2722,8835,5412
13827,4089,-2602,16,2324,513,14637,6317,-2672,4192,6300,9
12801,3977,-5754,2148,2072,-7870,12673,4593,-5680,2194,3770,-8218
9731,2457,-6030,-5844,1163,-15600,9533,2043,-5876,-5763,919,-11533
4687,81,-6518,-7664,163,-12280,3805,105,-6132,-7784,-1379,-10023
-4489,2121,-2698,-12797,1544,-3044,-4015,-4465,26,-13088,6359,-505
-15881,8161,7704,-8190,432,4245,-14899,-1339,9988,-7325,16822,8048
-7563,8989,9618,-7836,1304,14448,-5643,12195,10758,-5549,17350,14736
-2187,9065,-868,-12124,8386,12358,765,8819,-622,-11922,13697,14283
1521,4185,1418,-11252,1,1634,5695,6495,5184,-2406,10866,13803
3887,-227,-1038,-8180,72,3085,7941,4237,1078,-835,10330,7298
8855,99,-2046,-4312,2912,4309,10795,4447,-840,-115,6783,4007
10687,2369,-2638,2048,138,4,12163,6123,-2182,1869,4252,-2113
10823,4481,-5764,2386,16,-7484,10715,4421,-3200,2534,1699,-6755
9231,-17,-6666,-5888,4226,-7850,8941,893,-4546,-1317,-1987,-7791
5637,-197,-6798,-4023,4642,-14272,7411,843,-6238,-3024,-1332,-10331
-7697,473,-4090,-4093,128,-8064,-6859,-8415,-2770,-1419,-7587,-4338
-6033,9649,3442,-22198,2112,4356,-8089,-6779,4136,-20901,15462,8218
-22865,12953,11698,-24576,1056,18148,-14073,-799,12208,-21661,18918,18267
-1409,605,5688,-24575,8216,20736,-1157,5499,8344,-18160,13723,20840
9743,-151,11800,-15616,32,1177,9091,8541,11686,-8837,16666,19085
8967,29,1532,-3452,4834,1156,10187,4589,1336,-993,7223,12939
8691,1835,754,4096,2065,5656,11461,2649,1100,6212,6773,5423
9967,1881,-2630,8208,3330,592,12285,1971,-2654,9152,7367,639
13167,2845,-5428,8264,5252,-7168,12601,2883,-4806,9035,5103,-6864
8687,1395,-7810,580,4864,-10206,9943,1611,-7618,6730,-3905,-10441
1519,1821,-10892,-7904,386,-8000,7073,2631,-10794,-4761,-21009,-7740
-7473,8551,-2322,-24243,4242,-2000,-2603,-6181,-676,-21761,-7530,-690
-15873,8005,6082,-24446,4,4632,-14029,-8413,8344,-22928,16559,6808
-15849,8089,7042,-15872,102,16386,-14267,-1615,11358,-11719,4953,19042
785,153,15254,-16384,1041,25344,3689,4281,14996,-9410,9186,26477
8947,4573,2756,39,20,20736,10629,4331,3054,7048,11075,21839
9999,4005,-2674,8865,5019,10752,11717,4645,-2084,8519,5565,11424
10891,3165,-4740,524,8,4352,12107,3033,-3234,2666,2126,4970
13363,2985,-1674,640,8,579,13891,2071,-2808,6287,11494,1648
11249,39,-5638,20,2,-3963,12107,3909,-5596,1529,261,-3272
6111,959,-10828,-8190,133,-4072,7579,5091,-9918,-3964,-8001,-4375
-7345,841,-3690,-16384,4492,128,-4983,-241,-2884,-15895,8533,-6562
-3493,4473,-6654,-24543,3235,1168,-4473,4341,-6212,-19123,20483,-887
-3407,-207,10298,-14205,9270,267,-1505,15131,12478,-6619,15942,4470
-5645,4289,5490,-16316,2824,389,4215,7135,9098,-9114,3272,17824
3719,1869,2522,-14068,456,4356,8431,4439,4122,-4463,16184,14162
9583,37,1394,51,1282,1176,10561,3429,1440,4747,11283,9630
10061,2371,-2310,8554,809,5,11717,3949,-792,8719,4923,3907
11253,2841,-6536,356,4160,917,12163,3843,-3330,6531,7507,721
8687,1069,-6624,5248,4180,-7515,11623,4001,-6416,5660,4015,-3599
9839,4891,-8662,644,66,-14806,10131,5193,-7584,1383,-330,-8968
6075,3097,-8522,600,1283,-11258,5317,3873,-8456,-5079,-4458,-11021
-7679,-231,1398,-20479,1035,540,-7117,629,2736,-20801,-5676,-4407
-24063,8925,4986,-20224,4236,66,-15477,-1939,6236,-15670,11735,6497
-7441,4889,4482,-7653,3456,8512,-7053,5221,4392,-8054,10706,10109
-3333,4315,-1646,-15776,1288,17665,5755,6555,4784,-8826,1264,18491
8785,863,-1676,272,162,2818,8653,5003,208,2528,7784,11293
9199,-221,-2318,8200,4424,406,8847,2193,-1350,8018,4070,4511
9015,2881,-2188,4128,72,1056,11039,3257,-2268,4046,306,3481
10869,5545,-5770,1588,8232,-4096,11567,5651,-4882,2877,9504,-1205
10239,-21,-10054,-10613,8704,-7600,10135,5601,-5890,-802,10044,-2907
9055,1311,-6798,-6873,5313,-7888,8753,7543,-7116,-6871,7314,-7106
3697,3905,-10350,-7636,5688,-12160,3545,3161,-7448,-6776,-413,-9854
-7697,2333,-2602,-14142,4736,-6072,-8103,-5869,-1654,-13618,5260,-5136
-2433,1825,-586,-24573,1124,1552,-4817,-7699,646,-23579,14043,3049
-10961,-231,7548,-14231,136,19,-8355,625,9122,-13568,12570,12688
-3599,805,11722,-7664,4,17096,-2183,9581,11238,-8128,16123,17845
511,11049,7556,-8048,384,18435,6939,11365,9162,-7375,13515,19457
9729,8241,5812,2688,6756,13864,10095,8709,5184,3671,7525,16074
8819,8477,-2702,2336,2048,10328,10463,8043,-2540,11326,1211,9798
9915,4219,-4650,2048,9923,2055,10783,5945,-3766,14251,-2489,-1248
10735,41,-4750,2209,408,585,10491,3851,-4288,6730,675,-5615
10229,605,-6606,515,514,6144,9795,1467,-5558,2512,956,-8824
2543,297,-8460,281,5190,1056,7001,323,-6996,1080,-3729,-6616
4655,-227,-10574,-9216,2840,3104,7007,1711,-7884,-1324,-8270,-5114
1679,2973,-10874,-15328,322,2640,5027,2963,-7852,-7492,-7655,-5139
499,795,-5742,-16357,-6143,0,1699,1329,-4454,-11232,-5006,-3838
-7425,1887,-4102,-12286,-2038,-4032,-1245,1613,-3516,-11295,-121,-3894
-5519,5285,358,1295,4102,534,-1403,-707,1134,-21134,4652,1028
-7693,3865,7634,58,138,11360,-4471,-3883,9244,-14524,3446,12687
2111,-231,11398,4211,7842,18953,2873,1703,10758,-2058,8791,18933
9647,-93,8530,40,834,10255,9127,7537,9508,-7616,22701,14833
8721,287,5490,64,2112,9537,8451,9869,6520,-2287,22344,14061
9751,8093,1010,4464,2500,2759,9941,12499,492,6061,13469,7078
8687,10009,-2948,9216,153,-6072,7615,9779,-2952,12689,1525,-2141
569,2501,-6780,488,5069,-7580,4061,6653,-5122,2418,-2436,-7550
-6465,3881,-6798,-12224,536,240,-7067,-4439,-5906,-2399,-14868,-3161
-15791,1091,-15758,-23920,-8192,-2271,415,49,-4242,-7389,-5442,212
1007,889,-2670,-11808,27,65,1595,-5079,2220,-11326,2855,9050
-6849,2331,-1150,268,4244,660,1385,-571,6528,-2287,4943,17341
4599,3917,-2238,-16056,8706,2612,8549,2877,3970,-15683,13861,15980
8755,5289,3670,-9130,0,8,10389,5655,4112,-281,7585,16553
12865,8481,-2412,5520,1536,9601,13723,7491,1320,6081,16355,14174
13135,6957,-6674,1155,4106,80,13261,7487,-3712,9266,11918,4424
10865,6393,-4406,8194,4,-7128,14881,7329,-4308,7899,9048,-3144
8705,5937,-10382,-6848,5663,-14336,10669,5959,-10458,-1040,5271,-10553
4721,889,-10866,-15228,4534,-13051,4801,2593,-8122,-7166,-2324,-12929
-7609,3941,-4996,-16384,532,-7853,-6053,-3947,-2564,-14280,802,-7128
-7597,7965,2938,-24504,4665,4356,-8811,-6375,5068,-20917,5582,6541
-5647,297,13916,-10224,416,13328,-5771,6703,16118,-8296,19089,13456
-5897,-35,5634,-15934,6121,16476,-1001,6937,5446,-7558,13979,17874
1775,-217,6852,-15840,8266,14467,6061,7883,7058,-7312,14094,14458
3199,3883,2678,536,9222,1156,7031,4201,2944,1984,13153,10951
3001,-225,-2186,2516,4118,1,7771,3089,-494,11515,3736,5135
11191,5113,-5116,8844,4356,2053,10979,5085,-3404,9191,-2158,-1655
10863,4125,-4620,194,4656,2416,10475,4101,-3628,580,5475,-5886
2547,-231,-6730,-6527,4162,557,7519,1945,-6538,-332,3673,-6397
3603,4441,-6758,-5820,1280,-6783,7717,4751,-6898,-1499,1351,-6737
1007,4569,-8846,-7472,130,-7934,5719,4335,-7394,-6402,280,-6952
753,921,-9740,-8062,160,-8028,907,943,-7240,-4421,-6520,-5832
-3473,4587,-4132,-14071,4104,-4032,-295,-2377,-3462,-10332,-2464,-2293
-6151,3929,-638,-15796,516,2360,-2597,-2285,1672,-15296,-1741,3622
-6285,6169,7862,-16360,1024,9240,-6791,-1405,8518,-15310,5715,10375
-5641,-229,11670,-16384,1152,14662,-5053,4749,11710,-13309,11975,15366
553,7355,11666,-8156,548,12416,1567,7391,12364,-7646,17854,14397
499,6269,4210,-4568,4626,10001,5345,5989,5132,-3939,14580,11995
8687,4125,388,2534,8456,6147,8127,3583,672,8332,9374,6486
10017,815,-4622,9216,26,2052,9653,3439,-4888,11895,1659,1771
9239,-197,-2702,4672,10753,2432,8979,1013,-6310,4872,-4617,-1680
1539,-215,-6282,-6380,26,32,5467,-309,-6570,-2246,-8241,383
1583,-231,-2694,-7168,4,576,5669,977,-6514,-2851,-7198,1736
2611,1001,-6686,-7908,712,2560,2287,1727,-6230,-7436,626,2919
847,1247,-652,-15868,2585,1030,525,1607,132,-14938,3353,5341
1023,-151,6262,-24568,2304,40,3973,7883,5204,-22056,15452,7233
-13777,4521,3794,-8192,258,16961,-8633,-1959,2318,-4101,8353,18655
9263,3897,12018,8,2372,16424,13309,9111,11958,-56,20424,20728
12855,5417,4998,72,5121,10432,13121,7265,4234,5550,21125,15600
16899,5145,-4750,17432,1026,400,16963,13563,-4868,17783,6731,5464
11791,1473,-6282,8192,9096,-14817,12091,9629,-5842,13017,-783,-9494
2865,73,-10284,-12230,8940,-16383,1525,1121,-10694,-4544,-3106,-15920
-5381,55,-1662,-12216,9504,-8064,-905,4743,-1662,-13539,-5137,-7306
-6097,1937,2962,-26590,8340,185,-6797,-4245,5894,-17194,9727,8511
-5519,921,7666,-12223,1793,66,-1625,1325,8472,-9345,9491,13472
519,-223,3474,-11584,4376,5192,6155,4171,4228,-10819,4151,13501
8687,801,6202,-8158,870,4105,9875,3341,6568,-669,2993,14610
10803,6181,1490,1616,9368,2112,13525,5995,1472,9979,11243,10285
11013,7963,-2180,100,840,128,15855,8233,-446,7826,10714,3673
10739,4121,-4740,1088,4161,-3968,14517,5127,-3850,5508,12886,-4043
8821,801,-6254,172,44,-8192,11517,2811,-5028,4035,8977,-5865
8959,1433,-8846,292,16,-13622,8471,1433,-8782,2693,6904,-8839
1015,3887,-11838,-4092,288,-15024,855,3623,-11806,-3937,4548,-10934
-14655,1817,-10630,-15168,8704,-8024,-9945,3289,-9240,-10870,-2216,-5736
-14853,873,-5260,-15836,2185,1536,-10291,1123,-3932,-16089,3094,2034
-17931,1945,5498,-32488,9472,519,-9755,1645,5828,-19383,10639,7574
-7695,1081,5558,-15291,2624,2592,55,3991,7074,-6956,3261,16212
1585,313,6278,-16248,9216,2098,5087,5425,7206,-5188,12157,13809
3375,431,1534,640,8208,2144,8499,3281,3716,1203,9611,11126
9105,2841,-2534,2560,6279,8241,10735,3687,1726,4010,6667,8213
9135,5927,-622,4234,144,1570,11901,6029,-510,4632,8691,3372
8955,6109,-2668,4256,32,-3935,13293,6899,-2554,4960,8233,-2055
12783,3869,-6662,1152,2112,-7674,12615,4433,-4718,5212,3389,-5635
10287,937,-9778,781,6664,1,10071,1395,-7176,1495,-2163,-6244
4759,281,-10812,-7644,2562,259,6937,-227,-8086,-7091,-5548,-4744
-1871,-231,-9100,-10623,2076,996,-949,-475,-6734,-10283,598,-4012
-7557,1049,-6686,-11128,26,1828,-3031,3555,-5484,-9387,9645,-4104
-21361,-231,1908,-15068,712,0,-12933,2769,2402,-12865,14213,3160
-16641,8861,3442,-20912,4096,784,-9941,7513,4268,-16501,11241,5326
697,3867,7912,-15088,576,12304,1343,6781,9170,-15253,8063,12116
4635,-23,-2674,-3388,1098,8576,5379,4121,7806,-2896,17166,8855
2607,-221,4314,65,386,2094,6907,4323,4230,274,13420,7299
9135,4233,-494,34,2080,4482,9119,4707,1190,4667,6052,6402
9711,4133,-2522,5292,4424,264,12979,4271,118,8987,6867,3403
9011,5961,-6646,4609,135,-3564,12377,6471,-4860,4422,9322,-1555
9843,1341,-6414,1092,5121,-4096,9595,3251,-6272,1154,5289,-2868
8759,161,-9610,-9979,3,-4092,9361,1851,-7098,-1865,-202,-3787
5647,2865,-10894,-15040,8268,18,5211,-937,-10354,-6759,-7032,-1550
-3553,3883,-3978,-15744,3235,1537,-2341,-1139,-2774,-14196,4156,1918
-6633,-145,-2690,-16382,64,-672,-4031,7039,-1896,-16574,17639,-43
-19117,1061,6938,-27840,517,259,-11077,6005,7866,-16588,10255,6155
-3533,833,-2118,-15872,6452,385,-1197,5935,4066,-12085,8495,13078
623,4159,5634,-15808,7728,2162,2133,6577,7204,-5348,15895,10290
751,33,1554,146,1682,257,4481,4001,1668,9024,9292,4284
8847,1309,-2146,545,1088,4523,9671,5769,782,8154,989,5116
9273,353,-1678,8744,9,2128,10267,2557,-2360,10089,4711,-1849
8687,3865,-5994,4867,3040,64,11705,3775,-4982,6485,4172,-5845
9735,313,-6782,121,2,-2816,9633,3651,-5462,1152,543,-2588
4725,1819,-10878,1025,2576,-8056,6655,1303,-8874,-5431,-1967,-3621
2705,4955,-6796,8,129,-5376,2835,-377,-6990,-7553,-8105,75
577,3981,-5254,208,4608,2312,173,-2105,-4428,-11801,-247,2540
-5585,2027,-398,363,6208,641,-1215,2185,68,-16366,7401,2993
-5623,4445,3698,9,3872,512,-4503,4499,4610,-21849,12121,5430
-15633,861,-2630,288,7,8240,-10243,5455,5330,-12360,8991,12241
-7681,-163,10740,-15096,1056,12634,1011,6213,11120,-6174,12266,12548
-5649,3997,3458,-13022,8401,8984,2861,4745,4492,326,13927,10023
495,-167,770,6,0,21,5597,4799,1318,4628,4584,6464
4639,2361,-2446,32,1888,2112,7981,2623,-1026,9238,1645,1950
3703,815,-2268,5892,17,-3520,7537,3485,-2416,7761,322,-2360
4913,1857,-6446,0,640,-4080,7313,3007,-3532,1886,-3595,-2054
4723,4185,-2670,-12207,4626,-4024,6551,3977,-2822,-3061,-188,-1930
3009,3865,-6710,-12287,5185,-4095,7047,4281,-4864,-4428,5863,-3112
591,-223,-10374,-13563,6817,-2432,3089,1505,-7086,-5311,-723,-2226
495,3913,-6286,-15200,258,674,1355,-2379,-4190,-11081,-4198,3386
511,4155,1906,-23836,4,64,3901,-3085,2446,-19107,7646,8663
-7185,3865,10866,-13692,49,3104,-5117,5761,6880,-9384,21900,11653
-5385,537,5494,-15808,144,34,-1953,9183,8446,-14823,23206,14555
1211,8209,6516,-3432,4149,11056,2273,9861,5718,-2180,21558,11939
655,-167,-1798,1443,8276,9282,5671,6857,78,1801,7776,9150
8767,6681,-6318,8216,4825,76,8221,6773,-3266,9485,-1657,2209
2807,3875,-6286,2584,4100,1088,8079,6059,-4400,6546,-1589,-2759
2815,43,-5850,-5672,4296,1153,6607,3575,-5796,-2155,-4169,-2751
3327,4009,-5774,-7679,65,512,7251,4223,-3318,-2341,-4929,-1412
4721,921,-5262,-7948,4232,97,6475,3301,-4982,-1609,-1658,-4959
1607,1563,-5770,-6064,5746,-4096,5569,3469,-5622,-5460,-518,-3924
559,4281,-5518,-14208,4361,-3839,1647,-1569,-3264,-10007,-281,-1575
511,-195,-1566,-19840,4522,768,973,-4173,52,-17092,7770,4165
-3059,4893,8580,-20316,258,8713,-827,-2105,9386,-19665,20216,13349
-6659,10043,-4234,-24474,5121,1695,-6025,10851,-1110,-21154,25108,8580
-2537,8157,9850,-12282,8368,3304,-2305,11303,10270,-1953,11836,7958
751,4973,-970,931,1040,6278,3019,7139,-1242,2462,603,6755
2931,3993,-592,274,8324,320,7001,5743,-280,6329,-2174,4714
9491,2083,-2422,1040,160,-3436,9181,3549,-2330,5328,3351,-2368
9327,3933,-6728,66,6,80,8879,3857,-4160,-48,4360,-3312
5743,1885,-6638,-7867,3200,-2844,7515,3359,-5900,-3433,3081,-2871
4719,927,-5864,-8192,2566,-3571,5125,1173,-5822,-3908,-1495,-3693
1843,3865,-4684,-7068,704,84,1851,-1643,-4382,-7093,-3286,797
-1233,1843,-2636,-11776,1298,4226,-19,-1689,-1254,-9608,1871,5559
639,283,2834,-16256,2048,8450,375,2169,4112,-16817,12275,9150
-7697,11129,6258,-14560,520,9300,-3287,17379,6274,-14843,20212,8389
-16761,281,6538,-16256,144,2182,-8713,4351,7148,-14464,19538,8286
-5639,5435,3698,-12286,10263,3464,2495,7623,3744,-1339,11479,7034
2863,3163,626,128,6498,4314,3433,2325,926,3179,-1378,8284
3091,1057,-2558,9514,2116,142,7541,5999,-1452,9359,-1604,3969
8687,827,-6702,4306,100,464,8651,1743,-4682,6332,-222,-1431
9223,3869,-5516,2048,776,-2031,9031,4117,-3440,2061,-1818,-1696
4657,4123,-6670,-6858,108,-7165,7721,3987,-5528,-2906,2407,-3022
1079,921,-6134,328,676,-7660,4837,3013,-5876,-3855,-3298,-2047
2043,285,-4550,14,32,-5982,1671,2113,-4362,-4189,-3694,-426
-4343,5561,-4108,1152,272,2848,-617,-519,-2994,-8319,2549,4095
-5125,313,-134,-15870,2184,8486,525,2793,878,-14548,6761,8844
627,2849,7990,-16352,5122,9880,-1037,12429,10144,-12577,16790,10204
-7679,5929,3508,-21050,2817,48,-6425,5517,3666,-14880,27004,2600
-7663,4425,2456,2100,2,4625,-2257,4597,2970,4628,3089,6949
515,3865,-1678,2242,8194,2058,5567,4329,-1454,11402,-2964,2361
2817,575,-4750,2153,68,282,6665,2851,-3532,11341,-8170,395
2567,921,-4686,0,3008,549,7053,3129,-3552,6772,-3659,-1155
4655,2233,-6654,-6912,5514,1057,6263,2437,-5752,-862,-2554,1997
4975,4681,-6794,-6144,2824,139,6903,4599,-5800,-2152,-1087,2584
1583,2089,-6782,-7816,2468,519,5673,3847,-6372,-5875,-1786,1841
559,4253,-1542,-11904,650,260,365,-1663,-1274,-8429,584,7551
503,299,-2054,-20323,2700,10246,3765,687,1074,-20603,11810,11860
4615,3873,5490,-15303,520,14740,6407,4843,7796,-14211,18651,14662
-4583,4893,9748,-12255,1135,6722,-1687,6619,9654,-8855,32767,7148
589,8123,7538,-5984,48,12328,1073,10053,8636,-5640,16994,11904
511,7969,1910,3202,6469,90,3107,8615,1712,2916,13605,6994
537,5937,-2186,4354,10802,2880,6753,6103,-2220,13125,-2574,2653
2101,293,-6126,4132,2180,2320,7891,4221,-6260,13866,-9375,-2064
3203,47,-5766,10340,4832,2560,6889,1517,-5252,11137,-11475,-5676
4787,-231,-6794,1089,4377,3,6613,1729,-4762,1303,-11534,-2454
4659,1353,-5758,-7611,704,-2175,4627,1135,-5228,-2218,-7266,-2008
1009,793,-6604,-8191,154,633,4243,239,-3270,-3409,-6646,1188
511,-157,-1482,-5754,551,5200,3425,-27,-1056,-6028,-3187,5949
639,4537,-622,-11742,2052,8353,4265,-47,322,-12007,2812,8819
4783,601,1394,-18432,2061,8843,6497,1651,1788,-18531,11296,8950
1983,-3,4482,-18549,128,10642,3699,2127,5006,-18268,19449,10840
1035,-223,8626,-15806,533,10785,4529,8895,8992,-14743,29072,10727
-7697,8027,-2630,-11735,2076,8778,-2631,11579,6602,-11541,30654,8916
-5649,8475,3586,-8192,770,8196,-5569,9499,3128,-7230,20087,8721
-7687,7965,-574,-9133,1109,6178,2251,5027,4188,745,11076,9775
1015,4427,-2446,0,64,33,2893,6163,-2428,4666,4262,2910
759,1585,-2694,8768,419,2440,5035,1745,-2528,9805,-10419,3025
2683,1823,-5258,10512,-14319,1040,6477,1503,-4980,10100,-14595,-2750
4607,-231,-3470,1,-13700,16,7229,43,-2872,4268,-13056,-3054
4715,-99,-2428,994,256,105,5945,1811,-1198,814,-1074,-2088
555,1965,-2638,-7595,2456,1028,4381,3369,-2700,-3440,3393,1924
703,4127,-5240,-8126,320,5156,4567,4219,-2702,-7967,913,5250
2553,2865,-920,-13903,1410,4212,3617,3563,-668,-8793,1411,5410
1527,4001,1690,-12237,4246,4608,6141,5829,3264,-9909,7914,5341
2423,4889,1400,-11182,4098,4355,6149,7489,2192,-11505,15873,4569
647,429,-1982,-12288,3202,6152,1187,1761,4,-11689,19620,6907
605,3993,1466,-6139,1280,8730,5339,5743,3286,-4823,14473,11195
10743,4025,1906,-8192,4241,5120,10945,13451,1792,-8256,21460,7538
2135,377,-640,-12288,0,544,6205,10163,-336,-10687,24238,2722
851,27,-2444,1376,8540,270,4679,8669,-1172,2334,11201,1442
497,8061,-2638,8192,596,-3040,3625,7937,-5866,8861,1278,-3005
-5649,447,-6698,2112,2592,-7404,2587,3847,-6298,5767,-4639,-7471
-7697,1211,-7652,-7931,8200,264,-3763,-4619,-7538,422,-20009,-2281
2715,1821,1402,-7132,512,1536,3897,-1377,2702,-1530,-11213,7941
3699,-199,1658,-15100,54,1097,3789,675,2060,-11265,9790,9548
631,1825,1586,-16025,18,1316,3887,3263,1734,-10202,8111,9445
4707,25,1396,-13952,12,388,6231,4185,3306,-11785,8359,11492
9331,4011,3474,-14705,72,11304,8837,6349,4548,-10531,14133,11514
9985,6201,1910,-6640,57,10656,10471,6695,4432,-3966,20326,10805
10973,8059,2018,-4928,2176,4628,11175,8691,3870,-4486,23569,6533
2179,7585,-2110,2048,320,0,7771,7687,-128,2088,16917,1856
4679,4665,-1774,2416,2080,-4096,7069,6319,-1456,7749,11696,-3939
865,4453,-6794,3072,1168,-6136,5051,5767,-5556,7412,702,-6093
3093,2041,-9222,2304,8,-8031,2447,2555,-7322,2278,-5988,-7554
-4813,6491,-6668,1032,80,-1280,-4237,-1767,-6140,475,-13577,-753
-6477,8309,-654,-16208,2562,2792,-1067,-753,264,-13178,3505,4111
-7681,-167,1908,-13280,8214,8816,-5933,-193,3230,-12380,9409,9486
-7565,-167,1538,-14256,2048,592,-3565,2271,3214,-14472,6627,13433
569,793,6162,-14964,32,210,4473,5535,6262,-12299,7033,13441
3887,549,3446,-6622,4480,2257,3893,611,4210,-1428,6389,14761
11505,1109,1946,8400,2050,2048,11635,4473,2796,8796,4071,13944
10815,4061,1406,8195,36,1284,14143,7345,1246,8008,9691,5435
11797,6449,-2696,8545,516,2073,16385,8065,-1344,8696,8557,1861
10735,8089,-5262,3456,530,-7998,15665,7917,-3194,7347,6970,-5938
9461,5337,-8424,4133,264,-13055,12115,5569,-7634,5042,4172,-12933
3545,337,-10078,1161,1284,-15360,6841,1113,-9894,1147,-5248,-15344
-7697,-33,-8326,-11247,296,-7648,-5589,-5757,-6746,-11039,-11955,-5063
-6109,5945,-2188,-18172,2105,-1488,-7211,-1987,-770,-17132,3986,534
-7551,-37,-2046,-19392,2082,4865,-7075,1559,-554,-19520,15288,5145
-7657,3993,8114,-12288,4245,8652,-7493,5435,8604,-11336,5316,12694
513,2841,2432,-16174,5379,16433,2159,3093,3584,-15798,5782,16592
-3565,-95,5498,-16380,0,9225,5513,4237,6586,-2358,8860,11146
8959,-215,-2632,4128,1104,2432,9213,4323,2102,4716,3155,7365
11761,25,-2350,2368,32,5349,11799,5027,1702,8544,329,5646
8751,457,-2666,11544,12,1396,12853,5473,-1128,11539,513,-509
9727,6743,-4494,6159,4365,-5116,13325,6525,-3974,5944,4940,-5342
11221,553,-7130,2052,2696,-11759,10817,5723,-7322,3427,2632,-8929
3077,2409,-10884,-11104,4817,-11232,6753,2483,-7688,-3307,-1622,-8573
1523,5023,-8806,-15232,3077,-6144,1097,-535,-7420,-9260,-5012,-5821
-7691,3873,-6798,-14848,264,-3710,-4567,-1705,-5816,-10594,-5398,-3007
-6157,3897,-2180,-24383,0,528,-3967,-3489,-1286,-19804,11219,1345
-7607,2713,-284,-24318,392,7053,-7173,2753,-180,-18538,13988,7190
-15217,4971,8118,-15727,4625,12352,-8759,5127,8106,-11875,6655,13974
585,2457,-630,-15327,69,13908,691,2419,1028,-14707,7464,16132
751,4997,6002,-11104,8225,13603,4715,5175,5628,-8798,9056,13789
2545,1825,1446,-10208,2336,1578,6779,2449,3346,53,6217,7576
8743,1881,1430,2112,6672,2120,9665,2505,1706,7247,-1011,6994
10755,3869,-552,10256,32,620,10905,5085,-782,11310,-21,2767
10863,6217,-1674,9282,2304,516,11667,6041,-1978,9663,2900,-1738
10965,-231,-6134,8209,752,259,10991,5013,-5560,8033,891,-4038
8703,3873,-8778,2992,76,130,8387,4331,-8016,2705,-29,-5146
2547,4929,-8800,-1726,4352,1043,7195,4915,-7778,-923,-2792,-4914
4343,1449,-8838,8,1282,-4094,3901,3199,-7464,-7471,-2466,-3246
-3601,857,-6286,-13776,1153,-3912,-735,365,-5390,-13943,1636,-2044
-4589,4233,-2428,-18336,656,1024,-4939,-389,4132,-17069,14230,956
-7609,27,-2582,-32700,800,1232,-4385,-989,-2724,-28788,24672,2388
-7531,1313,-2030,-8048,4168,10368,-6889,7901,10720,-6915,4434,10403
1633,4425,1970,-12760,2688,10512,2967,5013,3608,-13101,8240,11257
2801,-219,6778,-16127,4416,1280,3063,3921,6840,-1574,6826,10092
2081,177,1906,5173,1096,1792,6471,2103,1908,6100,1285,7982
8773,3871,-2184,305,7176,162,9019,3873,1164,8904,-887,6078
12367,4185,-2702,8352,2064,272,11885,6597,-1020,8234,3492,1564
8687,109,-6798,130,276,-3660,12565,6777,-5250,5124,4597,-2975
8691,3881,-6662,66,135,-5632,9811,4651,-4616,1853,3145,-5661
4603,3993,-8206,-4050,480,-8124,7329,3739,-7360,-3985,77,-5697
2607,2217,-6538,-10970,4121,0,2259,2301,-6148,-11039,-3560,-4693
-3953,3915,-6266,-12272,3088,-1983,-4069,-2671,-6150,-12158,3985,-1190
-4541,3865,1782,-20440,2080,4384,-1361,-1943,2334,-18825,12547,6586
-7697,-221,6522,-15808,1860,14372,-8221,253,8192,-13484,16326,15915
-7183,5145,4732,-14272,2386,18057,-521,5949,6898,-13864,15322,20286
10751,6365,12658,-8152,5645,17408,10935,12127,11814,-4223,22651,17091
9159,5537,3442,2101,519,1038,8337,6753,3164,4443,16052,8865
10735,281,-2702,5192,5,4104,10683,4673,-2198,14457,-705,4874
10735,2329,-2822,8193,8321,4424,10605,2111,-2976,13624,-2690,-1752
11055,1051,-8710,8281,4,2180,10453,5107,-6866,10624,-8300,-5102
9327,2073,-10894,1164,1032,0,8933,3507,-8466,5350,-11020,-7269
1535,51,-10870,-7880,-8960,-5102,7553,4027,-7864,-4579,-8609,-5138
499,3105,-6790,-7799,-4864,-8191,5249,3553,-6262,-8069,-4208,-5472
1647,825,-5514,-11771,28,-8118,1627,1029,-4828,-10802,61,-6140
-3455,4249,-3694,1154,656,-944,-3023,-913,-3240,-15307,777,-358
-7697,3877,3580,1024,42,8,-5319,-651,5474,-19223,10344,5242
-7663,-221,-1148,194,2597,2592,-5769,-1699,-1824,-32071,27150,4203
-15345,25,-2534,73,2062,8981,-8097,1915,7476,-10373,6572,13496
-6353,-231,-2366,-11566,4112,12320,239,5897,1690,-11793,7052,15643
575,541,-2702,-7744,8195,2053,2149,3999,3246,-7205,9107,11373
6273,283,-2542,7209,-7896,2065,6459,1663,1428,8953,-5550,10932
10993,4383,-2566,10304,6185,6464,10803,4503,474,14423,-9053,7290
11423,-19,-2494,9792,8368,592,11213,5437,-2984,9825,-3763,553
11247,5353,-4236,8348,3876,1360,10995,5751,-3590,8999,-4146,-2617
11375,345,-6220,5840,177,-8117,11245,6295,-5850,5342,-2976,-4459
8707,4061,-10668,177,1858,-8189,8833,4491,-6544,273,-2355,-7171
2547,3909,-8044,-5064,2368,-7768,6473,3733,-6674,-5140,-1445,-7233
527,-219,-6190,-14308,2104,-8144,3607,1913,-5742,-10066,-56,-6055
-3601,3929,-2702,-14848,321,-1840,-2169,-3395,-2004,-14270,6004,-258
-6665,1337,16,-15360,1894,1584,-2877,1963,136,-15430,14860,1630
-6673,-141,-1578,-30655,4128,2050,-2361,5869,-2332,-26841,23076,2813
-15569,1949,11762,-15348,8214,6553,-10871,7263,8992,-10097,9310,7992
-6665,1281,7682,-16312,10931,1024,-255,3901,7882,-12892,11313,11029
2447,-163,5528,-5983,8198,24,4185,4655,5304,-4252,8402,9675
1981,2925,3508,4102,2076,68,6095,3107,3666,6006,2587,9292
8895,2841,-1490,8242,-768,1154,9561,3361,-1872,11291,-314,5590
10739,4545,-2700,12288,17,19,11425,5787,-2618,12562,522,909
10287,6939,-4740,8290,132,432,12065,6897,-4880,8263,-48,-3390
9743,5915,-8578,8,-3743,-7130,9329,5797,-7432,4157,-3923,-6811
1041,4377,-8844,-3824,256,-8051,6601,4315,-7988,-800,-9279,-5948
2553,353,-7822,-10172,2572,-7344,1643,-485,-6962,-9444,-8758,-3928
2545,-219,-6650,-12190,3608,-5179,2431,425,-5580,-12988,-11881,380
639,3897,1942,-19950,940,8193,819,-1615,4106,-20060,1955,8443
-7663,4953,-2158,-16250,33,10424,-7099,5,9376,-11814,10821,15029
-5489,5923,-1674,-12800,4740,9221,-1165,6659,12556,-8522,22213,14413
1011,-101,-2682,-7928,2051,12352,2367,4853,7414,-3261,19421,15401
515,3883,2038,1296,2,634,5597,6345,1506,3531,15943,13792
9119,4061,1410,16,8216,358,8853,6665,1200,9836,9700,8421
10227,1053,-4748,4802,0,166,12293,7031,-3992,16076,-175,1947
8911,1581,-6280,4490,-1535,4096,10567,1119,-5296,12525,-1527,-4075
11057,121,-6654,540,-4048,513,10543,2553,-6768,5571,-3404,-4815
1655,2073,-9558,64,-6108,1281,8017,2251,-7150,499,-5987,-2131
1807,5529,-10380,-7928,1040,1064,7473,5637,-8190,-3304,-2812,-968
897,4009,-8782,-7928,128,-3040,5341,3963,-8492,-8259,1186,-3000
2577,3873,-10382,-12132,841,-8183,2119,4389,-8994,-10299,319,-5305
515,-193,-4710,-14336,144,-5113,909,2095,-4922,-13497,526,-1144
-3405,-199,214,-24446,2465,512,-2987,21,2014,-23553,13600,3026
-12817,1993,-9214,-32768,6154,8196,-10127,-6407,-9086,-32768,29960,11638
-7153,59,-2702,-3880,1554,8710,-6869,7091,10674,-3192,12760,12365
687,5179,7586,-7031,64,20484,1827,6369,9620,-6189,9444,21109
11249,2029,4500,288,1552,4096,12311,10429,3774,9595,1721,13924
10993,2105,-2430,960,152,2368,11087,5767,-812,10274,1131,3008
9375,3865,-2502,2186,807,8835,12719,6063,-3566,10149,713,-3643
10863,2077,-5190,11,1024,9218,10791,3791,-5250,8674,-2928,-4196
9863,377,-8846,4736,1061,809,12061,6635,-7740,5489,-7330,-6341
9777,303,-10744,-12254,1165,2048,9367,4381,-7522,-3402,-6098,-5991
2553,3929,-8754,-7936,6148,-10208,6201,4743,-7752,-3999,-28,-9335
1551,-231,-8810,-8180,7425,-12155,1275,667,-8012,-4955,7506,-9832
-5033,1817,-8830,-5822,17,-5806,-1277,1811,-8198,-5536,6,-5683
-6161,-231,-5966,-9920,4224,-6622,-2505,-79,-5960,-10204,-2046,187
2655,361,-4750,-18138,2053,5121,3359,-5911,-3322,-18602,2715,7088
-6621,-103,-2442,-20171,140,12416,-1197,-1725,11110,-19451,9672,12429
-7409,4641,-1644,-7358,2192,10452,-841,5441,12516,-6232,20324,10930
823,8009,-2634,-12026,3593,12325,3599,9587,8198,-11038,24255,12426
1525,4889,-2702,-7900,4993,3201,5955,6463,4648,-1721,13571,11275
9915,809,-902,5912,1665,3040,10085,5567,-752,6547,3588,7818
8751,929,-2278,4230,4226,4132,11095,5505,-2310,13249,-3064,3983
11029,29,-5450,2822,16,646,11427,4339,-5692,11120,499,-4505
8751,857,-9180,4138,2321,3778,9429,2795,-7050,4651,-1367,-4020
1651,4377,-9868,44,2115,64,7701,4639,-9270,291,-2262,-3952
1263,3929,-13482,-8159,2696,-5952,4885,4993,-11662,-3739,-1635,-5512
4243,4513,-10892,-15860,3073,-7424,4045,4539,-9392,-14402,-503,-5306
-3715,5135,-8270,-14132,4165,-6511,-19,-453,-7914,-13537,-2652,-2141
-5575,-215,-6030,-16639,16,552,-1821,-709,-5542,-17355,778,1923
-7677,4919,2738,-26108,262,2096,-3653,-3069,3520,-26277,9692,7493
-5393,4223,-1646,-30622,803,4,-893,-4037,-292,-30417,20548,6059
-13777,5155,-2702,-3572,2958,10240,-8327,6511,16228,-2648,11823,11125
1029,315,-2318,-15104,999,8744,5723,9067,12690,-9647,12322,13770
659,-231,4530,1456,6176,2608,4867,8047,4908,1021,14287,7899
1777,-231,-4,32,2584,1025,5645,3491,394,9341,1806,5751
3061,2977,-3210,7364,896,0,8201,3077,-2916,15759,-4652,483
2071,3993,-2686,3104,-4959,5162,7921,3543,-3130,10937,-4790,-2219
9263,3417,-6734,5275,-1533,4192,9061,3533,-5606,4730,-1683,-3226
783,309,-6764,52,2050,2082,7307,3563,-6728,1185,-1429,-1733
1803,-199,-8470,-8031,4102,256,5091,2149,-7858,-2862,-2788,-1065
3319,517,-10412,-8156,5208,-1304,2713,3643,-9900,-8692,-2584,-143
591,351,-6760,-16384,7024,129,753,151,-6004,-15384,-940,1408
509,39,-2630,-24576,6308,3169,295,1469,-1706,-24250,7445,4203
-4369,4889,-500,-32030,164,3500,-5037,-1437,920,-27796,17774,7857
-7441,4397,-2702,-16364,6922,12948,-7351,489,15528,-10834,15411,14323
-6607,5913,-2182,-13309,2066,21504,-3069,-9,9584,-8035,10482,23404
563,8235,8850,-11456,4108,916,6897,6725,9550,-1294,22937,14022
515,4965,1480,4170,32,4,7709,5819,2280,8030,9028,10607
8695,3865,-1148,16486,4224,6232,10967,5875,-1602,17261,-1661,6188
11183,4573,-4670,17169,4098,6658,10813,5597,-4384,16787,-3073,-1870
8975,843,-8330,5154,1040,529,8919,2549,-7098,7227,-4550,-5841
763,2329,-6798,2624,4356,3218,6537,2779,-6686,2526,-8845,-4081
2737,3875,-9358,-7646,1026,18,6445,4511,-7318,-1790,-6607,-2931
535,3889,-8582,-2992,2730,-7016,4251,4121,-8572,-2329,-382,-4669
2625,4441,-9102,-4975,3402,-5272,3193,4079,-8896,-5398,-874,-5175
1593,2141,-8766,512,4160,-7912,1429,2573,-7420,-12336,-3657,-2504
-3023,5161,-3566,576,6161,570,-1139,-955,-3076,-13146,-1910,850
1655,289,-1806,256,4110,2085,1603,137,-446,-18443,7384,2488
-7661,4025,4466,1544,724,8326,-6167,-3807,4950,-24827,17370,8628
-5449,4893,-2698,-15232,81,14408,-5455,-47,10698,-13808,15804,14915
-6929,537,-1098,-16319,32,17506,-2857,2551,3980,-14811,21200,17450
759,5963,-1678,-6021,1184,9731,921,7335,8324,-4332,13054,11787
1631,4075,2050,4,4504,2048,5863,6625,1890,1151,6363,6691
499,281,-1644,3077,0,272,7059,2183,-542,4174,2035,3665
2549,-223,-4204,3073,12,4117,7461,1859,-2646,7422,-6567,4764
8959,-231,-4094,4354,4480,2112,9091,2447,-3888,6748,-8959,2057
8687,3873,-4748,1476,0,1962,10017,4799,-3300,3912,1461,-2361
1681,-229,-6732,2624,538,7,7445,6219,-6276,2387,3644,-2564
783,5977,-9812,-8163,576,772,6231,6617,-7400,-3069,710,-3470
1531,6201,-8838,-4398,521,-5887,5751,6327,-7558,-4291,763,-4875
2579,4537,-10894,-8176,256,-6848,3913,5267,-8272,-8383,5037,-6217
-4607,5939,-10450,-12284,4932,-4060,-599,-1557,-8100,-10690,-707,-3950
-3597,4123,-2654,-19344,516,-3070,-1545,-2447,-1108,-18554,4914,66
-7697,5429,4852,-23163,4112,4120,-4639,97,4588,-21194,15332,4530
-13833,6089,-2026,-29667,8,8195,-9973,-2389,2882,-24734,17186,9145
-5649,4445,-2698,-14774,3269,8209,-4993,5337,6916,-12475,11991,11228
-5969,4721,-654,-14208,8200,16,-2587,3247,56,-5985,10679,14016
497,4021,5620,-12288,5649,68,5187,7655,5634,-1320,5909,9521
605,-205,1426,1,4369,4160,5341,2967,1664,4972,-3277,7938
2739,1217,-2622,5138,640,4292,7937,1021,-2042,14234,-16124,4479
10739,825,-2186,4610,40,4116,10593,1369,-2022,12402,-12756,-4254
10741,2147,-4718,224,2188,514,10611,2877,-4160,-95,11374,-3113
2543,5213,-9102,193,5265,228,7115,5369,-7148,3169,7000,-595
851,185,-8234,96,1280,-2911,5539,9217,-8280,-713,3175,-2935
751,5859,-9214,-8188,146,-7184,4709,5483,-6862,-5464,926,-5373
3593,3993,-9386,-11243,196,-8148,3637,4217,-7186,-10853,8942,-6515
-1973,5083,-8602,-14271,4612,-3584,-2039,-1069,-8856,-12001,5994,-971
-3527,4379,-6780,-18264,64,12,-1299,-1449,-5094,-17032,3072,2705
-7369,3993,3194,-24308,4144,4170,-2295,-83,2636,-24418,13044,6446
-7689,4393,-1614,-28512,258,8264,-8765,-3641,2026,-26370,18108,8730
-7185,39,-2702,-5504,530,8192,-3297,3797,8024,-4782,10125,13138
623,61,-2566,-6912,528,688,2619,9289,7972,-3970,10630,10848
627,3421,-2574,161,1280,3168,5675,3337,1054,2839,3473,7680
2815,313,-1854,321,289,1314,8047,2205,-1672,9774,-6676,3366
8719,-231,-3212,384,2500,4484,9195,2563,-2992,9415,-3602,-1832
9009,4377,-4622,4096,2064,4357,9159,4119,-3602,6331,2675,-3294
1679,3869,-6790,1288,3366,3586,7451,5199,-6468,1435,3408,-4144
2295,6001,-6788,-8091,2248,1027,5945,6297,-6668,-2475,3095,-5219
1967,4217,-9286,-4832,72,-8192,3491,4847,-6902,-4603,2473,-7677
695,1841,-5718,-8062,152,-7152,281,2413,-5436,-7639,2096,-7039
-3343,801,-6670,-13556,516,-5622,-1111,543,-5512,-13072,-2153,-989
-3589,4123,-4746,836,2056,256,-437,-2943,-4110,-21323,2914,5181
-7601,5979,822,-16797,6151,4068,-3249,-1983,1106,-16732,7322,8526
-7681,6441,-1678,-16351,4130,8228,-6091,-463,7274,-15523,12917,10053
-7697,685,-2688,-12256,1,12384,-6559,3281,2934,-11858,7916,13766
2547,4157,-622,-7668,274,130,2411,7075,7700,-6708,3933,11251
1039,2217,-2318,2056,2944,10370,3129,2057,3416,4033,-1837,10903
9855,3897,1074,5415,36,2256,9205,4591,660,16155,-3853,6012
11249,3907,-1662,168,4135,5184,10727,4635,-1814,9079,24,-2552
8815,481,-4664,584,648,5170,8823,2541,-3464,1609,4185,-2976
2081,4129,-6796,940,2120,1068,8041,4283,-4836,966,3509,-2815
887,3865,-6790,-12152,22,-3580,5183,4761,-6712,-3704,4340,-2224
2819,6715,-10126,-7632,4161,-7356,3561,6369,-6866,-7767,5615,-4489
641,2361,-5710,-11952,128,-3712,73,3255,-5028,-11643,2499,-1955
-5497,25,-6014,-16000,22,256,-1675,287,-2442,-14589,2722,1954
1555,281,-1550,-24575,3072,4428,1681,1697,-1662,-21912,8293,5600
-3529,6951,2038,-20346,212,8328,-3575,-511,4664,-18002,13619,9666
-3745,-179,7698,-8116,1320,12929,-4327,6917,6334,-4102,13675,14401
3583,-165,11058,-7872,5312,12800,3997,7955,11752,-5681,16163,13169
1455,3865,-2638,-7680,1043,10824,6773,4713,6518,-828,20384,10513
1553,-231,-776,80,1041,4976,6033,5955,1002,7234,16589,5773
1015,4893,-6786,3456,640,3340,5801,5001,-4190,7782,3843,3351
1521,2985,-6284,1,8206,106,7605,2725,-4128,2239,-3692,849
3429,-221,-6684,9,19,193,7283,2597,-6580,3713,484,-4159
2551,793,-6670,-7128,4104,1248,7535,1761,-6720,-2957,5065,112
2847,4893,-10878,-8190,40,-1533,7771,5249,-7492,-3784,67,-1387
2559,5913,-9726,-5455,25,-8082,7455,5895,-7592,-4321,-1208,-5185
495,4961,-6630,-8192,1028,-7911,5247,5415,-6858,-7427,1690,-7476
-1937,11,-5742,-11218,612,-5648,-39,927,-4954,-11421,682,-5498
-4991,3877,-4732,-19196,1541,-3582,-1481,-2663,-4148,-17511,2036,-928
-7565,39,3986,-20446,1415,4192,-7411,-6729,4628,-18057,6255,8489
-13323,-231,6898,-20384,70,14498,-9799,-6073,8960,-16681,13452,16456
-6927,801,6138,-8192,592,20676,-1991,1623,4794,-5997,12447,22006
2039,811,7762,32,4560,19530,4513,5437,8062,2282,12424,19591
9717,3945,-2652,771,9349,2,9661,12111,2038,7155,9251,10166
9731,665,-1670,210,1572,4097,9993,8441,-1354,10661,1073,4004
10807,1251,-2026,28,5826,8220,10491,5301,-4350,9573,-2529,-4145
8761,-163,-6334,4372,144,1568,8441,3707,-6268,5096,-5940,-6493
2639,1881,-6764,-12541,8224,2,7333,2505,-5552,-656,-5988,-7107
769,2337,-6790,-16351,3585,1224,6347,3371,-6510,-6796,130,-7009
1455,1899,-5948,-6072,2342,-6866,2933,2531,-5862,-5493,3269,-6322
1523,351,-5690,-8044,-1179,-5500,1883,1369,-4860,-8378,262,-4399
-4335,-103,-4726,-15968,-576,1,-49,-277,-3234,-15868,-11,450
755,5093,-622,-24448,6325,2120,825,-1149,-472,-24572,7807,3351
-5903,4969,-2506,2,2377,8230,-5859,-3129,5816,-16300,10891,9765
-7377,537,-2294,-8186,6168,8772,-4723,7103,8604,-6771,14899,13086
631,855,-2536,-10967,8196,10242,935,7119,4066,-9807,13178,9803
495,2993,-1964,-7159,8208,8223,1251,8103,2782,-1505,7778,8579
1795,-99,-1550,4108,102,667,3815,4025,-724,6525,-556,7117
2559,-223,-2174,656,1986,4128,6733,3951,-1988,8467,-6614,4446
1007,3897,-3470,4163,-7376,129,7223,5443,-2498,6224,-5958,2106
2113,3871,-4734,4288,456,4373,7867,4547,-4756,5967,-3493,-1823
2631,809,-4740,0,3088,2065,7867,3117,-4218,-104,-531,-1977
2543,3881,-6606,-8191,1152,172,7307,3941,-4580,-2478,2050,-1709
783,2667,-6118,-8144,2052,7,4421,3413,-6014,-6624,2320,-633
2741,-167,-5518,-14976,4,516,2343,1891,-3346,-14991,8497,1023
2107,-215,-2698,-21662,5360,4096,1827,-423,-1328,-20680,13957,4838
1777,287,-2062,-24544,4229,7340,1121,371,-494,-21645,15620,7427
-4625,5401,12164,-3838,12,4100,-685,8693,13016,-1785,16696,6731
-6143,7965,-2638,-7679,384,8838,-3241,10077,7192,-4641,9674,11102
503,7967,5670,2096,4112,4228,1227,10035,5856,3650,7761,4254
-2879,-219,-524,8740,514,1028,5139,8003,-624,9131,2155,726
8687,25,-2278,12298,1044,24,8793,4417,-2388,12452,-2617,-3741
4591,101,-2594,9216,-4016,2054,8715,467,-3814,9787,-2677,-9629
4727,2473,-6794,4102,-3355,512,7097,-613,-7018,4037,-1798,-9324
623,187,-9086,-5567,-5920,1024,4973,585,-7132,-1469,-5869,-4192
645,1857,-6660,-6144,514,576,4353,1607,-6324,-5547,-6911,1047
1007,-83,-6278,-14224,513,2376,1333,59,-5926,-13319,2785,2583
815,4889,-4364,-14462,1220,4500,881,-557,-3454,-14651,2051,6023
1041,155,-494,-21490,291,5408,457,205,-150,-21802,8880,7732
-3593,-231,1560,-21566,6406,8192,-2369,467,3376,-16725,6474,12186
-6537,2349,8570,-16318,2064,19456,-1785,4241,8936,-11794,11099,19483
879,8091,10676,-7564,3234,16946,2593,8749,10686,-4743,19996,16838
495,7961,3000,1458,72,8203,4601,8397,4734,2669,16083,10438
1553,-223,-266,900,1857,3369,5851,7965,-384,11392,5269,3099
2545,2841,-3454,4929,561,4484,6701,3427,-3590,12648,-3524,-1646
2747,-27,-5702,2595,664,3489,7369,2257,-5560,2305,-2942,-4696
1039,2165,-5754,-11576,780,2176,5381,2025,-5588,-91,-3285,-795
727,3913,-6798,-10958,193,-3072,5205,4355,-6668,-924,1711,-3051
2575,545,-6710,-8040,524,-1456,2093,2919,-6576,-3765,338,-1252
2867,37,-6774,-7040,4102,-3516,2697,2691,-5188,-6946,-1673,-1026
1519,29,-6190,-13184,1185,312,1309,-153,-3886,-12795,1914,3080
5615,-231,-1998,-16368,4100,5376,3621,2999,-1092,-16178,7038,8098
-4695,981,1444,-22902,4232,4264,-981,1069,2858,-18117,13214,6684
-7653,3489,1702,-14078,5440,5266,-2883,3915,3280,-10099,15912,7717
-3953,3869,8184,-15592,6688,9216,-4029,7757,9030,-13027,16205,11455
-7429,8985,6514,-10175,9312,133,319,10705,8712,-9514,15727,10184
2673,2969,1402,-11901,10304,609,2509,3677,2812,-2021,10263,9849
5239,1817,1338,5185,2496,4100,6291,2451,1034,5577,2399,4431
4611,93,-1390,2064,-2000,1273,7919,1141,-626,6184,-1886,1381
9511,969,-1780,1960,880,3585,9297,2991,-768,3860,-945,-291
9199,1049,-2502,18,1153,-2802,8949,5105,-2642,1009,5604,-2817
3075,-225,-6796,-7734,5668,-4687,7687,6437,-4058,-1541,5581,-4309
703,4891,-6606,-8052,26,268,6271,5509,-5620,-3294,2007,-5906
2575,-31,-6398,-3940,148,538,2873,2847,-5642,-2410,52,-6535
2695,-23,-6236,-3888,2764,1028,2147,1655,-6224,-3683,-1368,-4487
-3753,5153,-5614,-10067,129,-767,97,-575,-4840,-8887,-3664,-188
-5137,5405,-2646,-17656,64,5126,-1233,-2401,-232,-16963,2509,5946
-7047,-231,5490,-20440,1140,8204,-2767,163,7518,-18770,11694,8572
-7049,8609,5596,-14334,4196,10508,-5817,10835,3398,-16034,15937,11062
-7465,7961,10294,-8158,3592,10310,-329,10289,10202,-7483,11657,11172
3631,3907,2434,-7423,8456,8321,4051,6839,1920,-3859,10747,9798
4655,2841,-590,105,2085,5261,4927,2911,1138,5681,6138,5304
2897,2081,-3722,10192,772,2370,6939,2251,-3924,12027,-5267,2295
4623,409,-4190,172,1120,1033,7507,2437,-4164,3969,-10311,-1017
3695,889,-3694,-8112,516,33,7527,933,-3810,-1594,1453,-3237
515,1817,-6218,-10204,5762,521,4349,3057,-5898,-448,5875,-2439
2559,2447,-6798,-14332,6440,-470,2983,2375,-5600,-6164,-1073,-255
2551,1821,-4614,-10238,4160,1545,2555,2857,-3580,-10286,-1512,1772
559,283,-2302,-13047,5392,2125,737,1103,-2288,-12790,5748,2248
1391,153,-1390,-24048,293,5152,1197,2191,-1066,-17485,6062,5412
-5593,317,9620,-23296,24,8432,-1583,1017,10758,-14822,12595,11293
-5513,4893,7762,-16183,641,16589,-1143,5477,9242,-11616,17585,17764
3111,1053,11634,-8160,672,10370,4417,8333,10994,-3371,19326,14717
2555,5689,1398,-7166,1026,8264,5727,6151,1560,-278,16325,10263
1775,6521,-2174,8257,569,1289,5973,6215,-2062,9725,6331,5798
751,4095,-6234,1033,8332,106,6303,4707,-4424,9434,-3649,1504
3663,49,-4714,1111,4425,36,7703,4701,-3790,3024,-9340,-154
2543,-207,-4082,2130,11,4096,7571,3287,-4092,2268,-7086,-3120
2683,4379,-6796,1107,-5072,4096,6903,4461,-5126,626,-4281,-3987
527,3977,-4878,-8061,-3672,1056,6391,4947,-4798,-4245,-1273,-2942
769,5045,-6784,-5630,-2040,160,5151,4977,-4570,-5625,-1346,-4013
499,4137,-4708,-11264,4,-3904,4365,4031,-3322,-9450,349,-3705
-4065,-197,-1610,-14080,16,-2816,-285,1535,-1014,-14460,3608,-513
-6161,459,120,64,1102,2048,-1503,3255,226,-16438,11497,2198
-4607,4191,-2698,130,274,24,-4767,-4071,2524,-20818,10074,7313
-6599,91,-2700,-12216,96,8784,-2347,3121,2940,-10732,9550,14361
1215,7465,-2670,-5536,4144,10767,1157,7561,8846,-4811,12653,10420
2583,4649,-2054,225,1278,384,3161,4439,1816,6066,602,9712
2043,-199,-358,8208,8372,777,8311,4363,-664,12509,-7969,4648
8735,-161,-2550,817,146,532,8709,1633,-2676,7642,-6913,543
9615,57,-3782,3332,385,2895,9321,2103,-3768,3568,-6353,-1182
9621,2105,-4046,-9648,1163,4165,9301,3153,-4128,-264,-2530,-2154
1071,4263,-6734,-8760,4624,657,7077,4273,-5704,-626,-506,-3555
2789,793,-6664,-6885,4228,568,3815,3339,-6236,-5199,-200,-4075
-5587,1955,-4194,-15776,1026,-3067,-425,1693,-3368,-11748,1331,-2497
-5329,2433,-2318,-16350,3202,-2046,-1461,3015,390,-16946,8359,-628
-5647,-221,-632,-24254,2060,2162,-7037,-387,1146,-22649,13992,4102
-5425,1193,7862,-12399,2560,12613,-2963,3769,7564,-8831,7801,15020
1271,4025,7538,-16352,2,13842,1393,4071,8254,-12446,14656,16032
3125,-189,-2702,-4064,1424,12306,4217,3261,8458,-2953,15721,13073
887,1311,5586,2664,0,8224,4835,5369,5530,3237,7614,8093
2545,5689,-126,4098,7169,4097,7661,5933,456,7373,-1125,4084
3577,281,-2702,8196,144,624,7683,3359,-2558,11036,1437,-2839
2823,2913,-4734,5376,1026,1138,7621,3001,-4686,5203,-4558,-2974
2871,-27,-4650,-6128,-5631,2053,6685,1895,-4692,-1031,-5008,-786
823,2393,-6270,-10240,160,2184,5611,3457,-5232,-871,594,-1448
3103,3999,-6664,-11904,3120,1280,4203,5449,-6088,-3770,3204,-805
3829,3897,-6414,-8111,3725,-752,3783,4707,-5802,-5761,-780,-561
559,827,-6286,-8192,4240,272,3833,3295,-5338,-7981,-1202,2357
1071,5025,-4750,-16125,5527,384,479,-1073,-4522,-11430,-2382,3788
-4617,25,374,-22528,162,4776,61,211,1898,-18138,5385,8036
-7697,-71,11638,-16190,33,10497,-1749,5309,13342,-15058,17006,10329
-7697,-63,10620,-8159,3104,577,-2095,11073,11088,-4381,18945,6046
-6929,1911,5298,-16374,4610,2561,-1459,1599,9650,-7474,8311,9113
1801,-195,2850,13,2324,1088,6387,4223,3126,1319,6224,9151
3569,1325,-390,7809,260,1632,7811,987,-918,8001,4386,5681
8975,797,-5970,3712,16,522,9187,1365,-3888,11819,142,1527
3055,153,-6414,8209,5005,1032,8219,2783,-5952,8514,-3291,1010
2691,3947,-6794,916,4672,624,7251,3857,-6740,1485,-3243,708
497,3907,-6726,-4094,648,6,5555,4913,-6644,-3145,807,269
577,6185,-9228,-8172,516,-1885,4581,6199,-6778,-6177,2079,-447
1537,3939,-5070,-11253,672,-1968,3589,5293,-4432,-9415,2776,-159
1015,4073,-1678,-16320,3328,618,3169,4837,-1444,-13903,3605,1051
2799,1433,-478,-18348,536,256,2991,3835,1152,-17754,14508,781
-3341,601,-568,0,3564,4161,-2865,-237,1208,-16122,15733,5430
-6273,-227,-2698,128,2114,8328,-2389,3275,6112,-13631,15334,8914
-7053,5985,-910,1024,274,8996,-1979,6065,7332,-8893,16888,12097
1583,8059,-1804,-7872,4162,8332,1915,7797,3264,-6128,14858,9514
539,6425,-2668,1606,4106,4357,3379,6365,-912,6211,11491,6309
753,1947,-2162,4361,4192,2496,6123,4983,-4494,12772,-4301,3480
2593,353,-1644,8901,1073,262,7791,4797,-4858,10690,-11072,121
1271,3133,-5758,4770,1168,2573,6083,3363,-5066,6470,-10247,-1429
1529,1055,-6718,136,528,2101,5733,2671,-6774,-33,-6358,-1851
1587,2013,-6738,-11535,5252,1025,5465,3293,-5728,-2235,-1691,-2866
2543,4129,-5774,-13535,400,-2528,3745,3981,-5592,-5409,505,-2416
1013,3099,-5742,-7936,41,-1790,1855,3491,-5514,-8046,-3,-1568
2679,941,-6080,-15711,34,134,2433,2753,-3578,-11880,199,723
949,-231,-2382,-20267,144,2626,2975,941,-2036,-19118,2827,3039
1599,3945,-2534,-24576,2048,44,561,-2347,-1974,-23585,7685,4279
-5649,4889,5882,-20448,408,37,-4345,-2349,7084,-18279,6315,11392
-7183,-213,-2702,-4060,851,272,-2863,-5603,11474,-1398,13022,16292
1519,-227,-1566,201,6145,8860,1617,7649,12040,-114,22904,11767
1009,8385,5490,-3752,6656,12576,4661,7669,5926,-1025,14682,12454
759,5189,398,2984,11,16,6849,4871,824,7863,1889,10043
2227,153,-2702,12108,1798,162,8485,5175,-4800,11891,-4297,4438
3599,-231,-5102,8226,2336,2316,7363,3777,-4728,8143,-594,-443
3635,3929,-5774,560,1297,644,7599,3969,-5388,4501,-802,-388
3573,4145,-6722,25,4100,512,7341,4271,-6674,2146,-2037,-1285
2831,6009,-6286,-11776,5131,-2912,7703,6085,-6268,-1650,-475,-2431
1647,4445,-6390,-6078,1312,-4062,5501,4423,-6616,-4563,1850,-3920
627,281,-6234,-15036,5133,-4063,1379,85,-5792,-11015,6045,-1227
-3345,-231,-4676,-13183,5216,144,-3439,-89,-4456,-13486,8096,4129
-7631,3873,2046,-22272,4621,4113,-3995,4009,2880,-21558,14922,5726
-14861,801,-4742,-15740,2608,9733,-8891,-1587,-3844,-13639,9491,13115
2707,4651,15762,-15280,1284,18,7133,15479,15332,-9063,18531,13734
2559,4185,5490,-12784,272,2704,5955,5159,5674,-4893,16367,8377
3591,2457,1994,28,3396,2158,8055,1939,2006,6667,3127,5885
11001,-215,-806,8449,544,145,10515,2855,1286,9659,1051,894
11001,3049,-2364,3472,898,0,10931,3465,-1694,7568,1700,137
8751,4889,-4092,4101,164,138,11433,5423,-4106,7784,2724,-3800
10735,-227,-8292,2228,142,288,10405,5473,-6886,2188,4443,-6051
2543,1817,-7918,162,4104,256,7343,3663,-7912,1329,4226,-7246
671,-167,-10364,-7916,5249,-6011,4477,2397,-9018,-4009,-1033,-5443
2863,-213,-10626,-7616,546,-7392,2297,2243,-9154,-6883,-4690,-5122
791,937,-8780,-12864,4234,-4062,517,1335,-8356,-8384,-2483,-3325
-5553,3881,-10138,-20416,388,-5087,-1793,3505,-7284,-19838,2772,-49
-13159,95,1394,-24502,6210,1680,-9177,-437,2260,-23164,8074,5595
-14737,8001,5494,-19962,6144,2080,-11049,-1669,7082,-16252,14019,7751
-7553,7999,6010,-14336,3682,16992,-2749,-1009,5646,-13959,3414,19086
1011,3881,7546,-14336,4180,128,6071,3289,8580,-8123,12110,14470
2543,1849,3442,-4096,275,11392,6829,1359,3260,98,5726,11568
9711,1817,2418,8616,-1919,0,9431,1833,2012,10869,-1142,7903
9769,409,-1802,8928,-1304,384,14067,4705,106,10673,-660,2523
9135,4153,-2184,4641,5222,2114,12747,5151,-3372,5499,5105,-2084
8979,-231,-4620,69,3328,1264,12593,6337,-4520,6511,3605,-7238
8715,5185,-7822,328,2073,256,9809,5115,-7420,2158,2240,-11249
511,-219,-10630,-12096,9248,389,4991,1551,-9458,-3064,-868,-13330
-5369,3873,-8440,-15360,32,-10224,-651,-3151,-8652,-6968,-96,-9799
-5647,3887,-8718,-16230,3596,-3439,-4859,-2061,-8544,-12105,59,-2820
-6523,6201,-2158,-22528,132,20,-6755,-1453,-1596,-18689,4830,3128
-13713,9281,2522,-22456,280,2778,-9531,-689,2738,-18017,8352,8265
-7569,61,6130,-15472,0,10373,-5855,801,7412,-11297,2805,15875
2671,3935,9842,-15598,5,12547,2531,4495,9896,-10206,5622,16287
689,225,5570,-8127,4865,96,5553,3637,6538,-2701,4348,13439
8991,57,1426,8992,2618,1281,10289,2687,1770,11953,-1505,9845
9457,3941,-1022,9633,274,1538,13075,4551,-1132,12125,1712,1146
8895,3873,-4002,8256,40,4096,12571,3877,-4060,9784,1282,-3843
10769,-165,-2566,4642,-508,1,11495,2019,-6418,5828,-200,-7472
9399,4137,-2688,56,40,32,8779,3961,-6738,2360,941,-7468
1015,6129,-9022,16,2116,69,6891,6397,-8706,-365,-5253,-7223
2759,-99,-8542,-8188,4248,275,2603,1809,-7934,-8046,-1516,-9631
-5585,-213,-5510,-14272,64,-8151,-683,1629,-4958,-13354,1998,-6860
-7625,121,-4702,-16282,1025,-3319,-4167,-161,-4558,-12212,3660,-2945
-3953,181,-2686,-22006,139,5,-4109,-6319,-3642,-17872,1528,6658
-6159,10713,5874,-20804,8513,4102,-3227,-1057,5966,-16360,9279,12475
-7453,1853,4730,-7644,8224,4245,-3513,2801,3340,-8182,9529,14531
2551,5285,9866,-16362,1218,10370,4247,5571,10862,-8823,9252,14289
633,793,6794,-3742,9763,160,6477,5287,6646,-2966,11327,11498
8709,81,2194,1072,4101,1024,8275,2633,1860,5696,4186,9080
10739,2937,-2702,10528,1536,2576,10961,3641,-304,10530,1897,3509
10015,6297,-1928,9386,2114,143,12139,6589,-2146,9442,3845,217
8975,6633,-2094,864,1024,3200,11699,6443,-5916,6771,3777,-5208
9905,5915,-6670,96,5,256,9819,6075,-6636,1731,-217,-7831
1555,4193,-7770,-7920,4149,1036,7281,3973,-7232,-1764,-1155,-11319
2799,665,-6798,-7670,4296,-11263,3775,2549,-6654,-6778,-2925,-10419
-5585,3865,-4494,-15339,4192,-7616,-1863,-1347,-3568,-8479,-2254,-4995
-4609,-37,-8260,-13984,1554,-6080,-311,1261,-7128,-14062,2237,-378
-7625,4725,2546,-19672,5157,722,-6961,-2653,3466,-16406,6488,9332
-6369,-115,7986,-16320,8192,4096,-3979,2993,8544,-14046,12542,12603
-6279,-231,3474,-14076,6528,17352,1247,5979,3734,-9955,6276,18132
3611,4189,5538,-16216,8736,15618,6389,12769,5754,-11412,14539,14150
815,3949,2164,2114,597,256,6661,3757,2258,2838,4163,8389
10047,-223,130,8224,-2144,4576,9981,3699,76,9556,-2155,4243
11815,3869,-1630,8193,128,8195,11467,4463,-1758,8365,1174,-1802
9743,3873,-2306,1024,772,8256,11593,4137,-3772,7106,-31,-4348
8779,2463,-2700,2688,224,8264,10489,3387,-6988,2523,613,-6784
495,2333,-8770,-12144,1033,570,6655,2207,-8040,-2887,-5309,-7662
527,5273,-6270,-10238,8208,2152,-37,-1343,-5680,-10743,-5047,-5700
1007,345,-4710,-16335,288,70,1325,277,-3262,-14000,1367,-2856
-7689,-203,1462,-16384,4608,2210,-7599,903,2158,-12376,6420,2802
-7625,475,2486,-23488,4096,1031,-7483,4207,5098,-19069,13641,6347
-11405,-39,5506,-7992,6177,16404,-7829,1723,6540,-6614,6983,19786
2631,809,10130,-7092,2,8221,7093,9111,9862,-7249,17280,15642
3185,3933,-2700,-4064,7,9088,7001,5455,2698,-3481,16982,11849
8817,3867,-524,4103,96,8209,9251,4779,60,4457,4053,8549
9919,-231,-2564,8496,2304,12,9817,4565,-2258,9912,3515,2294
8827,-165,-2634,44,1161,2689,9311,4271,-3584,5240,1217,-1570
8691,363,-2670,648,-4079,4128,9661,4441,-4628,2755,-3077,-3679
2561,1817,-2702,544,128,8196,8081,2965,-6890,837,-3839,-5477
1529,3035,-7740,-12220,17,2312,5327,3193,-7530,-4475,-4922,-4865
1593,-199,-5774,-10104,4496,4104,2043,757,-4562,-9495,-2291,-3306
1135,537,-2702,-16128,2305,1120,811,941,-2340,-11061,2501,-320
623,4043,-588,-21848,2213,2136,971,3901,284,-21253,8319,2927
-7633,1817,5490,-22256,2054,5418,-7049,2095,7640,-17651,15909,8346
-7597,6465,11794,-16374,2816,11488,-3495,7751,11020,-16161,23382,11853
-7681,1897,5524,-15324,4228,10500,-2383,2805,6384,-12440,13478,16672
1151,4477,7058,-5080,2242,9354,6263,4837,6736,-4145,9880,15500
8687,3233,-2406,2054,1112,8328,8891,3463,2326,4817,5712,12308
10747,3993,-2574,9513,2048,2080,10373,4013,-1172,10428,3198,6279
8703,3871,-4206,9354,9220,587,10009,4523,-3852,11427,-1265,707
4591,1093,-5646,4928,288,-7867,7981,3375,-5532,6695,-6207,-3908
4627,2397,-2696,-8176,-11261,4202,7107,3591,-6320,-1704,-8691,-3899
2063,4003,-2126,-13561,936,3329,3967,3915,-5704,-3836,-2983,-4898
1647,2875,-5750,-16362,305,8328,1953,3119,-5818,-3242,2049,-6016
767,2345,-6542,-13567,2304,5377,995,2175,-5632,-9831,2897,-2277
-5871,2329,-4194,-13183,1088,196,-263,2471,-2432,-13054,1572,914
-5641,5929,1906,-16350,386,4096,-2077,8523,2918,-16874,10169,4535
-5499,5939,2850,-16000,1110,1441,-6709,-2917,5100,-13952,16973,6134
-7305,-207,6002,-6912,4696,9329,-2863,2485,5188,-6489,12842,16539
1151,9007,7546,-12716,5120,9484,3543,9441,8638,-7863,13918,15576
3571,6201,3474,1156,9888,9219,8001,6697,3790,1977,9429,13188
9191,4249,-622,2048,0,4,10333,5683,-610,8073,4375,4590
8703,-93,-4686,4160,8330,-2044,8753,3779,-4354,4909,-1635,-948
4097,2363,-3674,240,-4096,-4976,8099,3515,-3200,890,-3809,-735
3701,283,-5246,3,1025,4096,8159,4117,-5162,69,-4864,-4118
2547,903,-5664,-10746,1668,1666,6795,2971,-5406,-2711,-42,-6579
-4111,4761,-7560,-13309,3202,0,3675,5739,-7040,-5013,3127,-7051
1271,693,-5764,-8148,1024,12,841,2621,-5588,-5128,1207,-5886
-6137,1113,-4734,-16336,129,2190,-117,2789,-3134,-10505,5141,-3824
-4993,289,-1838,-16268,2050,262,-4319,457,434,-16041,6201,1791
-7529,-229,3446,-24312,4163,5636,-6387,-493,3886,-20914,14916,6549
-5637,2969,9600,-4852,256,10273,-5183,4031,10116,-3895,8660,15459
1713,4905,3960,-6246,10,16577,7157,6529,4306,-6277,8697,16101
3351,6241,1650,328,17,9266,8823,6317,1704,3723,8396,9856
10735,4063,-1806,145,3137,3073,11067,5137,-2054,7390,3108,2625
10075,2985,-5710,2050,9264,1968,9361,2619,-5186,3070,-1087,-1759
8725,2203,-6532,-7167,256,785,8177,2103,-5140,-614,-6070,-3280
2675,1861,-6542,-13272,1040,2499,6615,1711,-5838,-5430,-8567,-1580
1683,-103,-6506,-11752,269,4128,1581,131,-6426,-2865,-4740,-3798
-7569,1833,-2190,-12008,128,4352,-1121,2051,-1916,-4524,2891,-2221
-7697,-167,1428,-16064,2114,2401,-1105,4427,1852,-16134,10875,2557
-7025,3949,7578,-16352,132,49,-2165,4707,9194,-14654,8483,8534
495,2331,5972,-13883,784,912,3661,4361,7542,-8567,9608,14538
495,1609,9658,-2941,0,6144,6349,9137,9966,-1603,21749,7391
1543,4385,-574,2400,1228,4290,6141,5545,610,2656,14266,8160
8943,4905,-638,322,449,2064,9441,4499,-198,6402,3973,6339
9459,793,-3176,34,1200,2048,9185,2835,-2848,6678,9706,1601
8745,4441,-1966,1561,8196,130,9563,3949,-5050,3815,7935,-36
8713,5401,-2702,1136,1012,16,9223,5547,-6296,3672,1672,875
3155,5721,-2062,125,8458,-8040,7685,5565,-8772,2436,-2777,-3571
1519,2097,-2414,-6656,2177,-5104,5473,6111,-8240,-4812,-5055,-4820
4123,1933,-2572,-8095,64,804,3661,1685,-5320,-7991,-3422,-7488
753,-15,-2530,-9464,-3672,521,491,941,-4836,-8548,-3660,-5048
609,97,-3150,-15352,2337,5760,1023,2281,-2982,-15197,273,-153
-7373,7241,2422,-16287,136,512,-1871,-493,2408,-15836,9295,1864
-7023,691,3542,-15854,1024,64,-4673,1997,5048,-16043,11879,5728
-6625,-93,10134,-8166,80,1236,-6101,891,11674,-3234,8226,12277
1335,6041,6420,-13822,547,14350,3827,6829,6874,-9722,13650,15493
559,8059,6642,-4062,780,8225,5177,8249,7208,-987,10945,10508
4079,6937,-2396,4180,3333,3588,8013,6675,-118,5853,3664,7831
8699,4697,-3950,6669,4196,3457,8763,4379,-3732,7476,-479,3276
4671,153,-4750,4199,8323,1033,7759,2211,-4688,4476,-445,1390
4657,1343,-5172,-4070,8256,3091,7555,3633,-5014,-955,-3149,3377
1907,4197,-4740,-5119,11104,2177,6375,4271,-4710,-698,-878,1963
1745,1889,-6254,-6143,1578,-2333,5437,5811,-5818,-1797,4117,-2137
4607,1821,-5758,-8092,34,-3300,4241,6055,-5588,-6442,4124,-3367
523,65,-3188,-10214,377,133,1657,3893,-2494,-9343,4927,-5479
-7121,819,-2700,-11124,8196,8194,-1183,3427,144,-9523,8801,-5744
-5009,795,-2690,-28616,2825,8752,-5897,655,3312,-16581,19559,-906
-17597,8929,-2188,-14270,5134,2368,-9725,-4589,576,-12745,13031,11686
2815,3997,7092,-16348,4160,14,4777,6627,6918,-6761,14814,19635
10995,-49,3954,-7611,3202,16170,10549,9445,3122,-1459,12024,15920
9009,4889,-2302,144,33,12548,10403,5859,-1632,3883,2625,12230
9919,295,-638,6432,4,2864,13621,9729,-252,6481,1353,2396
12275,5081,-4350,4664,513,-8168,11821,7387,-4520,4631,1372,-3274
8689,4581,-6788,352,0,-8190,10475,6489,-5342,3937,94,-6744
4791,3867,-6542,2418,4402,-5615,7973,4697,-6436,2233,-2457,-5437
4593,849,-7302,-3383,145,-7295,7365,3497,-6858,-2597,1063,-6290
2929,-167,-2542,-5598,1088,-8158,3025,1805,-8126,-5390,1151,-6651
527,77,-7298,-8158,1792,2767,1009,2945,-6928,-8468,2117,-8133
-7089,1609,-3466,-13755,4524,132,-2527,1717,-2638,-14114,6070,-5741
-7409,2341,1530,-24576,11076,8228,-5271,1855,1616,-21501,11061,-3059
-19697,7993,4978,-16367,257,10272,-11353,-4723,5616,-4487,748,11312
-4557,61,-2700,-15954,4368,8356,6447,5387,3900,-6282,7626,14084
2705,5337,2616,-7936,512,1497,8469,5929,2962,-2457,9750,9833
11183,6233,-2132,775,50,8,10861,6227,-1328,5237,845,3977
9155,6329,-2220,354,4158,512,9833,6223,-1044,5624,-1182,419
8759,5913,-2638,4145,528,-6128,9031,6397,-2562,4139,1012,-2165
8695,4891,-5240,1158,1025,-7662,8871,5157,-5340,1382,1320,-3535
5615,3913,-6538,-3834,515,-7966,7355,3737,-6466,-2871,361,-4901
5103,793,-8014,-7596,1280,-8086,4693,2801,-6788,-8047,-4274,-3250
-7407,5929,-2510,-13036,17,-8192,-1649,-1629,-2114,-12763,1435,-1515
-7565,3025,-2702,-18928,840,7,-4237,3173,-332,-18825,17906,207
-15073,1113,-2530,-12272,2241,72,-10879,3927,6628,-7561,10932,6152
-2033,2077,-2502,-6076,3074,0,-1567,5965,2064,-5824,3550,12553
559,1321,-2702,-7135,5385,56,4511,5021,6384,-4217,7798,10372
2559,285,-2574,16,8224,8256,7021,3571,-64,2397,8335,7952
9711,4377,-1534,2084,2057,4109,9761,4569,-1460,8308,1553,5190
10991,1049,-2700,8450,4368,288,10727,5125,-4536,10350,-1058,74
10833,5921,-5612,200,5507,61,10365,6037,-5812,4538,-162,-3405
2591,6437,-8764,2056,6241,-7928,7545,6835,-7506,1869,-1360,-5189
1075,1917,-10622,-5296,5376,-5120,4715,3345,-7924,-5544,-2813,-4484
1541,-221,-6670,-11260,5135,-7744,1397,1627,-6706,-10805,-2022,-2521
-3407,3995,-5758,-16064,128,704,-1389,-1069,-4866,-16192,2435,1093
-6653,345,-2254,-19144,4992,3968,-837,2533,4350,-18125,13809,4275
-7535,221,1468,-8128,8200,13312,-5913,1739,3386,-7807,8892,13924
1167,8473,9586,-13035,3609,10528,4589,12597,10304,-9391,20952,13902
1647,5917,3584,-7040,8336,516,3205,7417,3368,-2876,12577,9021
543,3631,-124,24,0,1024,5849,3481,166,8238,-364,7333
9231,921,-1644,5192,268,832,10227,5043,-1734,13680,-3271,1573
9375,3897,-6282,8576,520,5636,10049,5269,-6122,9471,-2198,-2505
8951,3869,-6626,2176,305,2114,9055,3697,-6358,2498,-3109,-4626
509,1825,-8438,-11518,324,0,6389,3333,-6986,-3547,-3692,-5202
707,3553,-5992,-8012,1346,432,5239,3643,-5918,-3926,-177,-7384
-5897,2273,-6122,-7300,1217,852,-177,2075,-6034,-7296,1297,-6169
-6097,-157,-4174,-15181,1110,-1781,-2107,689,-3798,-13389,1250,156
-3569,-183,-2622,-17792,3728,4096,553,1111,-2052,-18369,4384,5018
-2401,-231,-398,-24920,4353,8208,-2721,-4735,528,-24041,12552,9964
-6545,25,-1642,1568,2946,3373,-239,3129,10914,-9135,12331,12078
-7693,1473,2450,193,4868,4160,-4341,4753,4066,-11155,14085,13605
499,793,7544,-7932,512,12577,1181,10293,8384,-4416,7226,12474
1263,27,-2686,-5086,3144,331,5265,5195,2982,-240,3360,9024
9201,4969,2458,4257,518,4246,8943,5183,2650,6871,1506,4983
9823,4377,-428,8720,576,1043,10413,4547,150,10232,2873,1240
9215,4255,-4750,7176,66,3617,10299,4233,-3974,7220,857,-323
8697,3979,-5998,4224,660,16,9381,3805,-4982,3872,1439,-3783
2561,1381,-6734,2049,4160,273,6923,3263,-6080,2476,-1701,-4269
2607,2881,-6526,133,17,-4063,6503,3671,-6472,2811,-5684,-3839
4773,417,-6764,-7646,4513,-4088,4705,1519,-6186,-1558,-3300,-2901
-3341,289,-8590,-8094,102,-5886,-371,1123,-7162,-8157,2164,-499
-5571,2849,-4748,-15994,458,1128,-1941,3901,-3652,-15599,9382,2106
-3343,6043,-394,-30692,20,2052,-3291,7719,612,-27508,19630,2246
-13821,2843,2162,-14784,2117,150,-9033,2747,5086,-13142,10520,5168
1039,-39,1394,-15357,5126,4105,2737,5251,3368,-7217,6756,13069
1543,3867,1816,-7392,20,6221,5391,3483,2962,-4936,5794,7755
9199,869,1398,2144,82,4144,9087,3631,1416,6697,1385,4007
9219,3885,-1510,10274,108,2,10109,4449,-1100,10752,-1449,584
9907,4411,-2662,4288,2242,784,9509,5657,-2628,6724,-382,-2431
8705,4553,-5770,136,773,1,8323,4515,-5188,1070,910,-3989
1167,537,-4968,-3846,3224,407,6807,3425,-4982,-2395,-939,-4207
625,4121,-6126,-2892,2630,-8124,4091,4215,-5954,-3116,-1165,-5898
1537,665,-6158,-6908,3185,-8171,1703,2783,-4564,-6800,133,-3873
499,1057,-4586,-13305,37,-7678,95,3545,-3234,-13698,5814,-1303
-7697,409,1906,16,644,524,-6871,1811,2362,-15938,10004,3262
-5649,989,3998,-14200,16,9252,-6045,1225,5300,-12273,8806,10885
-7409,3545,-2318,-11728,776,16384,-809,2621,10,-12056,9641,17621
2863,-87,6130,-6638,5312,12832,7217,8007,6108,-5757,14034,12798
1267,3873,-134,48,2178,8289,7221,4487,732,2582,10360,8325
2639,283,-2166,359,66,4194,7473,4335,-2212,8810,1676,3936
2613,-231,-3182,6176,332,48,7217,3351,-2718,6050,-2707,1377
2937,3933,-3394,2308,2,6688,7801,4781,-2816,3383,-3714,-1529
1761,4641,-4682,2057,1860,4098,8121,5949,-4330,2955,-2202,-3001
1651,5953,-6536,-10218,5010,4,7675,6071,-6010,-1272,-820,-3740
2575,4941,-8566,-6400,0,-7008,6461,5011,-7018,-4574,2769,-6978
827,2521,-6772,-13074,1,-7152,5567,3349,-5868,-9176,494,-6880
1521,89,-5262,-15360,17,-8176,1259,-639,-4864,-13481,620,-4778
-3573,4521,-2434,-16384,4370,-4572,-1951,-1513,-802,-14949,5077,-267
-3463,537,498,-22528,1,2104,-1139,2579,260,-21722,19507,2919
-13329,4901,1402,-15359,2072,10764,-11655,-1907,2838,-11232,9660,12579
-5825,1883,-2622,-4927,1872,12336,-2195,10535,8380,-4632,10463,13648
495,5913,1844,-7216,4487,16394,4317,8759,2690,-7741,13165,16155
1783,3865,882,128,2562,128,4337,4971,1254,1051,2135,9173
2547,2905,-1902,4128,4152,4136,6871,3755,-1792,5087,-1490,6445
3575,3353,-3406,4288,2753,4132,8005,3673,-3056,4542,-1136,3905
2095,3943,-4668,1808,2048,18,7923,5437,-3708,3717,1886,722
2039,5913,-5986,2346,2464,850,8111,6997,-5864,2633,-685,774
2623,6183,-5774,69,352,100,8371,5947,-5602,111,402,-3516
1679,4889,-5710,-4080,96,0,7431,5147,-5680,-3075,-3,-4582
1649,5083,-5774,-5556,2188,-6111,5373,5435,-5598,-5835,-1022,-5260
1291,-91,-4558,272,3121,-4096,763,1977,-4184,-13406,3614,-3882
-6509,6237,-654,2050,4104,3584,-5871,-1199,-352,-20803,15882,3925
-5393,-209,-1934,33,6145,520,-5375,-259,2336,-24699,22348,6344
-5649,6081,-1662,-11744,1472,9269,-5443,3461,5312,-10037,10963,14186
2577,6561,-1676,-7070,2728,9294,10689,3985,15980,-2452,16814,17097
1411,6073,-2314,512,8847,512,4999,6985,2792,-46,13226,8512
503,3871,-458,4608,2208,5432,6595,4137,-12,8966,2518,7109
9203,1145,-4236,2305,1092,1352,8969,3197,-4326,15541,-5004,1375
8795,795,-6156,840,35,5984,9589,2873,-5138,8933,-7627,-2542
8947,4041,-6528,2664,35,1024,8415,3909,-6174,3461,-7906,-5043
2607,4379,-6540,161,268,1418,6365,4333,-6582,1108,-7629,-4677
511,-229,-8846,-3072,17,-8059,4307,5799,-7692,-2969,-1232,-6146
511,25,-8422,-4048,96,-6975,1755,4307,-7962,-4019,1203,-7035
-5581,-31,-10370,17,1824,-8060,-733,2069,-8908,-8382,-2299,-5579
-5467,4127,-8828,2168,3466,3764,-6849,-4961,-6508,-21339,-1535,1750
-5261,1873,6558,2,520,10633,-1809,-4231,7888,-26525,3244,11471
-7599,-207,-2574,33,2313,10883,-7807,2087,16280,833,14986,12497
695,6171,-2556,-11896,5890,9728,4627,5591,10128,-7679,13785,10312
2583,4409,-1676,1025,6154,4105,5819,4959,4014,2479,14320,8202
535,-163,-1022,8464,25,512,6051,3483,-1190,8911,-567,4829
9295,4413,-2158,30,-9916,3482,9069,4445,-2144,8634,-9347,3818
9471,2329,-2654,4098,1942,512,9379,3533,-2998,4679,-5862,319
9717,1949,-2686,-12252,563,8330,9353,2665,-4880,-1315,4584,-3284
8763,1049,-5502,-14825,800,4432,8855,2997,-5530,-4269,9040,-2741
2335,3899,-6214,-7424,2072,194,6037,4149,-5738,-707,1669,-3636
767,5919,-6238,-6591,2880,-5884,4471,5579,-6168,-5062,-1241,-4588
2095,845,-6782,-14075,609,-8045,1029,2525,-6126,-10101,1757,-4769
-6667,4157,-4614,-12217,275,-5088,-2027,-1101,-3122,-11885,3280,-660
-7551,415,1522,-20040,1540,546,-5789,299,1574,-18639,11894,5402
-7405,1593,9666,-11648,1028,14348,-6505,2207,10154,-9549,9089,15309
1263,10013,8056,-11575,4165,6416,5587,10409,9768,-8272,13163,14304
1139,8223,7986,-2560,9026,9216,5319,9143,7490,109,10418,9031
2803,5161,908,4674,5,258,6761,5503,876,7392,1064,6165
9759,4383,-2692,2176,4224,1172,9729,4391,-728,10347,-2753,1126
8855,2329,-3724,6656,-2688,5653,8453,2185,-3400,6887,-672,-2695
10231,1131,-2252,2192,-4791,8268,9977,3733,-3830,3264,-632,-5607
-1545,3865,5746,133,5252,9088,6957,4087,-6420,1780,-3371,-5131
5007,4809,-2558,-8192,5192,-6132,4975,4523,-7352,-4770,-2441,-6242
561,923,-2166,-7168,34,2176,2899,2965,-5986,-7084,449,-5602
1521,857,-6790,-15870,2561,49,1141,887,-5636,-8620,-406,-4279
511,5401,-6798,-16376,2052,1248,569,-405,-3486,-14096,-475,1580
-3601,4489,-2188,-16064,297,1026,-1835,-1783,304,-14562,2573,5758
-1549,577,2422,-20479,1025,64,-961,1139,3224,-18235,12461,9204
-7185,5017,-2662,0,8448,8192,-3597,5603,9664,-12812,14606,12376
-7441,2803,7798,-8192,8323,9303,-2083,7883,7696,-7320,10039,14332
2543,-43,3698,-7910,1089,8352,3005,8055,3712,-3995,9118,11854
4727,1497,-2510,2378,4212,4442,5209,5681,1484,2978,5819,8022
3439,81,-894,10341,-1280,64,7449,4153,-1230,10566,-1618,3919
4879,2009,-3174,10339,3104,8717,8199,2925,-3458,9862,-5250,-1593
8815,41,-2054,-9983,79,9236,8757,1801,-4126,-2471,-3590,-2721
793,3481,-2126,-12145,248,8203,5499,3695,-6188,-1796,2901,-4306
505,201,-6762,-13784,5361,2068,5381,4427,-5322,-1781,5510,-6058
2671,1881,-8814,-15703,0,21,2533,2555,-7808,-6893,1940,-3464
3057,313,-6374,-16312,8192,10,3039,2253,-5670,-8682,-270,-2229
1205,889,-6716,-14315,3217,-2874,1063,1409,-4436,-10595,4142,-2706
587,-167,-1542,-20478,4,-6975,-89,583,-1402,-17429,9000,-640
-6513,8729,1746,-19567,337,161,-6939,-429,2378,-16434,9581,3021
-15825,4927,6002,-16352,4130,132,-12423,-3429,6304,-11529,6157,10620
-7441,1817,6586,-3830,24,18484,-2335,3035,6654,55,-207,18891
815,5273,6002,576,128,13760,6521,7651,6274,799,1952,13576
9263,6427,2454,6152,20,4128,8943,7371,2254,8058,1959,6272
8817,793,-450,4097,-1148,3118,9017,5219,-28,6084,-964,2937
8695,33,-2118,0,1056,513,8757,2761,-3236,547,1629,1502
9713,1951,-2440,2688,280,9225,9425,2033,-4056,2762,198,-2918
8815,281,-6410,2388,512,5569,8371,2179,-5962,2253,1618,-2493
785,4377,-6796,-8184,130,384,7057,4139,-6828,-1727,3450,-4264
1193,203,-2446,-5111,4608,10,4753,4239,-6838,-5219,4610,-5085
503,-231,-8298,-11995,4128,-7036,1023,6639,-7040,-9607,7932,-4867
-6665,-87,-6790,-15437,85,-8072,-717,5617,-4516,-12646,4989,-3479
-5521,1465,-2600,-20476,708,-6070,-1117,3493,-2138,-20169,5092,-256
-7181,2077,-586,-24576,1504,72,-3927,-1671,-1318,-24199,9920,4290
-9455,29,-2572,-3312,305,8192,-8027,-6957,5194,-1377,107,12749
627,5721,-2044,-3448,528,16672,4025,5611,8634,-3480,6332,21250
9081,8097,-2436,43,2256,11776,11625,14759,5370,-2410,18976,14349
8719,10045,-330,128,139,24,9795,9877,676,5838,11798,7415
9219,4905,-2616,9282,2577,1096,8745,7143,-1324,9164,6665,-676
1531,793,-1900,4180,609,5632,7533,4831,-3974,3862,-571,-2678
1151,2841,-1902,-12208,568,8228,6171,2665,-6044,-2261,-2920,-4079
1519,-83,-1676,-14166,4164,10257,5331,891,-4906,-794,-2502,-4354
659,2489,-5770,8,4272,8493,4735,2529,-5944,-255,-574,-3866
495,3947,-6726,-14318,546,4129,4753,4143,-6072,-5848,736,-1331
1523,4377,-5636,-7487,1094,0,3345,4377,-4746,-6764,886,-1812
689,25,-7518,-10079,-703,-3967,3421,2963,-3620,-9070,-660,-1307
691,1337,-2702,-15611,194,2048,2523,1545,-352,-15565,2084,2517
751,2843,1652,513,2336,128,643,3025,3078,-15566,8518,4303
-7399,383,-2540,25,3220,1034,-5427,1325,4568,-9831,11007,8533
-6081,3865,-2678,1208,4272,8451,-1893,4643,9714,1500,4782,14597
1471,10537,6630,-6080,1313,12418,6397,11593,7720,-2716,18035,11495
-3321,9177,-2696,34,161,4707,5233,9345,2594,564,17562,6319
-2569,3997,-608,6208,740,4106,5721,5703,-818,6230,4697,4234
-1543,1835,-908,8454,6740,136,7999,3595,-2744,8685,23,-170
4337,897,-1662,4099,1067,6272,7983,2901,-6168,4009,1090,-1586
2547,361,-9844,1696,156,4258,6487,3607,-7774,1595,-45,-1982
1697,3113,-6796,-6604,1752,-1536,5801,3495,-6394,-2642,-2002,-1567
587,3963,-5738,-5488,1056,-8191,5247,4795,-5698,-5947,1643,-3015
771,3865,-5774,-6656,193,-6972,3075,5021,-5684,-6462,35,-4411
1827,-195,-4430,-13808,256,-14574,1425,2639,-4170,-9321,-1218,-4009
563,569,-2694,-11773,8936,68,477,2305,-418,-11405,-217,1219
759,913,-630,-10976,5812,536,2041,3315,352,-11308,8594,3597
-7309,6433,-1946,32,182,6208,-4031,-2001,-688,-18581,17510,7473
-5521,8985,-2174,32,908,10850,-5501,-907,3662,-13353,12948,11259
-7611,7995,7714,53,1541,11908,-3387,8839,6966,-3181,9246,11783
571,6443,-2678,-11608,545,1676,1359,6719,2870,-8816,12003,13207
2865,481,-2574,12,2049,2064,4005,5177,3578,2121,1677,11617
3615,2337,-2416,8960,-3839,3256,8511,3559,-440,10078,-2824,7950
9071,3919,-2366,2880,4160,4108,9915,3803,-2326,7758,-1829,4496
8819,4121,-4750,4619,1794,3202,10071,4643,-4464,6722,2064,-477
8687,411,-6654,2058,386,2345,9563,5477,-6290,3448,1757,-1878
3897,891,-8842,256,388,-6831,8141,5587,-7506,189,6676,-6970
1201,5421,-10222,-12016,2372,-8048,5207,5211,-8054,-2782,3226,-8134
2065,3931,-8826,-13824,272,-12160,1893,3621,-7146,-9153,3539,-8354
-3209,-197,-5934,-16118,6856,-7792,-1123,367,-5736,-13094,6790,-3631
-3601,-231,-4750,-13758,404,129,-3477,-393,-3716,-12530,4371,1090
1199,927,-2350,-20189,8285,334,1647,2987,-2406,-20546,11494,4613
-6737,1949,7540,-7648,832,1293,-2503,3937,8422,-4950,10499,5244
-5649,3385,-1864,-11679,4112,9472,-1305,4255,2886,-11673,6410,9949
527,3865,5514,-13952,132,648,929,6047,9432,-985,5528,9870
-1025,3873,1996,-13726,448,2246,6995,5803,2014,-1595,8633,6544
9727,5405,-2302,770,8836,196,9477,5037,-182,4611,8406,4052
9271,4121,-2442,2326,4097,288,12287,6211,-2156,6616,7321,1110
11807,4961,-6698,5129,4105,525,12097,4591,-4602,5107,4398,-2873
10607,3937,-6030,2976,1606,-5358,10149,3707,-6000,2970,3647,-5449
4127,793,-7242,546,1100,-8151,7935,2595,-6906,1695,1180,-5768
625,317,-8310,-8128,2202,-7984,4653,1309,-8304,-4413,2410,-3751
855,5417,-7822,-7487,0,-9623,1199,-205,-7434,-7333,4137,-131
-3343,41,-2574,-12285,481,915,-437,1771,-6422,-10328,7285,2041
-6925,285,-2702,-14006,8352,642,-4995,7053,-4214,-13936,10776,2712
-6321,8255,3506,-24572,8349,3590,-7319,12049,4382,-17370,14949,3492
-14737,2005,-8846,-16360,9549,3200,-9195,1647,-9488,-16220,8853,8840
-15377,2373,-2698,-15860,8192,8738,2513,6709,7468,-9949,8423,8884
3823,2395,2708,-11725,1025,3106,4225,2031,2692,-2655,6719,7161
1279,1883,-1870,4120,521,4352,8211,2307,-1096,6643,409,4867
9279,-103,-2190,2346,32,64,9235,2529,-1812,10492,-2769,477
9765,4029,-1676,24,69,256,9659,4913,-1820,5087,979,-2301
2801,5933,-4602,136,256,-3072,7969,6091,-4740,910,2761,-2591
2571,4401,-5902,0,3330,-8184,6309,5135,-5932,92,3354,-4074
497,4145,-6494,-4090,1160,-8048,4931,4661,-6462,-2140,973,-3308
3377,3995,-6254,-6144,102,-6912,3155,3963,-5752,-6423,1081,-1939
593,1851,-6798,-12000,3840,-7360,765,2921,-4602,-10681,4070,114
-2991,1825,3504,-19359,4298,3378,-3053,1949,3912,-17493,16328,3527
1015,2377,-3726,-28092,8344,70,5011,10021,-3896,-27776,26255,1631
-15121,2973,2552,512,10255,10785,-9439,1925,1446,784,-3979,13287
9243,3871,8578,-8186,9731,14336,11841,13507,8818,-5099,11070,13963
499,2597,2740,-8096,512,2056,6367,6573,2920,-650,10847,1804
1011,-91,-2054,4873,1218,2048,5909,4815,106,5479,1038,3159
947,-227,-5510,9,-6112,512,7971,3499,-3176,8078,-5998,282
1055,4017,-2638,5634,-3551,6912,7887,4195,-2644,5874,-2507,-1105
8697,4649,-4328,4618,-1718,7188,8307,5719,-4500,4629,-1420,-839
2547,4893,-8574,2176,264,128,8195,5065,-7116,1944,2592,-2724
1299,4889,-9598,-4096,133,628,6049,5351,-7364,-1282,1897,-3357
627,5163,-6788,-6206,516,-8168,4345,5619,-6702,-4496,952,-3949
1525,1835,-6774,-8696,5136,-7167,1413,3277,-4850,-8723,-243,-2775
-3601,1817,-2702,897,4619,-8511,-1023,2625,-2118,-15289,6660,-65
-7183,4571,3442,-23768,5261,4,-2487,5129,2764,-23629,24908,67
-5617,4153,-5262,-32763,8,2113,-6439,-3299,-5104,-29103,24534,3904
-7369,2379,6546,1026,4139,9472,-2707,3881,6770,3049,-4544,14509
2975,797,3442,-15232,2440,8528,7323,9635,4842,-8030,11532,9904
591,4273,-846,-9728,5696,4167,4035,5711,1192,453,5181,4921
2031,913,-2702,4121,2065,1282,5973,4737,-738,7241,-1794,3541
2543,-231,-1998,321,-7040,564,8123,3695,-1974,8470,-6278,1653
1641,1305,-4718,4096,-3455,9729,8157,3717,-3252,5146,-3481,-135
-13,6047,-6766,268,208,158,7987,6097,-5074,4248,-5450,102
593,3977,-5358,0,-2042,4240,7819,5829,-5266,892,-1614,-2432
2869,5433,-5670,-3688,14,-2928,6607,5501,-5626,-2708,2186,-2601
1937,3873,-5998,256,200,-3902,5749,4915,-6066,-5071,2839,-1808
3059,3929,-6244,641,2624,-7038,3823,4087,-6068,-8821,3003,-757
1135,1963,-4728,555,4128,128,1963,3251,-3202,-13194,7004,105
-7577,3513,5490,1026,5450,643,-3711,4265,5860,-10776,15166,2963
-5393,-189,-2442,-20344,5696,4352,-5843,3113,464,-18348,20683,6660
2033,9625,-2698,-5071,8194,8193,1703,9601,-2432,-6677,13314,12770
2039,153,3482,-8183,520,842,3767,8569,4148,-2335,9102,4784
1545,289,-522,170,64,128,5467,4239,422,6348,-360,2602
5045,59,-3202,2352,-7960,192,7041,2087,-3242,10527,-6662,809
8951,1977,-3336,132,-4096,4772,8507,2045,-3236,834,-2681,-1557
3127,289,-2172,-7616,-3192,420,7175,1237,-1902,-3332,-2026,1296
1285,2857,-4712,0,2216,8356,7167,3443,-3490,481,-1837,-314
721,6433,-6214,-9766,20,4234,5135,6553,-4988,-1648,347,-1501
-4623,6427,-3982,-8410,64,5129,3505,6553,-3832,-8787,6779,-2444
561,3865,-2126,-14208,64,1794,2163,5759,-714,-14221,11692,-2196
3065,6235,-478,-15865,12,-1792,3299,7215,966,-14000,12317,-773
-5641,-231,6514,0,1035,256,-6357,5637,8238,2292,4264,4798
8699,1371,2484,-3584,271,8193,9299,9865,6336,-1612,7490,7100
2831,4281,2530,-1273,2052,64,7867,5553,2484,-414,10751,4041
4591,3907,-2446,709,672,4188,8235,3827,-2506,4430,7958,5222
10353,3865,-6790,8,1052,68,10193,4459,-5378,7945,1419,-341
2575,4897,-8812,2048,6153,-7660,6155,4835,-8928,1639,-1931,-3601
-7505,925,-8718,-7895,2370,144,-1875,1213,-7520,-6530,-9590,-713
-7697,6297,-2510,-15980,1152,69,-835,6395,-2420,-16650,4407,701
-7405,809,-2698,-15820,4872,15,-5363,3921,6802,-10110,5182,7168
2545,-229,898,-16032,1569,512,4021,5907,1426,-6793,11538,11994
2047,3865,4210,-12076,4610,776,8603,5783,5476,-1820,7387,8777
8719,4697,1446,105,6697,1024,9983,4445,1136,3966,6647,7821
10751,2401,-4686,5188,6596,4228,10689,3627,-3560,7423,6691,4458
11055,3943,-6474,2560,0,1,10649,3705,-4856,3544,8988,872
8827,4633,-8822,-8186,7456,-4830,9143,4903,-7186,-1948,8006,-778
4591,4377,-10600,-14204,4162,-7678,5891,5449,-7410,-6167,4214,-3569
503,4459,-6784,-10064,6,-5566,2081,4503,-6404,-9646,3269,-4378
-3537,4505,-2666,-12148,80,-3582,-465,4117,-1594,-12380,6243,-2372
495,4899,-2658,-16279,2540,67,465,5051,-2354,-17216,11820,673
-12805,5921,1394,-16176,6156,6677,-9041,-1859,2560,-13410,15243,8410
-6539,-199,6194,-7671,4196,10241,-2083,9221,5508,-719,12510,9984
1807,5917,1988,-9664,2248,672,2181,7277,3672,-7743,10772,8521
2031,3865,2634,128,4224,4616,6269,5613,2682,3606,6605,6768
9983,281,-2638,384,2050,5249,9469,3377,-1212,8456,2748,5901
8953,311,-6660,7553,129,457,10355,3753,-4854,7964,246,1195
8943,4057,-8834,2344,1025,4129,8717,4055,-7218,3098,990,-3002
501,3921,-10890,-4095,-1844,2764,7015,5485,-8444,-2263,-1951,-4256
499,5225,-9862,-6125,-8176,731,4073,5197,-6652,-4359,-6063,-5217
1527,3905,-5614,-12286,-3456,-5802,1197,3731,-3044,-12159,-2707,-5788
-3473,2937,386,1280,1217,-4047,-1267,3697,712,-15222,3987,-1267
-5519,3867,1142,3126,624,135,-6015,-3971,2630,-16162,4270,7517
2191,5915,-2382,8,145,1606,2129,6195,7494,-5609,10585,11896
497,25,-1538,194,2570,1048,5779,6129,3702,-6819,11389,12967
657,7965,-2446,-1790,5153,6144,4721,6897,3804,-77,13537,6243
1583,2847,-2638,0,7204,388,5457,7247,-698,4487,7086,2239
497,281,-3342,0,4369,-3711,6421,4239,-2812,4476,4272,-1771