1002,170,186,-894,-122,-127,5029,-7998,2171,-371,-90,-96
678,-14,-38,-937,-128,1,4979,-7962,2153,-422,-99,-60
696,-24,-54,-480,-236,28,4945,-7908,2215,-410,-93,-18
670,-36,178,-943,-254,36,4971,-7918,2159,-414,-52,61
960,-66,66,-509,-236,16,4979,-7950,2207,-430,-38,46
670,-88,186,-416,-320,0,4991,-7920,2225,-412,-21,-32
734,-68,218,-480,-252,-95,4919,-7940,2201,-391,-125,-96
674,40,-52,-490,-255,-127,4923,-7924,2159,-385,-37,-65
672,-54,90,-512,-237,-69,4893,-7978,2113,-467,-99,1
670,40,58,-464,-156,-128,4891,-7928,2101,-450,-146,-47
670,44,26,-988,-126,-61,4855,-7862,2079,-472,-121,2
926,-24,-68,-896,-256,0,4901,-7900,2257,-351,-153,13
928,-80,-70,-896,-224,0,4833,-7922,2223,-296,-102,26
1022,-20,10,-768,-203,0,4961,-7938,2291,-243,-202,-52
942,-16,284,-508,-463,33,4959,-7912,2197,-247,-263,-22
998,40,-54,-512,-192,21,5053,-7864,2119,-362,-143,-103
710,8,-60,-501,-504,0,4925,-7924,2207,-433,-295,-116
672,-74,356,-974,-248,-128,4961,-8008,2277,-441,-226,-127
904,-82,442,-476,-248,-7,4877,-7856,2453,-338,-153,-11
702,-58,34,-507,7,0,4971,-7846,2235,-358,-20,-83
734,40,-6,-922,-152,66,5045,-7930,2121,-406,-52,-146
702,-40,162,-957,-224,50,4953,-7962,2209,-422,-193,-131
1178,-88,-36,-958,-252,51,5057,-7894,2279,-397,-243,-143
1070,-24,202,-799,-504,6,5077,-7966,2319,-299,-449,-266
744,-72,-58,-1021,-254,5,5147,-7988,2315,-450,-243,-147
706,186,58,-1022,128,-124,4967,-7962,2125,-228,81,18
3790,-38,-566,-1012,154,-992,4695,-8046,1733,-441,-2237,-707
670,6824,450,-1496,32,-2040,5163,-8644,2845,-403,1156,-881
-6242,-72,5102,181,1803,2096,-3403,-7310,5595,1365,10029,3665
-12614,960,7434,2564,128,9283,-8813,-6938,6747,3708,2373,12499
-11596,-56,-32,529,6787,20496,-10437,-8066,619,1255,6654,22478
-12510,-88,-4158,-4081,2388,24688,-11775,-9306,-3213,-3983,-1504,26002
-4606,88,-5058,-4094,6212,19456,-3739,-9646,-3275,-2216,-9709,20484
-3362,3116,-8998,-8030,2308,20610,-1505,-7092,-4545,-6564,-22111,22420
1010,1176,-4160,-12501,6326,14436,3063,-5274,-3035,-4324,-24559,15589
5382,4360,-1090,-10218,1826,20998,5157,4028,-4189,-11124,138,20747
6302,6488,-1094,-14823,482,10260,7097,-2470,-55,-5936,-2863,9500
5046,426,-4864,-12234,32,2119,4633,1322,-219,-4245,93,2796
5422,6352,3044,-15280,4097,4832,5179,412,3673,-5222,4954,4446
-3254,6184,7110,-9660,8272,36,275,-2360,7993,-9204,8476,10731
1694,7096,7610,-12092,9952,0,1001,-648,9677,-12103,10198,13728
-3554,8184,11194,-7935,2272,6,1017,-1306,14817,-2091,10560,16482
4798,6504,7626,3075,2104,532,3845,-1500,8775,3790,11439,15208
5048,4836,7114,566,8224,2048,8023,4824,9739,2961,11761,13871
9896,6314,3002,168,8192,776,10227,6406,3189,4469,13212,8856
9766,168,-1094,131,6400,512,10701,9048,1379,4261,6590,-84
3410,6058,-5110,-3505,6659,-12271,7175,7476,-3057,-1646,-1890,-12340
-7522,5560,3226,-15319,5729,-14734,-3517,-3562,5023,-15514,-1179,-11752
-14682,8396,-1026,-20224,228,256,-12179,-5194,1407,-19435,8253,3586
-3104,4780,11326,-12192,3104,12832,-1439,-2720,13675,-9977,4202,16221
5022,96,7378,-3904,4174,10529,5501,1512,9605,-2702,-4172,12429
10990,2524,7340,-1520,140,18512,12969,2630,7031,-390,7935,18513
14314,6570,3206,2,211,8225,14177,7894,3193,2365,-660,9644
9536,10346,3034,2464,136,-6012,13399,11746,4925,3397,-5426,-2773
8862,8618,4026,-4082,4096,-13568,8967,13092,3023,-3944,-3564,-14663
-6290,-44,442,-14272,9232,-21616,-3209,-100,701,-14589,11752,-16045
-3874,4008,-4890,-13519,1176,-7668,-2495,-3220,-4825,-14017,5277,-7767
-13642,-22,7098,-11774,457,12416,-12095,-7406,10427,-11051,5956,13238
-7136,4008,7130,-10223,8193,22117,-3731,-1968,8217,-9707,7422,22409
9246,998,12734,-8142,268,18473,11137,1538,12379,-5261,390,18108
18086,8624,11852,1288,4096,19511,19645,5312,12073,6702,12470,20222
15014,4402,7618,804,4105,74,17019,5450,7839,7459,-2983,4990
17088,6768,3224,5152,2132,-8190,17261,7094,3859,5078,2139,-7864
5938,5548,-1086,274,130,-16343,5665,5596,-1061,-9341,2,-19456
-10554,4828,-1028,-9667,32,-16271,-11647,4460,-525,-10204,2310,-14324
-19298,-88,-832,-16128,3168,4096,-19647,-82,51,-15096,3080,6236
-7392,8112,11710,-16128,1153,18448,-5115,-862,11517,-11268,10116,19355
-3234,944,8636,-13282,36,21638,-885,1282,10849,-8766,4014,21237
4818,-88,7866,-3839,16,262,13867,-9700,15589,5114,-7637,20197
8894,200,7098,-3008,9258,258,9273,-82,7951,-2750,8448,36
13158,458,7574,5217,4182,257,12833,2064,7059,5136,4100,64
17062,6080,4126,3632,4143,-752,19737,4418,4575,8334,8381,-584
13470,6062,-562,2092,5476,292,12935,6150,1711,2417,14685,-10037
5022,6568,-802,-8158,5376,-20250,4137,6234,-509,-1645,4945,-18382
-15474,4528,-962,-8128,605,-14316,-11349,-2142,1735,-7012,654,-13562
-22878,5500,3274,-23320,40,8,-23479,5716,3095,-23272,64,200
-6494,-72,7628,-12972,89,16640,-5591,220,8545,-12992,8674,20073
1294,720,8158,-7164,646,16393,2905,1140,10125,-6705,-100,20428
17310,746,15292,8758,2739,21570,19965,-6298,15647,11034,1853,25914
9230,40,5614,106,2048,12993,12375,4854,6307,1033,5505,15262
17138,5032,7616,2064,8392,5152,17033,5608,7779,6112,-1228,5106
13990,5624,3270,275,7299,-7038,16659,6178,3065,6265,319,-5579
12766,4922,-578,292,2120,-14255,12119,5502,3,571,12054,-13168
1198,2064,-2628,-13231,585,-15736,1723,2534,-1557,-5287,8932,-15321
-13434,9160,3002,-16126,1168,148,-8255,-1386,4593,-7796,9192,-8155
-15704,58,-638,-25216,10250,2052,-13611,-3624,1953,-16800,9816,7366
-6752,170,3322,-14141,6144,13722,-6559,1138,8375,-14103,6806,13938
-2898,8920,8642,283,8516,12070,-1327,-222,8675,-7483,-4182,16495
8862,1068,6204,6240,4964,10283,8983,1564,10535,-2151,-9596,15244
9394,584,7178,6152,528,10400,12507,2114,7241,-351,7725,14027
13726,-88,5822,2048,4096,9232,15113,3152,7351,2480,5436,9236
17054,4330,7426,5474,4224,141,17189,5688,7233,5844,6348,1652
12980,4328,4162,17,88,2048,15551,6310,4251,6090,10440,-6360
9280,4244,-756,33,836,640,8779,6312,1159,2823,8898,-11803
682,450,-5140,-16128,2345,82,1257,4282,173,-3894,3071,-15953
-11456,1514,-1926,-14271,292,131,-8413,3020,1143,-5563,-3222,-8630
-15694,1192,-70,-22336,4166,3091,-14185,-4480,615,-16718,5339,5050
-6382,9930,3002,-16383,2890,10241,-4211,-104,9231,-16121,8687,14823
-5538,-88,8170,44,12771,16400,-1173,336,10641,-8523,-919,16705
4102,4264,5690,578,323,11307,9707,1094,9813,2906,-15625,13815
8902,170,7100,674,5632,10248,11239,1858,7253,1523,5937,14322
15078,72,5306,4418,230,8512,16281,3854,6771,4705,2315,9271
17054,5224,4666,1424,132,448,17169,6196,6497,5488,9032,1966
14414,-24,4542,20,8864,1032,13585,8282,4387,4435,13273,-7186
1894,66,-4160,448,864,-14254,5901,7644,249,-125,13209,-12742
-15330,552,-4162,-16206,66,-12782,-8283,998,-3655,-3162,2643,-12319
8870,-72,14,-8192,777,68,-6421,264,2637,-7245,-926,-2193
-11602,8536,5562,2560,1,8196,-8463,-4404,2051,-17661,2435,11467
688,8520,13264,3104,8,16392,1011,-904,13107,-12046,4550,16490
4906,5928,11234,1,642,16544,7061,412,11395,-5373,-3836,18262
13180,-20,11394,1796,4097,20548,14911,1458,10185,-3415,21329,19944
18976,936,7524,2144,2370,12806,18641,1972,7587,2576,3072,12372
15534,4008,3788,3205,4354,6240,15393,4524,3775,3208,354,5263
13878,968,5086,780,4227,-8124,13091,1240,5011,312,4674,-8664
2986,4050,3258,-24576,5696,-18383,6945,6452,3043,-2806,13728,-17337
-13074,8616,3258,-15277,3110,1536,-9651,-1822,4519,-6608,11133,-14085
-6242,2764,3594,-15348,4100,-4788,-6813,-6372,-1387,-15997,7110,-2082
-12386,4268,3164,1560,568,9312,-7091,-3576,8669,-16480,6699,14461
-2400,2026,7262,2848,1602,16432,-2847,1912,11097,-8439,3083,18028
11430,936,4026,834,-15360,18620,12523,1926,9421,1389,-13060,18947
15014,5560,3606,2048,6199,16421,12849,4084,3603,1312,2112,7464
14818,5032,5180,1542,4096,6408,17083,6372,4917,9597,5392,6092
16078,42,-958,8,17,-8190,14897,8758,1521,5164,6728,-3607
11428,6064,-4668,929,0,-14290,11297,6574,327,767,8514,-9436
1950,6832,-2756,-24576,1300,-16368,5571,6964,-2791,-6592,5773,-16638
-7504,8272,5078,-27628,778,528,-8215,-2940,6255,-10268,5682,-14887
-7000,9106,-4924,-16372,4228,1418,-4779,-5798,-2733,-17678,5028,-4358
-10338,666,13770,-16384,5192,18520,-6663,-6844,14669,-16045,6844,19417
-1102,6058,12966,-10544,96,22537,-1013,-1472,12619,-7393,4238,22489
9086,1584,11758,-1726,3201,18944,11987,2338,12477,-700,-5137,19707
18398,5088,3644,10,534,12324,17435,3228,7481,2224,17310,14692
15038,2474,3010,644,2149,8273,15805,3564,5637,5962,1859,7571
17088,6170,3486,5952,1392,291,18043,6720,3115,5806,6295,283
13534,7080,-5190,1072,10252,-7668,13037,7150,-5103,64,8721,-8059
5096,7080,-4126,-20464,1089,-14336,5411,7528,315,-3415,9134,-14641
-15182,8104,4626,-12764,10785,3138,-11815,-2448,5027,-8257,10590,-11863
-7388,7144,3006,1,9860,8,-6851,-1668,-3635,-11464,-1801,-514
-5378,8688,3018,0,80,13577,-4589,-1372,13471,-13674,6320,14124
-7394,744,3518,64,4746,16392,-3347,514,10691,-9299,6869,16634
5494,328,5434,10512,-5116,18026,6609,1322,9717,-736,-5436,17908
15014,5036,11322,6499,5142,16457,15841,4612,10357,-265,16077,17891
10432,2248,8154,7176,2305,9235,14433,6470,7909,7125,6271,9013
17118,-68,3526,2,4403,2178,17629,8638,5799,7432,5624,1376
9888,4720,-1292,64,9736,-6599,11993,4754,2565,2204,14680,-6658
4320,6576,-4886,-20473,2048,-12288,7903,6662,-305,-1219,10345,-11584
672,1032,-5190,-22271,360,265,603,3062,-721,-5580,4701,-13223
-6498,2152,-2436,-15352,1280,2048,-2341,3178,805,-6655,1051,-8386
-13632,8200,3066,513,10432,1928,-13241,-4954,2557,-11502,-1505,7297
-3284,-56,3130,132,2081,8426,-2349,-244,9231,-15090,6516,14980
1822,6184,11226,6176,1857,16640,2497,-1572,11593,-8607,-4445,18086
17310,942,15430,540,1034,18432,17311,-1192,15127,7043,4444,22176
8864,168,7098,1552,7436,16393,10277,326,8015,1764,7438,16559
13794,4264,7102,4228,4232,11686,15377,4332,7291,4540,7658,11947
17902,4010,7146,5760,4,1304,18991,6516,7135,5975,8816,3524
17054,5100,3546,4096,1,-5103,16587,7460,4937,4701,9075,-5609
11298,4008,3042,685,4740,384,12025,5442,3085,2502,7138,-12690
2978,5198,-574,-12288,3232,6240,7807,5098,-375,-2494,3451,-17356
-7392,8246,-998,-11926,-7679,392,-4299,-628,1523,-3871,-8409,-15611
-2396,2072,4362,-16110,-2012,-7152,-3619,-166,4905,-11744,-673,-5631
-11260,4140,8576,-16374,1538,9216,-8805,-2858,9125,-15580,10259,10048
-11518,3304,7100,337,1408,9229,-8427,-5116,7841,-15886,2826,15789
-3650,8460,12218,1171,3401,16424,1077,-3588,12865,-7665,-8501,21131
3950,8138,7354,512,4369,16808,9403,-13170,12677,7255,-9134,25462
8934,5688,8382,3201,12292,17496,10647,374,8653,3534,-2112,22406
13280,-82,9276,6480,13829,17896,15907,4084,9729,6454,-141,17715
8866,1464,3018,4365,524,12312,16247,3576,6401,7553,6204,12175
11950,4284,5828,2432,8737,2608,16131,4384,5605,6472,9810,6803
12194,4528,3678,6144,648,2373,16001,4662,5045,6728,9099,1934
11080,4308,3914,2630,384,-4078,16855,4632,3721,6905,10014,-4177
9214,5066,1236,4232,8202,2,13287,5356,2563,5578,11315,-7833
10014,6056,-3570,1299,4356,2072,10593,6042,443,3093,6183,-12939
1566,1104,-1094,-24044,4096,5457,6003,5458,-631,-4084,4622,-17331
-3330,-86,-3644,-22464,4456,-15340,-2343,1570,493,-5766,-3444,-14488
-6922,6696,-448,-10079,6,-10024,-4495,-858,1673,-10033,2037,-7862
-12638,7080,5116,-12158,5156,2,-8303,-1018,6427,-11118,6188,909
-10914,6184,5178,-17388,1544,8320,-7765,-2266,7081,-16870,7387,8844
-3230,8124,8210,4,11846,8304,-2799,-2544,10505,-9864,-4900,15643
1966,8252,8026,1026,8352,17408,2263,-556,10965,-1933,-7010,17516
8894,-22,7098,0,9347,17408,9027,630,10501,860,-2029,17985
10190,44,8130,928,1612,12292,12023,468,10265,5051,2246,15177
9392,-56,7650,48,4258,15112,12765,3558,7785,4340,6667,14846
10014,684,3002,8,7392,1029,13973,3740,6181,4913,7343,9622
12744,4800,3266,5380,138,2064,16991,4900,5411,5368,9008,6383
17338,7080,3004,5376,1793,1536,16947,7298,4369,5386,1808,720
10946,5048,4032,4195,72,648,10785,5172,4017,1190,17,8
11050,4540,-2366,2560,773,4271,11041,4396,-2577,2560,400,4226
9118,4224,-874,-10744,2116,512,8745,4080,-1073,-10232,2386,257
2238,4016,-858,-8178,4627,0,1665,4016,-557,-7296,4675,68
694,1960,-1062,-8192,66,-13853,1685,1940,3265,-7871,-2836,-13741
-7122,6702,3002,-7280,258,-8190,-6331,-1154,5281,-7141,2180,-5511
-11618,6592,7258,-11582,356,292,-9681,-1226,7565,-12208,9106,3757
-12554,7360,5088,1092,3075,8740,-8345,-1042,6155,-18828,6623,11073
-5266,8368,7356,94,12417,16551,-4985,-5738,9493,-10504,-4653,17363
766,6696,7946,2057,8200,19233,2519,-1008,10767,-1027,-7617,20332
8862,-86,7132,56,8378,19456,10051,1054,10045,47,-1636,19805
9902,2216,9538,9,295,2064,13895,3884,9669,1151,9477,19060
12008,956,4058,4741,1,2,12567,1546,8085,4717,6441,15778
17566,4078,5058,1168,5633,10384,17713,4582,6921,7992,5754,10689
17058,4272,4154,1288,3136,3200,17415,4794,4793,9793,7895,3651
15174,4078,1470,10273,7168,257,15497,6418,2513,10087,7866,-4742
9388,4054,-2996,4,2202,-12251,8875,4876,-3313,7433,582,-14336
9374,5100,442,521,2066,-16096,9337,4892,769,372,2284,-15041
926,5056,-3556,-14320,4096,-16295,3649,5440,-1451,-6643,-4144,-16196
-3362,-86,3198,-30656,256,-12288,-4287,-218,3663,-17079,-2671,-10469
-2398,424,3394,-13488,6178,-5114,-2219,1134,5087,-12372,8084,-4388
-5790,8248,-550,-27451,10201,4100,-6217,-1732,3231,-17228,11772,4637
-11040,5328,4284,-15100,1,9253,-8429,-2756,7241,-14799,55,12062
-3224,4016,12410,-12255,11321,16384,-449,-3012,12831,-10245,-5163,16954
1312,8376,7866,0,8704,19508,4145,-2684,9869,-3882,-5570,19990
9376,-72,7774,2448,8760,16429,11187,516,10877,2935,-1339,17892
9534,1072,7668,576,1028,15681,12507,1746,9857,4139,5769,16117
9118,42,4110,2224,768,12420,14129,2520,8279,7274,3897,13225
9568,960,6090,6153,1073,8704,14149,2708,6893,7709,5145,9614
9894,-88,3022,49,550,2066,16017,4334,5141,8053,6743,6075
10416,5032,3274,32,2060,385,16647,5342,3327,9268,6578,596
11632,4282,970,16,132,-6342,15231,7006,689,6548,6899,-6668
12310,4476,-134,2112,1027,-11136,12615,7686,-169,2871,3600,-11395
8930,4522,-6,-7104,1024,-16095,10477,6496,35,-676,979,-16273
4830,4144,-834,-8064,1158,-22528,6335,5780,239,-7118,1338,-18425
670,874,3002,-15358,1188,-16104,1489,768,3801,-13275,561,-15414
-3346,9228,5470,-11762,5320,-13040,-2807,-340,5155,-9587,5782,-8684
-11362,8872,-2886,-12280,656,-3504,-9965,-5086,2643,-10743,7736,-2341
-5282,6088,8156,-12767,97,9288,-4687,-1452,10969,-8999,3153,9944
-5472,4648,7738,16,3848,12992,-5331,-1666,7773,-14321,3197,15596
670,4336,9426,527,3648,16788,2383,-2784,11253,-5539,-5059,20799
6870,9206,4202,8,520,16386,7001,-650,7837,-1620,-4024,23123
11598,2060,8444,0,3168,20756,12671,4300,8989,-62,3220,21596
13022,-66,7098,72,4100,18782,14383,2420,9073,4362,6326,18834
12230,4264,3042,771,1280,8192,16025,4238,7153,7187,10269,13566
9494,4008,3834,843,8708,8216,16771,5352,5931,9272,8876,7850
10918,6088,3802,1541,18,7977,15987,6490,3811,9832,8391,-608
10214,68,-774,5636,333,-9066,14431,8324,2045,7636,9167,-8981
11006,242,-2462,80,261,-16000,10821,9148,1705,2341,8387,-15476
1194,4136,-1092,-11598,3736,381,4735,5090,757,-2835,3508,-18959
1060,432,-1022,-13557,5120,-15356,1515,364,3137,-5656,-2579,-14524
-2346,5544,-902,-8176,8389,-8106,61,-860,1641,-8201,49,-7016
-3362,6312,-68,-15360,1025,-3055,-1661,-858,2617,-11371,4766,446
-3346,7340,3002,-15872,8529,8466,-2417,-582,5565,-14816,12587,9738
-3168,7280,4122,-15808,8194,12010,-2399,-934,4715,-15621,7791,12305
-3264,4528,4162,-16316,2595,12304,-2007,-2616,6989,-15782,2003,16543
1230,6666,15292,-8064,1032,21632,4903,6030,14551,-7082,2315,23052
12198,1992,11518,101,4612,23080,13057,3364,14995,678,-1780,23589
13104,6312,7690,8705,4124,12035,15519,6776,9653,9460,-10300,11349
13264,7176,3130,8344,4288,292,16765,7698,5893,11187,-9870,-1481
9922,6056,62,36,1056,1035,14381,6876,2549,6000,6402,-7101
9038,-88,-42,664,6852,2214,12491,7910,-19,1228,7266,-14482
4286,1964,250,-4604,4227,448,7947,3428,245,-4833,6307,-16021
4782,1544,-1070,-7868,4288,0,4113,1698,-465,-8299,7183,-13853
-7362,6100,3606,-8176,3901,-5882,-3695,-1022,2927,-5915,6620,-5052
2468,128,-1086,-16272,1058,-5696,1197,-388,637,-12717,1750,-3185
-4690,6584,7098,-15676,4208,6400,-2969,-1072,8917,-14851,-987,7575
-4446,4792,7574,-15839,2402,12450,-99,-1046,10475,-14177,6027,12821
-3674,6056,11294,-10176,2369,16642,1305,-1794,11641,-8286,2238,19620
8894,202,12282,-3935,611,20504,12095,9344,13457,-4602,12886,21039
4904,2088,8378,-3128,1097,16521,8061,1778,9071,-435,6085,19030
17182,4270,7610,6148,193,12865,17483,5410,9947,6755,1111,14438
17566,942,4634,6724,2057,4115,17579,9186,6841,7658,2300,6206
12208,46,4634,9627,32,-3648,16639,9752,4683,9637,763,-3571
9374,442,-964,680,8208,-11228,8561,8708,-193,2789,9570,-11157
2220,42,-3642,-4080,4776,-16336,1477,5560,-1135,-3747,4316,-15514
-3290,604,3004,-6896,3633,-9024,-2025,890,2605,-7346,4257,-8317
-3278,4624,-3968,-15359,4131,-2048,-4077,-2954,-3783,-15391,4643,-160
-3202,5166,9370,-16252,4608,9216,-1977,-2414,10119,-12034,-450,10477
1864,1452,9658,-14326,201,136,1921,1366,9593,-10193,3407,12861
2720,-80,14270,-15360,6,16448,7427,972,14533,-6002,1122,17465
8870,1980,11460,42,8193,16387,9995,3228,11863,268,8007,16044
9118,1960,3650,2508,16,10256,13073,3318,8805,4301,1883,11815
17062,6090,3390,256,18,3104,17329,7718,7837,6293,2459,3503
12978,6076,4074,1160,320,0,14905,6286,4337,5689,4331,-2577
13990,4026,4028,352,1292,40,13793,5076,4025,4408,5886,-9494
9278,4008,-580,514,520,-12764,8681,5416,397,788,8655,-12586
2880,4608,10,-3264,2583,-16112,2073,4052,449,-3416,3458,-14030
-7506,-72,7102,-3967,3746,-8166,-6833,1860,8265,-3764,471,-5861
-7392,6060,-548,-19163,1428,2070,-8797,-2044,1519,-17284,9842,4726
-7486,954,7354,-16384,5120,8232,-4521,1262,9605,-13808,5629,13997
-3410,46,8126,-7984,19,12400,-2261,-198,9813,-7361,-973,15823
4840,510,3258,-4606,904,12705,13627,-14748,14815,1439,-700,23935
8898,106,11770,546,208,17416,10479,1984,11869,1099,2690,17466
10994,48,9214,11,4128,82,12213,2170,8999,3906,3958,12449
17358,4568,8562,8340,5136,4613,17341,5732,7927,8367,5832,6454
11166,6204,3914,2579,4128,1684,15849,6674,5823,7731,7837,1245
12998,4040,3354,0,5154,-5568,14817,5292,3799,6087,4974,-5675
11630,4050,-582,25,2180,448,11513,4416,2433,2448,7693,-10969
3394,4024,-558,-6892,656,268,7229,5168,719,-1128,2997,-13876
-4534,1032,-1070,-6782,213,578,-915,1340,1781,-4436,-2206,-11246
-4274,2760,-652,-14270,129,-3414,-327,2558,2267,-10682,-3121,-2930
-5976,6696,8378,-16384,260,4776,-5931,-1624,11007,-15626,5087,7858
-3872,808,8238,-15317,5136,8452,-4379,748,10193,-12835,6794,13185
-4290,6368,11194,-8187,4628,16936,-3603,-1210,10839,-6271,-3006,19472
4830,2760,11516,-7099,320,23761,7947,968,14211,-6060,10144,23766
5792,1704,8766,-1535,648,16410,8721,1838,10497,-837,2669,19676
9782,2234,7738,1025,68,16385,12911,2510,8003,1979,1009,17306
13330,-24,4710,5248,631,8302,15461,3332,6723,5916,3377,11656
15022,944,5054,6191,81,5120,16073,5222,4919,6279,8629,7232
17062,1996,3706,6695,1052,0,17295,7092,4763,7290,7163,661
10398,4328,3002,8712,4356,532,14513,7058,2739,8562,4286,-7917
11038,186,1100,1198,1156,1792,10849,6262,1191,3028,7494,-14986
-6432,444,-7746,-16331,8204,548,6015,5778,875,-3685,8302,-18411
-7502,716,3278,-16377,3381,1607,-995,456,5599,-5979,3621,-16183
-6304,6332,1210,-28272,1665,-9083,-2549,-1612,883,-17940,12279,-7345
-7486,8240,3714,-15574,-5722,4113,-6801,-3150,6527,-6717,-6431,4793
-2702,6202,8250,-16222,4432,8272,-481,-2250,8771,-8128,-3837,13038
688,7080,7098,-6015,8196,16384,3547,-260,7535,-5605,-5918,17809
15142,2028,8378,-4025,0,20496,15903,3616,10431,-806,6605,22163
17318,2010,7226,2052,2128,17728,17317,4876,10069,2514,6082,16858
17054,40,3036,4616,2068,4664,16395,8288,5409,6729,2102,6199
13038,2764,3526,4450,390,-8176,15803,11084,6559,7673,883,-6905
1854,264,-1058,617,706,-16304,5751,8920,2149,194,10260,-13817
-5248,492,-788,-7165,1033,201,-4531,2724,2581,-3382,5939,-12068
-19808,7340,-5190,-12279,2,-11240,-2699,-496,265,-9241,7918,-2339
-7522,-40,5110,-12218,4613,9379,-3103,706,5367,-9530,6286,9918
3270,-24,7356,-5850,673,1920,4039,2126,7549,-5490,303,14331
2786,4012,3124,-6621,8530,264,10075,172,6385,696,-7368,14701
13022,5160,8130,-6559,1024,13856,14341,5798,7989,-2338,9114,13427
12798,6120,7370,-11263,784,6180,16563,6586,8757,-993,9017,7113
9118,4044,3258,17,1570,65,13833,4892,6355,2402,4021,498
13726,4058,3660,1288,224,-5631,13459,4044,2977,2049,1152,-5632
9190,4008,3082,456,4626,-9979,8885,4140,2961,0,4424,-10232
670,6568,-818,-7032,20,-15208,-133,6006,1641,-2629,4447,-12858
-7444,2282,7418,-12016,2153,-6118,-2521,2726,6643,-9596,11444,-5617
-15710,9136,3066,-8056,3140,3140,-14039,-2142,4907,-7379,2487,8386
-7518,232,7650,-11516,4101,14349,-3079,2900,7967,-9667,4381,14610
1312,4112,8634,-7612,8704,752,1485,4090,8803,-5075,-4919,14376
8936,2510,7098,-4992,8610,6,11191,3878,6573,-4624,9389,17978
11118,1832,3418,324,536,13828,9457,1716,7055,1289,2085,1298
10142,2164,5334,6700,2,8192,9897,1974,5143,6692,114,8000
17070,5098,5082,8337,18,452,17081,5164,4239,8273,256,392
11554,4008,994,2050,577,-7758,11585,4538,911,2048,582,-8188
10990,1198,-4034,1552,8744,130,10727,7584,-3371,1723,9210,-13623
-2914,6220,-3390,-13822,512,-20391,5127,5628,-3089,-6308,1041,-19242
-6978,8108,-838,-10214,4120,-12232,-2125,124,1645,-9744,4543,-11119
-15714,1148,3136,-15720,4868,3076,-15267,-6532,3737,-14672,5216,4846
-4694,938,8894,-15632,4416,12304,-4615,1038,11001,-11542,5221,12754
-2396,-24,7274,-7644,3072,8714,141,1786,10941,-6228,-4778,13041
12958,2260,11228,74,3109,17477,13951,13150,12885,-3695,14499,20428
5792,5560,7098,-6775,8977,10816,8379,736,6625,-1844,8406,15647
12962,44,7634,4737,4870,8232,14437,2886,8759,5048,6375,11174
15568,4028,4030,4471,4328,3250,14979,4036,3985,8204,4176,2304
13064,4220,-182,8298,44,-7102,11121,4532,-685,8756,26,-7039
5030,4880,-5122,32,313,-12250,5577,6754,-2607,2073,7085,-12109
-6738,4074,-2620,-6144,2304,-12158,-5273,4904,-2583,-2239,-1153,-11604
-6914,6056,-3014,-16060,9260,-6362,-1615,5430,-2807,-13025,-279,-5501
-13656,9000,3522,-16374,2177,296,-8937,54,5959,-15351,2406,5494
-2578,624,7882,-18170,4189,9748,-2659,584,7705,-16339,6896,10203
-2166,746,11322,48,16,4169,-1197,-998,12317,-8991,-427,14540
9416,-12,11778,196,53,4118,10617,7604,12351,-4555,9538,22541
8864,88,5166,-6127,309,1026,9353,3566,9543,-5118,8959,15316
9136,2616,8126,713,22,12371,11879,4088,10687,1100,4328,11990
10546,1978,7194,768,1064,6153,14549,6288,8747,4969,5836,6040
13086,5864,3406,4096,8259,0,13195,5932,5275,4588,11156,638
11486,4776,-1726,32,29,-3070,11603,4630,2895,4207,9835,-2715
10310,4910,-836,672,1304,-6128,10015,4954,1045,2624,9526,-5248
2846,4074,-550,1234,1052,-7548,6537,5196,-535,1920,4905,-7673
710,-16,-4154,-4032,849,-8072,627,2926,-2219,-3433,741,-7550
-5978,-56,-676,-10202,1092,-4070,-3711,5318,857,-8908,2282,-1682
-3298,2474,-1606,-14303,299,320,-2787,6438,2441,-13302,5599,609
-7138,424,3030,-27904,1312,4723,-7269,2728,8703,-16409,7825,5972
-7466,812,11218,-16128,2241,9508,-4931,1718,11241,-10870,1785,10015
736,552,7178,-16252,2304,2852,4567,3138,10117,-6360,7328,15757
8878,2472,8188,-6112,2114,5584,8743,2028,8111,-5678,2064,4165
9652,568,7738,3268,128,1100,9801,836,7827,3717,-7766,660
12994,4024,6730,1309,2121,1257,13227,5068,6575,1059,2314,32
12966,4028,3262,2115,775,1122,12931,4140,3217,2068,5,13
9378,4144,186,352,13,-3584,9091,4080,47,354,1108,-4087
4946,3772,-38,8,4264,-6133,4769,3724,-109,125,4228,-6136
716,200,-3514,-3576,256,-8046,545,4012,-1137,-3968,274,-7950
-7458,-24,350,-8175,1356,-6912,-7619,-12,2975,-8096,1433,-6512
-6466,168,4026,168,0,1024,-3317,4752,4393,-16874,8135,1966
-7362,2472,11248,-14198,4117,8263,-6389,3730,11673,-13674,5839,8603
-5466,3122,8306,-7535,16641,10761,-4487,3346,9367,-7133,-1696,11856
-7522,4652,5072,2240,2,2565,7831,4270,12685,-5717,13847,15630
2718,2216,4154,84,328,0,2885,2028,3995,1289,4,425
8878,72,4118,5122,-8158,4096,8769,268,3997,5248,-11516,4225
14020,1584,4042,4281,50,-3952,14587,4054,6097,6869,1628,-1398
9404,680,3328,4292,545,-4244,13349,4086,3447,3847,10406,-4285
8894,680,-294,2432,10562,291,10149,940,2987,2384,10561,0
1838,4360,-550,16,0,-9196,1593,4032,-361,1,1104,-9152
3426,-80,-630,-12128,4336,-12032,573,-16,-623,-12143,4224,-12032
2398,68,990,-15856,776,-6384,1211,992,-237,-15356,273,-8160
-6490,6066,3130,-13631,2080,552,-7573,6220,3503,-12252,2194,4535
-3802,968,7242,-15932,8192,8352,-4155,1452,7119,-15477,8833,8576
-7266,2322,11210,-13920,4336,9376,-6857,3288,11915,-13204,6000,15736
5054,8352,11334,1604,16449,17985,4629,4808,11213,-1721,887,23558
8870,4338,15298,-5056,9,16640,9063,6054,16601,311,4369,17739
8942,-88,7634,8655,0,8840,13167,4318,8639,10657,-5596,10468
13542,426,5314,17,1312,4253,13667,4032,5263,9764,2048,2436
8942,4784,3518,9216,7184,2082,8747,4830,3027,9066,7173,772
9518,5342,316,1096,112,1242,9505,4032,401,1284,16,1393
11038,5064,-966,3232,146,4,11077,5292,17,3104,34,268
3758,4054,-162,17,1169,50,3041,4016,-237,671,49,5
2734,4016,-576,-11760,3328,-11704,1315,4012,-553,-8052,3598,-11712
678,2012,810,-5822,5653,-10235,581,2048,659,-5631,6212,-10064
2862,1068,-814,-7536,4258,-8166,2593,1198,-1095,-8096,4112,-7934
754,1224,-54,-8635,4368,-3967,753,946,-113,-8821,4168,-3540
-3330,716,4218,-13766,5185,3586,-3419,4140,4249,-14100,5632,8258
-3370,4306,11994,-18415,6724,11915,-7131,4018,11695,-18424,6761,16646
-4958,9144,11194,-9728,4866,16384,-4729,174,13645,-8574,4632,20359
862,424,15802,-6652,144,16456,1947,3146,16507,-6147,7588,22398
2816,12,11202,-10942,8625,17408,8863,6038,15313,-1803,9476,17833
9120,4432,7154,2145,5504,3330,8745,5040,9119,3401,4936,8976
9438,2556,6090,5154,2050,6204,9321,2484,5847,5414,722,130
10980,2024,3708,8705,296,66,10849,2092,3361,8258,5254,2065
11186,4538,4032,2084,10848,128,10817,4752,2985,282,8252,944
8870,5680,3070,1474,558,72,9291,5678,3283,1122,1889,82
4222,7084,-682,2338,2986,118,4643,6764,-673,2240,3073,12
3746,4082,-1054,-10123,5352,-7102,3635,4020,-1009,-10112,4123,-6880
1950,4120,510,-8157,9280,-8027,1605,4030,167,-8072,9216,-8040
4414,4080,666,-8128,3468,-8160,4385,4142,435,-7992,4120,-7774
672,1112,3022,-7243,4402,-2672,673,940,3203,-8127,4661,-3808
1190,-4,4034,-12160,2058,5634,1089,-80,4249,-12160,3082,4240
-3162,6056,9274,-18132,8193,13312,-3543,6254,11169,-17838,8653,13328
-4818,3152,11724,-2744,291,10784,1183,7706,10987,-2929,4097,15931
1694,8144,15492,-4024,8193,12304,5533,8956,16097,-971,11667,13977
1950,4920,7878,104,65,276,8121,6672,9483,4898,6073,8451
9928,680,5178,2688,2204,1200,9797,428,3983,2152,1572,144
9046,52,4810,5168,2410,6377,9507,182,4847,5380,2048,8705
8934,4072,3270,1056,2868,4096,8747,4078,3227,513,8337,3088
3742,4288,-6,1313,5124,3072,3729,5120,-113,148,6176,2338
3358,-24,-566,8,3100,128,3105,440,-1073,-16911,3370,106
5326,5072,-1008,-15358,128,-2816,5185,5116,-1133,-15173,192,-2944
2224,6058,-582,-11251,8,-2576,2349,4012,-75,-11102,16,-2560
1696,5440,-1092,-6907,17,-4094,1585,5588,-865,-8190,6,-5230
1070,908,1382,-9974,138,-5624,4469,3768,2391,-9376,724,-1411
1008,458,4196,390,3232,1072,841,60,4527,387,4180,863
-2878,3176,8960,14,4096,3072,527,3450,11295,-9156,13427,7542
1766,1032,4478,128,2307,8964,3485,4156,6701,-19968,19478,10749
-12480,2024,7124,-3797,8576,10305,-7955,7496,525,-2458,6122,10189
2718,6060,7636,-8064,292,12488,2727,6688,9879,-5809,18969,12333
1358,-6,7162,410,4621,1120,2439,3656,9111,1584,6679,9568
3246,424,7386,340,-11095,6368,8091,3810,8461,7809,-3449,6995
8866,4274,7366,5144,969,1810,8809,5324,7279,4620,4,265
8862,1264,3012,2600,5184,2820,8883,942,2967,2178,6256,2569
8934,4680,3180,2693,776,2,8867,4204,3353,2849,1024,769
9416,5576,-386,288,108,896,9001,5566,-1133,608,2186,782
10990,5036,-1024,-5480,9354,-4053,10117,4156,-1135,-5568,9216,-3964
5542,4012,-38,-4054,9012,-5796,5313,100,-113,-5119,8844,-5888
2266,52,74,1568,2120,-6112,1573,84,145,1412,2064,-6108
-3426,1448,5466,2176,2053,525,-2521,68,5013,2314,3080,1025
-7458,2428,4730,296,1344,0,-3679,7610,7183,-6884,7744,5761
918,8106,7098,-20217,9217,3136,1951,8668,10675,-19883,14246,7669
-7380,-68,7098,-12288,16388,8544,151,3846,7735,-9009,-3168,10133
11632,4140,3034,9476,8196,11296,8745,4116,3215,8464,129,10388
-144,1008,8778,1056,768,8451,1705,72,9359,3200,7172,176
-7106,1982,4026,72,0,3112,-4575,246,3991,17,2120,3080
9382,1022,7130,336,117,336,8917,18,7583,260,514,1288
8870,4502,5852,276,64,2616,8881,4652,5799,273,96,2049
9390,4522,3138,4368,1067,80,9289,4526,2963,4116,1065,40
8926,5162,3274,1289,784,-1992,9015,-52,3183,1057,1184,-2047
8862,5072,-22,-17903,4160,-6904,8769,5036,-97,-17784,4420,-7072
5022,1618,-322,-14840,1136,-6976,4841,1454,-315,-15103,673,-6816
866,3890,954,-16366,0,-3748,801,3630,1073,-16382,556,-3871
686,1128,4028,-8058,0,416,-3999,1022,4111,-8144,144,512
680,3336,3834,-11256,8353,130,1669,8254,5797,-11960,10195,5348
-7512,298,5314,20,261,9238,-4655,3816,10483,-17512,16330,9494
-7122,5816,7162,-3835,534,194,-2871,5852,8969,-2616,212,10328
1702,4282,8282,-6144,1036,8,1893,4282,8099,-5619,50,2696
2462,2026,8826,1,0,132,2617,2002,8727,512,0,275
9990,4264,7138,18,261,4992,9897,4012,7055,0,0,6156
9246,6440,4170,4244,2130,4100,8913,6062,3999,4098,2832,4278
8998,58,3770,256,4104,48,9057,172,3569,3,4096,771
9054,6172,3522,1057,3203,3232,8745,6832,3493,1312,3091,2561
9144,5032,3538,5,2048,2,9009,4692,2959,326,2048,148
9118,4148,958,-5632,296,-4092,8737,4016,927,-5888,200,-4032
4830,4042,-454,-4060,5393,-8063,4645,4046,-545,-5454,5376,-8144
1964,984,-532,36,536,-7295,1603,1298,997,19,692,-3903
-7426,6962,9306,2,9730,3726,-3889,416,10313,-7502,9837,4074
-7522,-88,12346,3354,8304,8270,-4171,2168,13263,-12811,14856,9461
686,3624,3978,32,545,9216,1405,8164,6025,-4201,1253,10137
2270,2152,11198,-8060,4252,10274,1065,2872,11295,-7103,3332,16
8862,2476,7662,2048,2560,6213,8793,2496,7579,1093,2049,7237
1118,-68,3858,64,2339,292,805,1968,3983,130,1416,512
8878,2034,3534,1174,5184,6160,8745,4078,3503,3718,5376,65
8990,938,3198,2094,6409,260,8945,4052,5089,2657,6145,142
9938,6316,3600,68,5905,3168,9825,6156,3607,64,4096,3134
11244,6618,3002,1309,488,273,11099,6836,3735,1032,192,304
11038,6092,186,-10592,2196,-2940,10845,6074,-91,-10171,2084,-4090
4278,4436,1022,-6135,4388,-5996,3881,4012,921,-5880,4352,-6143
1192,240,986,-11775,435,-8191,1569,180,911,-11735,9,-8188
-3162,978,5122,-7005,4098,-7642,-537,1338,6353,-6881,5301,87
-4450,3112,-22,-7800,4,32,-747,8090,1687,-9051,5267,6390
-7258,1100,19906,-12248,8328,13601,-7373,8930,16777,-9155,9973,12857
2974,6584,12732,-8186,3330,13411,3849,6860,16033,-6186,8585,13570
2988,5090,12222,906,2228,1056,7639,5472,12147,3047,3219,9892
8862,3256,7098,6176,8,4225,8771,3508,7071,6144,8,4100
9128,4648,3556,6153,540,912,10899,4502,6225,6331,3428,841
9262,4016,4924,2822,3168,4610,11701,6154,4797,2723,11858,-346
9378,-88,610,0,544,2326,9461,172,2991,0,340,2082
4034,4040,26,-13312,640,1061,4133,5472,-529,-13334,772,1152
5074,-88,-30,-7160,80,-2032,4937,3700,-89,-6892,324,-2046
4798,50,-806,-5696,5198,-6122,4837,250,915,-6128,5162,-6136
-3266,-80,3262,1571,224,-7743,-3487,182,3487,1680,1,-7444
-5410,2732,7098,3092,144,4352,-1161,4286,8785,-8458,9065,5748
1054,8240,4410,640,10369,2,5677,10624,6657,-14258,15355,6396
-6490,2612,15386,257,14160,972,-4453,7862,13681,-8849,14058,7708
1970,4010,7138,-4063,439,73,3431,7256,8241,-4440,1263,9597
-14688,4050,4218,2082,52,1578,-15483,300,3087,1161,257,4424
8870,2360,5178,8324,-3064,1109,8771,-36,5011,8512,-3832,2080
9024,4042,4558,384,-7409,2816,10969,940,4081,192,-6632,4641
9002,488,3522,1026,6412,10304,8745,716,2991,420,5456,8257
3110,5048,2496,6,4096,-3160,3469,4652,2447,1,5128,-3580
3456,112,1790,-14328,4,32,2607,-28,1425,-16248,9227,8
1226,4866,-1018,-15807,4156,66,1569,4828,-1137,-15831,4352,88
5800,4146,-70,-15994,9282,-3872,5675,4108,-113,-14240,64,-3735
830,2064,3362,-7096,306,288,545,1458,2959,-6848,130,672
742,128,7866,-10746,6164,769,609,-14,7215,-10168,0,2310
2720,168,3130,-16224,6816,3585,7117,7262,4751,-17004,15810,8312
-7522,8876,13114,0,6,9024,-7159,9238,13291,-7133,13965,9302
-5046,8136,8650,64,518,3,4171,8590,11339,-3766,4245,9781
686,-78,8134,1696,3073,4113,6303,6284,10333,3842,2711,5617
1838,-70,3060,2712,-3968,32,2087,2748,2993,2184,-3792,29
9454,3498,3148,2049,-13535,-2044,9521,3016,4053,2138,-14240,-3064
9400,4112,4122,10,0,4400,8737,4540,4143,770,512,4624
3240,4904,2234,2128,5206,276,2597,5084,2063,1036,6153,160
766,6428,1036,-11519,649,128,617,6508,927,-12220,336,16
1762,-18,-1076,-20480,1120,0,1677,-76,-1121,-23680,1101,192
1698,4322,-1058,-22496,672,256,1633,4024,-977,-22360,776,256
710,170,-1030,-23523,1026,128,4413,112,-833,-23039,17,6
1678,2496,3674,-15974,2602,2164,565,2348,3217,-16119,2056,2124
1214,2242,7630,-7050,3797,772,1089,2484,7613,-6696,3590,520
1886,8136,11194,316,6161,6288,6787,8854,11773,-8237,7346,7075
-3362,5160,7114,-10222,8962,358,87,6906,6791,-10249,9775,6852
-7458,2376,11520,-7424,6197,10257,-7617,1988,11515,-8060,6158,10814
3118,3020,7294,2083,4356,261,1729,956,7319,40,8193,1795
4894,3272,4050,-2426,9232,2432,5089,3004,4133,-2205,8985,2191
9966,712,3738,4801,1425,4608,8809,-76,3631,4240,1024,4
8934,5160,3020,0,69,3081,8745,4144,4015,8,16,2145
9090,88,3418,1842,2436,162,9123,0,3215,1605,2561,266
4776,-50,-836,-15327,4096,2144,5025,82,-1009,-16252,4631,2050
3176,4542,-70,-12248,584,4104,2977,4524,-943,-12028,647,2048
1702,4016,1218,-5116,2,-3040,1281,4080,1215,-5054,328,-3071
4846,3178,990,-7798,8355,-3520,5481,3058,929,-7680,8336,-3572
1438,160,3090,1089,512,-5885,1193,440,2959,1170,64,-5949
-4834,-56,8466,1408,4113,1488,-1119,3000,11087,-6755,8323,2262
1124,8616,8122,0,6436,4193,5181,8686,8501,-11198,15241,4422
-7520,488,11322,-7876,472,8672,-7271,4702,11569,-4965,7018,9066
784,480,8666,-8191,16,1028,679,574,7087,-7002,1152,1090
5822,6144,4162,462,12580,1026,9451,1200,3987,648,0,1218
4786,1728,3838,680,4106,2178,4713,2038,3733,2116,3073,4161
8950,5042,3340,2568,2405,2048,9633,5040,2975,2304,2336,274
5538,4412,3010,1,2081,778,5667,4540,5007,1350,16,808
5790,5036,3386,772,2210,664,5701,4092,3249,1008,1057,660
9662,6200,3810,-11621,642,-1216,9393,6124,3679,-11648,576,-1344
2958,5616,-486,-11196,0,-3450,2849,5688,-497,-11447,137,-3560
4766,312,3132,-14048,1162,-8061,4973,48,3087,-13696,1088,-7904
1314,692,7230,-15776,5128,1673,545,348,7193,-15227,5377,2049
4900,9452,3074,-10748,305,2288,5187,9588,2263,-11781,18959,2554
-11586,40,3594,-11574,1028,9228,-11299,3044,5207,-9135,15533,9082
-6850,232,11228,-2487,56,6455,-2179,7488,10665,-104,1655,8014
686,6188,7262,-4932,16418,544,1471,7010,6663,-447,-1683,6109
-5248,6060,5050,-7928,3345,1812,5249,4484,6633,-2954,3794,9783
3654,1976,3082,4096,-4095,5696,3269,1098,3087,4176,-3456,4096
10086,424,3046,3089,304,417,9771,-60,2959,2441,420,12
9014,-88,5210,1056,6404,2368,10209,2012,2971,1550,2,2464
8960,4526,1274,526,4624,1160,9067,4524,949,580,4148,160
9438,4524,1210,-15872,1,4608,9353,4422,511,-16091,198,4737
3518,5322,3202,-15352,4352,64,3245,5356,3215,-15280,4512,320
832,4040,650,-7872,8253,-3162,997,1216,623,-8085,8196,-3988
3246,4018,5052,-7956,16,307,3107,4052,5211,-7935,0,138
-3008,4658,7244,-8191,3104,3250,-3159,4734,7055,-7839,3077,3364
4894,808,5060,261,9248,4544,5075,3640,6545,-15225,16331,6159
-3354,446,4034,-6140,8225,8705,-2359,5884,8791,-5857,8288,8479
1728,8184,7706,-10240,12300,4176,2179,7812,10097,-8155,13679,7783
686,4524,5244,1029,8640,1024,885,4270,5021,528,5377,1636
694,-72,4034,24,-6136,342,8739,172,3023,1224,-7936,384
8878,18,4122,1,-7103,1692,9313,-16,3989,5,-8023,1546
8926,5416,3286,288,257,2196,8737,548,3641,1106,4,2085
2974,172,3042,34,6212,34,2849,6828,2959,32,5675,16
6814,6920,3050,-14102,8290,4128,5795,6708,3471,-14286,10252,4160
2742,4140,3086,-15038,3336,577,2593,4528,3043,-14992,3074,528
2254,480,3834,-8188,8356,9,2097,-20,4111,-7616,8448,-895
738,168,4560,-8174,136,264,625,176,4387,-8189,208,132
670,3496,7874,36,4256,6446,1573,-80,8375,77,4128,6820
2782,9294,4026,1184,2242,5152,4225,9048,6527,-13032,19280,5401
-13370,-72,-5094,-6110,4692,8720,-13245,3604,2585,-5085,4187,9325
2782,4008,9218,-3967,1600,2048,3269,6748,10647,-3704,1256,2324
9152,1978,8894,2580,4352,9472,12841,3264,2977,2181,1024,9236
8884,2096,5826,10413,-14192,544,8871,-84,5071,10756,-14334,72
11438,4600,3148,4131,152,2049,10817,4608,3487,2432,259,2120
10918,5044,4940,4136,2256,2,11073,5036,2963,1024,4492,1408
10034,2490,3550,3,48,-2048,10001,2748,3601,1026,32,-1759
10674,496,972,192,512,3024,10065,-40,-363,96,32,2580
8862,984,-1092,-16382,8392,-9088,9441,972,831,-16378,3152,-9712
4962,3256,1034,-16335,8192,64,6435,3580,-345,-16384,8576,4
-2530,-8,1442,-15296,362,-4048,-2895,12,1191,-15223,272,-4028
-5986,272,7258,-13628,4372,128,-6087,1006,7605,-16350,4608,1025
694,8252,3258,-16320,2,26,2181,7068,4597,-13485,3561,3069
-4962,-84,11204,-7931,16448,11721,-3119,4910,10901,-4942,-7027,11396
3614,6056,11542,-13912,4568,12416,7255,7386,12023,-9262,13504,12724
2504,328,5186,41,10433,8240,803,1144,7055,514,9730,9872
9378,4232,8266,2,-6702,2178,8961,4780,8143,542,-6656,24
11050,-74,3974,340,4108,1058,8865,3276,3857,352,108,5508
9154,5272,4346,128,1024,1088,8993,5676,4497,32,1568,156
11938,6650,3066,3108,4096,292,12017,6872,3315,2116,4609,33
12582,6064,-686,2640,737,3853,8889,6108,-47,2691,148,3535
10078,4146,486,-11776,4,4136,9777,4140,-1135,-11758,27,4240
2718,4536,-1094,-8030,512,-11904,2593,4396,-1135,-5726,872,-11264
-6492,456,-2118,-10491,2048,-7920,-7635,436,-2377,-8191,2048,-7420
-7500,5048,5246,-7648,4232,-6762,-6815,5132,5007,-7262,4177,-6324
-11986,11184,4346,57,582,5314,-8933,-962,4657,-14800,9284,6393
-4226,938,11514,-12287,104,10243,-3811,1890,15633,-8470,4900,14306
982,4352,3066,-15328,15696,12804,707,4140,7315,-14568,4,395
1752,4090,12058,-7678,530,14592,2133,996,11151,-8189,4690,14848
8930,494,7488,424,4099,10288,9785,4016,7253,49,6436,10272
10926,1258,7110,272,2336,1072,10853,1268,7095,1090,2578,2090
9006,106,3020,1281,0,4144,9075,4366,3473,1028,3336,12
8862,-24,4084,3584,644,72,8837,-76,3995,3078,9,1
12578,6192,1470,2052,32,-4992,12353,6550,1511,786,12,-4990
8866,4274,1000,-9212,4176,-9856,9393,4140,929,-9204,4404,-9728
2728,106,954,-7616,2088,-10032,2693,308,1055,-8064,2304,-10240
-3146,-14,1498,-13296,4187,-6720,-3471,444,1743,-13312,4387,-5863
-5204,936,7566,-7815,34,640,-5105,1326,9449,-7286,8440,1275
798,5168,3390,-22016,8848,164,1627,4222,4791,-19162,10527,5696
-5468,-88,7130,-8184,8448,96,-6239,12,8145,-5990,9026,131
8954,872,9798,-5376,3219,2,-6111,1988,11409,-8192,193,16384
9008,1744,10172,2089,1080,8274,13413,948,10385,3088,512,8483
9864,4520,4890,4102,1024,98,9129,4540,4563,4675,1079,0
10216,5326,3522,1735,1029,512,8869,6324,3407,1136,1166,1032
11426,6314,3514,1030,5735,4161,11329,6064,2969,168,5824,2200
10910,4008,3258,1136,2353,1096,10721,4272,2971,68,2069,1028
10142,4008,540,8,33,784,10017,4028,2131,4,86,772
4768,3772,1092,-14816,4,240,4915,-80,975,-16343,17,264
670,4204,3034,-15854,8224,-3934,617,4064,3215,-16384,9466,-4056
-6496,460,3098,-8192,10416,1546,-2769,5336,4787,-8090,11411,2100
1214,8288,3076,-11264,8266,1922,3097,10074,5501,-10138,10983,3384
-7266,10,11722,-15600,51,6676,-4291,1974,12871,-12540,14725,7194
2720,4064,8670,-5118,64,560,2897,4050,7697,-5823,81,1154
9440,4266,9450,2,2,292,9049,4274,9489,283,68,594
4894,46,4090,529,838,4242,5817,-84,3223,1282,5,6436
8868,424,4478,1038,-3248,3073,10793,448,4531,1025,-4048,1670
10414,4264,3388,2828,5752,38,8795,4236,3345,2565,4096,1616
9054,6056,962,513,520,3,8769,6316,657,385,32,-1496
8862,4626,-68,-7408,1082,-7154,9345,4716,-97,-7677,1384,-7119
2466,4200,82,-7680,-6646,-7962,2081,404,211,-7547,-7136,-7680
814,54,1104,-5856,-7039,-4046,545,12,1315,-6139,-6656,-4020
-2840,2264,4542,-8063,1526,1250,-2959,4024,4411,-8036,160,452
734,8880,8130,2205,9232,4880,5827,8712,9813,-13484,12945,7322
-6222,8584,8318,25,12976,2068,-261,10700,8867,-8057,12809,6124
-5442,4072,8220,681,10384,8776,-579,4034,10903,-9360,13459,10956
3294,684,8378,4680,2435,2080,3683,2040,7953,4552,2080,2376
8366,184,3018,1322,544,12,7749,62,2993,293,2320,5672
9518,-4,5138,530,1164,320,9257,-50,5009,105,854,80
10030,-80,5094,136,513,136,9579,942,3007,12,2062,892
10398,4072,3038,1033,808,13760,8749,4268,3479,5,281,10512
8998,-56,3202,-21980,282,1026,9249,44,3343,-22264,2068,4136
3760,4584,954,-20016,3,2304,2677,4610,1041,-18144,64,2176
2722,5664,1502,-12240,10770,-5626,2593,5582,1423,-11196,10242,-5887
706,536,1274,-7791,200,-4986,547,-12,1423,-7936,192,-5023
672,1000,3298,2048,4614,768,-2971,1148,3259,2084,4128,132
1246,-76,4028,1002,932,6762,1397,4140,7091,-12583,9758,7151
-2386,1064,15356,26,10249,1178,-2475,5978,15225,-5134,9175,9366
2742,178,5308,-7056,8837,10246,4011,7390,10785,-7140,11231,11201
2910,4120,11278,-8032,2610,6528,2913,4918,11385,-2472,7434,7960
2742,938,7226,192,512,4384,705,686,4431,5,840,4128
9766,426,4538,410,65,4640,9825,4420,4215,145,384,257
8898,0,5564,192,1186,2072,8853,-76,5527,520,1312,6
9982,6700,4122,1166,2944,2833,9767,6072,4495,1026,3457,2080
8894,6824,3034,1152,4112,272,8737,7024,3487,1044,3880,100
9928,6056,3590,24,1029,1289,9769,6400,2971,28,291,1056
9776,6376,3514,-11584,10522,-5631,9513,6236,3471,-12288,10688,-6136
9056,4460,-58,-7339,68,-8188,9003,4276,-495,-8191,8,-8056
1310,458,-1076,-4086,8328,-8075,549,-74,-879,-3968,8199,-8192
-2386,-50,3258,-7168,24,-8154,-2239,368,3233,-7680,124,-8064
-7418,1100,954,-14560,10280,738,-4409,1194,2325,-12654,11216,6323
-5978,8248,11212,-15824,8584,8605,-7519,9136,11695,-16318,8760,8288
-5026,6056,3196,-8185,2056,5248,-5599,6160,3215,-8020,2058,5568
2922,106,8222,-8158,77,387,2721,438,8087,-7658,160,8
4778,2080,4210,-3904,4096,40,1571,2100,3255,-3434,2210,1102
9630,4392,3002,3584,137,4096,9585,4016,2959,3328,280,4422
10912,5324,3788,2181,4417,2080,10825,5420,5149,2070,5008,1664
8898,936,3466,512,804,4906,8801,1022,3023,68,26,4673
8870,200,-998,599,32,3620,8737,176,-1115,9,578,3209
3870,4010,-766,-12224,8226,1080,3747,5086,-775,-11583,8193,172
1312,2736,988,-5552,10372,-7166,1129,2348,1447,-6032,8224,-7158
830,3136,994,-7399,8192,-3048,8737,-84,2959,-5410,-3994,-2358
-3322,684,3642,-7232,2470,34,-1193,1838,5071,-7422,3465,3776
-6754,4648,8154,392,3586,1299,-3187,4982,8653,-16621,12580,7892
-7002,5162,20450,-10495,10267,8244,-7583,6064,16079,-8121,9423,10576
1196,4076,11258,-8120,512,8770,2629,4076,11437,-7040,1177,8368
3024,2248,9402,69,5248,10819,4503,2196,9775,995,7813,10931
9118,236,7484,514,2756,6048,9445,4264,7359,4632,3715,5946
9122,2474,3006,3160,41,1040,8881,2752,3375,3352,1172,810
9184,5688,3130,3652,3136,12,8993,5692,3311,3077,2880,36
4126,5000,-774,258,1555,-2494,4805,5036,-1073,161,1077,-3052
4782,4056,-708,-12125,4611,6,3637,4336,-1001,-12032,4608,6
950,3160,-1074,-6030,448,-6012,675,2990,-945,-6141,1080,-5980
-2974,936,1986,-9696,1457,-3831,-3001,1204,2959,-9519,2050,-4088
710,44,7162,1028,5213,308,1281,4706,8157,-13788,7904,4406
-13468,-82,11196,140,256,8838,-9017,3586,13469,-14243,15835,10111
-7068,6066,7106,-5752,2232,8384,-1775,6066,8213,-6003,2843,11327
3006,3000,9276,-3547,922,8400,2689,2412,9131,-1727,27,9288
3798,2984,3162,2,-4061,1391,3105,2492,2971,785,-4082,1345
10238,3068,4090,8962,-1248,512,10209,3308,3999,8788,-476,49
9120,5844,3002,18,6305,4352,11065,5756,2805,4933,7968,-1866
8864,4010,-1062,592,2240,646,8885,4624,1023,475,10816,-4435
686,5300,-548,-12014,8224,-4030,2209,5228,-593,-12288,8236,-4027
832,4136,-838,-11757,132,280,545,4064,-783,-11720,1153,100
702,2728,-966,-8039,394,-7164,803,2358,-877,-8175,585,-7085
1702,-72,62,-14264,6148,-2888,1061,300,437,-14170,6312,-2940
-3170,4050,5160,-15870,257,4120,-1497,4654,5191,-15351,384,4417
-3168,112,7234,518,10785,2736,-3551,220,7183,609,11024,2700
-7250,4016,11274,922,8192,4104,-1415,3948,13853,-9053,12047,13751
-5188,436,11196,-7035,710,8202,653,4776,12585,-5925,8592,15145
1958,4392,11834,1552,4228,6725,5581,6026,11491,2098,4062,6814
3742,-56,3014,768,1056,386,3649,108,2991,624,1156,576
3742,2280,3226,521,8192,2752,3713,2016,2961,360,8192,2844
4902,492,-246,258,1065,2680,5355,1996,2631,4519,4638,-1502
4774,4132,3038,2,4098,161,7685,4572,3687,-239,4285,100
2850,5610,-518,-6144,272,16,3109,-66,-625,-6110,9,81
2854,6056,-1346,-12090,4360,-2791,1597,6156,-1129,-12286,4714,-2936
800,5224,186,-12640,8576,-2454,805,5054,3041,-8187,8194,-2559
4302,4072,1026,-5278,4483,-1712,4225,4470,2893,-5200,-3648,-967
808,3218,3098,-8186,5377,296,805,3118,3227,-8000,5380,65
-2402,460,3232,-9724,514,100,-1605,1616,4855,-9927,2131,4848
1728,4008,11802,1040,3089,8744,1475,4278,12055,-15155,16733,9900
-7522,42,11344,-12047,4616,10452,-4905,4414,12179,-8073,14999,11409
-6894,304,7098,-6324,6040,2352,679,6034,7401,-2706,6577,11052
1188,-86,9218,-2038,6222,512,4853,4638,10519,-590,6018,9701
8862,3496,7252,528,4108,4745,8851,3562,7333,4567,6704,6798
8862,3692,3002,1538,4400,275,9363,4292,5881,5722,6403,4119
9022,5164,4030,2827,8352,64,9023,5246,4457,2582,9032,908
3038,-80,3388,1168,4096,-1976,7491,6138,4381,1420,3692,-1288
2978,7082,3022,32,4864,-3007,3425,7100,2975,48,4224,-3320
5024,6462,3044,-3072,130,-2527,4705,6266,2975,-3072,977,-2895
5856,5570,-20,-1534,161,-4088,5745,5558,-113,-1520,36,-6592
5790,4010,-38,-4069,2244,-7548,5665,4408,-113,-4574,389,-7680
5098,4028,-518,74,3136,-4008,4905,4014,-433,137,3340,-4056
1714,4008,968,356,4200,-7807,1153,1214,1179,257,4388,-7680
-3102,2218,1028,-7900,4393,-5888,-3333,344,991,-8064,4352,118
-7260,-84,7130,-12224,26,2370,-1303,2870,8943,-10750,533,4218
-5824,5096,11466,-16384,8288,85,223,4984,11469,-16145,9768,6514
-7330,3048,14554,-14238,186,1058,-4293,4038,14631,-7978,7165,9440
1438,-24,3070,-8170,3122,2,1625,940,8509,513,3266,5
3762,2536,8796,-6016,4128,11298,4145,-52,8687,-5631,4228,11356
3752,1960,5612,5,128,8,3689,2028,5015,7232,512,10
9132,4408,3140,4320,5122,4483,9001,5076,2961,4196,5385,4320
2870,4420,3052,66,128,6,2659,4022,4759,148,128,2212
3008,5810,3130,2816,2052,20,3121,5820,3015,2720,1664,4
1310,6056,4090,1100,128,0,1059,6220,4027,1154,6,24
1760,4282,-190,-6144,6146,-4971,1605,4268,-105,-6058,6208,-5040
692,5288,208,-2556,5208,-6144,633,5468,399,-2558,5139,-6647
3918,6348,-50,-4090,2756,-3072,3875,6402,-97,-4348,2819,-2960
3110,5100,3260,1234,1552,-3343,2613,5080,2995,1171,1602,-4094
680,2664,3596,40,4100,-3968,713,1964,3727,192,4133,-3831
1030,456,3388,132,4640,0,805,750,3279,2,4660,0
702,1016,3002,88,4113,8195,1569,-50,3159,576,4100,8256
-2896,4284,7108,224,618,12546,-3551,4556,7445,16,694,12288
3190,0,12126,1216,4160,16392,3699,-80,13583,1032,4288,16394
-5408,5288,9164,268,257,17731,-5503,4204,7727,116,576,17496
2854,240,17306,-2636,260,16652,6669,5200,17371,-1566,7392,17148
3264,5176,12474,8292,4440,8388,7553,5484,11901,9858,-1546,9815
2274,5046,4538,2592,8516,778,8551,7042,8721,10569,-4572,626
1632,4020,3038,2048,1122,1408,1319,4082,2967,2073,104,1155
2386,4330,4028,2184,1165,56,2341,4024,3983,2050,1280,4
970,5288,-70,1664,66,672,993,5132,83,1707,518,688
1822,4042,-288,1280,3136,130,1705,4196,-753,1092,2880,256
4778,4152,-3142,-9980,32,-3839,4647,4304,-3153,-9904,24,-4044
5342,4056,-1862,-7838,1057,-7478,4793,4048,-1883,-7670,1056,-7503
718,4046,-1072,-3575,320,-3583,801,4396,-1133,-3456,262,-3579
1950,1460,3322,-8136,0,1,1575,1788,3983,-7135,512,8
1218,4024,4090,17,2587,2085,1185,4014,3095,129,2562,2208
4802,4126,3146,34,2057,2626,4645,4082,3215,68,2066,2601
944,184,4254,1345,2305,6404,1057,18,3991,1100,2052,6164
1058,40,5122,1344,12,8428,1841,-70,5391,1028,1088,8292
-4440,6328,9598,0,4673,12288,-217,-1960,9849,-18107,12808,14509
-6478,8424,17350,-12024,2817,16676,-101,-1046,18735,-9981,11544,16713
-6498,-56,11328,-8174,1,136,-1955,1994,14261,-3254,6579,15398
980,4172,16902,2,10296,2060,5161,5036,18093,1868,10450,10200
1694,680,8278,2056,10248,1040,4213,2634,10691,2471,10042,10034
1182,1856,7106,1078,5410,1194,1059,1102,7837,1280,4160,1042
2974,168,3522,7424,1062,5121,2659,260,5021,11,1553,5481
2750,200,4346,2312,4240,6656,2667,188,4059,2208,4352,6149
9118,4016,3340,5144,10,3585,8881,4022,3409,4392,3336,3204
8894,6568,3340,6146,539,4120,9281,430,2997,4162,2227,4184
3058,6324,-1010,2050,2400,-6144,3697,6384,-1073,2056,2132,-6072
3590,4140,-886,-3578,786,-3584,4657,4268,-1073,-3839,272,-3791
4958,6064,3004,-7072,110,-3456,4901,6148,3399,-7375,705,-3536
6054,4582,-894,-8192,768,-4047,5793,4524,-877,-8060,646,-7134
4928,4268,3050,-7680,706,-4014,4645,4172,4003,-7676,896,-3711
1824,72,3006,-9976,0,390,1761,44,3331,-9904,528,512
-1754,-86,7134,-11744,2752,6288,-2511,4270,7311,-11759,33,6224
3814,4008,9186,-14336,1568,8452,625,4540,9109,-14331,2560,8481
-6610,10156,11236,-24352,707,13442,-3957,-1730,11879,-20348,16823,14401
-7520,-88,15482,-6076,6193,45,-2481,4858,16219,-1146,5780,12894
670,4020,11194,-8192,8240,37,3723,5468,11757,-4955,13112,13281
954,4520,12220,2,1129,646,3019,4420,12453,1444,7305,10125
1822,424,7102,1029,0,532,1607,-20,7127,578,0,0
1190,284,4130,267,4161,58,1059,-52,2971,1040,4544,16
9654,4040,4322,2057,530,472,9011,4060,4119,2904,1,36
3870,1128,3044,4288,4200,-3036,3705,4150,2961,4630,6320,-3000
2974,6060,-38,2176,1818,-7020,2929,6700,-73,2048,1313,-7168
1984,6704,-1078,-2940,2080,-5086,2145,5550,-993,-3008,2065,-4864
5086,4794,-830,-8160,1160,-4832,5793,4656,-873,-8190,1221,-5080
4836,1194,-66,-8192,262,-6365,4641,948,191,-8120,256,-6144
1962,168,58,-7868,6211,-3583,1745,-84,3,-8124,6168,-3520
862,4044,7486,-11264,936,4098,627,4158,7185,-11254,4875,5664
-5210,8264,9178,-21008,96,10504,-5927,-3396,9017,-20619,18071,13104
-5406,204,19386,34,1,10248,-721,3510,20625,-3370,7969,15482
1694,6376,12730,-6012,11120,116,2433,6852,12199,-4952,11536,9970
-15458,2472,11196,-11024,4293,672,-14735,-52,11727,-9056,12560,2176
814,-54,7428,257,10440,8201,801,2476,7063,265,11208,8512
6110,1192,5962,4230,7284,3160,4645,1980,5779,4392,274,4224
9054,4072,4138,6242,2049,1026,8811,4012,3343,4934,512,1072
9426,5336,-70,1139,32,385,8737,6068,-113,1033,24,6
3778,6588,-1054,-12096,3345,1936,2625,6068,-1073,-12024,2316,1478
2974,6330,452,-8048,129,-976,2745,6064,435,-7679,258,-1728
1822,5048,506,-8188,4128,-3932,4649,4704,423,-8184,4097,-5566
4934,6060,-578,-8184,4160,-5886,4905,6190,-593,-7936,4378,-5846
4986,5162,230,-8187,6221,-4095,4641,5068,297,-7295,6145,-4028
800,-40,3522,-8173,4224,-3575,553,718,2959,-8192,4104,-3069
-3426,5162,5054,-16068,1041,5817,-4299,5168,5025,-16236,275,4176
-6974,2250,7242,-16876,8784,8192,395,2868,8359,-17386,10746,9882
-7436,-88,13148,-17312,6,9376,-6539,1140,13535,-15656,15421,11647
-5442,2936,13116,-4082,1120,1538,-3599,2992,15259,-2571,4131,12007
706,970,11228,-5922,380,2564,4837,5036,12313,-3183,10696,12521
3294,456,8742,2048,5248,584,553,220,8211,2054,5186,260
8930,176,7150,7426,294,212,8877,300,4631,7216,426,1028
8870,4076,3066,5152,12,32,9375,4080,2975,4230,0,1554
2246,4528,3038,3080,5280,520,2725,4270,2961,3329,5488,512
3390,4264,-54,1028,7698,-484,3233,4356,-593,1281,6145,-1020
3250,4354,-60,129,71,-2544,3111,4120,-105,-3024,-360,-3071
5058,5352,-1022,-4092,612,-4004,4645,5356,-1109,-3791,512,-4088
5638,4656,3130,-5236,5016,-7128,5445,4268,3279,-5238,4530,-6952
5194,4008,3658,-7100,4096,-6139,5161,4044,3571,-6816,4262,-5821
4766,4332,3770,-8901,2584,-1904,4705,4300,3871,-8932,2432,-1779
1778,268,4604,-12096,128,-1243,1569,76,4519,-12252,276,-1190
-2394,104,7182,-15295,4746,4352,-2271,78,7087,-15355,4358,5377
-6222,8300,8386,-16347,1796,10500,-5879,-3234,8531,-15393,11655,12263
-6208,2040,15322,-8064,5132,13388,-2307,3116,15193,-5372,7202,13357
-7466,4184,12730,-11995,4,2560,1219,4288,15017,-953,4307,11702
3102,302,9154,1600,1296,9544,3295,1808,8811,1951,5915,10182
-986,192,8130,274,512,128,7227,2470,8119,5596,4716,8804
2846,424,4606,4512,2837,6144,2593,700,4579,5130,3074,6292
9186,4520,4032,75,4106,1419,8737,4530,3281,1216,4356,1090
4768,4008,3006,642,1072,2048,4705,4272,-405,4096,36,2880
5034,6248,-906,1024,6,-5886,4665,6060,-1115,688,9,-6016
4822,4072,-374,-3008,1029,-4031,4705,4144,3007,-3070,1153,-4080
3486,6088,3078,-2912,517,-3836,3369,6062,2967,-2841,296,-3768
4898,6076,-586,-3775,1137,-5103,4641,6222,-109,-4064,212,-4988
5022,6080,3014,64,-1088,-3063,4835,6126,3345,64,-800,-2032
4958,4144,698,1025,2092,-991,4705,4092,823,896,2152,-959
1728,-14,3514,2053,3140,112,1581,1004,3473,2096,3075,268
992,186,5594,0,629,2344,673,2164,5567,1920,136,2162
-6410,1960,7226,401,226,4370,-2145,3238,10425,-9989,8898,6581
9516,2602,13834,-16232,260,7723,-207,2514,16199,-13701,18087,8323
-5722,5840,4154,803,16904,8733,2249,6150,11963,-9214,18680,10734
-346,-78,7102,-4048,512,0,-95,2284,7135,-8158,5,20
4830,1968,3002,136,3840,2369,4695,3054,4239,1073,3124,2186
3230,648,3004,33,833,8224,2785,1200,3231,504,16,8482
4994,4584,5114,2320,6226,6144,4897,4908,5135,720,6528,6570
3870,6328,3134,0,5120,1860,7909,7476,3085,2474,5839,3721
3358,5688,3274,-16352,1412,0,3177,5548,3503,-16368,66,-4840
3742,6200,4092,-16113,8905,-3439,3625,6316,3791,-16060,8738,-3328
3592,6094,3228,-12276,8192,-3963,3493,6124,2999,-12262,6472,-4080
4958,6184,3154,-7520,2586,-3320,4929,6290,3155,-7280,2320,-3263
5790,4152,130,-5088,-1948,-6911,5779,5822,-111,-5095,-2525,-6116
7176,4010,3130,-8044,-3280,-4080,6761,4144,3043,-8171,-2939,-4046
942,-70,962,-8137,1,194,641,-82,927,-8174,40,192
-3410,1642,7162,-7660,136,1314,-3423,180,8783,-7800,528,616
674,314,3284,-20320,128,5121,-291,3434,7891,-17953,15159,5688
-6242,1384,7228,-13296,261,16,-6621,1242,8111,-12272,576,28
-3106,6120,12276,-15026,10787,2,-5519,2044,11351,-16308,9737,7776
822,730,5222,-7999,8323,2467,1137,-60,7079,-8040,6793,2048
8920,1048,3642,2112,64,520,8739,1140,3759,2213,32,0
9150,4576,5572,1168,1040,1731,9001,4596,5679,1129,4104,1600
9386,4280,3086,32,88,208,9323,4286,3007,-8238,193,33
8894,5296,3296,16,279,-3959,8739,5206,3487,36,9,-4027
9056,4526,-560,-3520,128,-7922,8907,4668,-617,-3572,100,-7934
5038,4270,-582,-4085,396,-8190,4899,4012,-587,-3324,385,-8164
4802,4264,-196,-6544,512,-6144,4655,4460,-357,-7036,674,-6064
-7506,938,1260,514,768,-7927,-7629,940,1055,652,2482,-7840
-7010,-88,5562,1609,10496,1600,-3529,3648,4425,-12551,11172,1473
-21842,8136,5818,6155,8482,8260,-13047,-2454,6905,-15244,8404,9886
-2238,-24,15546,4616,1129,10762,-27,4348,15473,-2693,1050,10569
1222,3288,3024,2050,177,14336,545,3760,3471,1153,8976,14386
930,452,8658,131,-4990,10052,1577,972,3241,1186,-5034,9744
4772,938,3294,14,2592,8208,811,-4,5079,1,2209,8195
9390,2762,6338,80,40,4688,8737,4084,6063,5481,66,6403
8894,1002,3450,130,321,64,9777,942,2967,12,5124,2193
3398,4200,5146,2694,6476,1634,3185,4084,3603,2601,6211,1536
3806,7086,3274,1108,1437,1034,3651,7112,3167,656,1088,899
4802,40,3098,-13485,122,404,4641,148,3119,-12272,32,282
4838,6064,-46,-14320,549,-4030,4771,6068,-113,-14238,536,-4064
6046,4264,1356,-15356,64,-6892,5799,4122,1437,-15359,14,-7149
2090,686,1356,-14132,696,-4544,2081,498,2959,-14175,642,-4351
806,192,3006,-14192,512,-5852,-2103,76,2959,-15232,850,-5888
-3392,184,7100,-14048,8707,0,-3483,756,7449,-13340,8323,356
-4082,10346,3002,-22012,12,8292,-6391,-1942,5257,-20001,16717,9557
-7394,938,15548,-5624,2688,17411,-2591,2118,17891,-3525,3169,17480
1694,-80,3264,512,8364,128,6885,-4662,9773,6295,1430,19697
2750,3508,11450,744,5122,4096,1081,2608,7839,4112,1031,4128
9894,1464,4828,2436,-6072,1541,9829,1524,4529,2162,-5880,2248
10430,4010,3276,561,-7902,2880,9765,4396,3239,368,-3968,2090
8872,4268,-68,1068,6170,64,8801,4038,117,832,6418,322
9888,4080,-824,1280,324,2592,9805,4528,-1087,2052,160,2624
10922,4072,-510,1291,5526,4,10805,4148,975,1032,5456,-2784
2722,6568,314,-5976,293,-7479,2353,6830,-1137,-5852,2053,-7664
2718,7208,-2610,-3937,434,-7168,3109,7220,-3121,-4055,1,-7272
1982,4112,-1606,-6316,1044,-8174,1697,4012,-1457,-6624,1280,-8063
748,608,198,288,1571,-8112,725,596,-101,135,1200,-8184
1030,-84,954,2,4162,-7904,705,76,975,2,4118,-7664
-2810,-22,3022,672,244,2101,-3135,220,3485,480,520,272
-6242,6352,9282,2065,2048,11478,-6287,76,11183,2212,8228,11776
-5184,-88,15646,390,8195,12320,-441,4496,16119,-6735,10468,13968
-6474,5032,5056,1554,1220,8450,311,5636,6749,-7028,7914,13758
1258,2294,15298,4100,528,8355,4045,7198,15199,-3091,7332,10543
986,1656,9282,400,276,944,929,1452,9103,40,128,2048
4830,504,7124,6184,10,2048,3947,4624,3059,4900,542,2125
9122,1064,5130,4118,88,16,8993,1070,5543,4616,576,548
8862,4416,3514,35,4162,400,9189,4064,3023,65,2052,481
9950,5032,3258,68,302,-5564,8743,5102,2971,64,577,-5056
1870,4622,3066,518,80,-1904,3621,700,2959,280,44,-2015
736,170,-3058,16,48,1080,1863,172,-1065,0,4,1282
816,6570,-546,-18746,1158,9280,801,6594,929,-19448,32,9255
818,5184,-710,-24568,0,-5327,625,5100,-109,-24464,644,-5599
902,4072,-834,-22784,1314,-4078,1057,4012,-1073,-16160,1092,-3701
1730,4008,314,-15704,1024,-5872,1633,2968,-75,-15318,1024,-5600
2276,2472,3150,-9181,1285,744,2085,2100,3471,-9146,1,800
754,1704,3100,-15840,257,32,875,1524,2961,-16368,1026,4
-3418,4532,4124,-15340,4372,8752,-2719,5036,3983,-15344,4192,9387
-2352,5708,7238,-16136,10276,12848,-2067,4428,8401,-15808,10512,13312
-2978,4142,11462,-6968,136,16384,-153,5126,11843,-6612,11870,17306
710,8104,13430,-15072,4164,12864,2797,8582,14419,-6267,13623,14853
962,8300,11198,2176,4097,1091,6061,8322,12481,2854,4430,9123
1710,1848,6154,5124,12680,2304,609,1714,6239,4873,12321,2113
2974,-68,4410,49,72,2077,2849,-84,4119,0,7464,2064
3742,810,4942,8192,4419,2944,3877,4146,4751,9282,4866,4113
4430,4148,3014,5121,2574,5144,4289,4108,3053,4146,2081,5368
4786,5160,1166,5380,-7033,1636,4699,6188,1039,4947,-6109,1056
4906,5300,-934,-15776,8256,74,4641,5048,-1135,-16320,8224,225
3820,4022,-1950,-16120,8578,513,3711,4110,-2159,-16057,8720,388
674,4090,-2878,-13248,10240,-3069,641,4070,-3159,-13232,10380,-3072
1254,4078,-1034,-8136,8326,-2040,1349,4340,-997,-7999,8456,-1886
2852,4042,3258,-7551,6272,768,2627,4332,3279,-7028,6144,4
1194,426,4048,-7647,4536,104,1137,580,4007,1,4544,0
1694,172,3002,576,5398,2432,1569,-52,3033,528,5632,2720
1378,596,7612,20,5378,6144,579,444,7567,2305,0,5160
-7002,8,8892,1542,4868,8192,-1569,408,11111,-10457,14349,12933
-7296,-88,7738,1042,4276,8320,-2877,5238,10899,-6269,12843,12439
-242,5180,11322,-6621,8996,424,-139,5736,11989,-6236,9748,10422
17078,1992,9422,8202,1024,9088,3467,2980,9233,268,5317,9157
-1810,270,5340,4304,0,7192,6873,2520,6859,4915,292,7346
8906,1144,3532,4144,1208,784,10361,3696,6083,5232,2795,5283
8936,5036,3004,3075,52,197,9123,5100,3023,2305,92,84
9182,6228,1210,60,5706,-3580,9313,6078,401,146,5193,-4073
5790,6312,-1044,-4287,177,-7166,5037,6068,-1361,-4416,128,-8064
5094,4154,-734,-4030,-6122,-7936,4917,4268,-881,-4079,-6141,-7936
5406,5112,-298,-7038,-7655,-4024,5163,5038,-111,-7807,-3648,-3964
4962,5098,-1094,-15358,4096,-3918,4641,5036,-1137,-15296,2322,-3904
1328,1096,4066,-15836,1238,-3766,2689,944,4241,-15862,1536,-2558
1206,-8,8570,-16128,6345,4310,1081,-50,7079,-16384,6788,4232
-3334,1072,12752,-15996,32,9920,-5037,466,11423,-15896,150,8338
-5426,2784,7162,-7020,4368,12373,897,1964,7321,-8192,5441,12402
2722,1980,12606,-5628,4504,2049,2593,882,12689,-4788,4114,2049
-4178,4682,9922,2244,4373,4770,-4063,4268,9489,2060,5888,4354
678,3496,5082,8328,8351,36,549,3314,5023,8516,9920,37
2750,236,4282,8193,27,1280,2725,302,3215,8195,672,1028
9262,86,3262,2116,-1824,3234,9257,-84,2999,2176,-1892,3072
3972,5276,444,2064,6048,1,3875,5046,529,2144,256,82
2826,6446,-836,-10159,5913,-3447,2619,6580,-1097,-10205,5250,-3583
1438,-82,-1014,-8188,0,-7100,1313,-84,-945,-8184,72,-7412
1702,5068,-1052,-6496,17,-3418,1569,5036,-961,-7999,162,-3576
1762,168,868,48,4129,560,1829,174,2967,33,4180,778
-2866,1004,3258,-7615,530,4202,-3291,-52,3489,35,657,4114
670,304,4058,0,1056,8320,577,476,4031,162,2,8452
3902,-52,8980,404,3206,9472,3645,428,11987,270,121,9744
882,8632,11242,40,1030,8212,2883,9720,11949,-6859,10624,13184
3296,8312,11578,-17279,1072,8551,1869,8192,11753,-16749,26403,12670
-5910,4008,11296,20,8234,64,-1195,4336,13623,1077,8861,10494
9630,3112,9282,3,1152,2624,8807,4400,9375,16,3238,6977
9118,1130,7626,792,2976,4672,8923,2236,2975,196,864,384
8946,1200,3022,4104,1049,2100,9091,2102,2999,4259,0,1412
8862,4104,3066,4256,8274,40,8741,4116,4053,4113,8708,66
2738,4008,3162,129,4610,64,2661,4052,3103,4,65,273
2206,488,3046,-11775,4231,-5866,2113,430,3729,-11775,2560,-5520
5540,6330,3026,-11068,1048,-8063,5157,6066,2963,-10668,1058,-6872
4902,4634,58,-7754,4198,-8120,4645,4018,-107,-8176,4096,-7676
710,6016,1216,-8044,12406,-3056,585,4164,961,-6130,13188,-2975
3888,3032,-32,15,10392,-2304,3633,2764,-39,12,8924,-2255
958,2036,3520,1697,160,2116,547,2348,3471,1597,38,2605
878,-88,4538,384,5640,2051,929,44,4663,66,6288,2048
-1888,6092,7612,512,192,8502,-655,-1274,7953,-19529,19021,12680
-6622,596,11726,-8057,4096,12547,-1317,1434,13911,-6025,11848,14322
-7426,6154,7482,-8176,70,420,-2151,6252,8327,-2846,9389,9501
-6880,80,11834,-9852,276,2065,781,3892,11647,-160,2837,6642
4918,952,6186,518,-10178,272,6331,3202,5995,5860,-2089,5783
1694,4520,3644,4098,130,4108,1573,4092,3487,4108,38,64
1842,4276,3074,3093,5184,256,1633,4396,3807,2064,5419,273
2750,5304,3290,0,4104,68,2595,5308,3119,51,1671,4
3070,4076,3642,1,2338,1153,2689,4014,3375,64,2048,146
9006,6124,3390,-5502,32,-1919,8817,6128,3393,-5528,512,-1271
5440,6228,3598,-3532,1,-2816,5173,6316,3475,-3833,9,-2812
6110,4304,3002,-5408,2336,-3776,5921,4158,2975,0,3104,-3774
5042,4136,-838,32,421,-7160,4777,4028,-863,4,144,-7136
1702,942,512,-5594,528,-3771,1637,-48,2959,-6144,1029,-3293
946,4016,8002,-12029,4112,4418,673,4286,7063,-12271,4096,4114
2270,-6,5072,-20472,4233,8344,1761,472,5519,-22006,4100,8576
-7328,-86,15582,-4069,6272,12401,-2395,3848,16061,-2919,5279,12875
-7150,9140,3294,-8175,2818,6344,1323,4,3281,-10752,3084,12288
1770,4184,7146,-12188,3200,2060,-6615,5036,7327,-16253,386,14
1830,2224,7260,1024,1026,2,1729,1972,7327,1090,1228,26
8894,-46,8666,811,2060,1509,8801,3516,7185,2,1032,1024
2718,1074,3002,192,3200,1808,3113,1762,3299,0,3243,1536
5086,-70,3274,0,4145,-2464,4939,5820,3035,1028,4418,-2941
5654,4544,3578,9,4638,-3056,4691,4560,3087,528,4240,-3412
4790,5040,3402,-4971,64,-3069,4769,5036,3025,-3914,562,-3072
5822,5064,30,-3942,1089,-2920,5681,5436,-93,-3820,1034,-2940
5166,4040,986,-4975,4096,-7168,4921,4146,979,-4992,1952,-7162
758,3498,-452,-5758,8194,-8031,2307,3702,919,-5976,8248,-7934
-5394,2204,7098,-14320,9,2633,-1135,2928,8757,-12665,7835,4237
742,488,5054,-20032,1554,5280,1793,7278,4139,-18334,18530,5542
-14586,1996,9154,-16368,10752,10256,-7353,2570,10673,-9585,10233,10160
1934,4532,8380,-11968,5000,1536,1903,5558,10491,-2752,6161,9918
2718,2218,3644,-16109,0,1088,2597,1968,3863,-16301,410,1281
2722,1984,3674,1665,4096,6225,2733,1102,3099,4112,4112,6433
9408,4020,3002,6402,0,9,9339,4028,2961,24,39,115
2862,4568,3130,3072,4128,336,2745,4652,3113,3112,3977,72
3520,5586,-38,2360,1664,-4055,3547,4080,-113,2048,1473,-2799
4768,6762,-828,2,-3408,-8056,4673,6060,-871,1602,-3584,-8192
5090,6196,-258,323,513,-8136,4913,6072,-369,8,640,-6070
1454,812,-550,1090,2368,-6120,933,476,-607,352,2434,-6112
-1872,272,3020,2144,513,2177,-2007,456,3471,2051,704,2566
930,4432,3138,163,6816,8324,555,4190,2959,1593,848,8240
-7512,5128,11224,1668,4129,10624,-7563,6206,11683,658,4098,10432
-6582,2008,3010,384,544,17092,-6751,2116,3247,64,1484,16489
800,1482,11258,2063,101,8192,801,1196,10691,2048,580,6400
718,5064,3002,305,-20438,2325,889,-36,6369,20,-19456,3344
3234,-58,3034,10,-8052,-3584,3373,-44,3563,66,-7808,-3007
1056,128,3020,1056,2318,1313,567,428,4215,138,3072,1280
4778,940,3002,1284,4112,6400,945,300,2065,309,4128,5888
670,1608,1114,12,136,8,1649,4528,1295,-11424,2824,40
2334,3000,354,-13756,640,-2032,2345,3086,927,-14176,120,-1823
4830,6220,998,-14072,4096,448,4697,6452,915,-14182,2016,361
4770,598,-998,-16191,2112,-8028,4697,428,-999,-15856,2152,-8126
750,-4,3076,-15286,8720,-4000,549,174,2983,-15100,8977,-3580
926,1084,5126,-15860,1760,3851,1057,108,5015,-15352,2433,4106
718,-84,7098,-15158,11192,8709,-4183,208,7183,-16238,8625,9632
-5342,3056,11450,-14335,9730,8320,141,3456,11761,-13224,16287,13954
-5438,8716,3948,-7550,2066,9345,-1909,9194,8177,-7388,11205,9337
-5014,5288,7810,-12166,2153,11820,-255,4816,9989,-11469,10622,12166
992,-56,11198,1154,5376,44,-3999,4014,11153,2177,4768,3
3688,4010,7110,2760,-1504,0,3617,4012,7071,2371,-956,1095
3072,3818,5130,1696,280,1312,3043,3852,5451,1572,531,1064
9058,4076,3018,4384,151,1,9061,4076,2991,5776,129,1202
3742,4008,4428,579,2054,2,3139,4012,4119,432,2488,544
2880,6332,3706,176,2048,-1520,2823,6484,3605,-9942,2078,-1526
2912,4264,3684,-8164,514,-3694,2733,4334,3491,-8174,64,-3944
4784,5292,3386,-4095,4224,-7292,4651,5312,3283,-3328,4168,-7360
4912,4440,702,1,5205,-7644,4641,4358,3107,1112,5329,-7542
806,940,4034,513,6154,-5624,993,52,4001,513,6180,-5611
862,232,7226,1056,68,916,1197,-84,7183,612,266,4130
1222,1040,7818,195,80,8336,-263,1762,9777,-18365,19874,9961
-7482,4010,8826,2146,8195,8205,-2723,6798,8319,-4001,11095,8522
-6462,2008,7168,-8187,8380,8706,-2395,6694,9771,-7046,13607,9607
1952,4128,7406,10,2149,20,2167,5622,9533,1041,2329,8782
5296,4172,3002,2370,-6136,6150,2273,986,2999,2196,-5878,6150
2982,3002,3022,4097,-8188,4108,2863,2988,5263,3584,-5711,5441
8896,5358,4282,8451,-5760,4096,9141,4120,2959,8986,-4992,8201
-3136,-88,4020,2048,2049,2560,-3223,-76,5007,461,1220,544
1730,4136,1178,393,4616,-4088,2063,4268,1423,1,4641,-3068
5038,-84,1470,-14842,7570,17,4705,46,911,-14768,7168,-2813
5930,5032,-610,-11476,4,-2682,5681,5094,-881,-11648,0,-2607
5042,4014,-18,-7164,8472,-3823,4885,4158,415,-7422,8200,-4071
1190,2108,4622,-13312,74,-4543,807,2092,4503,-13309,264,128
2208,202,4128,-15281,0,3913,2145,92,4063,-15324,272,4096
6814,4016,7130,-15228,9232,8194,6821,4188,4495,-16110,9761,8260
-3162,58,7146,-20438,8200,10370,-2323,442,8415,-18815,23894,15199
-5410,1836,3514,-3836,4886,8994,427,6394,7305,-2720,7173,11220
1210,8244,11802,-10746,2176,3072,615,8166,13777,-1262,13682,7336
754,5098,5228,7176,1162,3200,1071,5222,5025,6864,1024,2891
1726,552,4298,196,3123,0,1569,-82,4309,1298,3080,23
708,2520,10,7346,-4048,801,835,2488,-113,7169,-4094,1026
3294,4016,-1028,102,0,1476,4789,4030,-1079,1906,0,1281
6052,4080,-962,-1952,340,684,5677,4164,-969,-2032,538,529
5662,6568,-68,-2783,64,-3766,5409,6060,247,-2798,515,-3834
4782,4424,-70,1218,1665,-6583,4657,4524,81,1168,2082,-6111
4840,946,234,72,5137,-3838,4721,444,25,98,5165,-3823
708,-44,1300,8,5698,148,565,-36,1231,20,5648,541
-5384,972,5562,68,4420,4104,-5599,944,7665,272,4486,4609
1622,4074,13274,144,4097,9235,1227,5032,14789,-15881,22971,11691
-7138,5096,7262,-7936,192,8392,-5797,4794,9313,-7996,7643,12772
-6498,968,14398,-8191,1355,8738,4243,4910,14041,-2348,4354,10353
1794,2096,3118,1864,2080,1265,1613,1984,2973,524,643,1219
8964,474,5530,8192,4616,2176,8769,2096,5011,8240,4397,2152
9826,1512,3082,4224,4196,1369,9601,2512,3259,4142,1146,1152
9074,6122,4042,125,4101,-884,9073,6260,4063,2096,4508,-1400
3040,496,-832,-20205,325,-4093,2913,436,-1009,-20415,528,-4459
4830,940,-578,-14059,136,-5116,5097,438,-625,-15566,1028,-5719
712,-46,1522,-15855,9344,66,673,-80,1451,-16368,9364,393
-3128,78,1342,-11583,2080,256,-3295,-82,1015,-12190,2186,29
-7448,424,7178,44,98,2,-3519,5134,8365,-11817,8999,4680
678,9208,3012,5,1025,1056,543,8032,6097,-14852,10996,1423
-5370,2472,11194,-5152,8227,2564,-2825,3098,13467,617,-3596,7871
710,504,7450,-7159,18,1036,545,436,8079,-7106,400,1025
2736,-60,7190,3086,-3576,304,2669,-84,7055,3141,-3648,178
8894,424,4198,4132,3,278,8893,516,4081,1344,776,257
9504,4598,5110,608,4133,2253,9313,4982,3731,576,4648,2064
2014,6132,3002,22,263,292,2145,6064,2959,808,457,864
4254,4300,3070,-9984,5121,-3800,4641,4076,3023,-8190,5184,-4096
5280,138,958,-3896,4292,-8160,5027,-18,911,-4044,4195,-8064
2718,2088,3018,332,23,-7276,2245,1966,3219,594,2,4
-5602,64,5306,4524,8352,4304,-5815,2046,5391,4628,8400,776
-7446,8440,7634,2060,8192,2675,161,9360,8781,-13262,13278,6803
-7262,7102,7194,793,4512,2178,-3349,6686,7575,-7222,5522,7076
-6924,-88,10170,-1772,1578,544,-7003,3144,8079,-7216,103,2680
2846,170,3066,4104,-12256,25,3237,1990,3063,5120,-12272,65
9960,40,3212,5379,2434,2356,9889,28,2991,5284,3090,2144
2270,86,4356,104,17,163,2789,172,4011,32,1028,2068
-1314,-88,3286,131,9217,21866,-223,266,3729,2056,8457,19713
3126,5304,3002,128,166,-3071,2633,5464,3363,8,531,-2816
2340,4012,994,-14207,10240,-5116,4665,4276,551,-14336,10240,-5994
4766,1224,3324,-16320,5410,-6912,6051,1134,3219,-14040,5136,-6847
926,-48,976,-16370,8462,-6080,657,-2,927,-12256,9216,-6104
-4666,-36,5054,-14848,4096,7,-3549,172,5251,-14720,4657,523
712,0,7172,-14140,8236,8192,-7631,700,7251,-13244,8272,8256
-5442,9742,3822,-13824,148,4740,-5811,9474,8371,-5180,5454,5968
-7262,5040,11802,-5324,327,1030,1785,4846,11927,-3100,2869,9193
1718,-88,7108,0,-2860,6688,1843,3580,7331,265,-3998,7197
9038,952,7426,5160,-8174,4100,9793,952,7151,4160,-8122,1600
9000,4812,3258,2072,3072,17930,9001,4594,3697,2060,3920,17409
2334,5040,1514,36,128,613,2595,5116,1479,0,305,2048
4062,6490,988,46,2368,8,3649,6606,961,803,1233,2862
1706,6196,-954,130,4357,1,1705,6108,-1135,-14975,4096,176
4810,4588,-406,-15486,8273,-7791,4717,4172,-593,-12128,8488,-7869
694,488,198,-7920,8900,-7614,813,436,3023,-7592,8199,-7680
702,-84,3592,-7408,10774,-4851,545,1772,3471,-7376,2,-4604
-2914,798,5572,-10750,16,3605,-2871,-60,5551,-10879,524,3584
1862,-72,5326,-12248,8458,2084,1429,1716,7105,-12416,8931,7367
-4450,702,11210,32,1376,12360,-4749,2768,10611,-9586,9200,12567
2542,2984,8346,2816,8389,8776,2517,7712,10535,-13955,12884,11778
1184,5032,11450,-12234,400,0,1193,5362,11215,-12268,0,132
1482,2264,7110,-7664,3456,592,1585,2062,7151,-7805,2192,610
5150,1962,7164,403,7,8708,4769,1972,7093,833,75,8266
9386,3070,8094,4188,8,452,8757,318,7473,4291,68,2304
10408,440,7106,4489,1156,4096,8897,70,2959,160,1348,5044
9506,4082,5698,4232,601,2625,8737,5168,5007,4,592,2497
3122,6416,3046,260,96,-6016,2849,5040,2959,224,0,-5728
5152,6070,3406,515,7121,1280,4915,6064,3023,64,6144,672
2910,4200,-316,-12224,6160,280,2897,4276,83,-11904,6149,-5500
5054,1520,506,-7900,0,-4592,4669,1468,497,-8123,180,-4950
674,808,954,-7600,1156,-6760,1061,684,919,-7808,1027,-6624
-2878,304,3066,-7136,129,133,-3025,-48,2959,-7168,34,129
-4194,432,7124,-9815,36,36,19,3892,8089,-8813,8522,6735
1118,4296,4034,-14316,2081,7946,3443,6392,7349,-14354,11736,8337
-7442,10192,3068,-8192,4258,6529,-2633,9868,5329,-6288,5731,6597
2750,176,7614,-16368,8257,34,1647,7000,9063,-11563,12859,11077
-6364,-88,8282,-4079,896,192,-5013,2284,9263,-5978,2122,0
2242,2112,5698,2946,1039,0,1829,2064,5523,3144,261,161
8862,388,5212,1032,-8922,608,8769,2222,5399,323,-9152,4352
9410,5032,5562,4833,261,32,9547,4078,5617,4404,8,657
8992,5822,3260,2178,196,2056,11049,4338,2967,171,811,2058
2718,4972,3066,33,4632,18,2695,4922,2991,0,5129,0
3178,4112,3012,-17392,0,650,2865,4098,-1169,-17774,5,650
1694,954,-1062,-16320,4240,-5881,1315,942,-593,-16058,4230,-6110
734,3370,954,-6903,5,-3070,589,3376,975,-6110,517,-3069
-3362,-56,3516,-7140,0,-4216,-3527,62,3479,-6750,66,82
-6466,446,3260,-8128,4116,2096,-7339,556,3091,9,3463,2116
-5218,1964,4130,1192,2184,1057,-661,3482,4329,-11487,3145,7393
1742,2472,11258,9,133,8320,849,3372,12063,-11861,6893,10538
1732,7642,11210,-11580,12452,10245,2361,7638,11773,-11770,13783,11353
-6210,424,8154,-6394,11396,10253,-165,4592,9893,-5795,15199,10682
-14634,496,3032,1130,5381,9920,-14301,484,4115,164,313,40
3742,4124,5826,2087,71,7330,3745,688,5471,2048,593,6432
10026,936,5116,132,901,6,9827,984,5199,1,529,34
2852,4522,3226,-9643,9216,1200,2593,4288,4175,1,8608,628
1214,6092,3002,1074,12290,8,1569,6380,3481,593,12746,192
670,-84,-1406,-20416,96,128,579,-84,-1517,-20160,529,36
1696,4540,-1078,-20472,2055,4226,1641,4604,-1069,-18688,1088,4100
4926,4680,956,-16128,7300,1497,4741,4556,943,-15322,8640,1032
4646,4292,2114,-7664,11140,-2526,547,4152,2097,-6126,256,-2656
-2878,64,3920,-8160,1157,2,-3291,-80,3023,-7856,1153,900
-4314,2088,5052,368,6658,6280,749,2320,6437,-13816,7445,7045
-7002,2476,320,1826,512,8263,-1315,8714,-1523,-6868,3731,8513
2878,1176,8122,-15344,260,2,2293,7312,10987,-14889,18396,10501
-4570,1032,11514,-7152,8821,33,-5151,972,11407,-8020,9231,9604
1356,4008,7230,4640,279,266,721,4046,7055,4098,20,640
6888,2018,3518,1410,-6906,2183,4763,556,3473,1541,-7359,161
8886,4178,3134,6193,-7138,12,8801,4268,4335,6147,-7112,20
1710,4520,3290,256,2824,5494,2145,4532,2963,35,3096,5893
3774,6252,686,-10096,4616,4290,2849,6062,435,-10190,4622,4104
1838,6600,3004,-7354,5380,2,1569,6590,3071,-8038,4096,-1467
718,4522,3006,-5744,64,-3472,803,4588,2959,-5855,32,-3432
712,4270,3330,-7415,6984,-3647,545,4332,3039,-8059,12,-4063
3758,-88,4118,40,2560,562,3619,340,4015,168,2720,544
1032,296,5324,82,6680,272,801,244,5071,641,6856,385
4770,1196,5054,-15168,4751,321,4693,1996,3617,-15872,8200,160
-7450,1580,7392,-16127,1672,8387,-5821,1402,8247,-13335,17117,12585
674,9130,7404,-3711,2247,9600,1557,9368,10221,-3721,7443,9353
-5344,5032,7130,-15348,12818,8217,-1375,6918,10963,-8430,15705,8949
2432,556,7132,7168,3082,3105,547,460,4127,7557,2068,3092
9158,712,5050,2313,-7678,2178,8737,-78,3767,2336,-8124,32
9006,4346,3418,2848,1188,0,8925,4528,3515,2236,1825,40
2910,4556,3010,4,8352,8208,2599,4044,2959,16,8708,7188
2718,5194,-818,-12287,128,2181,2593,5302,-1005,-12255,8,2082
1486,4008,3182,-11616,4112,195,1425,4024,3095,-11453,4096,176
1710,5226,3002,-6139,2048,84,1573,5036,2959,-5600,2116,-2488
752,4010,3614,-6132,4624,-3839,547,4098,2967,-7544,4928,-3928
702,940,3278,272,6660,2050,803,942,3231,384,6656,2052
1182,972,4282,1024,6689,1072,1133,1004,4519,1060,8200,1029
4776,1128,7360,1321,2576,1040,4901,1200,7375,1026,52,1052
682,8204,9148,-8186,10257,8193,3579,8468,10297,-6933,10946,8391