820,114,-4,-881,-96,0,5268,-8088,302,-375,-11,5
836,134,-62,-928,-127,1,5252,-8092,300,-394,-34,60
830,-86,-86,-884,-176,18,5314,-8024,262,-387,-42,28
820,138,42,-512,-214,16,5306,-8086,316,-372,-79,-66
732,-110,-86,-496,-176,28,5308,-8068,342,-351,-20,-95
822,138,10,-511,-254,4,5270,-8100,358,-397,-104,7
756,90,-18,-414,-224,-58,5234,-8124,388,-396,-103,-9
-916,198,-54,-512,-232,2,5198,-8064,274,-411,-101,53
824,214,26,-473,-192,33,5238,-8084,348,-425,-78,65
830,182,-70,-458,-186,-32,5274,-8092,396,-393,-57,-41
830,138,-58,-480,-168,10,5230,-8154,384,-355,-43,-63
826,218,-86,-512,0,32,5232,-7974,370,-393,9,7
820,154,-38,-484,-221,66,5282,-8128,392,-371,-19,-44
700,222,-82,-512,5,7,5222,-8024,354,-341,3,-95
708,-92,-18,-500,-240,2,5252,-8164,382,-375,-41,-20
704,-110,-76,-512,-255,2,5252,-8134,260,-382,-65,-50
822,218,-50,-436,-252,60,5300,-8066,208,-458,-17,-44
694,-110,-86,-491,265,302,5358,-8326,462,-460,522,-2
852,5706,682,66,440,33,5630,-8632,838,-254,1552,176
762,-116,426,0,256,3,5780,-8146,714,53,2330,472
694,-102,428,19,13,770,6314,-7986,932,201,2710,746
756,398,490,640,3736,196,6298,-7864,526,771,3827,115
1716,-50,-564,1281,4099,96,6456,-6204,-502,1352,5127,-1563
-1066,7050,-1590,128,1570,-2528,5358,-9182,-1622,764,3318,-2349
-824,5050,-1094,2816,2978,-4862,5722,-11244,-980,2930,3110,-5080
756,38,-1494,1060,4194,-7552,5914,-7700,-1092,3061,7095,-7552
694,3996,-1294,40,2080,8,5222,-9416,-662,823,7312,-4585
2742,6026,-1936,2184,4,324,5960,-9614,210,2557,8441,-3075
1748,1068,170,0,10248,4493,6162,-6864,258,1287,10713,-3659
-710,-110,-2628,1028,8770,4120,4648,-8344,-522,1154,8610,-3981
700,-50,-2514,512,4496,513,5614,-8200,-256,2664,4535,-3654
1716,924,-588,2049,7488,258,6448,-7438,-70,2273,8388,-5333
982,6538,-1110,393,4368,-5484,5772,-8954,-1112,2036,12641,-5389
704,5266,-2644,502,2915,-4088,5134,-9030,-1726,3083,10973,-3977
1078,5066,-2622,2048,7244,-7632,5558,-11316,-960,2292,7162,-3157
1460,42,-1104,1928,5,-5616,5876,-9654,-942,1883,6992,-4604
2868,10,-2566,1509,8448,-6890,5988,-7750,-1510,1492,8595,-6162
2740,458,-2370,1152,7176,-7864,5062,-7910,-1296,1749,7160,-5613
2998,5082,-2574,32,6720,-5886,5858,-8704,-646,1568,8201,-4574
1658,6030,-598,1200,2764,7,6136,-10122,-46,1232,11458,-4020
1722,5002,-2390,2084,8756,16,6080,-8626,-1458,1951,15044,-3938
-1100,178,-1366,16,5766,2051,5270,-8968,-1166,1153,13989,-4451
-1354,410,-1606,1568,192,265,4348,-7430,-1544,1774,7885,-5339
2740,1162,-1622,265,208,-5053,5502,-7002,-570,1236,3283,-4991
2996,-118,-486,349,912,-5248,6536,-7258,250,876,7335,-5247
1228,-110,-2622,296,4640,-7136,5548,-11160,-122,3087,14115,-6348
-836,394,-438,2310,8385,-4080,4604,-11686,-374,3554,10911,-3796
-1072,6956,-2580,1908,2408,-2655,5498,-9328,-1078,1949,8106,-2529
822,-118,-2448,8,8336,-3814,5810,-8100,-1760,2440,8373,-2774
2750,402,-2070,1163,9216,-3946,5888,-7590,-1860,3225,9280,-3392
2772,-86,-2060,776,9248,-3952,5694,-8200,-1652,2851,9291,-3807
1364,6034,-2132,6,1688,-4074,5770,-9514,-826,2191,8097,-3875
1604,6154,-2586,2080,9251,-4604,6096,-8984,-944,2168,9697,-4214
2740,-118,-2386,143,11297,112,6364,-8392,-786,1365,11800,-5111
692,-86,-842,64,8864,64,5356,-8810,-680,1208,12103,-6387
-308,140,-1562,1152,1296,1072,4822,-8198,-1218,1670,9263,-7123
2808,-88,-2338,1033,648,816,4732,-8338,-742,1015,5680,-6315
-76,-106,234,236,226,1040,5032,-7876,1572,554,7709,-6397
-1164,286,-852,304,848,1701,4302,-8344,1134,1524,10130,-6419
-1356,7102,-2630,8,2121,140,5302,-8764,-614,3262,10752,-5738
2936,956,-2110,0,8448,453,4348,-7270,-1786,2240,8348,-2879
54,5274,-52,0,2180,-472,4970,-9384,32,960,6248,-317
-1196,5098,-2642,1044,8192,-2813,5244,-10300,762,1203,8854,-897
-1356,6538,-2640,2724,16400,-8144,3296,-8352,2000,2728,18887,-2858
-7368,4490,-1622,1572,296,386,-3210,-10846,-2108,5861,24608,1138
-7356,4022,-2298,1042,2306,256,-8584,-11502,-520,923,6366,13813
-8460,4110,-2086,5,521,17061,-3346,-13508,1872,-526,3733,19603
-8900,158,-1748,4886,1632,4244,-2578,-11402,-1554,-1835,6162,20890
-5636,-114,-11218,7296,2849,4131,-934,-11594,-3128,-1209,-801,22379
1796,8094,-10058,10468,-1980,6535,3586,-7352,-3652,-1108,-1450,22951
4558,3998,-8694,12660,1,18964,4912,-3082,-4540,-1164,2217,19887
7092,14,-10390,9480,1245,16384,3320,-656,-4612,-3960,1617,16826
4792,1066,-4498,10273,6,5230,5498,1132,-4258,-6261,1277,13469
2742,542,-2646,275,1040,356,6682,2500,-930,-10614,1786,10426
6836,17290,30121,-5726,26213,2698,28446,-5060,30165,2513,25127,2606
6836,-104,-1078,104,-7663,133,7322,5538,-3336,135,-7174,-685
7350,-116,-174,-2480,-11263,6787,7794,2780,-818,-2417,-2965,-8769
8410,1370,-1854,-3296,3080,16384,7688,1798,-40,-1679,2398,-11257
7542,410,-2364,2664,1065,2262,7008,-1078,-36,3739,3710,-18614
-1228,2380,-2130,80,1026,4752,1858,-6004,-954,7911,7291,-26046
-7428,602,-6188,4612,-3804,1160,1534,-7848,-2712,6400,-780,-27655
-8012,400,-8526,8224,2066,552,-4620,-13818,-4704,8001,-7010,-24662
-6920,4026,-598,208,-8168,8288,1998,-12364,-666,5017,-2839,-22115
-9036,2006,-2614,16420,261,44,2504,-25530,4508,21364,5500,-30060
-5964,5034,3754,4608,1030,5190,3080,-13668,2228,9300,21148,-12571
-9548,5146,-4694,3094,72,12321,-1644,-7604,30,4412,-1335,-4369
-9482,4834,-1214,2326,6273,145,1648,-11140,1722,7167,14452,-15565
-330,-22,-2518,5209,520,4153,4352,-7326,-1596,4918,8184,-8709
-1322,3486,-1986,1028,1034,2241,5366,-9194,-1878,1500,5718,-5173
-3850,4090,-1094,1052,7232,-1720,4622,-11194,-776,1502,7542,105
-1248,-112,-2508,340,132,328,4458,-9402,-948,2352,6364,1373
2868,858,-2582,1600,6160,-5876,5246,-7326,-516,1963,6621,-898
484,-118,-2578,1064,1025,-2044,4914,-7734,-1168,1810,3592,-907
768,-54,-1596,2184,-6015,-2040,5384,-8316,-1120,2470,-611,-519
-1292,6056,-2646,2056,-11688,-3644,5332,-8452,-396,3253,-1526,-3145
1720,-54,-2100,1604,1024,-4575,6462,-7586,440,1781,6183,-4622
-1100,8074,-1610,338,192,-4712,5658,-8150,1076,335,8299,-4683
-266,-118,-2646,298,1798,-4048,4746,-7240,532,491,1513,-3811
2746,-108,1018,576,-3230,-5020,5722,-7460,1188,1007,-838,-5203
2234,586,1482,524,321,-7932,6898,-7696,1826,1612,6021,-8029
-224,-118,-1106,2616,4,-16316,6526,-9888,1142,2887,16049,-10187
-326,-118,-2494,3107,1075,-15346,4914,-8154,-1350,3212,15930,-8775
-1356,6330,-1526,10,68,-5996,5088,-10248,-928,1770,11552,-5693
-1350,398,-2630,538,4161,-5628,5320,-10550,-650,2784,4112,-4583
-1260,138,-2596,866,8354,-8042,6278,-7526,54,1005,8680,-5739
692,138,-2438,71,9537,2193,5420,-7774,-852,176,10004,-4576
2884,5296,-1622,290,544,80,5344,-9088,-1012,473,7644,-1874
2760,558,-544,1024,129,0,6288,-7686,-576,935,7734,-1598
1716,5010,-596,788,8246,8,6640,-9176,-216,727,11015,-1978
-76,6540,-580,192,6164,4201,6288,-9778,-410,1259,14350,-2488
-1356,138,-2552,256,4292,3072,4870,-7030,-1296,2343,13014,-4994
-650,1258,-1868,2317,4173,617,4310,-7038,-320,2752,4529,-6403
2752,14,426,196,772,128,5210,-7616,864,3278,3813,-7099
792,6284,554,4608,8194,-9785,6370,-9588,1038,5040,12902,-9370
952,5002,-2646,2560,12292,-7124,5494,-9208,-926,3566,14471,-6971
-328,3982,-2610,3126,10342,-3644,4340,-11450,-810,3292,10856,-3460
-74,6186,-2130,17,8512,-2623,5076,-9838,-2072,4070,8448,-2023
768,266,-2106,176,2084,-3968,5112,-7948,-938,2696,6153,-1842
708,650,-2454,8,1226,-2044,5264,-7636,-1466,2602,5258,-1475
3004,42,-2134,2178,577,-1012,5558,-8314,-678,2739,4783,-679
724,4490,-2640,2064,2115,32,5984,-9762,-24,2538,7018,-1187
1460,4282,-500,64,8784,1664,6060,-8402,-312,1132,9906,-2186
-1096,8094,-54,-1725,8224,36,5216,-7690,-10,-195,9392,-3068
-780,2442,-2644,-2015,-6822,2,6562,-5290,1108,-1116,-5531,1681
2742,-22,462,3664,-8192,-3000,6006,-6242,1350,-500,-2333,-2815
890,970,1612,74,2056,-12030,5224,-7358,1932,16,8645,-8968
1332,7274,-2644,384,10240,-13311,1384,-8898,-610,1505,14225,-8739
-7212,5066,-1620,18,278,1114,-2490,-9346,-990,242,173,1855
-4744,3986,-566,842,4227,1560,-1544,-9252,3868,631,-124,8252
-9036,4010,1530,2432,2083,2388,-3640,-12998,4450,4015,10421,11426
-6894,6162,-342,3089,1378,1153,-5020,-10124,326,3197,5168,13414
-4936,6026,-2386,2054,-3512,16768,-1100,-10942,96,3189,-1457,20494
-884,-76,-2614,6,-2048,2068,1650,-7940,-1450,5591,-1466,22947
-260,74,-1580,5922,1288,4108,4442,-4192,-1682,5977,1582,20408
4142,338,-5646,192,1152,18208,4696,-1046,-3612,5288,1452,17945
4788,1488,-4686,128,137,4980,5460,1718,-4566,1749,1820,16001
5494,2062,-5698,9472,264,11296,6936,2290,-4670,-6708,4928,10922
23492,-7908,30121,5772,24760,14368,25984,-2156,30165,-11319,26733,13031
7476,2002,-596,1153,448,80,8644,6186,-5656,783,-724,3368
7192,3980,-342,-3944,-8048,896,9810,4070,432,-721,-5911,-7609
7002,1970,-588,-6128,-6136,4168,9394,2660,-226,-2055,58,-9803
7158,318,-1102,362,514,65,7018,-502,1930,2071,6357,-19692
2484,3978,-2618,384,1937,2180,1698,-4472,-756,5653,5253,-26354
-9308,2200,-598,2309,1158,130,112,-6186,862,2371,-11572,-22235
-16190,458,1462,1728,2305,844,6084,-10578,3590,2603,-4050,-25837
-9188,-54,-342,3200,1320,8,-2076,-13630,594,3271,1748,-22961
6842,2458,5856,6496,80,12817,9086,-13466,6424,7768,11942,-19017
-9452,918,1454,4368,2117,8770,2142,-11656,4054,4722,12984,-17323
714,1930,-390,4616,1552,512,6842,-6596,962,5235,9662,-14278
-328,2070,-2626,12,10284,10,4612,-10390,-1748,4577,10228,-7199
-4296,3980,-1878,3076,11278,2052,4896,-12594,-1718,4093,11082,-5695
-1344,4266,-2630,2176,8208,-3456,4340,-10922,-1264,2474,8928,-3440
-1224,6346,-2486,1544,2176,-5886,4170,-8830,-1040,1490,10219,-1798
260,5544,-2292,2246,9364,-5536,4814,-8632,-1232,2551,9720,-1401
-568,5324,-1556,3157,4102,66,5200,-8900,-1384,3492,6424,634
756,5020,-2102,4171,304,1281,5584,-8614,-962,4305,4865,1389
-1036,5514,-1588,145,4369,320,5630,-8108,-650,4421,4674,35
692,-102,-2646,525,263,-3136,5992,-8376,-596,4691,5175,-1166
698,4658,1452,4640,2945,-3168,7354,-12024,1126,5952,9123,-732
-1314,8086,-2646,4372,1030,-4064,5828,-5286,-820,3311,5720,-3291
-428,1970,-566,288,4868,-6094,4958,-6254,-284,1255,6566,-4628
-5308,2066,1626,264,-13171,-2912,-684,-8356,-388,2883,-12084,1476
3064,444,-594,2052,-6976,-3246,4236,-7410,1714,3041,-7418,-2682
2308,1454,1580,64,6153,-7017,6584,-6444,3282,3076,6952,-7299
1172,8318,2648,2053,10292,-16351,5940,-6790,2440,2115,12023,-11005
2744,-38,-1574,2084,1088,-8152,9002,-5424,2628,2882,12362,-8147
-1320,7058,-2132,514,8,-5610,3490,-8946,-628,390,3377,-5799
-108,5644,-598,773,288,-7064,4396,-10676,-56,724,-42,-4882
-1094,7116,-2644,521,132,-7680,5544,-8894,-290,633,2500,-4397
-252,-116,-558,12833,4160,-7676,5772,-8548,-240,7,7549,-4783
-72,-106,-2484,316,8,-8192,4398,-8100,-574,418,6538,-3835
732,-56,-1798,594,2352,273,5282,-7744,-304,309,3642,-2472
1180,784,-592,9700,1034,-2623,5776,-7522,-384,-7,1951,-2047
1848,5774,730,7812,785,125,6344,-8684,782,-342,3014,-2329
3830,4010,-2564,140,4105,-3062,6710,-9600,886,305,6536,-2657
3576,4496,428,7208,9643,544,7170,-8964,616,-93,10009,-2529
7024,6094,452,3601,8264,4104,7222,-8416,1058,-505,14725,-3028
-1228,910,-594,1568,5254,4636,6108,-6666,830,55,13448,-3268
-1224,446,-1110,520,8,4111,5594,-7300,270,1069,10078,-3954
728,-118,1498,1160,258,1162,5110,-7906,1586,3586,8535,-4958
2234,332,538,3586,4488,4,7398,-7370,1712,4067,14683,-8424
-1318,6026,-566,580,16840,1,4964,-9696,-538,3194,16741,-8207
244,5010,-2198,133,10049,-6015,4982,-8976,-2264,3054,11777,-4549
-1316,4234,-1958,260,5152,-3039,4820,-10614,-1802,2976,4980,-2650
-802,6102,-1622,2179,1025,-7032,5716,-9770,-1750,2340,3119,-2616
-570,6618,-1612,1618,322,-8126,5830,-8574,-1120,1705,5008,-3201
1140,-12,-1582,280,5666,-8160,5516,-8238,-1480,2366,5718,-3227
730,5036,-2192,128,1041,-4028,5368,-8318,-1324,3301,5598,-2280
1078,4700,-534,3632,1648,-3038,5542,-9732,-8,3877,5933,-927
736,4522,-598,1714,0,48,6420,-9230,120,3763,9069,-1590
764,-118,-2244,291,11524,1040,5758,-7374,-66,1737,11558,-2807
1332,1418,-4858,868,2,3952,546,-7670,-2892,2602,367,-5036
-330,84,-1526,512,256,2,4444,-7796,618,2060,1350,-3987
2804,-118,2274,52,2535,136,5592,-6452,2028,56,2663,-3694
180,7500,2522,256,8416,385,4378,-8194,2546,1418,8913,-7171
836,988,1738,28,8225,-8052,5684,-7180,1888,1690,13044,-8342
-586,144,-1622,1024,13360,-7516,3766,-7428,458,1519,13581,-5138
-812,3504,-1808,2048,4100,-4015,1482,-9008,-328,2026,12486,-506
-5224,476,-2454,21,3328,320,-7788,-11366,-2474,1264,8041,5223
-5416,2254,-6738,2112,10496,2665,-4640,-12486,-3020,-2091,9663,12304
-8760,7180,-1522,10240,6656,16640,-128,-8900,-878,-22,249,16255
-9212,8106,-2644,9400,0,4512,746,-6514,-3452,-5202,-1567,16145
-9232,9098,-2646,12612,1672,16768,-618,-7156,-1414,-1201,2495,18147
-7492,-86,-2566,573,1,552,-1108,-7118,-1212,3268,608,22348
-524,-114,-2500,1056,3216,740,4138,-3580,-1306,3175,-206,21260
6972,174,-3254,0,1600,4369,7488,-108,-3360,44,1696,20583
7224,1962,-2622,8226,649,16448,7064,2934,-4988,-2018,2748,15837
6988,4490,-2230,2400,4708,10272,7188,4606,-6226,-10246,8359,10236
7220,3978,-2508,149,5899,688,7600,4310,-1124,-12757,6256,4179
-15048,8154,7630,2064,18,-4848,2002,13028,5748,7762,6926,-5509
6846,-34,-2548,3616,-8184,12,8876,6530,1080,3492,-7488,-4472
6878,4290,-1614,-6355,-8112,16,8814,4200,-948,-296,-3896,-8520
8116,1996,-2518,1792,512,1032,8586,1544,578,2240,1044,-15554
6870,684,-2646,584,8,3353,7046,-1386,288,5482,4904,-21433
2756,-76,-318,6725,202,4162,5182,-5504,1686,7219,107,-27128
-492,7946,-586,4096,28,112,5014,-9356,-470,3982,1084,-31040
-16410,8074,-2230,2050,2241,19,592,-19474,-1554,6696,6749,-30137
-20546,918,-1622,130,768,4193,-1910,-13154,-3796,15987,10049,-20125
-9542,298,-5236,11392,8512,513,-3030,-16566,-4008,11776,6715,-14359
884,4876,-3638,6144,4612,6946,2440,-9386,-3190,6055,4277,-8859
-1290,4234,-1984,2340,32,1969,2800,-10380,-792,2171,726,-3961
-3320,4528,-2646,720,1040,585,5466,-9476,-878,1874,5963,-3179
-1132,1930,-2570,1184,1349,8,5070,-9392,-1968,1290,7766,-1316
-5258,4108,-1542,384,1028,432,6142,-11502,-1324,2902,5786,1207
-1336,4318,-5072,2312,4864,-6144,5438,-9402,-2830,3309,5254,-1883
-72,474,-2370,1592,5194,-8060,4852,-7320,-1244,1584,7714,-3795
-332,394,-2204,0,5761,-7419,4206,-6958,-1544,965,5388,-2310
-1064,6490,-1614,523,-10942,1024,4432,-8790,-108,610,-978,1060
-1352,6346,-2614,-2560,-8128,2,5022,-9008,672,-587,-6681,4452
788,1490,-1622,524,-14320,4384,6494,-6676,854,-2733,-8547,4301
1076,218,2218,17,-8080,80,6428,-8152,768,-3108,-7423,3817
1720,812,1532,260,1025,-4096,6772,-6522,1832,-2863,3630,-1425
740,8348,1776,2049,2,-4095,6736,-7418,2406,-1357,2083,-3968
2788,-116,1454,64,576,-3196,6600,-7298,2116,466,2989,-3232
7106,-94,1770,2200,10788,-7679,7574,-7880,1960,3406,11575,-6766
1916,586,1706,128,12372,-5888,674,-6806,-1366,1005,11719,-5273
7356,550,1726,576,11336,-7992,7516,-9842,1920,3610,16159,-6057
1006,6538,-2382,512,4356,-3008,5414,-8688,-368,3035,4454,-2653
-330,10,-542,7,4225,-2301,6080,-10034,100,2517,5405,-2403
-316,7058,34,3418,5450,-3998,6262,-9300,34,3473,6404,-3594
120,-78,-468,3393,3078,-5376,6594,-9040,-128,4016,11653,-5367
916,-20,-1398,4116,6411,-6070,6354,-8828,-658,4303,14839,-5113
694,6828,-1576,4870,6188,-5181,5650,-8518,-1490,4882,14511,-4090
2772,6042,-2628,1296,9736,-3580,5454,-8706,-1190,5327,11503,-3317
2742,5134,-2642,0,8244,1216,4980,-8884,-1134,4434,8473,-4128
1844,394,-1604,3108,8892,2519,6088,-7560,-1114,3677,9130,-5736
692,910,-1360,148,1600,656,4872,-6456,-1258,1924,3603,-4606
996,-82,-1358,2176,2058,5738,5224,-8868,-946,2333,9731,-8606
-844,6430,-502,38,2144,97,4586,-9590,-104,2210,3125,-8097
-748,20,-246,144,363,100,3732,-8260,412,636,5083,-6889
-1314,484,-590,4,262,6,3946,-7702,-444,-135,5994,-5848
-1322,6694,1078,1024,184,16,3610,-9600,1418,-134,5177,-4865
-1356,686,170,1066,2240,2336,3848,-7578,204,1724,3393,-4777
700,1554,-2642,18,3073,0,5172,-7056,128,1460,8078,-6672
-1176,6602,-598,1035,4688,-7885,5042,-9734,160,1334,7701,-5302
704,28,-2646,80,5205,-5839,5220,-9676,-440,1057,6129,-4822
-1324,6646,-2574,69,17,-8160,5096,-8478,-268,-3,4422,-3847
708,154,-1622,6662,1664,-8058,5424,-8180,-518,-1159,1664,-1798
1718,-106,-594,8251,2269,-4012,6124,-8154,38,-870,3537,-764
1088,6026,-500,6400,7712,-2046,6710,-9040,940,-504,8107,-580
1734,-100,-560,25,8724,2048,7024,-8334,72,54,10932,-1522
1652,110,-590,4644,8196,291,5960,-7892,638,-224,12237,-3250
-260,658,-916,5,6152,2064,4854,-7330,1574,315,5920,-1709
2894,908,1602,32,232,2085,6042,-7354,2064,593,3993,-2028
1724,476,1458,2056,8704,2112,6302,-7824,1986,2631,9525,-5236
-788,398,-2510,2100,10753,261,4728,-7964,-294,2409,10507,-4556
-1354,246,-2128,0,9728,-3568,5144,-7952,168,1046,10337,-3491
-6984,5130,-568,1568,7758,-7550,1592,-11196,-712,2127,16600,-844
-9032,3978,-1438,1040,3456,5392,-2322,-12050,-1230,1660,3783,7930
-8076,4234,-4628,0,2256,521,-5584,-10602,-2398,-444,6624,12759
-20292,4032,-2414,8233,106,2688,-2888,-10276,-1770,-853,1139,19461
-5448,4556,-2292,88,-2046,22792,1380,-8374,-460,1151,580,22974
-6,2180,-2502,9,1027,41,256,-6542,-1572,2982,-2955,20836
738,910,1750,2176,8320,3072,2910,-4128,-1210,3921,-3296,19410
-204,650,-8242,567,162,16402,4362,474,-3970,1334,1857,16858
2764,-42,-6230,8264,736,8534,3530,552,-4854,-3249,1436,13629
2740,274,-2646,8963,1596,2144,5848,814,-2266,-7721,1695,10390
700,-4204,-564,4162,8512,7427,14480,2128,-140,-16351,-1999,6355
3840,5538,-2646,16384,4225,-7160,6142,10096,-1502,12219,3492,-5402
6838,-70,-86,24,2432,1440,10452,2652,2592,1936,3601,-13323
2776,402,-1204,1280,4101,14352,4010,554,826,5364,4552,-18588
3286,912,-2636,8285,1099,610,3598,-5002,-1298,9403,5698,-23680
-5180,5042,-4558,8194,-3824,4616,-1810,-9002,-4392,13078,-2016,-25750
-7496,5002,-6662,2,48,32,2128,-11684,-3650,6300,-6453,-24170
-23882,2714,-18244,16982,-5087,784,-9912,-22628,-7884,26722,-7230,-30185
-5388,8654,1484,16512,30752,2183,3702,-19056,-6102,20151,27885,-28114
-7914,1932,-530,8368,-2647,528,1590,-10672,1324,9764,647,-12057
-1228,5790,-2630,544,73,4,4034,-11868,-602,3735,-170,-5560
-1254,4046,-3402,5633,1418,2050,3576,-11376,-2334,-1351,1477,3132
-6186,4442,-1366,8460,288,7557,2888,-9412,-952,-820,3224,6641
-388,4496,-2580,16,4160,5146,4260,-7864,-1160,-45,4070,5038
182,1298,-2004,1192,308,38,5174,-7678,-588,1431,1456,2675
820,1170,-2098,64,513,-1952,5270,-7024,-856,2169,629,-643
698,270,-2626,0,-9204,-1912,5220,-7476,-470,2591,-343,-2133
804,-70,-206,520,-7026,-3311,5448,-7722,578,1870,-311,-2237
-1082,7574,-1094,64,2710,-3064,5884,-8834,1750,93,3677,-2495
952,394,-86,-720,4177,-4094,5354,-7802,312,-759,4239,-2135
988,26,-2118,-3937,-7678,64,2616,-8184,844,-4074,-3962,151
742,8074,-1094,-2558,-5560,-6120,5080,-8250,1132,-2203,-1925,-2114
2106,1250,1456,-1247,-1364,-4061,6338,-6688,1892,-901,-1124,-3572
3012,748,2548,270,2219,-8192,7042,-7552,2482,-1085,3712,-4932
2230,5658,-822,2381,256,-7791,6562,-8880,1198,-940,8743,-5644
1488,7106,1548,512,401,-5875,5920,-9370,1748,736,11180,-5581
3136,-102,-2100,5,128,-4586,5492,-6816,-30,2178,10451,-4415
2906,746,-598,0,32,1544,5968,-7504,-482,1867,8389,-2360
-328,6046,-582,2092,6162,2099,6276,-10580,162,2527,7184,-1400
-1260,5580,-2450,448,8712,513,5644,-10786,-228,5137,10058,-3785
-1352,6346,-2636,3678,4160,28,5540,-9664,-970,3787,14011,-5379
-1004,7466,-1620,545,2048,-5983,5530,-8366,-1002,2595,14319,-5278
820,412,-1486,384,513,-3840,5546,-8004,-1480,1955,11653,-3749
1044,778,-2626,8,5632,-3704,4318,-9288,-2488,2225,5153,-2936
-204,5074,-2018,1427,2088,-3680,6856,-9638,-268,2902,4122,-2437
1718,5172,-2534,6,4370,-6142,6370,-8916,-380,3890,4722,-4840
952,4586,-2646,2564,4101,32,5996,-9570,156,2625,5022,-3711
696,748,-564,152,4529,3536,5260,-7340,-392,1822,4789,-3985
1734,652,-86,224,648,4360,6264,-6290,-36,911,6095,-3831
180,458,-598,4,26,860,4904,-7688,-190,490,4974,-4248
-1228,7642,1282,1202,146,32,5030,-8874,1502,1279,3702,-5146
-1324,7564,1458,1360,128,130,5548,-8400,1640,1402,4974,-5336
692,214,940,1080,5133,17,5684,-7910,1080,1042,7432,-5805
-1352,34,498,20,8209,2059,5188,-7374,868,715,8591,-5453
-1068,12,556,75,3328,1152,4322,-6746,710,579,7392,-4329
-1292,6570,-38,49,2179,72,4594,-8740,1416,1051,6456,-3546
-124,-118,-6,1824,4096,-2764,4594,-8062,118,1831,5168,-2690
1028,5362,-86,200,4370,-3018,5448,-9172,304,1166,4508,-2318
-1242,6040,-2628,1536,5123,-4092,5108,-10274,400,1582,5634,-2883
-1210,6298,-564,1560,4714,-3919,5358,-8406,-244,1619,7145,-2893
836,10,-342,530,4104,-4095,5314,-7504,-244,672,6295,-1614
760,458,-594,128,3109,8,5226,-7788,-446,472,3314,237
1460,-110,-12,288,1028,287,5950,-8446,264,993,3198,322
1972,-118,426,2053,0,-3577,6470,-8212,646,2075,6782,-1257
704,6042,426,37,8774,-2560,6824,-8810,1234,2088,10020,-2172
1244,1418,-534,905,1408,2584,5870,-6568,1120,521,4517,-294
-1354,1308,-534,176,4388,2432,5500,-7158,1178,248,4343,-1771
-1356,906,1644,1062,1,2,4846,-7326,1712,1667,1370,-4784
1524,-98,1628,2257,64,1312,6126,-8108,1608,2739,6318,-6883
1228,524,1458,768,8784,-8056,5740,-7512,1980,3783,11143,-7976
1726,-110,1756,3208,10241,-8192,7000,-7968,2304,3653,14737,-8140
-898,4984,1586,3232,1280,-11518,5378,-9304,1456,4016,22445,-9435
-9546,2270,-2614,4384,2082,-7136,-5300,-9144,-1502,4507,18506,-1791
-7304,4506,3518,262,586,257,9698,-8368,-588,2702,10344,7725
-9542,534,-2250,11,1376,1048,-3700,-11666,-4290,240,10144,13432
-4300,50,-8130,10496,0,11136,-3900,-14246,-3174,-332,5505,15787
-9508,-44,-8388,12356,4,16432,-266,-12252,-3178,-2693,250,26812
-1356,-22,-5174,560,2848,16513,3114,-8122,-3154,713,-242,25091
4284,4022,-4684,14982,100,16899,6814,-3082,-3850,-1095,669,21049
6100,906,-6202,13561,1704,1536,7196,-682,-4730,-2804,2034,15621
2620,2716,-3154,5126,1026,8204,7150,2524,-2954,-11619,3728,12537
6836,-118,-10834,2344,16988,830,3640,-1136,-16994,-16730,-1571,9253
6848,12266,-1588,8224,32,-6080,9268,13512,4938,6608,531,1462
8374,1932,-1940,283,-8094,-5100,8954,5770,1570,4307,-2655,-5335
8836,4258,-918,32,1,4097,8160,3318,-1026,7721,939,-11557
7668,18,-2614,45,1408,256,8220,-1182,-1916,6521,1716,-19877
7096,2732,-4018,5633,3144,1252,7740,-5630,-4078,5932,2764,-29541
-8936,-114,-10830,4880,256,531,-918,-13496,-5590,4495,2089,-29583
-7476,11338,-2064,9299,309,4,1970,-17376,-2246,10114,2624,-26433
-9502,718,-342,290,4464,28,3930,-22934,-1746,22904,14700,-16094
-25804,2200,4314,12418,-14104,258,-14872,-6118,-492,14844,1364,-6452
-1252,5266,-2070,5905,91,32,2156,-11006,-218,7748,8670,-11845
-1288,5002,-2134,4682,4096,4110,2022,-9508,-1178,4566,6497,-9264
-7490,5530,-2540,306,512,782,2702,-10734,-2448,2329,1844,-4856
-820,302,-2614,4,384,-2044,3388,-6326,-2304,1905,478,-1955
-1276,4558,-2054,18,449,1048,4212,-9954,-780,830,1086,1240
-4164,4554,-2544,28,3872,790,4480,-10456,-1362,1531,4109,846
-840,6306,-2326,2642,5712,312,4566,-8272,-1228,-1319,6134,200
-588,-96,-598,-2872,-10048,2817,4120,-8194,-466,-2476,-1612,3105
840,368,26,-3695,-16367,4097,5918,-7824,1164,-3709,-10923,5750
6872,442,2538,-3832,-15225,4488,7724,-7490,2862,-4206,-10424,4466
1708,1610,-342,-4063,-7856,0,7354,-6278,3452,-3938,-6573,768
7358,266,-560,529,5666,-4060,7682,-8130,694,-1164,6104,-4074
1744,6798,106,1036,6177,-4984,6574,-8462,492,1069,7145,-4645
958,12,1964,522,836,-4088,6422,-8876,2000,905,6137,-3788
952,82,-1036,192,1825,-3929,6442,-7838,1098,1025,6248,-3402
1236,-86,-1558,54,2560,8,6542,-8164,746,1065,11126,-3006
-1352,6346,-582,1152,8284,641,6296,-9014,282,1924,13626,-2417
-316,7194,-1468,2048,4234,1322,5280,-8480,580,2820,12264,-2555
180,146,-2582,1088,5450,1697,4356,-6216,-1256,1562,7326,75
-566,7194,-598,1608,512,-2036,5938,-9342,-464,3746,6904,-2067
-1086,138,-1394,1824,8196,-8128,5534,-10668,-752,6021,8835,-5148
828,7248,-1974,4244,8908,-6719,5406,-8980,-1456,5513,11170,-6795
736,6546,-1602,5058,8771,-6592,5098,-8454,-1448,4886,11710,-6321
-76,6090,-1608,3414,8320,-4027,4728,-8836,-1376,3495,8148,-3872
2814,5326,-1598,1180,4,-2415,4994,-8874,-1474,3533,4986,-2282
2762,4774,-1486,35,2,1416,5874,-8540,-574,3970,4339,-2671
1532,5082,-306,4098,6413,14,6124,-9184,-340,4192,6743,-3919
1524,332,-1442,3088,7952,3458,5926,-7900,-880,3558,8092,-4256
-522,474,-342,1029,129,24,6104,-7224,-322,3013,9916,-5213
-1306,394,-272,2184,1058,4,5142,-7728,-314,3260,9338,-5577
1244,6058,-2356,9,3236,1152,2700,-9312,-1214,2930,2065,-6359
1362,6048,452,57,314,2051,5868,-9282,1256,2741,4961,-6041
962,690,434,2180,1408,1221,5654,-7264,1078,1987,5774,-6890
952,1530,-594,1056,11144,264,5944,-6592,432,953,11422,-7852
-160,7322,-534,282,10280,-8191,4510,-9054,530,1373,10135,-6663
-764,5326,-266,841,5377,-6128,3916,-8496,-412,2896,7595,-5746
-1084,5520,-598,1568,2561,-4094,4598,-8944,-488,1904,3591,-3986
-258,6558,-82,1225,2096,-3004,4802,-9576,-116,1515,2382,-2940
692,6542,-522,1249,4144,-4023,5562,-8488,-462,1759,7473,-3787
708,-70,-982,376,8320,-3840,5262,-8320,-706,1909,9135,-3037
710,6026,-1430,864,1152,-3832,5248,-8888,-518,1888,7292,-1678
1204,5020,-598,1575,46,-1901,5684,-8852,-22,1874,6679,-1925
836,340,-590,1026,1541,1152,5874,-8062,304,1368,7972,-2867
708,6062,-598,80,8768,384,5788,-8722,384,1365,8821,-3677
948,28,-578,528,8260,3113,5498,-7544,-286,1599,8640,-4523
950,1220,186,1152,8237,1168,6054,-6462,252,1071,10569,-6318
692,746,-86,424,8204,260,5142,-7516,276,509,13269,-7838
-1356,7562,-2514,1,8352,163,3146,-8924,-600,1467,11199,-7554
-1228,6520,-510,1038,8226,-7087,3462,-9268,-118,3364,9374,-6894
-1188,5874,-86,3100,8580,-7885,3026,-8340,184,3440,10006,-6302
-1356,98,-494,5,5224,-3769,3482,-7450,-454,1494,5641,-3595
-1356,-116,-468,4610,5170,-3324,2964,-7544,-950,-175,7823,-2412
-1356,-60,-2414,392,4229,-1464,3632,-8402,-1478,512,4890,-1229
-1350,2570,-1548,6788,4433,522,3966,-9632,-924,-431,4252,826
-5292,6044,-2226,3718,580,1538,3472,-10076,-150,-286,3799,1638
-7496,4144,-1940,97,1792,2289,1184,-9182,-788,-17,5764,3335
-6436,2322,-390,64,4114,7944,-2214,-10096,-386,675,4790,8433
-5444,1084,-2316,5,513,5312,-2980,-11038,-1636,33,743,15852
-5452,-106,-2262,3488,2834,20490,-4670,-15182,-1736,455,4216,21621
-4864,-62,-2598,9218,2324,9216,-734,-9258,-2266,-185,2278,27999
-1324,714,-6646,32,-508,2048,2370,-5104,-3776,213,-709,27317
1748,1930,-6742,48,1030,2884,6684,-2080,-3966,103,-2629,23189
5832,188,-4942,8212,9240,16904,6102,770,-4676,-1719,-2261,16595
6908,1522,-4438,8240,16896,13186,7696,1382,-2876,-7360,-634,13989
7008,6538,30121,4132,19431,1348,-29478,-4138,30165,-3555,26848,7616
7880,-102,-2646,2146,-9213,640,11656,3964,-2554,3586,-352,-1775
8950,170,-2382,-8060,261,2049,9056,3178,936,-2089,4965,-9616
6900,2698,556,-3503,-7104,16451,9008,-6,862,-1497,29,-15218
3880,-118,-1998,1,1040,192,6082,46,330,974,9111,-23073
726,-5972,-3158,16,68,0,1120,-6090,-2006,4850,12368,-32768
-9036,4120,-2610,3146,23084,5426,462,-8942,-1574,12531,-132,-25787
-4428,2454,-10270,6204,4098,2567,1168,-7392,-1750,9547,1637,-17239
-1338,2858,-468,17472,4169,8354,4826,-11090,-4750,23043,6435,-22783
-3404,4212,-1580,2312,3712,12336,5990,-11654,3164,13137,17040,-18932
-25896,2010,-5422,11273,-18411,16419,192,-14522,-582,10497,9725,-12163
1604,2964,-2384,2120,-16382,6151,2584,-9236,-2136,2924,-4463,-1608
-252,4046,-2372,1060,-8064,2088,1236,-11388,-1910,1381,-8444,-567
-1096,244,-2118,58,-7080,161,5382,-8120,220,1662,-2173,530
-1148,16,-2384,270,2064,190,4904,-7082,-130,1924,2194,44
-1228,-118,-2514,537,8264,-7640,5092,-6966,-456,2031,8425,-4385
182,524,-1622,4,777,-7800,2390,-7678,-656,692,2644,-4909
-1334,-72,-1494,2688,17,-7608,5038,-7704,-398,-50,-1326,-3925
1486,10,-534,0,2568,-6782,5962,-8076,1084,-1805,2830,-2144
1984,-22,-86,1130,3864,-6144,6340,-7922,1178,-2766,4202,-1395
1436,8352,1594,274,3088,-5568,5832,-7062,1688,-2191,3258,-1477
1844,138,-598,391,67,-2824,6536,-7110,1272,-1629,4473,-2380
2004,-80,-70,17,8799,-4976,6696,-7520,1222,209,9047,-4554
964,598,-1598,1092,9244,285,5990,-7326,604,1015,11660,-5966
-200,6546,-1430,48,13248,-7852,4634,-9958,1262,2378,13166,-7159
3766,394,-2358,3178,2561,-7518,2490,-7208,-1336,2968,9924,-4767
990,5102,570,2145,5,-4000,6328,-10802,1108,2428,9062,-2560
-3118,4300,-1054,2560,10785,-1888,5574,-10828,-880,2795,10905,-1472
-588,-118,-2646,78,8321,276,3968,-8332,-1918,-149,9953,577
-1348,1290,-1610,128,4264,-3039,4178,-7242,-1494,1600,5393,-1039
700,-70,-2130,2249,2437,-932,5320,-8232,-980,2968,2373,-857
2742,6104,-2110,336,183,-2508,6302,-9074,72,4507,4523,-2537
1236,4092,-532,4099,9312,160,5574,-9004,-860,5338,10292,-4655
3092,18,-2068,4229,11289,2584,5952,-8018,-946,4226,11964,-4531
-810,7242,-598,8,0,0,4488,-8590,556,3927,9349,-4615
-1340,1036,-2642,2464,1281,784,4482,-7316,142,3630,1809,-5326
1332,432,-84,2586,200,1168,5750,-7616,1034,2515,434,-6530
1716,-66,554,2052,517,768,6200,-8288,978,2087,5194,-7523
1204,-30,-328,2343,8394,-8186,5872,-8276,348,2478,10809,-8133
728,-86,-318,1058,12392,-10988,5046,-8240,-206,3311,14971,-8939
2740,202,-2646,2453,40,-8179,4126,-7072,-1738,3343,12140,-7750
-236,6050,-2628,968,2468,-7912,4366,-9190,-1240,1989,6169,-4502
-24,5532,-1572,1616,2056,-4064,4456,-10850,-602,1619,1908,-2711
-834,34,-2258,1549,256,-3829,4930,-10134,-682,1503,2565,-3340
188,6558,-1494,652,32,-6168,4900,-8500,-552,594,4156,-4094
3252,-118,-2636,8202,1112,-3200,4796,-8216,-576,-227,3543,-2980
3252,-46,-2518,8192,1212,-2048,4716,-7662,-76,-1140,1611,-226
694,42,-1366,6177,104,280,5266,-7728,852,-1415,188,1978
1268,186,-2614,10276,1,2052,6792,-8124,1686,-652,2871,2004
2004,5162,-2366,16,6144,615,6932,-8876,1890,608,8172,541
2760,222,496,130,10772,2514,5840,-7282,1046,665,10795,-673
-1332,-118,2546,2176,9474,4320,4518,-6074,2388,-593,8998,-1302
-1348,1260,1458,3,4,5220,4474,-6480,1838,-26,2990,-2310
708,458,-1868,641,200,2690,5854,-6626,198,995,1062,-4362
1722,20,1466,2304,6208,64,6332,-7788,1638,3395,6684,-7233
-580,138,-294,2689,8228,3136,6586,-8392,112,3705,14661,-8921
188,5034,-150,2304,8456,-8080,4730,-8688,-270,3371,13419,-7314
-970,6026,-1614,520,2366,-7052,4400,-9486,-1244,2830,7584,-4748
756,6036,-598,1160,4152,-4094,5140,-10144,506,1072,4892,-2979
-1216,-102,-2646,129,284,-8078,3566,-8312,1174,138,10505,-3235
-8954,210,-2258,832,5154,-7612,-860,-8000,-176,925,13566,-963
-4748,6154,-1602,553,3169,4800,-3392,-9738,-926,1736,6804,6389
-8396,4514,-4430,132,161,1,-8280,-10564,-2664,-80,231,13219
-9476,3210,1450,320,2176,0,-2060,-15910,530,-121,4144,18872
-5324,538,-1110,7281,1355,1025,-2460,-13914,-800,-694,3500,20561
-5836,942,-2134,7699,-1788,16936,-936,-12612,-1726,-180,-609,25458
-1356,8098,-2562,288,-1279,5336,2494,-7618,-1848,2324,-1228,23794
-1338,1316,-6478,323,128,4164,4388,-4874,-2822,3267,999,20409
4900,2458,-4486,80,642,2689,5590,-1478,-2752,1923,492,19111
5332,522,-2602,777,515,128,8012,-1550,-2472,1625,622,17079
5814,922,-4694,8460,653,4388,6760,3088,-4076,-1636,1485,12661
5076,618,-2572,8264,1028,9153,7350,3820,-2930,-6928,1423,9797
7044,-34,-2646,3144,1297,336,9310,3088,1814,-8805,847,6256
-11978,-6262,-590,17440,224,-11768,1998,3130,6452,21953,19835,-11179
6260,3090,-1922,2136,-10240,4234,7808,3254,-1606,2617,-10128,-3938
7220,410,-2134,-8184,6408,1632,6036,426,1846,-416,7237,-14900
7172,-2166,-2642,7168,8586,784,6054,-814,-2188,7271,8262,-18157
268,-118,-1618,520,5120,4162,4704,-4594,-1472,9569,4755,-27894
1232,2524,-8774,6412,-6244,3264,2402,-9930,-4736,6917,-123,-25367
-6832,-112,-6964,2561,5,12418,4958,-7006,-6920,6421,1121,-25804
-4940,9766,-2642,26649,-11198,8352,-1336,-14876,-2146,25406,-7947,-18751
-5384,2578,-5126,8512,8472,8460,3338,-6846,-2128,9423,18098,-14012
-7468,394,702,9248,10755,8448,4544,-14810,318,11034,10331,-19111
-804,5550,-2552,8964,515,584,2830,-10654,-3966,8299,5862,-10556
-52,3978,-2600,2560,136,4866,2956,-11820,-2816,2882,16286,-10952
-3984,574,-3474,3104,1286,4113,4356,-12474,-1962,3616,-1708,7754
-6924,4048,-3670,8,4366,2575,1710,-11794,-3452,290,3435,1480
-4412,524,-2130,1026,-6122,1140,4342,-7474,-964,1309,-1709,3957
-1344,26,-1110,264,-10231,2067,4792,-7554,-70,1432,-1045,2230
-1156,-110,-596,312,36,607,4990,-7690,796,365,1264,863
-1082,394,498,324,-12983,376,4690,-7684,514,625,-948,439
692,940,640,1537,-10239,1164,5122,-6922,1442,-455,-340,1271
1460,778,1964,516,64,1034,5878,-7432,1816,-166,474,1180
876,266,836,128,128,-6765,5412,-5910,980,-1693,127,-192
-1288,8364,-824,261,-7928,-6135,5784,-7242,1440,-1453,-1636,-1640
1044,30,-1966,290,40,-8052,6518,-7656,1166,450,2624,-4906
1206,-116,-558,1345,2614,-7666,5980,-7396,1020,1384,6693,-7388
2740,-102,202,2,6704,-7816,6044,-8406,530,738,6554,-7491
1768,5340,-598,2184,1034,-7168,6216,-9188,208,-87,7318,-7028
2744,5162,-1110,2,1088,-8126,4718,-8810,356,1319,7266,-5482
3004,394,-418,960,1040,-2984,5132,-7942,408,1033,4971,-2843
-792,5002,-592,256,258,9,5658,-10838,78,2094,5582,-2018
-1292,6282,-2646,3936,8834,160,5362,-9918,-162,4009,9464,-4055
-1240,42,-2610,576,4485,2656,5482,-8004,-510,3600,13856,-5499
740,-118,-2390,2114,4176,128,5282,-8178,-976,2626,12301,-3750
692,58,-1366,592,4148,321,5346,-8168,-982,818,5769,-742
1972,4114,-2134,5120,6323,-6080,6322,-9886,-124,5421,6365,-4627
1780,6030,-2574,0,2065,-2012,6400,-9032,1052,1239,2884,-1068
708,6678,378,3072,2569,20,5478,-9580,346,3105,6652,-3862
2742,2538,-596,2561,9632,2124,5836,-5694,-402,2539,9612,-5788
700,-28,-598,1313,6272,4105,5344,-7354,598,1528,6488,-4185
244,7470,-598,16,64,4096,5028,-9004,1066,2709,3231,-4033
692,6452,722,17,6377,1799,5894,-8328,1296,3334,7384,-6379
1476,-82,-318,192,8196,1095,5810,-7702,292,2493,10418,-6885
694,-86,-70,1563,10270,-6136,5252,-7998,292,1719,11331,-6030
3060,202,-582,582,8472,-5584,4412,-7550,-672,2742,9244,-5535
-824,6186,-2642,2162,64,-5628,4934,-9126,-546,2133,4449,-4583
88,6154,-534,1889,2656,-4848,5110,-10222,-26,2011,4067,-4779
236,6066,-470,864,6416,-7933,5122,-8948,-294,1963,7028,-5115
278,-110,-598,70,1665,-4096,4838,-8342,-730,1184,5633,-3427
-556,-118,-566,608,1169,-2040,5096,-8082,-130,604,3495,-1844
848,250,-278,512,517,2386,5528,-8022,326,585,5165,-1576
1206,14,554,640,2068,1040,5712,-8472,594,605,7411,-945
756,5010,426,1,8709,2816,5636,-8596,650,517,8703,-208
-972,138,-530,144,8,4544,5472,-7418,562,198,8645,-1713
-1356,906,-966,194,3256,5256,5534,-7518,1090,1027,4189,-3441
2872,918,-86,273,512,3497,5858,-7420,1308,1589,1020,-4998
1748,6218,1450,136,2062,9,6190,-8546,1588,2870,7049,-8219
758,5834,-2518,2820,10777,-10102,5580,-8618,872,2954,12109,-9187
-1356,6034,-2500,128,9412,-8077,4610,-9066,414,2212,11736,-6984
90,5598,-1398,2084,4,-4080,680,-10510,-1178,2132,8672,-1499
-9024,1994,1708,16,5157,2596,-602,-9388,1926,867,6115,7423
-9544,2156,2986,4100,4112,4226,-4366,-9860,3232,4093,5510,13070
-8260,7498,1514,400,274,16912,-4868,-8456,2480,3103,4388,16857
-23820,-112,-1938,648,131,16464,-3266,-8982,108,4811,4619,16733
-9548,8174,-6324,5,297,4888,-464,-8018,-2534,4719,72,23546
2022,8394,-4498,4810,25,0,3154,-6038,-3516,5293,46,22305
5096,16,-6388,20,1536,384,5228,-2676,-4828,4026,1582,18434
6848,138,-5714,140,132,14338,6290,152,-4926,-107,3453,14575
3350,1956,-3982,3094,1024,8368,5196,3024,-4116,-9458,5304,8641
-7316,10,6092,2841,23330,2052,10632,3924,9242,-16692,1905,7307
8052,8590,-574,9297,-3320,336,5042,11836,-5148,12034,-3364,-1854
9080,1964,-2638,260,2,-6144,9352,5844,1720,709,-3363,-6465
10712,1164,-2390,0,1092,66,6318,1910,-1834,1729,5676,-10659
9940,-44,-2624,66,4165,17424,6044,202,350,4106,4194,-15937
3070,422,-2646,256,330,6664,3464,-3412,-1772,4923,686,-26228
-9292,6182,-1364,8200,16432,128,-1204,-10018,-3470,9065,-8084,-24287
-8476,5004,-2580,4393,-8184,2788,576,-10500,-918,5511,-1151,-20650
-9548,6538,-2466,36,-7936,136,3232,-7072,1844,12113,-5756,-14597
-5196,910,1490,0,4096,1344,-10178,-17594,-2372,13526,3846,-20468
-8652,-64,3754,8346,144,2056,3226,-8552,4514,8510,5458,-14604
-6316,2732,-468,8214,273,40,2730,-9508,602,8127,5095,-11680
-844,1930,-2614,533,8276,4609,3604,-10094,-2190,3482,9461,-9613
-5964,4010,-2604,71,12672,0,2468,-10888,-2266,1967,12531,-6282
-1354,4586,-2322,672,204,-3016,3454,-9644,-1494,1994,3925,-5
708,1178,-596,787,324,177,5306,-6890,-562,1782,349,148
-836,1558,-1108,8,386,-6036,4858,-6690,-1034,1344,815,-1312
468,-108,-528,1040,-7808,-5562,4970,-7608,-206,1442,-3748,-307
-1100,-118,-230,1620,-8164,-6015,4786,-8588,1144,1504,-1863,-1661
696,148,1550,258,5170,-6080,6396,-7838,1602,571,6667,-1835
696,-118,-6,3200,1056,-6184,5668,-7286,1294,-796,9579,-2024
-1152,8450,-558,2148,10,-4078,4354,-6960,978,-1833,5174,-1124
-220,1040,-1106,517,-3696,194,4674,-6300,1352,-2632,-4145,472
2748,-48,1518,-3008,-6525,-768,5822,-6038,2992,-3195,-6078,-800
2358,1170,2524,-2016,1,0,7110,-6242,3492,-1736,671,-4310
1860,908,1964,1024,8480,-7907,6786,-6922,2080,-547,9812,-7416
1792,-52,1706,384,12545,-8431,6034,-8216,1724,591,14722,-8330
2900,-112,-1612,0,10116,40,4956,-7836,378,3399,12128,-7273
-52,-46,-2638,2116,6402,1,4562,-7680,-906,2242,6681,-4552
-1164,6042,-534,1088,4368,352,5528,-10380,790,1361,4969,-2523
-1100,4364,-454,136,4608,49,5618,-11332,1058,1542,4869,-1906
-1320,7082,-598,448,8933,-3452,5200,-9324,-184,1885,8978,-3343
-1276,-118,-500,1034,8508,-2816,5448,-7838,-244,1029,8400,-2659
-1100,140,-1614,289,132,-954,5524,-7458,-814,314,7699,-813
-524,-86,-2642,13888,1027,2240,4342,-7574,-1296,-2096,743,2542
316,170,-1558,304,2688,-1599,5016,-7634,-728,706,2575,-501
2806,444,-2134,258,4128,66,5898,-7548,398,2412,4209,-2057
852,5052,-2646,281,6161,12,6102,-9596,1042,2619,6410,-3203
956,-84,-2622,2440,8388,1040,5382,-7788,364,3470,8764,-5092
-1224,-92,-114,234,6240,2560,5490,-6768,930,1612,6557,-4751
-12,8138,-530,2137,5156,2049,4378,-7958,738,2259,4825,-4979
1332,24,-534,549,128,768,5796,-8296,1354,2716,4608,-5352
-796,5578,426,2688,4192,48,5746,-8526,1258,2944,6705,-6417
-812,-112,426,2316,9248,1282,5638,-7916,576,2399,9943,-6813
-1228,1130,-332,288,8226,-6135,5140,-7016,-90,1408,10250,-5353
-1292,174,-2118,72,146,-4016,4670,-7878,-18,1107,8140,-3738
-316,420,-470,20,144,-2905,4052,-7784,-442,1547,4641,-2818
180,-98,-598,1033,158,-2522,5022,-7930,-76,1250,1231,-2411
-1356,6866,458,10,564,-4047,5156,-9774,682,836,1730,-3010
-1132,-116,-1862,0,3140,-7678,5264,-9290,220,1657,4152,-3613
790,-50,-546,1024,754,-7936,5190,-8216,-434,1276,5917,-3832
-1356,-94,-620,513,174,-7132,4718,-7716,-538,661,5132,-2909
-796,34,-556,136,2096,-6144,4968,-7678,-184,108,3199,-1174
808,-118,426,11665,3,-3584,5478,-8206,666,-64,3441,13
1092,-34,-2636,256,1056,208,5992,-8028,1492,552,5462,220
1724,6156,1454,1192,9315,2626,6758,-8748,1456,1278,9656,-356
1846,-44,844,197,9218,934,6288,-8268,878,1528,13533,-1153
758,4202,-1750,100,17,5536,3906,-11490,428,3703,-620,-932
116,910,-588,640,512,5312,4612,-6276,424,2215,1335,-2696
1844,38,-22,4624,4096,128,6328,-7118,1178,4350,4489,-7638
1218,538,-50,3073,641,3384,6756,-7808,1090,3537,9276,-8929
696,922,10,528,2882,468,5772,-7420,24,2776,12389,-9329
740,6574,-1838,2144,4176,-9087,5138,-8568,518,2278,12431,-8670
2806,5074,-466,256,10242,-8112,4038,-8974,-350,3209,10919,-7065
-1276,4778,-2614,1049,8192,-8047,4118,-10616,-644,3444,8608,-5431
-260,6282,-406,2584,11,-8191,4088,-10140,94,2791,10660,-4778
756,7050,-2358,2689,1432,-4720,2558,-9006,162,2907,16277,-4487
-4852,2322,-1734,1032,3328,392,-1318,-9534,-660,1711,15226,893
-7484,2066,-2630,2112,1704,648,-2678,-10232,508,-872,2366,9865
-20152,5514,44,2048,5280,2144,-3238,-11744,788,-1395,-2264,14903
-9402,938,-2426,5664,4128,16656,-3336,-14054,-1972,-2159,4806,18071
-3754,2956,-12878,5152,528,17408,-898,-13002,-3276,-3070,211,22218
908,1932,-8278,10499,-1771,6144,1962,-9732,-3090,-269,-1067,23840
-1340,2698,-2630,393,16,4098,3702,-5110,-2518,1264,1395,20850
1216,2578,-6740,0,256,1056,6138,-1124,-3676,1090,628,20027
6900,2442,-5576,10256,5313,2364,7100,2630,-4594,-2304,-431,16167
7348,3978,-4658,8497,2093,10258,7620,4134,-3006,-6812,2721,10220
6964,3426,2010,4128,896,160,10904,4002,696,-8832,77,4762
8086,8178,970,2372,-3824,9,9178,9700,866,7810,-2893,-4657
6964,922,-2128,-9022,8,644,7560,856,-1670,-959,175,-11457
7924,-22,-1550,-11648,32,14912,4744,-2654,1058,2749,1361,-17685
438,538,-5090,2130,34,4129,4950,-7300,1262,4788,8765,-25561
-8716,4500,-4372,8263,4114,34,-444,-11580,-3856,8593,7326,-32768
-9282,12270,-9558,6656,1292,1313,1328,-18886,-7698,7911,21616,-28132
-7242,11100,-10706,21513,16671,2049,1624,-15412,-8732,28025,15471,-17142
-8522,2576,-566,27060,-14207,4309,680,-18708,-754,21188,3370,12477
-1292,1682,-5556,48,276,254,4894,-10200,-2642,9716,10030,-9784
7364,4526,-2050,1072,5382,2092,5162,-11702,-3508,5477,5607,-4232
-3322,4042,-5076,3168,5252,72,5292,-10086,-5042,3043,7346,-3936
-5322,2452,-1334,0,8,-3020,5996,-8428,-3942,1103,4446,-1160
-956,6090,-3648,1041,1033,192,5536,-10230,-3070,1519,917,245
-1204,-108,-2134,515,200,-7421,5098,-10028,-3092,1551,1043,-78
-266,6282,-1430,96,-7674,288,4654,-8592,-1188,240,-379,1519
-716,7058,-342,-3966,-8103,516,3600,-8176,-1034,-2062,-4027,4723
1280,138,2346,-1022,-9468,2570,5752,-7314,3128,22,-9538,6751
180,-66,1674,544,-15348,4100,5112,-7824,1760,-1029,-7266,5298
1716,394,1530,2132,-7065,64,6406,-7634,2770,-1386,-3814,2217
2740,918,1470,1056,-4078,257,6466,-6740,996,-2234,-1240,197
1974,1938,-470,3420,346,-4092,7040,-6186,464,-642,3735,-3376
820,7692,-2596,609,1072,-6139,5558,-8414,690,810,5027,-5521
1988,150,-324,900,2112,-6144,6422,-7966,844,829,3258,-6073
1460,5002,-510,642,2072,39,5866,-8520,726,845,6681,-6921
-836,-38,-2638,1411,8265,1028,5802,-7994,514,1402,10603,-6008
-1260,-50,4734,192,1353,304,5598,-8114,-76,660,8203,-3709
-956,138,-306,1892,4652,-2931,4564,-8230,-216,1912,4572,-2280
756,7050,-2134,2273,4138,-4024,6128,-9414,1118,2877,7892,-3632
-284,6586,-180,2087,9349,-4096,3766,-8940,-612,2382,11321,-4194
1500,6058,-2502,2,4105,0,5764,-8770,-394,2072,13122,-3751
-520,-100,-2642,18,12962,16,4854,-8178,-1096,2062,13843,-2333
952,3980,-178,56,197,128,6394,-9000,-28,1964,3552,-459
-316,4298,-1030,4250,515,4100,4938,-8452,-966,4342,5738,-2960
1018,-118,-2630,4320,8329,1864,6314,-8266,-62,4561,8545,-4253
-522,5326,-332,1600,1024,2064,6104,-9132,-484,3906,7438,-5325
-788,-54,-1290,640,9280,520,5674,-7868,-1190,4781,9309,-6640
-1196,110,-582,1060,320,1056,5480,-7762,-396,3114,8442,-6908
574,7642,-598,200,3585,530,5112,-8750,588,1821,3874,-5896
-324,6026,612,1920,2216,-7024,4894,-8732,1050,2024,2325,-7004
1220,394,-476,801,4946,-6112,5570,-7864,602,757,5067,-6074
956,856,-596,596,5378,-6102,5378,-7362,130,564,7594,-5768
-1092,-110,-1230,1088,2176,-6142,4396,-8296,834,1427,7810,-4882
-316,-118,-522,128,44,-3936,4870,-8308,134,1481,5772,-3360
696,6668,330,2,4296,-2688,5192,-8764,482,964,6106,-2512
720,7102,-270,1352,4628,-6055,5380,-9300,304,1392,6674,-1785
692,-52,-582,1024,6353,-6142,5228,-8296,-480,1595,6313,-2082
828,10,-404,339,149,-7918,5280,-7404,-358,1387,4668,-2793
974,-118,-590,1026,3116,-3071,5396,-7896,-340,1026,3667,-2719
1336,6044,-330,401,4,-3510,5702,-8862,186,886,5053,-2389
1756,6110,522,768,2642,1093,6122,-9870,446,894,6913,-2106
1716,5210,-566,1,9234,1289,6218,-8180,22,533,9835,-2643
1236,-12,-590,6448,8274,208,5606,-6160,-342,-210,10796,-3396
694,10,-1598,4992,8208,131,5130,-6272,-558,-1156,8001,-3769
-812,-116,-358,3145,5292,3206,4556,-8302,584,-599,5168,-4834
-1036,6700,682,32,1050,1160,4244,-8604,1506,753,5518,-7158
-1098,306,1474,263,4106,7,5086,-7776,2882,247,8218,-8203
-1226,-98,1460,833,14338,3744,3812,-8324,1352,815,14516,-8298
-1282,4034,-1292,67,272,1201,2084,-8790,-1124,677,14051,-3742
-6476,4234,-1748,520,304,64,-2292,-9508,-556,672,9939,3221
-4938,276,-2166,129,3090,8449,-1924,-7520,580,322,4031,9002
-9546,3978,-2620,6417,512,4353,-4870,-10868,-580,-1626,772,14132
-2866,2314,-2646,9749,2,4289,-2604,-12988,-2320,-2404,-458,15891
-5450,406,-2102,9605,522,16388,-2474,-11744,-1922,-722,1792,18383
-3276,1934,-8278,104,1346,18436,-1472,-10510,-3312,234,1095,18766
208,7228,-5554,32,-2175,4883,984,-8526,-3282,1053,-151,21370
3078,3254,-2558,1290,9472,4372,5642,-8220,-2274,1702,-3222,21823
5084,1602,-4246,64,3600,3648,5766,-2140,-3488,1246,-4572,19983
7028,1100,-2598,10241,9272,16672,6318,1548,-3676,-2355,-2749,16650
6864,1208,-2054,8290,1030,1040,7226,3588,-3478,-8543,1300,10852
-3320,2446,2126,2248,162,6144,12752,4786,18572,-19787,6833,6144
8000,3322,-2484,10325,308,-9727,2484,9806,-2714,11746,744,-6205
9412,-98,-2130,9,-4958,0,10698,4962,1250,1997,-3525,-6442
5842,-102,-2230,1025,6,6464,6678,3102,-348,912,234,-10102
8374,1578,-2062,2247,-6831,1106,6532,1316,466,2413,-460,-13125
9974,5004,-2598,633,4104,3310,6580,-1216,1602,3976,5087,-17403
6840,-116,-2640,259,546,5288,7486,-4744,-166,7393,11147,-26226
-7692,4266,-2644,262,8208,1,458,-12334,-2586,10671,7946,-30864
-996,462,-2582,4149,-7520,4226,160,-14928,-1210,12864,-4685,-26678
-6894,142,-1110,8192,1048,9732,4394,-13908,-1304,6759,2596,-21496
-12844,12234,-8790,18000,-10710,4262,-3388,-24704,-4460,10405,-19559,-4883
-5356,-18,-5894,8288,18582,8200,-4514,-16992,-3850,11668,17034,-19421
-514,6026,554,196,8324,3081,3428,-12650,-388,9741,9223,-11797
-314,4002,-1594,0,1042,6212,4108,-11072,-1700,6457,4847,-8597
-5140,406,-2640,5780,3202,225,3962,-11084,-2128,5580,7597,-5898
-1260,2386,-4678,2,8264,2216,4452,-9408,-3374,4457,8138,-4805
-774,1448,-2646,3075,308,544,4696,-8736,-3034,3348,5385,-3253
-1316,4496,-3542,1058,2048,-3767,4900,-9728,-2858,3641,3590,-2113
-1356,-114,-4046,0,320,-4464,4486,-10130,-2966,3190,2184,-272
148,7882,-2134,1284,108,0,4592,-8100,-1904,792,704,-152
808,188,-460,396,576,-8096,4740,-8272,-1060,-2375,2974,-891
694,7056,-314,11,-8188,2128,2428,-8328,-262,-2562,-4382,2833
-1068,7092,1834,2049,-14202,5153,4624,-7122,1968,-4606,-8747,5171
-716,650,3772,1032,-6524,826,5254,-7850,4146,-6708,-6284,7227
740,6164,3530,648,-12248,8448,6220,-8686,4540,-5769,-7897,8475
-816,-118,1482,4,-4096,4708,-1350,-8570,1528,-5097,-5726,4991
6840,-72,1530,0,-8064,644,7436,-7432,2354,-2427,-5042,1558
8632,26,-596,2096,6145,1025,8988,-6008,798,-1823,7785,-1318
1524,1042,-2646,514,8400,-3954,6814,-7284,4,581,11327,-3790
-44,174,-2356,1632,4240,-5060,5512,-7344,416,1575,6328,-5244
2494,6058,1586,4096,40,-10157,6946,-8942,1572,4392,8697,-8992
-138,-118,-262,4096,10272,-6560,4270,-8278,1058,3979,11296,-5980
856,6618,-564,2180,8496,2,6288,-9462,618,3616,12742,-5730
780,278,-2390,3412,10323,138,5616,-8114,-1324,3306,11166,-3549
-908,6044,-1220,0,3590,2130,5554,-9392,-924,2796,8106,-1407
-3402,5054,-2516,1058,2104,406,5494,-10906,-1240,3985,7567,-1773
-3652,4554,-1482,81,6248,-2944,4794,-10720,-1246,4518,6756,-2983
756,7054,-2130,4112,1237,-7424,5364,-8884,-1036,5818,12038,-7059
1248,222,-2004,2180,7269,-4096,5784,-7886,-672,2559,7566,-3093
-820,-118,-1366,1680,800,-2048,4970,-8116,-1090,1714,4630,-1795
712,-114,-1558,1538,2342,130,5392,-8350,-870,1724,2236,-1884
756,-76,-590,14,0,609,5486,-8330,-352,2289,2177,-2532
828,6050,-560,800,131,1240,5776,-10326,470,3078,5061,-4131
-844,5974,-1494,2112,8768,273,5658,-8038,-902,3376,8866,-6143
1174,428,-566,0,8840,1,5646,-6216,-516,2028,10887,-7678
-1344,138,-2122,64,6657,1036,4244,-7280,-714,128,6496,-6595
-1308,7156,-290,325,76,128,3604,-9328,944,472,-233,-5467
-1274,194,686,28,-6077,305,3924,-7984,1304,529,-1920,-4876
1208,-98,2268,2563,5636,-6589,5642,-7498,2080,-248,6101,-6597
-1084,202,202,5203,8608,-5120,5368,-8158,1364,-275,8844,-4547
196,6554,-596,64,8464,-3040,4958,-8688,188,924,10446,-1945
-684,58,-1234,3,2054,4,4732,-7538,-562,-93,6525,46
-1060,5788,-94,4108,352,12,5054,-8502,-72,-867,2264,336
-1288,6810,-598,5633,1042,-5151,5350,-9460,132,-187,1375,-85
-780,-116,-86,0,4116,-7802,5858,-8746,372,1232,4523,-1662
732,-118,-84,34,4236,-7678,5512,-7952,-72,919,4236,-1338
-1260,118,-268,673,2066,-5838,5300,-7840,-242,667,3336,-640
-548,-92,-406,546,2050,-3966,5346,-7656,574,918,3080,-858
2756,-118,496,6148,2059,2572,4278,-8188,632,-526,1829,68
814,5134,494,740,1120,2075,5910,-8874,946,1666,5501,-1328
1756,-108,436,51,2528,4424,6318,-6770,672,1492,6738,-1557
-1334,74,-418,908,5322,4153,5014,-7132,576,933,5093,-2250
-262,8088,-182,256,2254,4423,4792,-7944,836,385,3725,-2251
1344,6284,-38,88,256,8,5846,-8538,1508,1787,4871,-4007
768,5578,1194,340,2093,2176,5704,-8360,1334,2728,6736,-4779
1172,1164,1514,3094,10256,41,6594,-6928,1672,3096,10618,-6149
756,138,-214,378,9985,9,5366,-7586,272,2549,11928,-6081
252,6092,-494,3513,3336,-5888,4756,-9074,182,3699,7871,-5204
-778,690,-2326,2739,5959,-6125,4948,-7614,188,2694,8287,-6056
-1228,4042,-2570,104,4164,-5120,1192,-9060,666,1251,14806,-3747
-9320,4090,-2262,0,8296,4144,-1862,-10306,2098,3335,11163,5790
-8762,4544,-2582,10529,1077,786,-2556,-11316,1366,32,4437,12923
-5452,-118,-1802,13414,66,1204,-3746,-12728,-1362,274,5355,15770
-5420,4530,-1942,256,2176,16391,-2054,-11412,-2082,274,1998,19501
-1340,46,-1558,608,10,16590,630,-9696,-1322,1894,-86,22214
876,-28,-2514,3204,1350,5188,2002,-7616,-2086,3395,1810,21464
2740,2698,-2390,2697,544,11,4038,-4386,-2064,3922,1013,19063
2748,12,-4950,2324,1124,16900,5538,-516,-3044,2904,1219,16776
5828,430,-4558,9840,1042,5138,7082,2870,-3856,-634,2107,13671
5076,4498,-4562,8584,9600,10373,6528,4428,-3954,-8131,-734,12026
7196,4538,-2646,513,12368,464,7528,4318,-1250,-11153,-362,6993
11252,2186,28282,34,8193,136,10112,-6672,19678,6094,10578,-1698
6968,-84,-566,2049,-9728,68,7976,4048,538,2113,-1010,-3471
6876,970,-598,848,2176,4614,5532,1078,-260,1982,2076,-11863
7050,-2566,190,96,522,15104,5714,-510,340,2766,2172,-16979
2868,18,-86,8339,4144,2057,3562,-2742,-470,8782,5015,-22218
-332,2082,-1548,10548,0,6185,2128,-6350,-2960,11236,9731,-25745
-6788,-86,-5710,6147,16388,8730,3458,-10570,-3524,6896,18343,-23834
-9548,1938,-9398,16528,6657,10560,1564,-14282,-4800,16005,7046,-14459
-9292,1518,-8246,24584,-5631,65,1968,-11780,-6750,24339,-4909,-11535
-9318,-114,-4368,7792,64,384,-2846,-14070,-7032,15303,9002,-14901
-8380,986,-2606,8296,-1023,2178,3044,-14164,-892,12370,-1393,-8932
-1314,4094,-586,8506,128,1537,4444,-11966,-322,8202,841,-6392
-4044,5520,-1084,657,4354,1024,4578,-10682,-898,3842,4720,-5094
-4796,970,-1622,2660,6172,67,4450,-10248,-1386,2797,6847,-2119
-4490,4044,-2646,1026,2692,0,3866,-9100,-2726,1153,2273,-393
-1352,4780,-2102,2113,192,0,4206,-8512,-1976,2176,587,137
-1356,42,-1618,842,-9984,1032,4368,-7388,-746,1991,-1232,1325
-1292,-106,700,5634,-10687,1064,4550,-7760,1642,-296,-217,1425
212,7086,1590,3080,-9834,549,4954,-8484,1012,-1026,-283,1899
-1324,914,1462,83,72,2840,5244,-6676,1716,-3483,318,3104
-332,9226,1794,1618,-14847,556,6986,-6628,2868,-4102,-6572,3527
956,958,-982,-3576,-7037,259,5938,-6488,1306,-3670,-6703,919
1380,458,1456,-2040,1024,-7676,6754,-6412,2502,-1512,2042,-3602
2740,1718,1450,-1984,612,-6126,6298,-6658,1578,-1264,4832,-5519
2744,570,-596,380,36,144,5536,-7758,396,-1602,6973,-5565
2772,6602,-596,81,16,-7926,5564,-9786,934,770,8231,-5814
4312,-118,-546,2304,2396,-5088,4254,-7102,-432,2017,6057,-3900
2826,156,-596,1,4417,16,6358,-8348,-18,1091,5986,-1802
-1192,5262,-2646,1800,34,4618,5742,-11212,396,2106,8459,-1401
-1356,6026,-578,289,8710,4608,4890,-10158,-172,3296,12108,-2501
-3372,140,-576,2081,256,4225,5130,-7894,-488,2005,10971,-2835
-6144,394,-4180,20864,528,265,412,-7680,-670,-2364,1894,1559
2876,9228,-2518,136,3080,-3895,5848,-7056,-1218,1595,3180,-1280
2868,-114,-2260,276,69,-4076,6176,-8120,-310,1924,3706,-2187
828,-48,-86,112,2632,-3928,5800,-7780,-82,1162,3023,-3073
836,4138,-2306,656,1572,-3964,5394,-8600,290,1809,5806,-3903
830,5022,442,50,4480,594,5210,-10480,552,3318,6718,-3560
2804,1306,-594,168,8192,2182,5566,-6152,-302,2592,8208,-4973
-1356,1238,-406,-5878,16,5028,5172,-7134,480,-338,6204,-2977
-3780,1980,1458,87,1060,6656,4868,-8992,1472,371,1700,-365
852,1326,-588,353,2560,4176,5922,-6864,1298,896,2967,-2219
1716,914,-2642,384,4674,24,6284,-6802,1414,909,4935,-3983
1332,1020,848,512,4290,-6528,5760,-6904,1084,450,8013,-4431
-780,7564,-278,273,8236,-5096,5598,-8956,1478,1492,11239,-4957
-12,154,-534,624,8192,-4544,4542,-7996,-438,2672,10001,-4295
-280,238,-1430,724,5166,-4091,4422,-7980,-840,1686,5125,-2686
-840,20,-324,16,4,-4080,4880,-8314,-222,1139,2228,-2588
-1200,74,114,1064,1652,-8188,5270,-9576,202,1524,1740,-3048
-900,7074,-592,2307,546,-8184,5064,-9278,-374,2274,3707,-3831
-928,166,-594,1568,164,-7896,5028,-7890,-522,1481,3489,-3161
180,-114,-580,256,1316,-3375,4852,-7458,-308,283,1919,-1218
236,28,-22,160,194,64,4960,-8094,560,183,1226,280
-1340,6390,1526,192,664,1088,5614,-10242,1466,749,2917,1141
692,-36,-2630,1025,2085,66,6118,-7660,1326,1174,7278,305
2836,108,942,5891,2104,2048,4262,-6252,1342,-637,2232,2649
992,1130,1450,5120,8,128,5438,-7164,2200,-919,1076,3627
196,-114,1962,272,880,132,7000,-7266,2468,582,1273,2232
724,-48,1742,2,0,4612,7234,-6154,1758,1554,4091,-1332
886,2202,1562,194,1136,611,6566,-5944,1792,1798,5595,-4752
1044,158,106,516,8192,260,6416,-5992,2172,2640,8783,-8039
700,1168,618,0,8333,5,5156,-6884,1014,2919,8651,-9066
-1356,-98,1964,512,4736,-11216,5416,-10454,1424,3332,7058,-8835
2884,5022,-534,3584,1,-11535,4582,-8532,-256,3930,6661,-8349
692,6026,-2574,149,528,-6528,5366,-9430,-86,2362,5624,-6086
-328,-102,76,48,1280,-8171,4580,-10348,320,1854,5466,-3800
694,42,-470,1088,8,-4018,5386,-8124,-452,1161,4821,-2543
1084,-118,-830,192,4098,-3478,5530,-7780,-626,161,4512,-2035
828,146,-1550,0,4432,-4092,5244,-8112,-656,201,4408,-1774
692,-118,-86,652,5127,-2877,5712,-8282,90,666,5957,-2382
-424,6158,-2646,673,4672,1035,6108,-9720,1644,673,8171,-3142
-3260,138,1538,258,14624,792,5314,-6712,1716,293,16053,-5303
-5396,26,1454,1152,10642,1190,-4582,-7050,2178,1756,10624,2346
-5386,3602,1530,2576,72,8272,-3396,-9268,5288,2246,7893,7979
-8260,6154,-2006,680,138,8320,-3838,-9620,794,724,2321,14168
-8904,-114,-2566,5632,2216,5040,-4442,-9700,-1718,-417,6746,13826
-9244,-112,-2642,7684,2048,2,560,-9138,-1628,-265,4046,18969
-314,1436,-8278,40,197,3536,726,-6958,-2550,-124,258,20878
-1212,1418,-1622,6337,576,2864,4012,-5286,-1770,-1919,-2956,20275
2740,-114,-5392,5001,4192,3072,5368,-1734,-2244,-644,-1193,19372
5944,946,-5320,6144,12321,9600,6654,1244,-2256,-1988,-239,15573
5046,688,-2630,8463,0,10890,5910,2666,-2372,-7273,2119,10953
11446,-4206,-1606,4739,1,0,10616,5494,1644,-10975,1615,9277
-8970,1162,1490,8338,-2428,-13295,198,6938,3012,16431,-4667,-11044
6836,4010,-2644,-6144,-5357,3156,7586,4248,-1246,-422,-5150,-6010
6132,-108,-2326,104,-11679,104,6782,836,-14,480,-2851,-11652
6652,-886,-2614,2697,706,3658,6996,-694,-822,4545,2961,-16914
4826,2442,-2582,2183,8258,3633,5476,-5050,-502,7282,8672,-25281
-9480,6318,-4678,8192,41,4491,184,-9604,-3908,10409,5047,-27623
-6436,86,-4086,8200,8,8704,-1690,-13418,-2764,9700,559,-23443
-5180,-86,-4166,6926,1088,257,1770,-13816,-4660,8124,14367,-22046
-9532,1366,-2646,12616,274,272,734,-11158,-2166,11248,8277,-12897
-4712,674,-4566,8336,19524,11396,-1716,-15588,-4982,11436,20067,-17716
-964,5042,-2614,1168,9314,7288,1850,-11064,-2034,7366,15479,-8618
-290,5596,-2612,2658,4418,130,2568,-10148,-3236,6452,6092,-5428
-1272,4186,-2626,24,4368,98,3620,-7222,-3178,3798,5211,-1464
-1348,74,-3156,3432,5249,-3064,3654,-8092,-2986,3487,5807,-3017
192,5170,-4430,1,3632,-8180,2718,-8768,-3444,2152,3540,-3406
-954,-98,-334,154,2192,-7168,3914,-8312,-310,1126,2188,-2003
-1308,-118,-1832,92,-4992,1282,3384,-9450,-642,385,-1260,2104
-72,7062,-534,2048,-7933,2528,4588,-9432,-22,-11,-2646,4288
898,7156,-86,280,-6072,259,6764,-6652,666,-644,-367,6346
708,90,434,3712,-8123,128,5850,-8012,684,227,-4319,4156
2812,284,556,105,-1879,2048,5460,-6966,1170,1011,-363,2302
1590,110,-288,0,1482,-1990,6010,-7186,1018,2086,2167,-362
1720,5038,-2612,427,5186,15,5690,-9312,-1344,1487,4541,-3373
-1096,-62,-1872,4402,-6912,8,3470,-14508,3262,3366,-1093,-508
1354,156,-596,2080,130,1346,5924,-7898,690,2924,4679,-4823
-1292,148,-534,1363,4264,2049,4724,-5432,296,1603,3077,-6758
712,82,1518,832,6929,130,5404,-8242,1420,2111,6766,-6730
-138,6298,1138,2084,2624,-10223,4708,-9020,1134,2475,6571,-9961
788,6100,686,17,5152,-11774,5662,-8848,782,1154,7709,-9285
-684,12,-534,8,8739,-8057,5028,-8474,134,667,8858,-6502
-1220,-118,494,33,8704,265,4088,-7998,288,2085,8505,-3986
1240,-118,-532,1025,1104,73,5702,-8218,68,1508,5921,-1910
-1356,5388,-594,18,18,1,5448,-9020,-232,1714,6057,-1807
-656,6350,-578,2113,1352,-3584,5762,-8404,-636,2706,8217,-3209
852,74,-838,80,4372,-3999,5604,-8156,-624,2092,7682,-3772
732,5946,-1074,128,5120,-3965,5406,-8464,-680,1784,7128,-3929
760,4572,-782,1161,3137,-4061,5616,-8758,-550,1689,7468,-4007
1076,4506,-340,1024,2688,256,5500,-8502,-260,1551,7926,-3826
724,4112,-470,0,8709,336,5284,-9564,264,1391,8648,-3696
-1324,10,-1362,786,0,3585,3422,-8906,-1124,2048,4863,-4575
-1320,66,-534,2120,780,1544,5498,-7492,830,1857,915,-2534
708,522,-532,9,4616,2096,5452,-7426,1380,216,5935,-5730
2758,170,1548,0,1605,256,5152,-7940,2298,1238,4327,-6880
692,1162,1450,48,5124,-5752,5632,-7034,2238,1683,5588,-5182
1076,906,-518,772,8721,-5544,5790,-7442,1268,775,12974,-5370
-378,7116,-1854,256,8458,-3951,3998,-8776,208,1960,8120,-2501
2804,146,-326,417,3603,-1012,5034,-7986,-198,2436,3535,-786
1020,6034,-262,2564,4129,-1472,5980,-9232,1014,2659,4508,-333
-332,7562,-38,3331,9217,-2544,6320,-8918,176,3576,10109,-2212
820,8218,-1462,42,8752,-3859,5266,-7338,-958,2991,9783,-3640
4,-114,-2514,259,4645,-4024,4906,-7236,-930,1814,4804,-3653
692,5422,-2614,1032,4418,-6143,5526,-8484,-230,1562,4754,-5030
60,-46,-146,1664,865,-7930,6610,-7924,476,1684,9341,-7458
-7468,1940,-1614,1539,10248,-6110,1080,-9528,696,1542,11170,-4216
-5964,4234,1746,530,10928,-5092,2700,-10340,1852,2717,12544,-635
-1156,1674,-580,2593,13361,1048,1738,-6312,284,2493,13934,1463
-1356,658,-2510,5064,1187,75,738,-7292,-1328,-196,4233,5834
-962,34,-2572,5132,3072,4112,1388,-7722,-1162,-902,3682,6189
-9396,-118,-2390,8360,4097,9236,-3304,-7240,-2514,-1662,4251,9659
-9482,1930,-1366,260,3328,51,-3606,-4708,-1236,152,3506,12659
-5196,1738,-1808,960,418,11666,-4266,-5766,-1198,323,1039,10970
-3908,-116,-2082,88,72,1736,-3516,-5724,-1072,560,-77,18460
-8504,-88,-5958,70,4864,16659,-1630,-5814,-2772,869,-1360,21687
1204,-3174,-6482,651,4234,21658,1916,-2640,-4878,662,-4350,21780
2740,78,-6674,50,8204,19485,5224,-50,-5988,65,-3677,19399
2932,138,-6324,9512,12298,8208,5696,1944,-6616,-3055,-829,15175
7324,-34,-4694,10001,0,11264,8640,1406,-2652,-7724,2027,12897
6838,-270,-9682,16784,8852,2,4072,-1660,-4454,-10917,238,8973
3140,5552,-38,13120,-6624,-4022,9384,8934,-362,13289,-5324,-2810
7196,458,-2390,2843,-11856,677,7680,2908,-952,2735,-3752,-6431
7872,186,-2126,1544,-8159,8,6306,1256,318,3770,-2044,-11011
7112,38,-2070,4609,2626,2272,5632,-96,-636,4713,2869,-14716
4020,-118,-2646,4100,2100,1120,4318,-2288,-742,7668,3414,-19396
870,1482,-2516,8364,32,49,2034,-5212,-870,8922,1587,-22829
-8778,-20,-2482,10880,-1408,12,132,-7068,-1942,10910,-1632,-24113
-9356,654,-2502,8231,-1022,1536,-748,-11894,-2286,9794,-265,-25035
-6212,4364,-2636,193,-11006,10376,-1434,-12056,-1704,10375,-2479,-21181
-5282,7136,-2420,1072,8659,321,760,-9806,-3070,10250,12272,-21653
9732,1514,-1558,5388,22532,11308,9662,-2794,-134,5512,25893,-10067
-9546,7178,-2514,4608,12322,126,2496,-10228,-2570,7928,13921,-12319
-6316,3996,-1878,5660,4288,6701,2564,-8874,-1748,7802,6781,-9161
-1352,1994,-2902,915,4864,625,4104,-9814,-2676,5927,5059,-6014
-1352,4426,-2582,4160,5120,520,4444,-11620,-2110,5109,5313,-4470
-2724,2122,-2006,128,8474,-5950,5042,-8950,-2476,3716,8797,-2329
-1260,6674,-1748,260,2216,-8128,4544,-9940,-1334,3423,7274,-3458
-60,6794,-2886,2080,3170,-8120,4298,-8418,-2758,2070,6802,-2879
-1028,138,-2406,2053,270,-6880,4470,-8062,-1758,2135,72,-562
-972,10,-572,512,-8092,-5310,4496,-7820,-306,1914,-2793,-274
-1212,-82,-278,260,-10024,-3536,4514,-7946,546,926,-1510,-1071
-1288,7312,1450,338,1025,-2792,5162,-9104,2264,264,1305,-715
708,1598,-582,2172,1317,-3056,5488,-6352,386,-893,1245,-1019
734,1936,444,16,0,1025,5360,-5908,1128,-2211,506,-889
864,138,1966,1286,-6968,-478,2112,-7742,2802,-1977,-6672,117
6838,-118,2588,258,-5615,-1216,7330,-7406,3210,-1592,-4860,-1646
3032,10,204,2309,277,96,6818,-7808,1142,-1548,5014,-3939
694,5540,-310,128,384,320,5258,-8594,250,209,7552,-4708
1460,246,-1220,363,6660,33,6204,-7900,800,915,8112,-3999
-1228,202,-1622,530,3137,-4798,4954,-6888,952,516,7042,-4046
-820,18,-852,24,8226,-5824,5572,-7546,1138,859,9533,-4751
-700,-50,-68,130,2304,12,4858,-7844,100,700,6371,-3660
696,6348,428,1154,3296,-3548,5372,-8604,212,1354,7308,-3609
-396,202,460,1026,2562,-3809,5098,-10502,900,2014,6945,-3123
-76,10,-434,2840,8232,-7168,4714,-9572,-668,2763,10261,-4202
-746,6814,-2374,1258,1088,-2935,4856,-8316,-42,1522,9124,-2816
-1336,4630,-2450,528,2144,-2456,3494,-7478,-382,247,8809,-466
216,-100,-2182,11088,2272,1059,5514,-8278,-10,145,3125,1707
6984,3982,-2306,1792,513,33,6846,-8068,438,3989,7152,-1881
1602,4494,-1742,451,4096,4160,6224,-8636,252,2585,6485,-1013
-516,266,-2428,1038,4432,4118,6214,-7860,-440,3015,7955,-2039
-1052,-110,-2514,2130,1536,5169,5796,-7926,-408,2206,7754,-3093
-5432,746,-440,576,11,4097,5278,-7496,192,1945,7156,-4034
-1088,146,138,553,3,4,5056,-7146,480,2764,4746,-6245
948,-50,-2642,624,5122,72,5480,-7970,1012,2924,5259,-7690
444,-42,1002,1120,7360,228,5022,-8268,1036,3464,8269,-8747
-300,6026,1454,2050,8218,-8063,4722,-8978,1366,2827,8774,-7429
-836,5006,-2358,16,1096,-6560,3984,-8488,-278,2530,5445,-4310
-804,6094,-424,1025,657,-3998,4816,-9380,256,1587,3768,-2382
442,6540,-438,1477,2304,-3007,5136,-9664,30,1481,3979,-2266
692,188,-1546,1128,4117,-4071,5110,-7850,-870,1060,5350,-3138
-826,908,-1106,321,2563,-7424,4950,-7358,-918,340,3508,-2119
822,-84,-596,9732,1667,-5886,5226,-8282,348,-97,1991,-177
-776,6154,-334,513,232,17,5794,-8864,712,619,3227,478
700,6034,582,64,2080,35,6452,-9258,938,573,7487,564
1056,-118,462,264,8282,1865,5978,-7490,606,823,9862,-248
726,2040,-586,520,160,2080,5398,-6250,974,879,8612,-1672
180,2634,-326,2477,32,1412,5102,-5752,1214,-1267,724,-746
724,-104,1514,2057,1890,328,5808,-7382,1606,2161,6223,-6518
692,146,1504,3338,8620,104,5344,-7612,1648,3455,12994,-10047
-324,398,-82,2050,8636,1152,5096,-7796,-112,2905,12804,-9102
-1356,5134,-338,769,10496,392,3604,-10744,-384,2831,14330,-7354
-1268,1944,-2614,76,2,-1908,672,-9048,-1278,2146,8317,-1252
-6936,5074,-2626,262,4430,1124,2370,-10118,1126,441,7843,4869
-7340,26,-2518,8,659,0,-3058,-11686,-428,45,794,12696
-7756,556,-2602,10534,32,64,-4094,-11932,-1432,-404,5864,16607
-3768,48,-2646,10268,2208,17008,-2560,-9768,-2830,-521,2134,22158
-8954,2348,-7036,386,-6144,8324,952,-8398,-2772,690,-972,25443
-1228,4244,-4694,1024,4866,5136,3832,-3412,-4200,1258,-1984,21938
4330,1984,-2644,14868,592,16464,6196,-88,-2532,-677,1047,18298
9420,1614,-2294,9218,5128,6410,8482,2914,-622,-7473,4902,13396
6866,42,6586,256,4,4176,2200,-7544,2858,6504,16702,3590
7148,406,-86,4737,4226,1024,5262,3202,-4610,4442,-13586,4363
6844,2986,446,2180,-5056,1024,6468,2778,596,2102,-631,-9526
5044,1034,-1486,129,2116,14736,6048,662,-248,5324,6801,-17984
3892,-82,-1574,488,5142,2000,4272,-852,-1404,7228,5989,-22823
-1094,2186,-4690,549,141,1329,1336,-5626,-3170,8610,1048,-23273
-19232,3754,-13718,17,12811,8196,-2662,-11760,-5022,11821,-434,-16108
-8316,44,-10806,1024,8592,2080,-4664,-10030,-4766,5662,12128,-10095
-8456,1944,-6710,8715,5184,1,2476,-14050,-4458,13045,8881,-13603
-7096,4012,-6698,8769,12289,4100,3672,-17444,-2998,12870,12573,-15376
-572,4378,-6726,8804,1564,5168,4804,-12240,-4156,9213,13872,-11055
-1308,4874,-5206,18,0,144,4478,-11628,-5000,5959,10689,-4831
724,1546,-2628,993,5120,1190,6020,-10996,-2268,5028,8254,-1679
852,3978,-5974,2594,48,537,5416,-9754,-2530,2558,8527,674
724,6122,-2606,648,136,52,6076,-9362,-2084,1757,6299,1835
1298,-84,-2376,1024,112,1,5768,-7512,-1920,993,8342,-14
-198,8698,-2638,1048,8,195,4440,-7948,-1570,1055,1670,233
2792,508,-2470,1056,101,-3918,5606,-7750,-1180,3262,2540,-2008
2740,-70,-470,2096,2597,-3064,5502,-8116,-286,2897,3892,-2708
724,92,-290,840,5128,-7144,5702,-8010,-128,1821,6145,-3114
760,274,-1618,1120,6666,-6836,5112,-7394,-1028,1391,8093,-2536
-328,170,-1106,6,451,-5824,4738,-8090,-830,1699,6673,-4998
3524,-110,-2642,2176,4416,-5118,5046,-7888,-1322,2420,6001,-4883
3136,6542,-2134,128,528,-8096,5452,-9842,-1804,2039,5464,-3397
884,5002,-334,192,5328,-4752,5842,-10650,4,3322,6271,-4763
-716,6362,-2640,2178,34,-5120,6016,-9740,-336,3249,9598,-4424
-844,4560,-1062,656,2176,-4027,5290,-9206,-722,4846,11527,-1334
-4428,8202,-902,1184,4681,-1436,4420,-6968,-976,3546,6492,-1611
708,-20,-400,257,840,8704,5476,-7846,-396,3275,6195,-2545
500,210,-298,929,5892,4402,5132,-8336,-106,2989,5664,-1956
756,6170,52,16,4803,4144,5604,-9810,214,2384,5013,-1785
692,434,-596,514,296,1419,5738,-7456,-432,1590,4636,-2161
-1068,2070,-566,40,2184,2432,3188,-6396,-196,373,1978,-967
728,458,-574,1049,-12283,1025,5140,-7898,416,1056,-2501,-3074
1772,-118,-2574,129,640,46,6500,-8340,1944,570,2233,-5032
774,-118,1070,10,2308,-5584,6454,-7602,750,797,6548,-5525
692,346,428,3141,2152,-5079,6386,-7644,1240,-35,6935,-4555
758,96,-6,336,2,-4816,5172,-8206,94,969,3995,-4174
856,6064,-578,768,4241,4,5426,-10180,3060,517,6607,-5509
-1124,6034,-568,2144,4629,-5104,6160,-10370,446,2138,7131,-5059
966,6178,-594,1792,8466,-6143,5476,-9042,-288,1657,9524,-4346
1108,5390,-590,0,8706,-3615,5924,-8342,-1228,1400,11061,-3510
1860,20,-1974,9,8710,-4096,6196,-8016,-884,1094,9101,-1806
1460,6100,-2116,84,8332,-2688,6038,-8796,-880,1714,8564,-2700
696,6026,-1790,576,8272,-3680,5868,-9472,432,1695,8847,-3656
-1260,560,-528,4,8249,-3582,2958,-8170,22,780,11772,-3676
-3644,7118,-2642,2113,11291,2064,-1440,-8606,1432,2395,10982,2815
-4108,5082,1498,8,7296,6484,-5104,-8368,2556,5529,6725,8481
-3146,18,-2066,516,8192,516,-1724,-8472,1650,4439,9083,12115
-5322,2986,-2630,1923,5952,384,-1116,-13448,154,5745,5378,15013
-2876,18,-2358,2177,4096,16492,-794,-6676,-1542,3341,-733,19229
-1338,156,-2620,1594,0,5141,1670,-3386,-2154,1629,-21,21455
3124,1938,-2530,3080,2056,16516,4970,-896,-2720,3072,-5196,19995
5044,2102,-4660,12,6616,6401,6772,1816,-4334,1877,-1359,14566
5824,1178,-2610,12321,11091,9216,6690,3292,-3876,-4170,-1152,9547
3316,-1460,914,8388,16398,321,3778,-1752,5284,-6999,893,5576
15284,8114,-2560,1544,-1792,-3822,14916,7906,2514,-851,319,-1334
4820,-70,-1620,4609,128,10,4988,2672,-1692,4738,-3614,-10797
6874,402,-836,4399,-5119,1154,7350,2978,-1338,5121,-4666,-15569
6908,-2798,-2454,4664,74,303,4524,-2524,-660,6963,5085,-24024
-700,178,-2510,9504,355,1603,-1382,-9312,-3712,12541,576,-26840
-7496,4234,-1110,726,-508,1286,1358,-10754,-412,5488,866,-23128
-9228,-114,-5622,8240,1345,8240,-1604,-8558,-3062,8958,844,-20228
-9540,-108,-1110,10,-5117,17952,-3804,-12870,-1788,10585,-3028,-14346
-9282,4234,-4430,712,296,10272,-1336,-13028,-1960,8238,3999,-14183
-576,4748,182,1027,8377,4546,2686,-10064,992,5998,12447,-11815
-284,4238,-1364,4196,10240,4096,2552,-8884,-1216,5000,10756,-9324
-808,6044,-630,105,8257,1896,2944,-9198,-654,3199,8536,-8044
-284,-84,-1100,151,1157,-4059,4414,-8010,-878,3014,4202,-3811
-92,5536,-326,1024,2,-3891,4736,-8906,-140,3236,2336,-1700
-1196,7036,-470,1033,136,-5110,4320,-9226,-22,1586,1601,-972
700,408,-530,521,1549,-8192,5378,-7852,222,730,3911,-3026
-522,970,-598,2,128,-7552,4980,-7314,-340,554,4547,-3060
-202,286,66,520,33,-6523,4636,-7964,260,1587,908,-2050
-328,-78,-388,64,2241,-3312,4900,-8214,562,1205,2350,-1188
1332,5534,-198,265,129,-2996,5818,-8628,794,332,1145,-920
702,5286,-590,4112,4096,113,4868,-8828,238,-354,4528,-2282
980,-98,-342,4099,3282,97,5790,-8238,854,-403,7675,-3238
-1324,-52,-1358,3076,8448,544,6006,-7538,918,-336,9582,-3507
212,-52,-2038,16,4098,3,4972,-7212,1040,259,5176,-3705
1046,1012,-2550,212,137,1024,5452,-7294,966,390,2426,-4416
2044,1162,1468,208,2882,-8079,6560,-7072,1608,627,7766,-7871
726,-52,-372,128,8198,-11759,5836,-7916,846,1162,10933,-8623
-1352,6042,-302,2208,8320,-7624,4242,-9992,872,2949,9821,-7453
-252,5266,-22,2688,6434,-5972,4400,-8820,18,2995,6400,-5261
836,6096,570,773,4176,-2760,6592,-9370,754,754,5576,-2511
-1194,6538,-534,385,8584,-2032,5152,-9734,-742,1507,9173,-2030
972,192,-1044,513,8225,-1312,5530,-7950,-978,1584,8435,-1337
708,-86,-1974,561,514,-764,5222,-7632,-926,749,4307,17
852,-118,-590,2102,128,1280,5842,-8298,-126,2161,4651,-562
694,338,178,2436,464,973,6208,-7960,298,2514,7279,-18
696,6410,442,171,8840,178,6070,-9982,722,2202,9026,265
900,-4,-84,2308,8752,4096,6194,-7846,134,4072,9162,-3415
-1180,-118,-74,2568,514,4619,4802,-5852,236,2162,482,-2444
-1274,910,-244,0,75,9,5024,-7350,882,2243,1032,-5214
950,222,1458,1029,67,3593,5922,-8088,1478,3178,5312,-8704
724,6294,-586,2112,9217,1230,5006,-8934,1038,3181,9372,-10961
-1240,5716,170,2148,8660,20,4542,-8618,234,2335,9556,-8831
-1340,5814,-584,297,1481,-6128,4252,-8660,98,1282,5894,-5682
-198,402,-84,16,798,-4094,4556,-7320,-102,939,2845,-3753
792,-114,-86,3852,2588,-3008,5266,-7430,138,-234,2763,-2800
-1346,7114,554,30,194,-6976,5210,-9396,656,56,4708,-2098
-1308,6618,-326,651,4361,-8120,5328,-9454,576,1043,8254,-3296
-288,-118,-118,529,10,-4092,4148,-8244,-88,896,8052,-3392
-168,956,-2514,0,4145,-1948,4228,-7042,436,395,4755,-1248
-68,-106,-1182,256,2112,216,4362,-8228,1454,253,6419,615
-6784,4106,1450,1219,8321,3360,1542,-9360,1890,1105,10179,3729
-4636,-98,-2134,1033,4357,8736,-2336,-8410,2158,1173,6370,10491
-4296,5002,-1046,256,324,11267,-1612,-8878,1332,401,3824,15366
-3400,-100,-590,1440,3162,7297,-3028,-8286,126,1521,7211,16105
-3404,938,-1866,76,2,624,-2822,-6812,-1012,353,4675,18216
-780,-104,452,10372,-3990,82,5620,-4516,416,-1001,610,21806
2740,396,-2646,4656,224,1556,4640,-1244,-2744,-1226,-1878,19963
6044,12,-6734,4130,1024,8608,6474,1330,-4304,-2016,1735,14010
7164,2016,-6222,8960,256,10016,5502,2712,-3850,-7577,850,9776
3532,1994,-2646,8738,11410,596,4002,-4760,4800,-8548,-128,5514
7668,2122,-2646,2194,-8064,-5544,10102,5904,766,4309,965,-2930
6948,3018,-2130,-6618,1537,4098,6940,2692,-36,-1568,1595,-10187
6856,926,-1450,352,-6143,642,7444,1852,-1728,2273,-438,-13751
5172,10,-2624,0,4128,2432,6228,-2756,-522,4468,6027,-22764
-3396,4506,-2642,8220,324,5154,-3226,-9208,-2664,12665,8528,-25346
-9500,3988,-2246,4749,-14336,10244,-532,-10170,-700,7723,-463,-22183
-8962,1980,-6670,554,-7166,10,-8818,-14200,-6850,8938,-10216,-16729
-4868,916,-1366,6568,292,15370,-2236,-14204,422,8935,1375,-16816
-8954,5328,-1570,6400,11278,1576,1116,-10078,-212,6174,10453,-11727
-1224,6042,20,536,2090,4101,2708,-9362,338,5761,8042,-9053
1912,-20,-2126,2452,85,136,2654,-8780,-462,6706,4928,-7804
-1052,4822,-524,4512,2434,98,3672,-8506,-596,5577,7998,-8394
-1354,4746,-2500,3088,8704,-10240,3950,-8642,-1004,3362,8862,-8325
-788,5054,-2644,1792,5152,-5852,3624,-9014,-1360,1823,7181,-5344
916,78,-530,1088,834,-3316,1724,-7794,-490,1514,2897,-1103
828,138,-470,3237,-12280,1162,5254,-9070,724,-703,-975,973
-1348,-38,-450,64,-10160,-7116,4876,-9406,474,-83,-1135,-175
732,-84,-2516,2202,1297,-8180,2182,-8870,-292,-1547,911,-1580
-66,914,-326,2624,267,-8052,5018,-7252,-220,-258,2031,-3302
954,-106,-454,3137,66,-3062,5364,-7520,782,-354,864,-2208
1348,6156,1454,4267,264,-2488,5978,-10328,1516,109,2658,-2610
1420,150,-598,288,6656,0,5980,-7708,230,204,6791,-4238
-816,-106,-1350,4160,576,168,5146,-6522,626,-1488,8817,-4093
1092,618,-1462,4484,4160,1120,5822,-7854,958,-592,4592,-2596
2740,-102,1712,102,528,1536,5724,-8152,1738,307,5033,-4387
1856,426,2010,109,12301,39,6248,-7542,2002,1245,15067,-7959
-1356,5580,-528,2372,8192,-5696,4058,-8718,154,2427,10253,-5377
180,6478,460,2184,4109,137,5078,-9474,-320,2474,7003,-2630
-332,140,-1670,64,8212,1056,4756,-8078,-528,1967,8117,-2581
-1334,5070,-822,1569,2056,34,5192,-9390,-430,1652,7192,-373
-1352,-86,-566,517,144,520,5378,-9878,-392,1720,5058,486
900,-110,-2354,400,2656,-4824,5486,-8054,-1348,2389,6604,-702
820,198,-2646,2051,5142,-3783,5376,-7292,-1230,2619,5185,-1354
196,108,-1620,2720,5140,-2751,5138,-7322,-914,2872,5363,-2268
1012,4778,-470,898,2436,0,5482,-8526,332,2987,2628,-2696
734,4046,448,1058,2368,7,5720,-9840,384,3836,7763,-3861
1268,4042,428,82,8328,4124,5718,-9896,506,3205,8814,-3783
1252,884,-450,138,8872,4497,5708,-7266,-260,1621,9112,-3650
-844,508,-530,28,4512,4240,4934,-6666,-256,1057,6306,-2479
-892,1072,-342,1162,-14336,3280,6012,-5894,1174,873,-1120,-906
472,8094,1482,1152,1,578,5092,-6874,1744,1435,90,-3571
2908,268,1468,1040,16,160,5268,-6850,2422,1826,2284,-7649
1340,242,-2494,641,6370,-10224,5766,-7792,1962,992,7714,-10158
-1068,-118,1324,480,7298,-12024,4466,-8390,1510,1642,7202,-9931
542,138,-422,64,7343,-7136,4950,-8222,1210,37,7701,-6650
-1324,6162,-498,584,4144,-3196,4178,-9080,494,716,5946,-3013
380,-102,-596,401,1548,-2048,4810,-7678,-416,371,3640,-609
278,-116,-2516,32,2144,-1974,5098,-7602,-114,2,2651,-791
716,7082,-22,4098,1824,-3070,5214,-9340,254,-71,1804,-894
-972,6538,-210,1152,2593,-3888,5664,-9880,234,1383,2921,-1622
740,-84,-2386,1921,2248,-4044,5814,-8140,-160,1913,6695,-3001
702,-106,-590,168,4108,-2036,5196,-7782,-388,475,6437,-1922
830,-66,-52,32,1282,1092,5424,-8338,266,180,3472,-120
764,5812,688,394,4354,1032,6244,-8694,868,456,5617,-448
692,5072,-2630,1088,8448,2176,6106,-9150,864,1458,9681,-2025
196,90,-1110,6785,1024,832,5304,-5160,-520,-1289,3516,1244
-1122,-86,-534,136,4417,1096,4934,-5424,-562,1122,5519,-2579
3124,124,444,42,1680,1096,5018,-7438,834,1813,4041,-4810
-652,6608,-2514,1328,800,2114,4894,-8910,1884,1757,7110,-5584
-828,188,1486,1536,9290,2305,4378,-8006,1672,2013,9664,-5961
136,546,554,66,9440,512,3140,-7448,844,1530,9652,-3436
-6186,-118,-2638,68,9368,-3775,2258,-8410,-70,1165,9826,-1401
-9540,4140,-2518,112,896,2134,-448,-8500,-360,606,4670,2378
-9548,5002,50,9,4352,280,-778,-8712,946,2407,8274,4567
-5164,38,-2518,-3056,1568,1032,-2574,-8186,-808,-378,3836,9758
-5948,3996,-2064,-447,256,1176,-4300,-8372,-832,-1006,2384,13910
-2360,-110,-1616,70,3141,1286,-1686,-8950,-730,732,-350,15791
-7436,8074,-2602,3984,3,15744,-1136,-8792,-1382,521,1017,16529
-8772,18,-4628,288,-3996,17496,42,-6120,-3636,1324,-562,17765
-1324,266,-5462,68,340,28,318,-5554,-3254,546,1293,16884
-572,-15478,-2468,4101,12352,18656,2022,-3206,-4960,-4121,-1314,19436
3508,-390,-5718,10312,16392,16544,4752,-340,-3380,-6279,-59,16370
2740,906,-2514,17450,597,12585,5312,1560,-1688,-7154,591,12328