599,-286,203,-927,-208,33,5198,-8279,1996,-408,-89,-70
593,-558,155,-951,-102,4,5262,-8323,1994,-454,-104,-28
673,-444,149,-504,-126,2,5260,-8319,1954,-420,-101,-2
673,-526,147,-903,-94,-54,5234,-8277,1972,-414,-86,-10
601,-502,139,-511,-192,4,5220,-8289,1936,-390,-75,17
593,-562,397,-498,-192,40,5250,-8301,1956,-380,-59,33
593,-446,147,-378,-288,24,5178,-8331,1850,-367,-24,56
649,-574,177,-384,-288,2,5256,-8369,1946,-367,-27,84
645,-504,155,-360,-382,53,5308,-8441,1856,-353,-103,114
611,5634,151,-248,64,264,5382,-9003,1806,-224,81,362
601,5606,211,66,512,64,5560,-8955,1808,58,695,628
1625,-572,193,256,129,72,5826,-8385,1928,334,1470,840
4707,1002,205,648,1281,132,6206,-6991,2258,625,2054,1181
1129,5326,3483,1344,3123,1624,5000,-8913,3158,-276,3950,1800
1105,6788,3227,3620,1031,72,6282,-9065,5026,3894,3437,18
2653,-446,325,3074,2580,1118,6570,-7861,1704,3925,7792,-150
1105,4838,-627,140,2080,69,5178,-9263,946,2714,7136,848
857,5586,-585,448,0,136,5144,-9269,680,4870,6226,108
1889,-492,-885,5120,2370,193,6038,-6953,966,5047,7635,278
1181,5578,-291,2057,88,1200,5294,-9741,122,3230,7098,2117
1205,-254,241,4240,8217,-224,5386,-7601,-214,4729,8718,-243
4817,510,-819,4704,2242,-2000,5578,-7453,806,4974,8121,-1545
4945,-318,139,4096,241,-544,5494,-8293,-74,4148,7943,-479
4961,-302,-373,4192,553,640,5514,-8227,202,4661,8758,-399
4945,-540,-341,4098,80,1216,5346,-8447,382,5081,10038,-270
3441,-574,-3973,1285,1025,1864,4620,-10121,-312,5513,9870,-103
4865,-100,-619,1280,2082,1106,5834,-7511,426,5246,11292,-257
5205,-344,-869,4128,2181,1044,5292,-8073,808,5135,11914,-266
4705,-572,-501,4368,1576,514,4936,-8457,126,5027,9758,-1198
5121,6660,-885,4242,1186,-1216,5666,-8567,956,5080,9793,-997
4691,-316,-307,4144,3138,86,5720,-7003,1246,4636,11498,228
883,8006,-877,1472,8200,32,4510,-8361,716,3548,10341,524
2197,-574,-805,5139,844,-1408,4684,-8019,710,5266,8121,-1268
4689,6850,931,2568,4096,-1420,4842,-9337,402,3560,6164,-1108
859,6594,139,0,6145,-254,5098,-9109,230,4045,7801,-80
4785,-502,-885,2561,8960,1078,5606,-7329,734,3570,9047,1244
4789,648,-781,2498,8193,305,5258,-7357,632,3569,8016,1855
4947,-318,395,3104,2190,1587,5456,-8203,722,3398,6752,1813
4953,5698,-861,213,588,136,6044,-8939,728,4875,8232,1177
5787,450,-821,4273,8868,656,6352,-7541,862,5083,10822,1773
1137,-302,-885,1043,4154,24,5240,-8617,1114,3740,12301,2598
693,206,-2933,59,1281,97,4482,-8719,786,4346,9358,119
4785,7138,-533,4099,464,1296,5458,-8917,1048,5012,8748,-2680
5345,-62,-373,1542,2323,1072,5586,-7939,1600,5647,11769,-2346
4827,602,-885,1610,4162,1024,5302,-7041,1048,5833,12750,-1012
3667,6854,-109,4489,2849,1156,4356,-8811,392,5122,10828,-815
4697,202,141,4899,1042,146,4680,-7543,140,6093,9188,-1562
4693,6338,271,4112,1029,-508,4716,-8727,102,4202,7358,-379
3217,226,-789,3104,2176,138,4550,-9751,-496,3443,6253,1199
861,-442,397,20,4897,1057,5138,-8271,-48,2754,7119,1053
1105,-50,-565,516,5152,320,5362,-7519,478,2601,7483,952
5249,-510,-741,2371,2592,4,5516,-7367,606,2333,7108,620
5097,5202,1811,125,5186,449,5662,-8729,1374,2607,7580,530
1617,3594,3403,5236,513,1169,5986,-10529,4030,5589,10460,1263
-3503,3810,5259,9424,1,302,5640,-10219,4722,9655,18332,2590
-7055,738,4247,4174,321,2048,-5356,-6919,4434,12650,18887,7442
-5407,-558,-6431,2240,9281,4450,-5308,-7951,1328,11185,9277,13288
-7045,8666,-12767,36,2177,16626,-4818,-9603,-6342,3837,852,18391
-7597,2070,-12597,11800,-8064,8320,-3716,-8861,-4996,-4477,-9258,25161
-4527,7752,-12781,11272,2836,16898,452,-7255,-2894,-5203,-8824,25440
1625,8202,-4723,19400,6917,17856,3884,-2693,-1242,-5581,-8996,21023
9557,4364,-2929,16900,16999,8448,5998,-1027,834,-6942,-6231,13968
8809,-58,-1909,17665,21396,8884,7206,-201,2626,-6426,-654,10412
3411,2024,7363,1051,129,0,8644,-813,6954,-11211,9006,10300
8785,-574,-32109,144,16875,21504,20408,-26103,-30061,4469,32767,17265
8803,1986,7315,12678,-7004,-11822,13382,2017,7164,13397,-4172,-10487
5857,456,5387,4160,8200,-7806,4440,2945,5920,1926,7715,-8799
4689,-384,4251,11,-11580,705,6558,-329,3766,5219,-8986,-16068
6929,2050,-811,-17376,-11888,2306,7342,-1453,1690,-1048,-8546,-14342
2891,-574,-3439,-19454,0,8233,3952,-6061,46,-759,4293,-22175
-3215,460,-10597,-19968,10376,12947,-4610,-10619,-1906,-334,10588,-19923
-2967,3804,-11073,-19190,773,10417,-806,-11473,-2428,-3916,8142,-21747
-2989,-158,-8245,-13824,8457,1,-454,-13683,-480,-334,11607,-15261
-1403,3522,-4865,3073,10433,6146,1122,-11633,-738,4745,10738,-10556
595,-566,-805,1160,9860,2120,2900,-7733,250,2991,10824,-6011
659,4178,-2933,2244,5252,2784,4672,-9287,604,1828,13539,-1006
1681,-570,-3253,208,3426,2192,3904,-8363,356,2139,11498,-802
2929,-462,-881,4130,3380,-2015,4306,-8415,740,5024,11771,-2084
3793,450,291,6236,2060,-3584,5124,-7727,2716,6337,12625,-322
2705,-58,-483,5160,2282,641,3764,-9003,1082,5205,10713,1906
3793,722,-629,4361,648,2058,4124,-10601,-412,4613,8663,2609
3933,-574,-113,4112,8898,3584,4596,-9635,24,4953,11699,3707
5189,-446,-883,769,8728,690,5576,-8077,430,3266,12918,4193
1041,2332,-875,642,0,4178,4260,-5965,1652,167,2915,4507
4949,450,-197,341,2112,0,4910,-7795,1484,1012,2146,2092
4953,5918,-815,1058,272,2052,5174,-8737,1906,1632,728,2238
5331,6602,183,1041,2984,1414,6274,-8855,1934,1246,3129,1478
4961,8138,-883,1,213,129,5428,-8039,2692,1185,4881,670
4853,7146,-693,640,4352,-1016,5118,-8699,1872,2774,6561,-1118
5449,5594,141,4760,602,-2544,5682,-8585,1738,4925,8377,-2631
4721,-554,147,5422,10260,512,5494,-8149,1640,5488,11429,-2325
4253,6472,-301,5888,11101,514,4492,-8537,1512,5985,12172,-1379
871,-382,-883,65,8227,328,4494,-7369,724,4867,8912,-1149
2661,-254,651,48,4930,2056,3984,-10259,294,4189,4498,-760
727,6620,-229,4644,4102,3075,4906,-8699,510,4733,5391,-368
4753,-538,-625,73,8258,3,5758,-7737,1100,4738,8370,1409
4725,-366,481,12,9248,2818,5268,-7739,610,4820,9236,3093
613,5582,339,4674,4842,2066,4732,-9303,194,4864,7852,3568
1241,5618,-309,5174,56,104,5694,-8585,256,5602,8534,3256
4913,966,107,528,2050,258,6232,-7073,726,4635,10755,3388
1241,7626,-881,240,2608,2562,5056,-6587,890,2005,9962,2277
4889,724,-789,10,4113,737,4668,835,-1332,72,4392,522
5215,-50,-117,678,4128,128,5122,193,-876,1026,4096,148
2129,-350,-789,136,8196,368,2204,-135,-1226,66,8640,6
3649,6630,-875,290,8323,362,3196,6971,-1320,272,9221,144
913,-574,203,1092,9632,720,622,-301,-344,1544,8257,532
3873,6598,-339,4418,3840,-1007,4188,6873,-1368,4488,3339,-1440
729,-490,-77,4608,4457,-1024,580,7737,-844,4692,4480,-1024
1185,66,155,3584,4608,193,1180,187,-364,3513,4633,57
1109,-566,301,68,6400,833,1094,313,-316,0,6322,1061
1365,-444,275,192,8256,1604,1340,-287,-362,208,8320,1796
1681,-478,-883,5888,8192,525,1596,-181,-1380,5960,10027,1056
841,5772,-741,4129,10400,184,828,6153,-1196,4624,11264,166
1269,598,3403,0,11520,78,5006,-7115,4718,8370,16077,2782
-3997,7362,3791,2368,8240,4616,-4854,-8135,3358,10640,14026,5872
-5511,-510,-4949,1,5376,10248,-5550,-6763,1294,8390,7647,11812
-6443,718,-9077,410,-5879,17152,-6096,-7201,-1004,2707,-1854,18442
-4303,8810,-12915,17144,-7936,16429,-3512,-6433,-1080,-922,-7029,21342
-6423,7746,-9077,17801,769,16624,-864,-4487,-964,-2454,-12576,18424
2033,4950,-8947,20837,913,16480,2984,-2919,-622,-3750,-12435,19492
4981,5570,-4931,20480,144,1033,4744,-1819,90,-3570,-10172,15159
6931,-534,-869,12428,18452,11792,7016,-353,1592,-3399,-4952,11684
7897,1746,3407,10240,264,8712,8478,-157,3474,-6229,1801,8541
9561,1482,7883,1094,529,6146,9086,-1255,6642,-10587,8687,7276
1367,-62,3599,0,8537,-8055,2084,9359,4950,17259,-5302,-6280
5633,838,3851,256,9802,-4056,6936,225,6038,4247,13804,-3275
8793,-434,3275,1424,9482,2608,8740,3343,5400,2955,10464,-13826
4881,454,3357,772,-7640,4192,7756,-929,2792,4686,-7193,-17904
1361,-408,-4761,-19069,-24438,8720,4048,-4259,240,-726,-5059,-17942
-6959,454,-4433,-16160,-20717,2331,898,-8399,-842,-4755,1321,-22362
-6827,710,-3053,-13807,3,168,-7108,697,-3308,-12888,1091,0
-3367,594,-4325,-13309,3200,12696,-370,-13265,-2666,274,8075,-18108
-1455,1572,-3893,772,4,128,-1650,-11981,-2040,5820,16104,-10651
-7587,3618,-4949,3732,2370,3904,2860,-11411,-518,4705,15338,-3147
3041,-554,-853,2048,2215,22,2968,-8287,682,3239,10961,-3604
1409,-444,-2749,1040,10256,2596,3674,-8179,654,3619,10697,-3608
2689,-380,-2757,4096,2688,1050,3394,-7647,76,5349,10877,-4820
3665,-550,-2899,5200,2880,-3068,4176,-8021,570,8083,11662,-2739
909,450,-2805,5898,4128,-2687,5018,-6609,1084,7691,13999,-324
2673,562,-2931,4867,16,4268,3912,-8993,952,4979,14724,5287
609,8526,-2897,776,310,1044,3154,-6767,704,3054,13402,6792
921,996,-867,520,434,2305,3044,-8647,-770,888,8370,6488
599,-292,-885,292,2048,4160,4474,-8753,-576,821,3184,4285
1173,-570,-373,4642,2772,2114,4284,-7297,2152,-510,3796,1801
4701,154,145,6152,820,2324,4884,-6239,1746,-1339,2734,2364
4739,-536,-853,6796,2817,294,5126,-7541,1236,-569,3029,902
1133,5638,29,40,700,-896,4674,-10573,1666,1032,1829,-533
4721,-574,363,2721,2699,64,5890,-8047,1934,3033,2723,-1237
1627,7874,3215,214,4944,80,892,8157,3196,290,6146,10
1123,-574,3275,4098,6468,450,4552,-8631,3134,4502,6645,-1669
5073,5636,723,7174,1082,262,5090,-9067,2088,7327,10612,-1854
697,-572,-321,340,518,1316,4760,-8059,1588,7785,12097,131
3313,6796,-883,6753,10788,2052,4656,-8773,806,7054,10609,2721
667,-62,-759,6160,8416,2508,4490,-7915,-124,6390,8250,2912
3691,4674,-187,4802,1027,16,4310,-9667,-404,4802,3125,1872
1011,-318,-589,4224,448,2056,5108,-8001,200,5402,5295,-697
1635,900,1243,1024,2578,4108,5640,-6957,1182,5682,7924,-452
1265,706,-741,936,1293,773,5280,-6705,336,5041,7399,878
739,5058,-361,3737,4868,1410,4854,-8787,114,3701,4853,1458
745,4452,-885,672,33,32,5182,-9367,-236,3861,5321,802
2145,-400,1191,3592,8518,755,6118,-7297,630,3603,9140,789
723,124,-149,272,10261,680,1228,475,-706,10,10248,512
2645,1286,-2421,844,4101,1540,2972,1561,-2892,530,4610,1088
1443,-310,-821,292,2625,16,1480,-181,-1386,64,3218,-6460
865,4722,591,4416,4096,-6944,704,4941,-68,4568,4425,32
609,-540,171,4224,10577,196,578,-23,-1288,4304,10243,281
1637,-486,-2405,1811,12801,34,1440,-311,-2892,128,12643,260
1877,-562,-883,2048,10560,1080,1924,-167,-1124,2118,10368,1029
4179,-406,417,4240,4096,388,4108,5817,-236,4163,4098,408
3683,6100,-3573,3088,336,87,3916,6585,-1324,3107,14,20
1057,4,-849,2107,4120,1034,1002,287,-1380,2094,4144,1154
625,458,-885,144,8219,8,620,697,-1378,273,8204,200
4561,-508,-101,83,2096,1030,4556,-229,-572,134,400,1136
4785,6852,-879,1224,0,3200,4676,7353,-1388,1184,3633,3170
5217,5608,-627,65,4226,3072,5188,5945,-1156,1233,4114,3074
5079,-554,299,190,4608,561,5262,-327,-364,15,5010,8
4841,-510,3403,1,1030,1307,4764,207,2996,136,1032,1292
1297,-536,3483,1808,3776,2072,1284,-197,2998,1570,3648,662
4817,-558,395,3208,1607,84,4680,-219,-892,3163,74,322
641,5698,3243,6274,9489,1088,4428,6073,2860,6157,9366,1281
619,5602,3501,5932,17408,1675,-4112,4025,2716,8416,17552,144
-6315,-446,147,9504,2676,7442,-6684,-35,-236,9606,4104,7681
-5389,-162,-4981,2188,2056,8194,-5476,-327,-4968,2064,2066,8324
-7223,460,-10773,4698,354,5122,-7588,1755,-11618,4228,98,5440
-5989,7746,-12589,17472,1024,18064,-3972,1849,-13676,18498,2081,17681
-7319,8218,-12849,16595,2073,18996,-2458,-5953,-5000,-5716,-6705,24201
2179,2698,-11125,16656,16660,22828,2508,-5221,-3180,-7196,-10494,23143
9441,4186,-4981,23584,4778,200,3736,-3131,-868,-8169,-10607,20479
10449,3780,-829,22616,2385,10250,6636,-2601,1856,-8443,-5328,15338
10107,1546,3985,4224,2816,8260,10128,-2031,5406,-10888,5085,8897
8785,580,9703,421,24279,21120,17020,-18983,25528,6167,32767,17396
9875,2504,8163,16692,-13808,-14316,12714,2913,8446,16365,-8483,-10615
5781,-444,5539,2050,8264,-5328,5004,-89,5502,7744,7397,-6599
5189,-302,3213,2049,1050,0,6774,2947,8326,7867,7287,-9913
4697,-264,3467,6912,108,4100,6026,-2109,4398,7929,-11152,-19573
4827,1482,-177,514,-8167,2,4952,-5845,2408,2288,-6220,-15754
857,-498,-7381,1472,2312,8465,1348,-9721,254,1766,3153,-19545
-1327,4034,-10613,2568,2084,8224,-778,-12525,-2046,4013,7177,-19114
-7551,3992,-12619,0,8198,9298,-2338,-11067,-2584,3777,9682,-18813
-169,3532,-4469,2928,8708,260,-214,-10053,-1136,2675,12841,-13825
-7087,3524,-853,44,9760,6169,112,-9869,-1336,5827,9643,-9788
889,3652,-1349,4960,12804,42,944,-9761,-2322,4837,12905,-4330
607,5448,-1909,6114,12546,3137,2238,-8667,-1518,7410,13539,-3744
-1167,4710,-4821,4483,-11764,900,100,-8341,-1686,7904,-2976,-6247
3025,-574,269,1997,2566,400,3876,-8373,384,4482,11185,-3461
3705,-574,363,144,8293,145,4590,-7667,680,3898,10657,238
4179,-510,-307,5377,22,1040,4194,-8193,86,5290,8777,1795
689,-566,-245,848,10,2062,4968,-7915,246,4006,8610,3614
4837,7618,-757,0,957,4098,4684,7885,-1388,384,578,4248
3997,7874,-1771,22,801,4376,3970,7929,-2404,272,496,4241
759,7810,-2913,74,2778,1,1020,8025,-3324,52,2868,395
2707,-430,411,1024,-9576,0,2626,1723,164,1112,-8192,80
5497,458,1391,20,4114,-1515,4672,625,2808,257,4208,-1472
593,6532,-815,296,26,-2030,588,6865,-1296,1029,5,-1984
2161,-538,-879,2048,5399,-3051,4058,-7677,1968,2581,5277,-2490
4189,-50,1291,452,768,-4096,4214,-10813,768,3594,5153,-3158
3161,5598,267,65,3076,-2688,4344,-9527,218,5885,7778,-2521
601,182,1237,4616,160,19,4672,-7629,906,4627,10437,111
667,482,1165,4140,86,2561,4996,-7345,1236,4434,9268,2774
4753,-174,-853,2818,2304,4102,4694,-7825,772,3834,7277,4323
3827,-112,-885,3208,0,4619,4352,-10039,-346,3139,4780,4897
593,-564,91,4096,6481,1376,5864,-7399,636,4223,6757,3514
4961,-572,-879,2085,8204,4140,5916,-6427,1688,3065,10401,4195
2777,7630,-885,17,512,128,2940,7867,-1388,-1008,1032,1168
4729,466,1163,0,4116,160,4924,713,728,132,4650,0
4697,-430,3343,2880,3104,-4928,4812,77,2758,4352,3168,-4728
1699,-316,3211,2240,5145,-3582,1612,-279,2844,2090,8198,-3567
2969,5714,301,2,9668,-2240,3142,5833,-298,0,10242,-2012
3669,-574,305,4484,673,-1232,3654,-319,-120,4609,44,-1440
2707,5570,221,4096,4130,33,2622,5881,180,4353,4224,129
3929,-528,-757,4524,4192,2304,700,-135,-1380,4506,4520,16
4963,578,-629,4617,96,32,4852,827,-1302,4864,96,72
4699,464,779,4162,2058,1316,4936,-7107,304,4391,7214,1489
-5039,3522,-3701,448,4171,2058,4390,-9335,-118,3440,5094,2070
769,5570,139,72,1299,32,5190,-10441,498,4284,6354,1932
5027,-300,-373,3108,290,525,6156,-6493,1182,3111,10278,2653
597,538,155,0,67,2560,4618,-6703,2420,-1956,4157,3857
597,8290,-677,-1992,40,322,4758,-7181,1916,-1781,2867,55
5273,-420,179,15,39,-3965,5434,-8407,2228,1541,1331,-3302
5585,-574,3247,3044,4609,-3552,5684,-8349,3176,3208,5050,-3087
761,6786,139,256,8628,-3072,5430,-9349,1888,4417,9824,-81
4705,-246,-837,2336,12292,4,5204,-7077,1198,6409,13079,154
2705,6598,311,4096,10306,-660,3752,-9861,-194,6591,10089,-716
1369,5574,-115,6244,8448,-2016,3712,-10419,-504,6859,9063,-1683
1365,-570,1677,4162,56,-1498,5572,-8181,1404,6510,12787,13
2929,-254,1625,2564,5195,2087,4158,-7091,2292,6629,16373,2935
-271,578,-801,2080,5761,6144,-752,-7279,2050,6969,15401,7341
-3503,1510,-4917,4097,2768,8195,-3178,-6961,1380,7260,7552,8651
-4781,-382,-6515,258,3106,8280,-3694,-8667,1210,4917,3416,13416
-6575,-38,-8813,289,-1643,16541,-3772,-6937,188,-39,-1770,16739
-7303,7626,-10803,12313,-8190,16390,-2674,-7589,-2090,-3390,-7530,19301
-6447,7746,-8977,10896,-11256,16512,-48,-5499,-688,-5196,-8819,19202
729,7830,-4533,16898,5248,16392,1072,-4539,304,-5076,-10724,18414
2705,5772,-4597,18624,16664,17031,3272,-2391,-336,-5168,-8854,17139
5489,2530,-2805,16896,12356,5568,5466,-1311,2026,-5994,-2340,13960
7797,1238,3599,18212,16388,9344,7900,-441,4120,-6507,-512,10153
8913,2120,4753,2050,4096,4097,10014,-287,6712,-10607,5050,6197
-23471,16386,8405,5296,2115,15876,-3862,-9125,610,16973,19491,12704
13905,2082,4747,8424,71,-7583,13162,2671,4412,7260,5294,-5925
6757,-4446,3213,1794,-12284,3076,8184,-2129,5740,9786,-469,-12349
6777,-522,3243,2356,-7850,8448,6960,-553,4436,6094,-6944,-17142
5113,3658,1687,1,-7039,10816,6632,-3053,1548,281,-5911,-18170
-6827,-570,-4181,294,-3568,8834,-940,-8479,-796,1839,-167,-22601
-5535,66,-4899,-23423,12288,8419,-1282,-15719,-2040,-2128,16200,-23015
-7389,1986,-12357,4098,8384,8192,-2790,-14001,-2874,4145,10416,-24044
-2727,-372,-10791,1,10272,8456,-1268,-15659,-2762,4849,10741,-19249
1681,4962,-289,4100,272,6146,3280,-10483,1108,4136,18205,-8272
1681,3558,-361,5120,8715,2072,4690,-9109,-520,5952,12158,-5560
2275,4738,-4699,1120,4096,3072,2046,-11157,-1096,2556,6505,-1078
2641,-574,-4853,3114,4185,4,4010,-7849,-1262,11401,16236,-1487
3409,-498,-501,4106,4161,-1432,3318,-5675,-232,5777,11914,-1787
1771,-570,-741,1024,2240,-2672,3844,-7127,-132,3631,10281,-2654
1637,7634,-3779,8576,129,288,3934,-7717,278,-962,8961,412
3281,8658,-625,8192,9098,3092,4320,-6669,944,-2243,9887,3305
3953,8082,-881,8194,7189,5216,4102,-8165,1284,-3256,7070,5220
1021,2118,-101,8724,1417,1832,3264,-9779,176,-3597,1814,3565
1125,1506,-819,1032,-7936,2320,3082,-8821,948,-7374,-6898,2516
3793,5858,4019,4146,70,9,4036,-9631,3900,-3848,-2447,157
4955,4710,4459,600,274,-4088,7410,-9267,6502,786,-3304,-327
9435,-254,4369,2212,1040,2560,9134,-8175,4238,4051,1377,-1376
4849,5574,695,2464,1168,401,5268,-10285,2164,2758,4294,1777
4945,-436,-853,5200,152,160,6398,-8949,1136,5820,7372,2515
929,-524,43,5376,576,4224,5688,-8683,428,6356,16383,5119
3677,7746,-2813,4643,7184,5648,4056,-8727,1062,6491,14670,5563
741,-542,-205,4748,776,128,3124,-6959,1542,5472,2346,2267
4727,-446,1579,5271,458,4482,5942,-6987,2120,5334,5661,-328
787,-382,-37,40,0,3099,5150,-8983,1716,4045,3097,-641
633,-438,1519,836,1042,1808,5328,-7757,924,6179,5867,-2493
601,-542,3445,6724,6664,1193,5184,-8497,184,6716,7968,-2667
1665,6082,-565,6152,9224,5666,3620,-9893,-954,7231,11720,-2599
2963,-318,467,6154,9349,4128,4008,-7545,66,7462,11488,-2254
833,-558,811,4178,515,3368,4876,-7447,624,6728,9795,-573
629,3284,523,4419,4608,176,4758,-8885,-28,4509,6819,1530
597,5642,-757,1024,4695,1024,4822,-9595,-728,4053,5721,1735
1685,450,203,162,8208,0,6020,-7273,204,4018,8408,1812
693,786,-2913,2808,64,57,604,697,-3416,2704,64,4
4689,1060,-2821,2068,128,92,4822,1247,-3866,2122,4,18
8857,514,-2795,800,2194,-7919,8828,-327,856,531,2688,-7615
1233,-558,-725,988,4105,-6132,580,-199,-1316,0,4235,-6102
4711,5922,-885,896,519,-6136,4702,6153,-1380,769,520,-5870
4265,-508,-821,2856,8448,-3796,4284,-295,-1388,2848,8464,-3069
853,6082,139,1178,9105,42,960,6333,-348,1218,8208,96
1617,-444,155,1024,2386,-2048,1612,-327,-332,1304,2316,-2039
997,-574,-335,2048,5248,-1464,644,-325,-876,2112,5136,-1536
2661,-574,-809,392,256,640,2740,-293,-1388,262,72,705
4761,-542,-613,2181,160,136,4750,-325,-1292,2180,294,537
1233,-504,1433,2720,6569,2817,1148,-251,928,2066,6660,3018
-3047,3398,-4949,2056,2560,1284,4840,4461,-3412,2096,0,4224
679,-446,-1843,512,4100,2097,6132,-8253,1806,2573,7169,6297
4695,-26,-371,1825,9288,2068,5506,-7881,2514,1763,9571,6194
4849,468,3219,544,488,2692,5078,-6791,2624,-1431,730,2585
4689,708,1373,1609,2928,1420,5712,-6905,2456,1665,3031,-2920
4723,-234,3371,720,239,-4990,5218,-7681,4928,3256,3052,-4792
593,4842,3371,0,11392,-3520,6776,-11317,5548,4635,13241,-2839
-4943,594,3501,640,1048,2278,-4562,-8583,2876,10459,17147,2996
-5421,5090,3243,3648,16,770,-6018,-9433,5602,11993,8628,8651
-7271,7746,-9075,2368,456,5200,-6788,-7927,-1560,10155,6420,14486
-6559,7684,-13029,256,4097,16417,-6436,-7663,-3968,993,-2525,20217
-6527,7894,-12653,19696,10532,17920,-2594,-5775,-5496,-6229,-6307,25380
601,242,-11103,18548,16386,25126,1520,-6455,-3400,-5454,-14589,25385
8789,3522,-4701,17412,16,2211,4708,-3049,-1512,-7007,-11806,22039
8785,2498,-629,16901,8328,8977,7074,-1679,332,-7623,-7486,15906
8915,3522,3211,16769,80,8256,9168,-2261,3234,-9839,1032,11455
8785,-574,3961,3608,27110,2,24318,32441,-30061,-5813,32767,22535
10965,1474,3747,19724,-8180,-16352,13310,443,5434,20362,-6041,-14982
6113,18,5435,1153,2052,1728,6692,-3475,2644,7581,7721,-11757
7017,706,3251,4128,2092,161,6516,-627,6520,3631,9338,-16050
5733,-254,3243,264,-4599,10304,7594,-4797,2206,1091,-3915,-22286
-3501,4644,-1989,608,-3964,9218,-1224,-10235,1202,798,-1018,-21088
-4495,-284,-8685,1024,267,9280,-3930,-11753,1170,1670,6016,-21603
-5799,3914,-9053,514,273,9344,-1646,-11581,-472,3792,10983,-21451
-7599,1478,-12641,12322,19714,33,2026,-14169,-622,13563,25947,-15024
593,6090,-2933,18496,25248,5900,-1074,-9495,-772,18810,28515,-2245
-5517,4264,787,10498,382,2080,-1554,-4777,420,9916,9665,-3927
611,4612,-835,14628,10377,2112,5304,-8759,988,13337,11966,-4456
977,3778,-4981,4610,2060,16,1636,-8391,-1244,6031,2984,-460
631,4586,-4853,796,1718,-3071,3932,-9543,-160,1205,1815,-2903
2673,-318,-843,2820,4640,-2559,4676,-7439,224,3990,7394,-2058
4001,1478,-307,3112,3584,128,4528,-5879,368,2973,7880,302
1233,8796,779,2316,6696,546,4346,-7009,382,2316,7548,532
2641,-190,-373,34,1054,116,3102,-9085,566,45,4768,790
4819,-510,3211,452,448,1665,5260,-6555,2916,4,5504,1805
1779,706,3317,4952,3264,2230,3874,-7189,2704,-1715,3041,3057
1873,8690,-821,3076,192,512,1634,8571,-1388,3152,296,68
1633,452,3211,2057,780,1304,1884,907,2790,2313,514,1024
4689,-440,3211,2178,56,2306,4746,-295,2708,2057,164,2048
4785,5444,3215,260,520,512,4668,5881,2716,4,194,2052
3809,4450,-369,4177,9227,1284,700,6363,-876,4098,9216,1249
881,5072,235,6403,12368,592,892,5435,-364,6404,12992,1377
2645,-286,1163,1568,9256,74,2652,-71,726,1196,9240,0
2905,-346,213,104,160,778,2896,-323,212,33,256,784
849,534,1419,164,518,2200,592,-67,-1258,128,520,2564
749,708,-881,288,6288,275,710,789,-1368,272,6277,33
853,-62,-687,133,1152,257,4956,323,-1252,82,1128,2050
595,6658,1163,0,2053,2080,4148,6869,664,6,2816,2058
5525,-570,-885,596,578,128,5564,67,-1072,768,4096,305
5207,1476,151,2562,8499,182,5398,-6497,2214,2787,9537,2491
1241,582,-237,1132,160,129,4462,-7137,2616,1841,4410,448
4945,462,3277,2569,337,12,5252,-7327,2870,2760,815,-3808
593,7716,3213,4098,1083,100,5372,-8305,3548,4932,5843,-6243
4741,5860,3411,11,9267,-6400,5774,-9163,2786,7777,11689,-6181
673,5072,-629,712,10370,8,4796,-9031,1508,8951,14813,-3674
2681,5602,-869,1170,8712,0,3734,-10241,746,9382,14950,-2450
593,-494,155,4992,9384,2338,3718,-7571,586,8082,13070,-1046
4209,-446,719,4103,2432,704,4382,-8435,542,5052,6173,976
2833,114,155,3,1792,1217,3998,-9769,-452,3782,2226,1396
593,198,143,4355,4361,0,5316,-6887,126,3863,4831,-773
659,612,-885,1736,2696,268,5046,-6743,794,2044,3806,-604
627,6,-2293,1868,308,2,5574,-6645,1226,1671,6867,565
-4011,6502,-869,1042,193,1029,4268,-9695,944,1225,5669,1098
597,-570,179,168,5412,2,4942,-7781,2064,2141,6107,-2
4689,-318,3217,2072,1220,1026,5034,-5973,3680,2231,9377,1201
1617,518,-213,1331,2720,3092,4108,-7099,2388,1262,3579,-880
881,-268,-81,1090,128,19,4632,-8217,2806,1879,3093,-4125
4961,-534,3731,152,2628,84,5074,-8113,3214,4558,11474,-4991
4211,-566,459,526,11029,98,4036,-8497,2266,4529,11114,-3801
3731,6402,461,325,8234,712,3742,-8563,2016,3270,9314,-2307
3433,198,1247,1681,4868,194,3682,-7633,2702,3732,7797,-1816
2969,-446,3323,2049,547,-475,4032,-8479,2680,3352,7076,-91
-7197,3682,2251,1280,2229,1348,1770,-9663,2144,3564,10312,3652
-2681,22,155,3072,152,2292,-2858,-7799,1716,3581,4184,6822
-3117,1090,3531,596,5216,8203,-3058,-6701,2966,1835,-2531,12022
-7343,5076,-8523,145,11,17198,-4724,-8903,204,1193,-6591,17689
-5487,-54,-10769,13570,2048,17297,-5546,-10107,-2076,-757,-5897,23665
-3119,8406,-10083,17157,148,16745,-2880,-7287,-1820,-1415,-3178,25160
955,10050,-10049,18592,8768,128,1056,-4807,-2400,-5372,-3588,20421
9169,7684,-4723,25124,175,384,4904,-1215,-1128,-6012,-10759,13555
12433,4554,-2771,25624,16896,1040,8086,-849,1318,-7273,-8040,18014
9045,3810,4269,16451,512,8,9196,-1077,3816,-12118,2447,17422
9369,3842,-2851,5216,256,8784,2758,-1437,-3882,-11331,4038,9676
9077,-300,7821,12359,-7664,-15292,8132,1413,8378,14795,-7423,-8670
6799,-2622,3211,5354,4609,-13047,7044,-1701,5960,7783,11598,-10168
8851,1634,7309,2050,2572,1032,7872,4157,7156,7483,8757,-14513
5623,516,3355,0,-11008,8960,5826,-2733,3392,6366,-10386,-22672
673,1538,-849,-20082,-14299,8560,1404,-6017,516,261,-6357,-20192
-5007,4568,-6981,-20476,-14256,4105,3122,-8725,1578,-3513,-152,-26795
-2925,-558,-4977,-15871,8192,4416,-1130,-13953,-394,-1399,10922,-25916
-6607,12498,-13113,4736,16402,12885,-3156,-18553,-4116,6952,15296,-18415
-2783,-174,-4949,8289,18693,0,-1592,-13907,-676,11312,18982,-11558
609,3526,-713,4108,2112,4880,1198,-11135,340,13453,19844,-2006
-7587,-558,-885,4225,32,2064,-322,-8745,-624,5770,6462,-6328
601,4580,-4965,4802,1281,1664,1542,-9185,-1102,522,110,-4165
1109,12,-3813,1282,6153,128,5542,-7721,224,5719,7726,-3450
2867,-436,395,1282,3136,273,4100,-6305,212,5946,11521,772
2657,-446,-749,2184,4360,1536,4224,-8185,-382,4336,6515,1324
3985,-250,-619,400,1,256,3924,-9081,-618,1758,8544,2514
4827,8642,-3307,1280,266,263,4788,-6687,770,1356,8693,3000
5221,7782,3365,6980,2053,1594,4714,8379,2884,6181,1794,2098
787,8644,-881,2583,1044,640,654,8657,-1388,2443,1112,320
2017,-574,3223,1107,-12278,-3944,2748,-197,3224,644,-12159,-4096
5457,5066,4267,1090,5376,1042,5756,5251,3992,1666,5124,8
729,6210,4205,2629,6224,585,1092,5847,3480,2602,7168,512
-3483,6634,-869,2180,640,4,-3382,7237,-1132,2339,324,144
1745,226,-771,4098,1161,136,1596,-327,-1370,4153,1156,0
4693,6666,1297,4120,5120,288,1468,-327,692,4237,5424,101
4065,6754,1163,53,168,130,4000,-327,-1234,12,8,272
3745,-434,-629,1602,224,2114,3658,-325,-1310,1600,256,2309
593,-446,493,32,2628,2128,588,-323,-362,168,2304,2327
-4403,-442,-3781,580,2842,1572,-4412,-263,-4232,1582,1090,1152
2905,5570,-619,2325,204,385,4464,-9899,140,2891,2801,1380
4689,1122,1843,2186,4113,648,5876,-6673,1710,3117,5409,600
4987,-286,3245,761,4701,10,5764,-5757,3278,1331,5889,972
613,8658,683,513,278,268,660,8893,148,-1418,20,176
4709,-428,-467,-1240,520,2058,5282,-7979,1694,-939,2243,-2219
5397,-506,1419,2700,292,672,5336,-8381,2512,3146,6286,-5508
597,-296,1171,662,11272,1033,5442,-8563,1840,4786,12268,-4774
2909,5058,-361,1160,10252,1152,3678,5325,-812,1152,10260,4
2793,4418,783,48,8322,1283,3724,-9527,220,5852,9768,-698
2913,5838,139,1184,8832,1146,3624,-9605,-172,5825,8835,-796
3841,-510,163,4204,5826,2,4420,-7761,220,4685,7917,69
603,834,1171,1226,51,1168,4670,-7137,970,3870,8343,1264
597,1026,-885,2056,1088,2052,4340,-5823,488,2173,7497,2875
3837,-278,-211,2048,5136,560,4684,-8323,290,2791,5085,2553
4689,-540,-95,2311,1304,1176,5340,-8283,1402,2630,6264,3928
3925,5570,-757,34,4112,649,4418,-10265,968,1452,4340,4894
865,-62,-1653,242,2387,4,5114,-7269,2062,4540,7206,3514
881,1752,3215,102,3089,866,4980,-6287,2824,2516,3258,1555
5713,388,3275,1672,2648,256,5748,-7609,2734,1696,2886,266
5715,6216,155,0,48,-4072,5942,-8925,1844,4633,4788,-2115
4701,6094,423,4160,8283,-2855,5778,-8871,1912,7450,8436,-2654
1617,-310,-333,656,8832,-3575,5644,-8153,1336,8858,13553,-1104
3761,2,-373,1032,16629,1558,3626,-8009,1498,9834,18148,2043
-7031,-560,-501,2816,2176,784,-1030,-6933,1030,12299,15105,4067
-3495,-502,3213,2652,2821,1066,-3352,-5773,2688,10851,10843,5487
-7423,38,-7971,9488,3281,400,-4732,-7003,-478,9266,3655,9610
-6119,7622,-10355,1024,4274,17568,-5946,-6293,-1474,2891,-1646,17660
-7597,8146,-12137,20484,9219,16425,-4338,-7891,-3598,-1636,-3923,16582
-5391,8270,-12641,16452,20800,18500,-390,-7681,-2850,-4882,-9816,22521
881,7640,-11125,17280,1344,2085,2744,-4613,-614,-6499,-13412,23041
5265,4806,-3697,18433,641,137,5660,-2797,-102,-5357,-9101,17076
7335,-536,-1643,17793,4226,3585,8006,-135,2808,-6429,-2967,11207
8867,1480,3599,18434,304,0,10518,111,7086,-6562,4590,4927
8785,-574,15811,801,28400,13956,16082,32441,-30061,-307,32400,19953
13457,-4662,13003,2368,5254,-10176,13628,4447,6228,16654,5607,-9581
6323,-2878,3603,8192,1,2,4104,6505,2950,5028,7639,-5393
6739,-3572,5601,6660,-14332,5144,7574,-877,6262,6059,-12853,-17015
6993,-3102,3767,1031,-11384,10323,6620,-3463,3492,1122,-10541,-17471
819,-42,1231,128,2050,200,2384,-8037,1694,154,3846,-23137
-6287,3522,-2405,1108,8195,1456,-1526,-12135,-1496,3245,10079,-24911
-5551,-498,-4849,533,15299,12928,-6150,-13893,-3516,3961,16048,-19795
-6525,-62,-11093,52,8834,9856,-6592,767,-11368,256,8728,10241
-1447,-308,-2921,3,8722,88,-1332,-327,-3308,1024,9408,832
853,4552,-4961,274,5568,548,940,-10983,-3096,8335,14678,-7388
1915,-554,-4981,4106,8,1080,2210,-8453,-1950,7279,16650,-2838
-7055,-42,-4901,4,2048,4609,-1832,-7575,-1418,5645,6067,-4567
673,-34,-3893,6594,547,850,5436,-7535,386,-1512,11346,1549
2899,2242,-3949,18,12,3477,4694,-8731,-1116,967,7355,236
2641,4556,-3953,336,6161,0,4542,-9489,-36,5552,7419,167
5733,484,-885,4096,563,1283,5880,1785,-1372,4098,518,641
3923,8678,-1179,66,72,646,4164,8889,-1514,0,240,513
2001,7876,-725,736,49,1044,1868,8893,-1066,2056,4148,533
849,328,177,3232,1296,-2938,700,697,-352,3106,1576,-2533
5207,-380,427,2192,384,128,5436,-135,2724,2257,777,51
657,-186,-1397,512,2565,1537,586,6941,-1892,1032,2496,1568
1625,-534,-809,2048,3972,512,1596,-247,-1356,2097,37,536
593,6754,-365,2305,1040,-1472,4484,7353,-866,3072,1132,-1637
1127,-572,-785,3843,4128,-1180,4668,-319,-1292,4100,4144,-2015
4961,266,1179,3625,516,-444,4964,507,672,3584,644,-508
4275,650,-757,2708,257,0,4624,-8465,1374,3509,5913,609
3681,5586,47,3096,5327,48,4526,-10265,608,3379,5804,2230
659,4162,-3951,17,4260,264,4846,-9607,462,4395,6538,2403
4705,1060,-305,4224,1024,132,5874,-6495,1558,4788,9843,2516
2005,1732,725,2760,4224,200,4826,-6123,1758,2805,6236,3092
609,834,-277,1057,23,528,732,7867,-696,1024,11,17
4701,100,139,1024,42,1666,4810,-7763,1922,3122,3290,-2565
4977,-310,395,65,5,628,5642,-8169,1962,5217,6238,-3095
1653,520,-885,202,0,640,5678,-7375,1584,4211,8334,-1352
1923,34,-885,1580,8731,2,2620,185,-2528,1558,9447,2
593,-380,283,4096,2052,72,3672,-8033,522,4889,6965,-1791
3153,6600,907,4344,4356,1028,3308,6861,444,4451,4240,1049
3795,6646,99,4096,4098,26,3646,-313,-1340,4614,4128,66
4499,-534,-813,3080,4,1076,4448,-327,-1388,2660,264,1634
593,-542,-803,2593,2,782,572,-295,-1312,2740,6165,53
593,6594,1195,107,4352,64,4576,-9299,756,2164,4887,2732
599,5570,1183,128,4400,76,5020,-9451,648,3246,5208,3366
4721,986,1563,2,9328,64,6118,-6777,2186,3362,10248,4039
721,1474,811,560,4128,0,3872,-5993,2696,579,4064,3898
4243,738,-877,72,74,18,620,969,-1340,17,1800,523
5013,52,659,52,260,-3502,5180,317,212,6,533,-3374
4745,-502,3229,4096,256,-4031,5786,-7879,2612,4694,7145,-3885
1763,450,147,544,8327,-2552,5804,-7531,1820,4694,9097,-2270
2943,5634,-713,16,8712,0,3132,5817,-1068,36,8484,23
593,3778,-885,1838,12353,0,2878,-8737,870,8032,14808,1809
-1639,4418,3251,2181,6,4104,-1566,-8951,3318,7488,10551,4270
-2383,452,-3381,256,116,2720,-2340,775,-3940,320,162,2762
-2957,970,-2931,8260,5753,8781,-2882,-311,-3404,8332,5408,9037
-2477,-468,-8501,4122,2052,8265,-2470,-263,-8980,4104,12,8832
-6543,7618,-12135,288,536,17035,-6052,1439,-13018,116,264,17544
-4975,7634,-8933,16655,260,16641,494,-6065,110,-343,-6070,16984
849,9444,-9075,14336,17,1029,820,-2823,1950,-1166,-6999,16767
1171,9168,-9045,18944,512,11793,2514,-1677,1282,-555,-6364,11528
3425,5830,-4597,21760,6180,12996,3366,-1067,966,-3052,-1823,13534
6013,-30,3211,18528,15626,4864,5684,1213,3062,-5894,-588,12747
9041,1474,4507,7202,513,8197,9418,1155,4504,-9392,1037,8172
4709,-574,11499,6145,144,2114,12720,-4757,8104,-12939,3873,4771
9809,8170,3343,12289,2304,-13749,11516,5929,4670,15260,-11780,-13381
7761,328,5259,8209,325,529,7940,-1957,7144,8335,958,-6663
5401,-444,3211,1600,-16168,5120,5734,-1361,4536,5734,-9887,-17256
4689,-58,1233,-15872,260,256,6474,-3381,1990,-288,-5212,-14143
821,2572,-4211,-17404,2,6402,2722,-5411,-662,-999,403,-18666
-7591,1796,-4389,-19957,4632,8960,-1272,-9627,-594,-2534,7293,-18873
-5541,642,-4963,2304,1556,8448,-4060,-14379,-2212,4194,1755,-25247
-3307,2,-8949,-21485,5920,3100,-3054,-13877,-706,-1687,7075,-20578
-7469,4546,-4917,2788,17668,0,932,-12411,222,3727,18864,-13603
-7527,4678,-4469,16,17959,1572,1214,-11531,-876,10316,18788,-5960
5199,708,-3825,4389,20485,784,5964,-1431,-198,4096,23834,19
3793,-572,-4981,154,257,-1728,4004,-7209,-550,3550,10300,-210
3409,-574,-4885,1089,256,-3000,3468,-7077,-1136,850,5118,-804
4053,-258,-171,84,5636,-4094,4532,-6025,700,1113,6056,-1746
4707,2114,-365,4,6146,-6112,4598,-5733,2350,433,6823,-583
681,7618,-757,8260,6401,1140,4276,-8097,2174,-1310,6587,1341
2197,7618,-845,8772,6016,2052,3978,-7841,2482,-958,5299,4229
597,1494,-885,10284,1088,143,3704,-9441,1762,-823,3991,4689
821,1558,291,10242,96,44,4316,-10441,1654,-1447,1825,4089
4861,-496,287,10880,450,2054,5204,-9263,2308,-102,4258,2772
4691,294,3221,9487,2,384,4712,-7619,2884,50,2986,2181
4757,-556,141,138,1539,0,5308,-7097,2360,2297,5617,1034
5201,-440,-613,2405,12,32,5214,-8413,2098,2395,4216,1
4753,-506,-723,1548,3094,4107,4902,-9753,1418,3689,3812,-986
6013,-300,157,4194,536,3114,6026,-7611,1728,5404,7147,-586
1233,8156,-837,320,8244,162,1244,8461,-2012,128,8740,32
865,-238,-757,1536,10254,2690,636,-327,-1356,1558,10368,2082
4885,-146,1163,4486,8384,1828,4828,91,672,4128,8376,1536
861,6630,-753,4113,3968,1348,616,6745,-1318,4128,8196,1520
4949,450,-753,4192,8513,48,4684,1083,-1212,4766,8264,6
765,-526,1235,4160,4180,521,4640,-8005,684,4345,6322,1733
2657,6162,395,4135,4356,768,1960,6365,-102,4194,4137,614
3217,-566,-421,522,32,2081,3132,-319,-714,344,260,2176
657,914,-871,2,4232,4631,646,1041,-860,2,4170,4652
643,-316,-849,296,480,3136,612,-71,-1388,270,576,4100
3269,6018,219,3072,17,3,3132,6489,-684,3072,0,8
1089,-570,-69,16,6176,176,5332,-8013,806,4102,6537,1207
4817,-508,163,2105,8320,896,5774,-6147,2300,2071,9143,2040
609,-502,-371,296,4099,1504,3672,7929,-1036,260,4684,1300
601,7628,-197,0,896,-2014,4670,601,-1368,876,0,-2040
5225,-492,549,430,520,-4096,5222,-325,300,33,1,-6586
1121,-382,149,1028,3088,-3584,1596,63,-106,4,3174,-3584
3665,6606,-785,2176,8240,-1892,3654,6201,-1250,2368,8372,-1748
605,-254,-373,0,8239,-1872,4174,-7861,1432,3896,8174,-1180
3857,5594,1175,128,4480,-379,4060,-8871,1162,3033,6609,-406
2643,-574,411,578,4680,-1599,2876,-295,-298,597,4616,-1654
853,2,-561,272,4736,-1012,784,-195,660,296,152,-1014
601,-204,1419,19,676,1157,572,697,918,32,6,1305
3803,5858,-319,1287,3480,2069,3652,5967,-1096,1356,3072,2114
979,4962,-693,1985,4096,3124,5264,-8967,1394,2081,4265,3583
753,-286,-589,1280,18,4160,5892,-7031,2134,1780,7406,4909
601,-314,-625,12,1040,4192,4780,-8319,2064,1118,7023,4873
2897,7698,-621,8,817,1180,3920,-7467,2348,1047,312,1415
4705,-446,3211,896,256,1024,5752,-7425,2734,2132,3662,-1022
4707,450,3215,2138,772,136,5580,-7307,2936,2706,4031,-2153
611,-554,587,2177,271,-2521,3004,319,-20,2576,16,-2552
4835,4098,1329,8,4356,4,4918,-8701,2580,5230,8067,-2989
-4511,3522,3275,2418,1228,-423,4612,-11091,3300,6820,11839,144
-2059,4546,3531,641,12832,4288,-2230,-9169,3410,9221,12709,5382
-6307,458,3723,153,312,8720,-3566,-6905,3628,10346,8575,9291
-6575,6,-7731,2768,60,5260,-6340,257,-8938,3490,1354,6168
-7445,7814,-11121,1056,373,19587,-7074,1721,-11484,1416,64,19968
-2655,7694,-13135,16648,536,20528,-1412,-7965,-2168,-1788,-8261,22069
10453,7746,-9645,20514,4116,5242,252,-5201,-1050,-2649,-10578,21719
9079,3524,-7405,21893,5252,28,2912,-3227,666,-2851,-8781,18157
12899,3524,-2859,20744,520,2572,5542,-809,1448,-4702,-5697,13990
11895,4402,-2401,16410,7296,2048,8052,-2467,1412,-4773,-860,12051
10451,3654,4005,8237,2752,10845,10658,-1185,4396,-8482,4521,10797
9301,3554,9619,32,800,6599,12928,-2755,12270,-10690,8872,6113
8787,3946,7869,20754,-4084,-15342,10170,5927,8892,20535,-4703,-9395
8785,-2038,5425,10568,13710,-8192,4918,-1827,5004,10904,11635,-8393
1713,-572,5295,4425,-8152,-18173,1734,-5685,4668,14378,-8572,-18387
8817,-558,-223,7168,-16052,6528,7076,-4449,726,7149,-12570,-16234
-3503,3124,-885,1172,-7919,10244,-2180,-8589,-780,3598,-2628,-18650
-7579,2,-4457,4098,3297,8713,-7620,731,-5158,4738,8,8576
-5539,8064,-10935,170,273,524,-5572,2781,-11592,4780,552,770
-7579,-540,-4981,580,3088,64,-7094,-199,-5402,328,8200,1033
-7341,2010,3467,450,-4013,2564,-7492,1215,-3116,1456,-8172,2652
1361,5832,-3765,-11996,5184,4166,1340,185,-5420,-12028,529,1346
593,5058,-4333,2081,40,2909,580,5033,-4678,3201,36,2048
969,514,-371,16484,1,-9216,2726,-323,-1308,12424,1024,0
1697,1366,-2789,1088,4289,-4606,2110,-241,-3308,65,4162,-3519
3921,-574,-869,64,1537,8,3644,-37,-1100,132,32,12
2801,-254,-749,7089,1504,33,2748,7609,-1312,6987,1031,40
1635,1474,-3955,6157,2313,7761,1724,1721,-3402,4640,1665,7681
9097,8388,-881,5,562,8769,8768,8757,-1312,266,1042,8336
865,8144,-621,298,-16336,4364,576,7865,-1244,259,-16383,4360
625,66,-757,-5118,-8096,6,2748,207,3238,-5632,-7488,-1500
12881,5698,8339,1807,-7039,145,12996,6011,7252,1654,-3050,161
2641,-554,3243,232,9218,97,2820,-323,-1100,514,9228,2
1137,66,-4721,2562,1056,2582,1698,-5823,-2828,2444,4505,2540
4697,-160,-885,242,568,-3028,4668,719,-1388,621,1236,-2936
1841,7930,-883,32,1280,-4352,1612,8141,-60,120,1285,-4204
2805,470,675,1024,4704,-2524,2684,-261,-1386,1098,4992,-2048
2729,0,-597,1088,4650,-474,2868,-7525,1624,3096,4908,-257
5267,-350,1179,2048,110,529,5454,-7417,1916,2870,3802,618
4697,50,1681,4361,4368,182,4964,-9891,1176,4528,5379,85
4713,-186,1357,4482,9040,68,5340,-7827,668,7237,9275,100
5201,-368,1259,0,10312,11,5178,-6661,1182,4468,10220,2121
889,-54,-545,2211,2064,5392,1606,7885,-866,2472,817,4754
4691,6706,3277,5711,2314,512,4924,6853,2808,5796,2560,616
4705,6338,1361,6568,8832,8,4706,6625,680,6221,8849,16
863,-270,619,518,14216,1032,828,-131,-28,546,14090,1188
3171,-510,-189,512,10664,96,3156,-99,-876,708,10328,39
4689,-574,667,1040,3072,148,5028,-7549,278,5808,7061,121
739,6366,203,4153,4131,8,828,6891,-348,4102,4352,64
3697,-430,429,4232,6274,-2047,3646,-255,-38,4264,7168,-2046
593,-566,423,4220,1488,-1916,766,-319,-92,4112,1286,-1844
4725,-190,-885,3337,6282,-752,1024,317,-418,3201,5040,-701
4693,6102,-37,2304,2508,532,4668,6969,-488,2176,2560,565
699,6530,-881,32,2154,268,636,6145,-1322,64,2048,260
5857,516,-811,984,8738,512,5852,697,-1324,933,8320,562
5249,-28,-821,12,1282,1138,5200,-6647,2006,2030,9358,1657
881,-46,-333,288,50,770,4668,187,-872,192,44,578
4689,2,-867,1056,7212,-2432,5068,-263,-1114,1190,7180,-2492
4817,452,1211,2704,2917,-976,4910,-7465,1828,3675,8067,-747
3411,6610,-733,3162,8448,1152,3202,-319,-1388,1,8198,1036
4955,-286,203,1056,9992,142,5062,-7693,1670,5287,10184,1761
-5399,3602,2371,3074,5936,32,3518,-10243,2130,3908,6250,2899
-7455,4550,3211,4933,11778,5124,-6276,4889,2772,136,6,5130
-2303,-530,4237,3376,3584,8225,-2364,271,3732,3140,8,8194
-3471,-348,3499,256,1,1024,-3516,-319,-5404,32,256,1120
-7269,-198,-13095,4,3872,16994,-7564,-323,-10720,33,2,17184
-3499,3012,-21365,15108,-11519,16512,-3728,-8433,-2708,382,-10470,21818
-2479,8898,-11869,21120,3,16672,62,-4753,-2072,-1580,-7368,20734
3713,9674,-7221,25928,8840,16480,4056,-2125,982,-2764,-7306,16726
4725,5586,-4899,28896,10344,13578,6964,-1465,1416,-3172,-5881,13898
8801,-316,3211,24709,772,8480,9436,129,3912,-7297,1690,12941
8787,2724,9667,4258,12278,8242,12522,-769,7538,-10696,11242,8751
8931,3266,3739,257,19088,-12287,9314,2233,6844,332,18468,-12142
8787,-58,4241,8777,4241,-7935,2830,2277,4164,8389,3382,-7685
1649,-558,3839,289,-13261,0,1806,-1087,3406,8267,-14277,-18873
4817,450,-757,162,-12268,10280,6710,-3191,1622,-281,-10671,-17136
-6527,-286,-8373,-17568,432,66,-6564,-175,-7388,-15776,0,0
-7535,7622,-3925,-10808,4,8208,-6788,8121,-4174,-12013,1112,8213
-7079,-314,-3445,-13952,10240,13633,-3458,219,-4396,10,10330,12922
-1449,-552,-241,544,8503,13645,-1476,-291,-744,242,9217,34
-6573,4838,-4437,354,194,4360,1940,-10921,-964,8529,17457,-11069
2649,3586,-3413,8730,64,2304,3650,-9065,46,10205,18198,-5227
731,3638,-2931,6297,257,-3958,2376,-8233,1022,6771,504,-3697
2739,450,-4965,8712,2608,1280,2616,-8491,-406,226,8302,-465
3217,706,-365,770,4112,-2558,3340,-6899,-46,1075,6973,-533
4903,2062,145,1180,43,-5883,5192,-6513,1778,4027,10084,-1433
4689,1156,-793,1056,2565,1024,5450,-6755,2210,685,11778,1876
3025,-214,3341,6416,38,259,4086,-7897,2496,-1331,10252,3553
1257,-574,-597,2307,1074,5124,4432,-10681,1490,-4211,2164,5151
4669,-556,-757,6214,73,2700,4568,-9597,2204,126,5500,3932
4977,-542,3355,646,0,2848,5028,-7461,2858,790,2293,2875
4957,746,805,3073,5136,79,5452,-7301,2394,3148,5506,1074
4945,-286,213,1346,618,1024,5292,-8265,1852,3481,4931,1701
725,6440,-883,458,5196,1621,5040,-9761,892,4696,5610,1737
4723,108,-757,1152,8531,331,5728,-7679,1240,5998,9343,1391
4691,-574,147,288,8194,560,4738,-7465,1974,4797,8032,2081
4193,7682,-2165,2592,5128,84,4544,-8531,2038,2975,5710,143
4689,-446,-885,1056,181,544,5304,-7207,1884,3873,4644,-2475
4693,202,209,273,512,224,5948,-7625,1930,5351,7009,-3261
629,6664,-629,0,642,2177,5166,-9643,1072,4613,9280,-1845
4343,5762,-275,2053,264,2561,4394,-8375,1622,6373,10738,-1241
1561,410,-885,2312,10284,2199,4630,-7581,1012,6533,10059,-519
3807,5954,-631,1322,8312,22,4510,-9311,512,5890,8554,109
2873,6406,-597,4674,4296,784,3952,-9691,-56,5693,7052,-276
3969,-446,669,5122,6313,0,4600,-8283,136,5410,7155,-1452
617,262,-865,4105,6356,520,4744,-7567,400,4645,6656,-1489
625,458,715,3267,4096,1548,4984,-7725,546,3825,6353,-461
1145,-510,-885,3089,4098,768,5252,-8003,658,3001,5588,1138
1379,4036,-345,2056,4900,1024,4542,-10087,256,2195,4932,1886
599,5602,971,224,2051,77,4998,-8819,550,2586,6357,1375
5457,1028,343,2316,6658,1124,5586,-6521,1982,2305,7876,1177
5201,-380,-335,66,4460,321,5274,-5507,2662,888,6816,699
977,-62,-757,-992,2306,676,5160,-7673,2222,-236,2378,-644
657,7618,-1909,144,2304,-1984,4882,-8601,2450,293,3677,-2069
4793,-438,-273,2065,4736,-4095,5266,-8427,2756,3046,5292,-3981
4693,-574,1355,512,8800,-4060,5778,-8137,2338,3810,8973,-2804
849,-574,163,4164,10242,-2039,5008,-7861,2174,4444,11341,-864
2673,-174,-867,4128,8480,-540,3742,-10025,1806,5075,10941,-15
1617,-316,-363,4240,9553,513,4466,-7501,1514,6296,10060,-360
4851,458,-465,4096,8464,256,4780,-7487,1122,4547,8401,363
4077,5862,715,52,4226,468,4000,-9803,510,3362,6334,1049
3681,-542,-285,640,4756,338,4200,-9449,252,3803,5149,445
693,274,-741,1090,38,0,4808,-7579,834,3169,6250,72
781,474,-341,2064,64,10,5250,-7283,1342,2304,6177,863
1153,-446,-853,564,5121,408,5324,-7633,1034,1670,5393,2596
633,-566,-357,1024,64,2624,5232,-8547,1220,1692,4393,3044
4819,98,1171,2083,4800,2061,5090,-9835,840,2385,4994,2685
1105,-568,1203,1162,3072,68,5724,-8041,1792,3701,7513,2172
4709,-570,1931,3528,8206,1925,5814,-6239,2728,3979,9328,2046
3869,-572,3211,2048,6219,65,4578,-7355,3184,3374,7290,1318
2769,-62,3217,288,8209,232,3146,-7697,2796,5033,8600,180
-6783,850,4237,2048,9280,224,-1144,-6945,4532,7440,9413,381
-7503,-526,3795,6214,4644,0,-4410,-5981,3594,7044,6892,5839
-6687,3556,-9077,5152,2840,4172,-6816,-4461,1024,4853,3541,12964
-6427,2498,-9061,1169,65,2055,-5188,-5015,-1026,1111,679,16308
-6703,7634,-12085,16428,4297,4096,-4148,-7105,-2502,-3974,-2741,22401
-6565,962,-11829,11588,1089,18433,-2114,-6871,-3654,-4200,-13188,19694
593,1498,-4709,17501,17537,18704,1190,-4993,-2154,-6550,-12848,23228
8789,3590,-2165,17494,4194,0,5202,-2753,-1522,-7356,-10616,20793
9745,2530,-877,16930,8704,80,7018,-1845,-24,-9215,-7286,16539
8869,1490,1243,5120,8972,11712,9102,-1627,2530,-11480,-2620,11587
10587,40,-13141,17224,39,0,21448,-18547,25396,-17779,11912,9655
11745,-186,4319,1,7234,-5566,-1132,7379,280,16047,-5134,-6706
9053,1610,3275,8452,1148,3124,13088,3141,5180,5848,7273,-8225
3741,-4114,3223,36,34,5129,5374,-5353,5316,9266,8299,-17280
1109,470,3597,452,5505,2048,1860,-6507,2208,8573,4321,-14940
3929,-298,3499,4194,-14063,12582,4602,-4605,3076,3733,-4717,-20370
-3231,3594,-7011,4098,-20223,128,-2840,-10609,884,3785,-2740,-20808
-6559,458,-4655,4224,7237,128,-1680,-11171,2038,5555,8404,-21432
-7595,3012,-8909,806,6600,80,376,-10901,-458,14765,8072,-21057
-6747,-126,-4971,17420,24582,8324,-2766,-11521,-3026,22309,30835,-6728
-4519,-534,-4865,16432,4614,1602,-482,-8043,-1662,16837,20496,-7029
2065,-558,-883,8340,2,2308,1950,-8579,-1524,9501,13218,-8503
2665,-158,-4965,6688,25,1168,4390,-8299,-1974,6684,6598,-5760
3057,582,-4837,3584,1864,-3244,4480,-7407,-1316,4252,1438,-2976
611,50,-4545,2052,4116,136,4784,-8525,-428,2654,6660,975
1875,6602,-4211,240,2176,-1844,3858,-8953,20,3130,2609,-1621
599,-530,-245,1987,5266,-1792,4654,-8177,210,2048,5525,-1751
4249,-14,-877,0,3040,-3840,4638,-7637,870,2043,8296,-1483
595,-188,-371,512,1088,-2772,4120,-7203,1256,849,6819,-508
883,-314,-261,68,706,770,3496,-9181,1422,27,3003,930
4221,-574,-597,5219,3586,1024,4448,-8597,1950,-1141,3678,811
4691,1546,3403,4136,5354,2111,5612,-6347,3396,-954,5854,2798
4705,1496,3745,2304,4672,2616,4592,-6465,3116,-1224,4494,2613
1669,7750,3229,2386,1092,492,4290,-7903,2938,-40,3542,308
1619,-572,3351,580,1544,99,4112,-7685,3640,806,1311,-2125
4705,5638,3629,270,621,1634,5448,-9197,5362,2762,1216,-4143
4753,-564,4249,268,9109,4,5766,-7717,3838,5572,11597,576
4557,6594,-341,2122,9880,1294,4596,-9167,2270,6457,14078,-91
1369,5690,-213,4616,11392,1069,4152,-8639,1280,5891,10802,1487
4865,5730,-853,5385,4117,644,4930,-8857,748,5395,6452,676
3425,6086,-869,4229,6592,801,4464,-9099,578,4770,6620,1832
2643,6728,-885,1040,5440,0,4150,-9287,288,3621,5503,1156
3177,-534,-853,2194,4872,257,4676,-8303,878,3820,5228,266
1189,-570,-629,2368,6456,517,5266,-7477,918,4006,6660,689
4709,-378,1295,3392,4688,192,4984,-7209,940,3477,4563,416
4817,84,1419,73,3186,864,5158,-7589,1192,2990,3675,-99
-3501,5796,3603,256,2368,3648,4602,-9611,934,1882,2833,-464
4689,-446,1563,16,2056,4274,6522,-8241,1660,4743,6814,-137
5267,-438,-749,1317,10370,12,5376,-7171,1884,3482,11246,2035
3411,516,-881,1305,7712,2146,4312,-7283,1688,3544,7344,-1467
1633,1474,-243,564,2480,306,4010,-5709,1072,571,2035,-4983
4985,5570,203,1042,6144,52,5208,-8977,2278,3870,7422,-4535
1617,-414,-493,564,8197,1074,5716,-8429,1958,5147,9766,-2527
963,-406,47,1281,8546,1045,5072,-7927,1530,5434,13359,-852
2641,-446,-373,1040,8480,1280,3084,-7843,1110,5352,12026,-536
4689,482,-869,0,4110,178,4776,-7327,1002,3019,4255,263
3667,5864,-853,104,4172,0,4340,-9671,816,2595,4308,747
3669,-572,-885,520,5184,459,4618,-9687,652,2864,5288,492
939,-182,-757,256,6164,160,5012,-7969,1048,2406,6309,742
605,-526,-821,1250,4652,604,4716,-7237,1346,1449,5469,1619
4569,6886,-333,466,2389,1633,4594,-8551,1670,372,2240,1945
785,6086,-353,1032,2116,1281,5264,-9917,1750,1703,2757,1957
4753,2178,3223,1160,320,89,6324,-5689,2986,1404,7118,2987
601,332,3355,1230,4176,2125,4726,-7677,2790,1353,6162,2884
725,8034,-883,2577,264,0,4366,-7411,2252,2763,2777,-2197
5201,-498,3213,3367,33,-5933,5406,-7633,2796,4000,6011,-4493
755,5322,1387,4,5635,-5856,4154,-8531,2586,4627,5864,-5852
4191,-536,3243,1026,9477,-4088,4400,-8171,2788,5181,9976,-3953
2641,6596,-861,2154,11780,256,3256,-8451,1668,7195,11750,-498
1655,-370,1251,2560,5136,1476,4108,-7525,912,3519,5298,-304
609,3660,1485,18,0,544,4544,-10511,1828,2410,6449,2874
-6367,4562,3339,3219,2067,4676,1440,-9089,2856,3405,11851,6226
-7535,-562,-4449,3120,26,9328,-4498,-6281,584,3524,1919,10065
-2415,562,3227,128,97,9602,-2436,-7325,2570,1117,-4865,14005
-7597,298,-9077,258,-5502,16920,-3688,-7667,124,759,-5047,18456
-7461,2516,-12129,18480,1536,21526,-4646,-8843,-2258,-903,-6424,22356
-5465,9906,-9301,18457,64,20611,-928,-5199,-1616,-1964,-2629,20782
9435,8650,-4979,16392,5153,3264,3110,-2467,-738,-4030,-2586,15185
8865,7894,-4725,26886,8297,9488,5460,-609,-10,-5571,-7389,9661
7841,5860,155,18689,337,12658,8142,-1073,3006,-10050,-5559,13554
8873,3654,6807,17024,376,10339,9650,-1661,6828,-13680,1579,11617
9521,-564,-757,74,527,2048,-6346,8599,2932,14765,-377,560
8915,-294,3723,9621,-3818,-9978,11000,1015,5616,7602,2947,-7886
4339,-4650,3299,8200,4100,-14336,1188,6009,3794,5985,939,-18555
1719,-536,2199,2052,324,44,1624,-2405,2184,6857,-1031,-16713
601,3524,-2817,2208,-15360,10532,3978,-3775,858,2192,-5665,-16485
-7461,546,-4961,-15807,-11229,12292,-1938,-7651,1924,-1709,-3230,-20826
-7535,802,3491,-17214,48,10444,-7620,1277,3158,-17530,6852,10880
-3245,3350,-9077,8726,1796,6160,-6276,255,-7658,9413,2178,6912
-7527,794,-6845,12353,20801,529,-7584,769,-6234,11393,20498,8320
-6735,6128,-4469,528,19824,280,-6082,6099,-5450,256,17325,257
1109,4642,-885,11520,12344,137,1372,4857,-1316,11920,12322,536
917,-414,-623,192,9794,10,610,4933,-1368,228,9857,68
1649,-382,-885,4104,8592,838,2656,-295,-1380,4172,8456,8
3041,3962,-867,66,4108,1105,2876,4285,-1386,129,4160,1
2773,5602,-881,709,1156,536,3184,-9533,-902,3158,1301,-443
1361,210,-621,526,94,32,5750,-5635,752,2372,5684,423
4697,7692,-623,1025,4109,42,5114,-6027,1756,1055,5580,-51
2161,7618,-885,4164,7,-3247,4376,-6979,1478,-773,3752,-341
2209,7618,-2013,2060,32,-3936,4670,-7761,1592,-733,795,-2277
1827,-438,3251,1280,1418,-3200,5290,-8321,2176,-442,3706,-2922
4695,4,651,305,1158,-3583,5226,-8121,2532,513,7507,-3043
729,870,3267,2088,2064,-1022,3078,-6639,2832,-1691,6831,-566
1753,2,3215,1314,512,-2448,4452,-7819,3304,1318,4902,-2106
1105,6594,3279,1289,5120,-1431,3476,-9245,3800,2070,5070,-1345
2651,-558,1197,2560,2368,-1496,3496,-10001,1106,3922,7405,-91
4177,5958,-355,4162,2085,403,4496,-8531,1352,4948,6344,-17
4435,-286,1229,4736,778,512,4626,-7653,2108,4692,9078,2741
913,-562,-621,1424,7998,320,4956,-7879,1424,3917,7687,4474
3667,5762,-851,2056,4104,1024,4180,-10167,796,3258,4509,5221
4739,-382,-773,4672,36,4448,5602,-7611,1680,4717,6736,4437
5201,2,289,2080,329,2912,5246,-6957,2612,2203,4283,2872
4781,7622,3215,80,1425,1176,5198,-7053,2942,417,1577,1735
5713,98,3347,1473,1728,2560,5812,-7745,2884,1650,2019,-702
5713,-574,3243,3362,0,1159,5904,-7147,3398,3449,5215,-3019
5051,-318,3221,3072,7368,577,6116,-7207,2712,3704,7546,-3488
5205,-574,443,4,8386,324,5076,-8605,2096,3177,9770,-3770
3413,5716,139,1360,9270,258,3542,-9243,1508,5805,9341,-4964
665,642,1677,96,6149,65,4152,-6933,1440,4512,7912,-3720
725,5836,41,3200,5250,513,4802,-8831,1406,3300,8407,-914
3671,-510,1171,3201,2437,17,3718,-9485,598,3809,6580,446
3825,-538,1163,2161,5132,514,4410,-8393,714,3111,5581,507
593,450,1167,2304,12,260,4926,-7417,1158,2336,5181,1006
4727,246,-349,150,5184,2048,4960,-7569,1314,2264,5731,2119
3809,6228,-757,2321,1032,2084,4542,-9001,1296,2412,5430,2562
869,5746,-2331,89,2345,0,5076,-8737,1350,3235,6742,2890
6001,618,11,256,1189,2049,6058,-6305,2552,2656,9211,3130
5009,-38,3371,1024,745,2072,4950,-6985,2906,917,3590,2311
917,-508,-873,-816,134,2112,4688,-7665,2362,-275,16,-346
4873,-190,3453,20,836,1033,5774,-8093,2970,1841,5470,-3040
4819,-574,3339,168,8194,421,5308,-8065,2758,4553,8726,-4672
4741,-418,459,712,2817,130,5398,-7903,2254,4723,10805,-2977
3665,-574,397,3893,9238,-1855,3484,-10259,2000,4107,9198,-1815
633,5234,-555,1024,8484,-1727,3922,-8691,1394,5828,9513,-497
603,4548,1431,18,4506,48,4912,-9155,1514,5057,6475,342
2131,5572,-729,80,9872,2064,4376,-9521,754,5712,9860,2382
3153,-110,-805,656,8264,2116,4470,-7979,726,5905,8569,2139
3667,770,-627,1034,8713,210,4226,-7069,1532,5484,8711,2330
3665,708,-685,4193,10,4100,3552,-7191,1416,5189,9476,4440
609,194,-2401,4097,0,4378,1258,-7579,1160,4575,8019,7275
-5407,-570,3215,420,64,8708,-794,-6309,3336,4489,5030,8895
-7325,200,3531,3328,392,8960,-3264,-6599,3128,3958,1197,10292
-4007,7908,-8749,72,-7680,12377,-4024,-6399,2082,2855,-2706,12744
-4367,8912,-9061,17856,-5568,6912,-3916,-5043,-240,-423,-5784,15251
-7147,10058,-8909,20528,3104,17603,-1852,-4909,-872,-2929,-8646,19694
913,4866,-8949,16424,4114,19747,3120,-2849,-414,-4815,-9093,19933
13203,4098,-4963,24681,25616,195,6142,-1391,1532,-7068,-6104,17572
8017,6210,3247,22786,11363,13603,7798,-1123,3478,-10148,-639,13922
8785,-574,17295,2594,32767,25258,8764,-327,7374,1318,20471,1186
14929,-510,6287,1352,3111,-12286,13948,345,4756,1565,1170,-11168
2659,3810,3483,3724,-2005,52,2688,1725,3876,1104,-6648,-12151
3697,194,3243,4105,-8192,1856,3656,313,2856,4366,-7296,16
6485,-558,4243,448,-7664,14,6186,-317,3652,68,-7660,256
4817,450,-859,-15339,-12286,12549,5372,697,-818,-14970,-11703,12329
-7461,394,-4421,12,8210,194,-7102,697,-5484,384,8514,0
-3999,458,-4789,4296,2052,8212,-3332,7933,-5484,3840,2704,8217
-869,1540,-4897,532,2050,144,-1442,713,-5164,50,4867,4100
-1955,-184,-10037,4,2112,9,-3252,3513,-10508,308,1040,76
2069,3626,-4717,4736,13905,4096,2126,3769,-5158,6147,14406,4264
3121,6324,-373,6154,16390,138,3132,6191,-778,6434,16531,775
723,-306,-603,47,18024,82,892,-315,-1236,1280,17664,2
3057,-566,-723,1447,9253,-2048,3436,969,-828,1088,8323,-1879
3681,538,-181,1034,9226,-2280,576,249,-508,1281,9114,-2303
2929,-190,-885,2152,1554,269,2892,57,-844,2090,1554,276
3675,7746,-725,2568,520,9,3692,8009,-1164,2214,522,19
4881,-542,-625,2082,8208,1792,2406,845,-1232,2108,8332,1808
5713,6882,167,557,8204,2,5052,1797,-328,6145,9732,0
721,7618,-691,4131,320,526,1116,-325,-948,4737,513,584
629,6978,-819,6432,2317,4,780,6457,-1360,387,2560,28
4825,-540,139,136,2368,128,4766,-319,-236,210,2180,432
4707,-30,209,28,3090,3,4734,761,-728,128,2624,640
5201,-240,307,1042,2320,2062,4926,-71,-312,1060,2467,2051
3801,4930,-859,34,3153,1280,3646,5955,-1384,578,2449,1120
1635,-54,-2387,4132,1037,580,748,-7,-3020,4101,6656,540
5719,1490,671,4164,8353,50,5542,-6349,2440,4148,8608,2409
3311,7898,4239,2058,1746,1408,1084,697,-3422,2198,32,269
4691,-574,-885,1026,48,3152,4712,57,-1388,1024,130,2642
4945,-510,1291,1288,916,1186,4800,-325,764,1408,2148,1594
1311,-30,267,2,1064,1305,1088,697,-236,4,1060,1156
3665,-572,-317,8,53,1664,3644,-291,-1368,33,137,1696
643,5830,651,856,1448,-1202,572,5819,14,1,4112,0
3105,6226,401,260,4096,2,3044,6563,-276,512,4100,-384
3797,-526,443,4160,6276,114,3740,-171,20,4102,6193,34
861,-574,943,9,6208,74,638,857,-1344,0,6144,9
849,598,-885,0,5000,9,896,717,-1384,16,4868,0
1149,-510,-685,584,2140,520,1086,725,-1194,8,2145,528
885,5570,-885,792,4184,18,572,5949,-1388,784,4228,792
661,5698,315,664,6277,72,588,6333,-312,512,6674,8
4705,46,187,192,8320,560,4966,711,-356,2,10257,524
4819,-250,-533,1106,8880,1084,5004,269,2736,1043,9224,2048
4689,7110,-629,512,1116,1541,5058,-261,-1188,129,1600,1282
4827,98,-613,576,3526,1073,4744,185,-276,0,3664,1040
5265,-282,395,3232,6752,20,5380,-167,-362,3088,6912,86
4697,-470,-869,128,8200,64,764,-263,-1372,2,8337,0
4017,6210,-885,1,8212,1100,3964,6543,-684,10,8253,1142
3997,-570,-213,131,9028,1537,580,-315,-708,74,9024,1156
731,-60,-789,2392,0,0,732,313,-1380,2308,4,80
4305,6388,-881,808,321,514,4432,6713,-1196,768,306,306
4177,-510,691,1416,4555,0,3780,-279,-124,4,5125,160
597,-542,803,12,81,2,572,57,232,4,40,1
657,466,-869,2119,256,0,572,881,-936,2106,324,33
-3503,66,-495,2185,1793,132,732,-259,-972,2,264,46
4745,-252,-581,2053,5676,1025,4686,-259,-998,537,0,1152
933,6152,-849,405,6144,1026,598,6361,-1332,312,6234,1053
849,5918,-227,2752,1050,2056,716,6493,-714,2568,1124,2049
5299,746,651,2,9248,1025,5180,985,-92,352,9729,1136
2779,-572,-801,2050,2386,4,2626,-311,-1378,2051,1345,2580
3249,-538,-757,2081,5252,2184,3396,-199,-1188,2340,5377,2091
1117,454,3483,8,6022,43,584,61,3240,20,136,146
-1413,-542,3851,6,196,646,-2490,-255,3228,69,2210,528
-3439,-62,4385,4401,2576,9732,-3362,201,3732,4101,2594,9616
-6435,1478,-4789,4187,1475,2312,-6562,-263,-7872,3593,1082,1604
-5407,2050,-11119,256,5,6825,-5524,2233,-11602,609,549,6736
-7597,522,-11123,14352,458,20481,-6852,1859,-12618,13527,133,20612
599,3522,-10981,17216,0,17474,818,-3725,-1782,-2146,-11669,22094
4701,3876,-3523,16776,6409,3072,4924,-1129,-36,-3401,-8702,19869
7263,2502,-885,18576,1250,8210,6748,3001,-1324,16946,1308,7435
7955,1476,3231,16406,48,4372,7752,1889,2762,16640,325,4112
9473,-574,27749,18752,32767,20743,14190,32441,-30061,-5105,32767,24130
11393,-510,4811,12576,1280,-10368,12914,-2247,3740,12736,3096,-8064
6513,670,3291,656,5,2628,8892,-8361,2836,1104,2706,1544
1889,-478,3723,4116,1424,8,4262,-149,3292,4897,-714,-16810
7053,-558,3563,723,257,12680,6748,-67,3220,16,544,12288
-5091,-380,3275,48,1,9746,-730,-4915,2812,1318,-3299,-23379
-7599,-574,-8053,529,2884,11296,-3856,-9443,1760,1876,3738,-20677
-3211,450,5295,384,10264,11332,-4584,-11329,5678,3022,15123,-19596
-1439,-504,-7013,3154,16944,322,234,-11313,1074,15202,17469,-11699
-7211,-250,-4719,4480,10243,1217,-852,-6135,1052,12346,10811,-8493
721,194,-353,8328,0,2531,574,-295,-842,8200,16434,2564
-5359,5570,-689,10291,8832,1312,-4546,5819,-1254,10249,8192,1024
593,5570,-841,282,12,34,3004,-8741,96,4609,574,-4692
1623,-508,-2929,4105,3351,521,4210,-7981,792,3998,4242,-2346
3409,722,-693,1552,8264,514,3454,889,-1260,1568,8338,562
2807,-318,-821,384,8448,17,3796,-295,-344,512,9108,2
3801,-364,-455,3476,660,1666,580,-183,-928,3120,530,1664
3675,-382,-755,848,4368,777,2782,-35,-684,780,4375,644
3931,7122,-627,0,1128,64,3900,7393,-1308,2,1096,3
5083,490,-753,532,4184,1156,4708,377,-1252,261,16,1056
4689,2178,-877,18,1416,619,4668,1743,-808,32,2072,560
2731,1474,3549,1152,4316,-3775,2622,1863,2712,2048,4096,-3920
713,7626,-611,2098,4165,103,590,-191,-1062,2066,3858,41
873,5794,141,65,257,-8191,892,6521,2906,412,532,-7728
1719,-496,3479,4100,10499,3,1666,-295,2724,4096,10777,583
1411,-550,3339,4562,10386,1152,1596,-287,2752,4618,10392,0
795,6962,-589,4496,9216,257,3734,-9127,1944,4312,10194,3666
885,-310,-245,4116,64,2,3162,-6949,1546,4452,3819,2758
3681,-186,-853,3328,2336,1557,3730,-8041,920,3271,2708,3552
2769,-286,-787,104,449,22,3744,-8611,922,2261,1519,2079
853,7662,-37,1923,4616,1028,4996,-7797,1676,4232,5210,1184
1261,778,2187,5011,8771,8,4412,7881,776,4356,8193,1124
2133,1486,2133,73,6212,569,2116,1753,2732,723,6072,514
657,642,1291,421,41,1046,572,699,876,288,33,1090
3937,5698,1203,1664,3028,2048,3780,5889,762,1172,69,2068
681,5890,1427,656,1541,4513,3132,5083,916,50,1684,4329
4721,530,1557,1056,9338,1168,4962,-7019,2188,5690,9488,-328
3825,-568,563,6,1304,0,4038,-6787,2138,4707,7345,18
2901,-302,1431,3104,4148,2400,3554,-8167,2028,3782,4233,-1710
667,-506,-787,2176,4112,272,4288,-7977,2326,3980,4164,-3250
849,596,-53,4096,4258,640,4442,-7399,2808,4172,4786,-2338
593,516,203,4232,5188,1345,4370,-7305,2420,5040,7352,-601
3701,714,-657,5504,8592,0,4126,-7307,1962,5455,9330,101
2801,-450,-1765,2648,4100,-1280,2900,-191,-2152,2748,4117,-1535
1129,994,-877,4,4528,-2496,4196,-6715,1814,4038,4996,-2182
601,450,-757,1156,4288,-436,720,987,-1386,1152,4096,-380
2643,-434,-371,2048,2568,-664,2622,219,-1386,2081,2248,-767
3745,7618,-811,2720,128,40,3644,7865,-1324,2704,547,-1360
3761,-510,-179,2704,4692,0,3740,57,-356,2710,4612,64
3993,-510,-373,43,4689,10,3676,57,-804,352,4328,2
3937,-420,-217,1537,3589,1056,3902,-259,-876,1540,3072,1078
789,5714,1197,2093,32,2184,616,5857,788,2170,64,2216
4051,5572,1237,128,4401,512,3654,5889,1302,2690,5124,62
4205,5986,3349,1417,1034,516,4420,-327,2890,1416,4188,18
721,974,3245,1588,33,2068,734,1281,3092,1409,128,2048
4057,526,3727,1044,4128,1797,3900,697,2966,1025,4234,1608
2653,-446,-845,2736,2313,132,3388,25,-1276,2754,2112,64
2651,-430,3483,3112,4224,2,2662,-327,3046,2882,276,0
2961,532,-873,8,4104,36,2638,221,-1452,0,4224,8
593,-558,3249,1026,1072,2468,860,-319,2708,1024,1076,2064
-7063,-566,4527,608,4160,4360,-260,-5423,4196,4840,4260,4406
-5293,-240,4587,3668,262,1544,-5440,-5,3758,112,16,1610
-6575,-570,3213,2048,522,1377,-4048,-5517,4016,2077,-4416,12378
-5295,1492,-6965,65,176,16449,-3854,-5403,1708,2258,-7162,16875
-2889,2882,-7933,2857,1840,19520,-2964,2785,-7370,2050,2144,19458
-5391,4132,-9065,2050,8352,18476,-112,-2783,-708,2013,-3344,18642
1201,4162,-4701,708,8384,9240,3422,-497,-304,594,-5827,13102
5761,1490,-4205,18562,-9214,8498,4808,2745,-3372,18504,-9212,9090
8857,706,139,18433,4104,32,8812,779,-148,17035,4746,1160
7347,490,4573,5316,3072,9216,7514,549,4396,-10703,3334,11067
8785,-574,22515,16517,32767,17669,8764,-327,17062,5560,32767,608
8909,-30,5331,12628,-5616,-8160,8900,1209,3832,12293,-7926,-7934
6945,-4606,4339,2960,960,3072,640,7901,4436,78,1730,3072
5009,-1598,3883,4288,532,8518,5728,-1287,2720,4227,1024,9280
5777,-316,3727,2567,33,8204,5790,-3863,2812,2126,-7556,-19575
-6695,6652,3351,72,265,8242,-7012,6983,-4964,310,280,644
-2095,3796,-4821,2248,26,2592,-3522,3771,-5406,2176,514,2816
-3503,3522,-9077,256,17412,8912,-7356,-255,-13156,2060,16596,8844
-6511,4034,-3401,9829,20833,6510,-7476,4969,-4176,152,18240,6720
1235,-250,557,8216,16400,15,1074,-8107,394,10555,16808,-5985
1761,7772,-485,824,5700,932,2108,-8335,-542,3777,5165,-2922
2665,-22,-2931,514,-7549,544,2986,-6769,682,-1407,-2835,-3441
3173,194,-373,776,3440,2,4418,-7559,438,871,4565,-2180
2005,-284,-325,2320,152,642,1598,1095,-862,1072,130,549
2901,196,-269,544,1792,177,2876,193,-1260,32,33,32
2643,8046,-373,11345,2098,4,3316,8181,-836,11352,640,514
605,8266,239,8915,-7616,2369,574,327,-90,9220,-7328,2
689,6600,187,8388,-8191,406,898,7105,-716,8582,-7680,439
4945,6608,151,264,771,720,4956,7065,-346,64,1028,576
4711,-382,3347,586,2052,3232,5186,-255,2844,546,2209,85
5977,-60,3479,25,4145,66,5692,211,2998,0,4208,277
1073,-310,3211,2196,2621,180,848,57,-812,2180,2177,32
5785,5640,3213,22,256,386,5720,5817,2756,148,2089,293
5281,5064,3275,769,10412,1088,5278,5369,-12,2048,10443,1034
4785,-526,-309,2309,9732,0,4732,-189,-1254,2305,9832,516
3681,7298,-693,2056,10240,38,2748,7513,-1356,2048,9424,313
657,266,-179,4258,2440,2578,764,505,-874,4292,2560,2178
665,-560,405,4164,4416,1410,572,91,-236,4113,5128,1301
2775,-60,-885,516,1556,4,2692,-71,-1378,528,1173,80
3955,84,291,0,4105,1166,3990,-279,-1354,4,4928,1037
657,738,-821,561,914,385,702,777,692,467,645,8
4727,-52,-885,1026,128,2,4732,-309,-1234,1034,271,12
4195,5730,503,158,4672,770,610,5945,-82,192,4932,806
5737,582,-723,2177,64,5252,5990,-6347,1348,3753,8427,-133
6521,1474,407,323,8392,62,5774,2793,2708,2,9250,398
733,7634,-811,516,278,2055,644,8057,-1354,132,9,2181
1709,5572,155,521,4248,130,1070,5827,184,283,4163,13
4181,-236,675,42,10312,2177,4160,193,196,1412,10155,2188
3907,-58,-97,76,8216,1312,3788,201,-740,8,3681,1440
2833,6562,-877,288,320,2048,2876,-193,-956,324,257,2402
4755,-4,-469,1800,256,1124,4968,225,-872,1894,0,1120
4713,-294,-817,2913,4249,1992,588,-313,-1192,3142,4544,1929
3175,7618,-817,1092,2112,1152,3644,7881,-436,1027,2086,1125
3825,-446,187,4224,4112,-800,3730,-317,-1322,4109,4176,-878
867,482,-853,656,4869,-124,844,921,-1252,517,4666,8
659,-532,-821,88,12,1025,700,457,-1252,132,4,1088
753,-574,-811,60,1344,1028,636,-325,-1362,8,1400,1292
4185,5572,-293,2120,264,2048,4216,5833,-842,2178,308,2048
4723,510,-591,2241,2112,32,4718,697,-1242,2176,2052,512
593,-478,-741,320,6176,8,4606,-163,-1258,48,6496,422
4219,7122,-849,673,1027,353,4296,7505,-936,640,1056,260
4817,-310,139,8,0,584,4804,-315,-364,36,290,208
4745,-250,4239,1696,9057,164,4668,-31,2982,1832,8228,552
3681,360,157,1028,9281,288,3646,-317,-242,264,9252,514
631,-510,-197,1625,3104,294,636,205,-748,1608,3072,272
4433,-540,-817,163,5154,2098,4308,-317,-1244,10,5120,0
2645,6148,411,385,5330,65,2884,6393,-1196,432,5212,37
-6447,4354,-2733,4103,322,6276,-7610,-279,-3432,4483,5,6164
-5389,-566,3707,2064,28,11155,-5732,-47,2968,2057,1128,11302
-6183,-30,-6989,8,343,6258,-5572,-119,-8548,1104,433,6424
-4971,490,-9045,288,0,3243,-3996,-313,-13420,1024,4,2984
-5085,7630,-12913,16448,34,18456,-5050,8409,-13136,16402,548,19095
8789,2834,-4655,14347,4864,4162,5662,-4255,-292,-1935,-15821,21722
9349,4042,-2915,21562,550,2151,6856,-345,580,-2710,-7041,18371
8825,214,-2303,17438,9216,9492,7864,733,1284,-6958,735,13229
9047,1474,6283,4108,2689,8552,9778,-1499,5626,-10251,6688,8144
-7265,-566,3211,16513,2048,648,-2066,5419,7260,18773,7831,-1336
6737,-450,3235,11,4385,-8156,6792,-199,2900,8,4817,-7848
8945,-3158,3851,6163,4817,5140,2360,-883,4872,6034,-4928,-17183
4691,-430,3227,1024,336,8192,6178,-3673,4094,1122,-7713,-17951
915,2566,-4917,-15924,-10224,8708,316,-5469,1864,-1694,-1683,-19360
-6327,5658,3219,68,1228,10278,-2390,-9151,3680,1096,5661,-21707
-2895,6658,-4687,66,4097,8833,-2990,6457,-5228,3648,4708,10274
-18863,3794,5387,3856,16449,644,-3236,3781,-7464,2322,16648,1192
-6559,-562,-4197,326,8465,4448,-6464,-295,-4588,88,12298,5139
-7323,-542,-4893,320,17985,4461,-6848,-187,-3946,1252,16448,4148
817,724,-2933,8773,13523,512,576,1337,-3276,8320,12820,1
713,138,-803,4098,4096,1194,872,-327,-1290,4432,3096,1384
721,6082,-839,3619,569,320,836,6329,-1388,0,35,552
2673,-312,-689,1300,3373,1040,2722,-5,-1362,1540,8196,1186
3677,450,-753,4612,8464,256,3750,441,-1372,4609,8192,288
3299,786,-869,4641,300,512,3326,1155,-1384,4759,68,512
3155,6618,-565,2632,897,56,3200,6877,-968,2610,832,0
3665,-574,-659,4120,515,-510,3900,-295,-1106,4100,724,-254
4729,1362,3285,2145,9217,1543,1054,-307,2780,2588,9284,1536
753,1810,3509,2181,6144,67,704,1725,2988,2060,5354,82
1643,1474,-245,258,2086,781,1724,1721,-876,192,2112,577
1617,-314,37,5,1604,-992,4478,-7801,2564,637,1640,-890
763,-278,-45,1664,569,4,1092,6341,2774,530,1024,51
1619,-318,3475,50,636,1034,1600,-23,3220,176,2,1184
4689,-318,3211,16,8272,1536,4748,-39,2780,1,8217,1555
3963,6658,4255,298,9217,1024,3660,-327,2712,81,9378,961
625,-574,3351,1140,4226,533,1132,6169,2966,1665,4194,72
3547,5846,3215,32,4233,2,3606,-8575,2682,4389,6326,-1944
3153,6100,715,4112,4128,258,2636,6405,152,4224,4098,56
3221,-440,627,1989,1440,4,3164,-263,-316,2091,1409,265
4249,470,695,4224,3841,773,4170,441,-126,4357,4032,854
737,450,687,4304,5153,24,696,959,84,4256,4324,2
3735,-550,337,4492,4,260,3644,-327,-364,4112,3716,514
593,6098,-369,4280,1027,433,4494,-9735,1348,4716,4065,890
1713,66,3211,4408,2208,1025,5804,-5673,2814,4330,10600,1687
1717,1740,3387,2114,2569,2065,4400,-6199,3458,1942,7297,2198
3733,1090,3361,43,2276,576,3658,-7093,2910,506,2498,598
4693,-574,3471,289,8,2064,5182,-6781,2880,-1010,727,-2520
4695,-376,5005,392,-6656,1056,4668,-7919,4580,144,-499,-3992
4693,-494,3275,1574,34,-3480,5822,-7245,4668,101,3509,-3385
4905,-534,4491,1410,4617,2085,4830,77,2740,1060,4368,2690
597,6850,3789,12,8720,417,3262,-327,3284,20,8420,555
3711,-38,3723,2313,1032,2325,3486,207,3004,2360,1050,2312
753,-570,1229,530,8384,9,3654,-6957,2192,4682,9872,-1849
2897,450,2251,2262,4329,529,3496,-6731,1982,2804,4288,-2152
2659,-518,1171,2051,80,-3692,2626,-311,836,1693,32,-3800
2949,7370,189,52,1756,-3839,2914,7601,-332,16,2056,-3709
2907,-44,141,389,1157,-2806,3648,-71,-364,20,1154,-2810
4181,78,209,6,642,-768,3744,441,-316,0,653,-640
4009,468,143,1561,4116,40,4160,697,-332,1793,4208,264
2929,-570,397,7,4393,513,3706,-21,20,64,4689,298
3713,6372,331,138,2249,2176,4092,6557,-84,16,2692,2054
4689,474,3467,25,2081,2084,4990,1067,3220,1334,3810,2717
661,-508,3331,256,516,2056,5144,-7833,3702,904,3006,2698
593,-574,3215,1026,2113,946,4412,-317,2724,1068,2324,840
4691,-510,4109,1681,2593,113,4808,-295,3620,1569,2564,212
4949,-302,3603,74,3284,1179,4964,-183,3772,32,3082,1090
5399,1090,3757,1072,1024,73,5410,-6623,3604,3778,5262,-1369
4949,-446,3225,1576,4136,-1919,5062,-6847,3128,4072,6088,-1894
3673,7170,147,1665,3849,-3072,3952,-9071,2512,4132,8124,-2621
3705,-302,299,1056,8594,-3581,3862,-8097,2390,5950,8755,-3037
625,-54,-113,2,6986,-1408,3892,-7871,1424,4094,6768,-1355
3673,-458,1163,2096,64,-756,3740,-8421,1260,2059,2479,-734
3369,-562,-753,648,2305,-1695,3360,-9215,1324,1907,2487,-1221
593,-510,-373,160,534,448,586,-159,-876,136,704,0
597,1092,-237,172,13,34,588,1347,-1004,0,144,0
4449,742,-561,2,566,674,4428,955,-1068,128,66,528
3821,5570,-883,656,4136,32,3660,5819,-1382,608,144,34
3283,5772,-885,262,1028,1,3322,5951,-604,290,713,8
4209,-514,411,0,1056,523,4300,-303,-36,96,1029,526
3985,-538,493,3588,130,64,3946,-195,-108,3282,7168,8
3673,-382,3607,2344,4136,272,3646,361,2996,2389,4136,28
4443,-62,3219,2266,0,-64,4542,315,2724,2274,161,-111
4341,-430,3779,3114,97,272,4164,-319,3232,3424,138,321
2789,-568,3943,4100,4102,154,2656,-259,2970,4610,4129,66
641,-52,3629,5248,4352,3215,956,-6457,4330,5196,6182,3413
-7599,202,3211,4121,2052,8,-1210,-5589,4434,4570,1883,5173
-2383,834,3723,2089,2,8192,-2356,-4561,4542,3546,-1190,8633
-5031,1606,3755,104,416,4112,-5132,-5271,3162,3353,344,13783
-4517,3682,3743,1409,4791,7172,-4606,-3703,3330,1308,-2683,16360
-7343,3634,-5739,12568,3601,19060,-3060,-3359,1876,-400,-4591,19536
-7591,4550,-6761,296,8642,16448,-790,-3095,868,717,-4242,16830
-3495,3574,-7965,16658,5120,12456,-66,-2455,-626,-530,-3333,15003
2777,242,-3941,16642,10320,2048,3066,-1335,-390,-1198,-5835,10791
4769,-302,-2653,17408,8724,4136,5504,425,980,-5415,-7232,12874
6737,-438,3611,6021,6216,8354,7432,705,3340,-10638,-982,13108
9317,2,6619,3426,2304,10263,9720,-781,6778,-13075,4431,10356
-11627,212,3853,1281,172,2112,-11402,6245,5002,14822,14656,4480
12901,196,3211,12040,-10670,-9174,13298,2095,3726,11062,-5835,-7883
2685,-2350,3469,10,8256,12,2798,-1075,5728,4949,9070,-9526
8945,-508,3293,2,4672,6784,8578,4977,6388,2540,7313,-10543
5201,550,3259,4137,1056,9254,6754,-1107,4242,4517,-6558,-17191
3035,3780,4267,-18907,-7920,2,2564,-3021,2444,-292,-3761,-16060
-7293,3742,3219,-17916,-11135,8882,730,-4153,2588,-1951,-2053,-21788
-3503,7690,3263,-19438,292,11274,-2894,-7235,2786,-2388,1047,-21724
-5023,6914,3211,-16892,6289,10272,-3522,-193,2836,118,5128,11282
-2303,-574,-4917,148,5248,8192,-1590,-11135,1804,1991,7208,-19030
1681,5604,3211,8,912,816,1842,-10585,2634,2039,11311,-15163
1169,4042,-2741,4105,288,4096,2542,-11845,1582,4474,14435,-10237
3185,6594,-2789,1046,18432,148,3326,-9439,1608,7326,18769,-5808
3161,-554,-3103,4096,12608,1,3576,-8325,484,6163,14924,-2966
3173,-362,-3941,1281,10816,-3550,3578,-8497,-760,3853,9597,-4001
2961,-372,-3089,544,37,260,3614,-8537,1194,3035,4208,-2724
2835,232,-821,2048,1040,-1888,3878,-8101,1330,2253,5857,-1495
1745,-572,-869,2065,2448,-1946,3772,-9437,760,2561,6389,-1284
2777,-408,-873,560,4114,-2700,4176,-8163,1400,1912,6582,-503
3873,-310,763,1185,6156,129,4622,-7177,2418,1430,7107,604
753,274,3475,1104,1377,528,4780,-7913,3302,1360,5810,2856
5119,6594,3309,642,2081,4101,5764,-9071,2832,1983,3422,4141
1651,5584,-363,2240,1826,129,5770,-10225,2266,2552,4199,3574
5265,258,4047,3778,6152,2304,6270,-7559,3626,3860,6425,2380
5109,338,3667,2112,516,2049,5550,-7977,3150,3201,7628,2042
5099,-526,3215,65,6308,276,5038,-8171,2676,3441,6023,60
5525,-356,179,1100,2832,1561,5566,-7659,2572,3505,4204,-2550
4961,966,781,2721,292,147,5422,-6891,2478,3725,7156,-3427
4853,-318,395,3585,2305,0,5184,-7359,2494,3589,7989,-4032
2643,-364,307,137,1875,770,3710,-9751,2398,3909,8110,-4418
3793,5318,411,4120,8329,53,4068,-8773,2114,4978,8932,-3708
601,-542,1211,4194,6912,272,4752,-8311,1742,4136,7926,-1640
2641,6978,-367,2048,5120,512,3728,-9191,1310,3454,5988,-63
2781,-510,1195,2063,4099,512,3930,-7953,1258,3022,4089,-1147
801,452,1227,192,4188,1024,4952,-7395,1704,2201,4192,-897
739,-548,403,833,4384,812,5148,-7519,2058,1876,4559,956
599,5066,147,1802,4493,2310,4758,-8749,2180,1989,4430,2400
689,6422,-371,2178,1284,44,4786,-9911,2028,2217,3883,2548
1617,5386,3467,2254,1154,1536,6234,-8307,3134,3389,5954,1617
5383,4,3395,2624,530,1298,6628,-6897,3824,2833,8004,1242
5329,7618,3339,2053,4097,528,5294,-8623,3806,2252,6760,734
4945,7746,3211,2306,2326,2178,5172,-8311,3622,2899,3341,-1706
5721,-310,3851,3216,257,800,5622,-7681,3326,3260,4406,-3276
4689,-138,3405,577,1280,36,5324,-7999,2846,3897,6002,-3949
4817,454,3347,128,7426,3844,4972,-7213,2854,4519,8197,-4254
689,458,739,20,8704,8,4718,-7567,2736,4052,8765,-4083
3805,1666,203,5,8456,-3798,3894,-9377,1962,4450,8458,-3547
1783,-60,-241,49,8193,9,4100,-7579,1482,3352,8436,-2927
4169,-294,2195,1077,5888,-1974,4088,-7725,1968,1181,5852,-1394
2965,-282,1427,385,360,-894,3574,-9163,1862,444,3393,-49
3985,-62,1191,3853,2050,-500,4560,-7975,2220,-279,2216,-230
895,-550,3219,4993,258,786,5214,-7953,2812,-93,3367,913
4739,-60,3263,512,4096,148,5580,-8031,2946,927,4020,1671
1377,5834,-361,361,401,2052,5394,-9259,2592,1385,4503,2184
633,5572,-277,21,4776,2048,5296,-9835,2402,2022,4951,2465
4705,-310,3499,0,2048,288,6136,-8281,3118,2414,6665,1851