-7300,-5208,-195,4802,528,288,-4886,-20002,-1581,6015,-19022,30580
532,-4300,-423,9344,448,11,4458,-11358,-1481,9582,-18757,24521
8452,-984,-581,12320,2088,680,7790,-8816,-1633,11690,-13139,14347
7324,-1048,-3839,10270,4097,0,10720,-7056,-3785,15248,-3892,8537
11006,-5200,-4279,8713,803,128,10792,-5200,-4379,8464,960,64
11900,-3286,-7711,2136,4900,3200,11632,-2762,-7713,820,5120,3169
11812,-3252,-10547,512,4160,1090,12156,1440,-9397,508,13308,-4408
-1282,4944,187,-13808,4232,-12154,-1624,5124,349,-13806,4113,-14224
-9686,-206,-5175,-25816,8450,-20255,-9322,1300,-3593,-16616,7392,-19209
-20356,-2520,-10247,-24244,1160,65,-24542,-21386,-9457,-16070,-12651,-9755
-8452,2856,16825,-7934,-10076,22596,-7854,-4060,13875,-10041,-8150,23552
10876,-984,15803,33,30,514,13462,-9054,16973,565,8932,27274
16000,-4432,3873,7440,1,2384,15814,-7268,6009,7952,8025,19179
14844,-5074,445,8480,57,1122,16750,-5120,197,12813,5854,9674
16900,-5208,-6461,8216,2824,1120,17430,-4276,-5413,12648,11499,2841
15920,-3288,-10239,8727,585,518,15696,-616,-10161,10426,16601,-4695
6652,2506,-13831,4609,4645,336,6940,-5258,-13763,4198,4186,325
-1474,5098,-11459,-6943,2122,-31360,-2010,3526,-10849,-7171,5441,-32452
-8188,1840,-441,-18704,0,-26542,-4954,-20718,-12349,-17416,-32768,-22612
-9618,-1556,-453,1,1476,24577,-9432,-1638,-235,-13885,1288,25609
23552,-1236,22329,2312,113,267,23336,-4042,22253,3096,4128,394
19694,-5076,7873,4,4609,650,19230,-6848,7507,3321,12365,27689
19476,-4104,1545,8468,1169,1036,21500,-4316,2371,13237,1277,12642
20770,-5204,-3649,8382,1536,0,20398,-3144,-3193,14234,10697,-1673
16604,-4272,-8263,9729,6688,16,15656,-5354,-8477,9673,6400,81
11780,-1168,-11847,10112,96,-11743,11538,-1004,-545,9749,262,-12279
6732,-3976,-69,2563,2064,-20212,-480,-3232,797,2720,1036,-23474
-7504,3120,-549,-14324,1030,-31744,-8820,1588,-21343,-8997,6620,-32378
-20448,11576,-581,-14232,512,-23552,-16816,-15804,-12151,-11390,-32768,-21202
-16836,3176,-543,-8186,0,17664,-14904,-23934,14089,-7966,-32768,19782
18940,40,22633,-7773,2208,28290,17696,52,20445,-8062,2564,26240
6652,-5334,1707,22,2608,24656,14870,-8900,3205,5843,18689,25586
16452,-4760,971,4736,516,650,18976,-5340,1135,4196,1040,1025
14916,-3776,-4389,4136,2594,1538,14606,-4190,-4227,4097,3080,3
14908,-184,-8773,2088,276,2074,14648,-636,-8481,10422,17541,-8816
7222,-5324,-12537,1036,4776,456,6442,-4296,-12803,1136,4127,64
6670,-3544,-20359,1152,132,-20024,6432,-3466,-20975,512,584,-23744
-4452,-3032,-487,-11776,2066,-32500,-5800,-5244,-539,-13050,352,-32447
-19972,4926,-12739,-15999,770,-22208,-21330,-23178,-9509,-10628,-31826,-19806
-22020,-4760,9673,-12188,1233,20624,-8766,-16352,10169,-14410,-27321,22135
-1402,-5032,20927,-12880,1106,29044,-1496,-3216,19941,-16122,132,30864
8384,-4536,9279,-15952,5168,31756,7480,-3094,8765,-16368,5640,31810
14856,-5336,8721,1,6172,26625,18648,-5546,10631,708,5920,26094
18958,-2372,3529,8912,658,12545,20630,-2244,3247,11334,2087,11814
17554,-5336,-2587,4410,320,1037,18478,-2534,-1575,12442,11061,917
11518,-3152,-7621,8705,6144,421,10696,-3174,-7659,8785,5908,281
6966,-716,-12079,896,1033,-7560,6416,-1100,-12319,160,1052,-8176
-3588,3026,-559,1245,225,-20316,4946,7550,-16067,1186,17327,-19248
-8188,2860,-579,-15232,131,-31188,-9370,2384,-16549,-10902,-632,-29633
-22516,4424,25,-15855,256,105,-22136,3122,-547,-15704,172,82
-15844,-4540,13769,-15104,17,21024,-15720,-4828,11745,-15084,131,21282
17664,-3018,21403,-8190,4132,719,17100,-4684,16069,-13232,4392,801
17806,-5296,3531,1081,1026,4,17134,-8262,6251,2109,9138,26149
19060,-4808,-383,2312,2565,257,20048,-4506,1833,11481,3053,12306
16908,-5200,-2487,8192,2069,320,17890,-3194,-2237,12520,11057,-281
15136,-4822,-6215,8980,4659,32,15550,-3054,-5553,11976,14940,-6720
7036,-1022,-8645,8961,384,-11252,6536,-714,-8715,9029,588,-11774
6652,-5040,-12261,6674,4232,-19355,6410,-5196,-12819,6528,4096,-20288
-9204,-4198,-17863,-12282,658,-24478,940,2120,-17405,-2938,8686,-23380
-22980,-3288,-451,-14460,3748,-27462,-16546,-12068,-11089,-14363,-5783,-24592
-26116,-3502,-7743,-14336,2052,-3980,-26360,-1194,-4371,-13789,2592,145
-17720,-1160,9657,-24064,3601,3,-18160,-1196,9725,-24560,3361,15
-692,-4304,15803,-11501,4224,53,7432,-2028,13057,200,4916,2
11164,-4292,8129,-12718,5521,27009,10508,-4292,7683,-16254,5513,26832
16252,-5204,4217,280,5888,1024,17028,-6598,4201,11304,600,14509
15110,-5322,-447,2096,2072,2048,17226,-4378,577,10369,12484,6224
14850,-1892,-4533,552,5936,576,14604,-5290,-4451,544,5649,0
12932,-5232,-10747,6208,4388,-8830,12680,-5028,-10723,6218,4104,-9951
-3714,-4296,-12863,-9148,4100,-19242,-4086,-4232,-12813,-10094,4384,-20448
-8708,-1144,-20417,-10751,1292,-24320,-9838,-3242,-20499,-11197,3144,-24559
-20932,-1192,-16455,-24560,3328,-14269,-20898,-19046,-13825,-22987,-13547,-10517
-19580,-1238,11741,-22016,770,256,-26328,-488,12061,-24543,163,256
-8690,-3736,13797,-16384,3078,888,-1472,-2796,15869,-16126,0,160
10498,-4196,11737,-13439,388,1980,14280,-13576,12825,-4906,10890,32767
18952,-5318,5049,2148,784,257,21882,-7010,6675,11191,565,19842
23100,-5296,-1607,6176,98,529,22498,-4130,-1355,14386,10331,5049
19072,-5320,-8735,8800,4,-2472,18696,-3308,-8527,8708,130,-3046
6782,-4992,-12559,8808,2817,-10175,6446,-3916,-12803,8768,2615,-11232
-1522,-4822,-14619,2350,2,-18428,-2006,-5228,-14875,2056,177,-19285
-9348,-5288,-23047,-16110,1121,-26028,-6714,-1254,-20959,-9874,-5337,-25677
-25946,4904,-13893,-23486,2193,-16320,-17324,-11876,-14197,-18825,-16156,-14686
-9728,-1104,-583,-16112,1042,16388,-9704,-1196,-509,-16382,41,16404
17404,-3012,20025,-14295,8,31929,7560,-3308,17949,-10232,0,32115
19972,-4462,8653,1154,6178,2,21948,-7452,10555,1587,9021,24886
18940,-4568,449,16512,4388,4,20540,-3434,2839,17443,-3171,13433
19598,-5326,-3911,4224,5139,67,18888,-5260,-4515,4480,5682,10
15100,-4264,-10555,4712,1698,768,9224,-4220,-10651,4162,1590,34
12028,-5112,-14371,5136,4876,-15855,11404,-5340,-14363,5121,4994,-16256
-9092,-3152,-385,-10168,4612,-26368,-2982,4582,-17421,-2066,14389,-26973
-24804,-1086,-10111,-14176,262,-25710,-17376,-6922,-8525,-13023,-7159,-23792
-17786,-4904,5053,-11768,3088,4608,-17654,-4934,7649,-12140,396,4185
-9666,-5272,5833,-12227,772,21513,-7912,-2216,5679,-15711,1664,21512
15116,-4902,11961,-11448,544,283,16176,-5354,11881,-11775,261,514
18822,-3800,4411,7728,2048,2083,18696,-4040,3613,7424,2306,168
20012,-4916,-4609,4096,3650,4,19720,-5356,-4579,4166,615,1153
14904,-5336,-10149,8401,1272,-3814,17180,-3018,-8957,9942,17469,-3228
6832,-5336,-13639,6209,448,-10221,8104,-4848,-13731,6276,17,-11200
-8612,-1206,-16677,-9916,640,-19588,-9968,-3940,-16835,-12095,1025,-19952
-22148,-4044,-14395,-11776,2112,-24268,-10812,-4456,-13593,-12098,1055,-23674
-21796,-788,-6471,-11133,1280,-12287,-20734,-17722,-5033,-8709,-21412,-9787
-9714,-1064,13973,-11764,-5614,144,-9976,-1258,14333,-12094,-4094,513
-186,-4284,11843,-7607,2961,69,-168,-4844,11853,-7900,4,35
8836,-3256,3665,81,4124,192,13856,-6864,5555,820,5823,22761
19526,-4756,249,1164,5462,28,19508,-1614,2219,9705,16,11502
19292,-4808,-4667,8489,257,577,18738,-1874,-3435,8685,11442,-1862
10092,-4312,-7621,2432,2596,-9024,9484,-4136,-7651,2448,2500,-9194
6658,-5336,-12101,305,1784,-16344,6540,-5356,-12515,1408,1360,-18423
-3586,-5064,-327,-7632,2561,-24314,-2666,-3596,-15063,-8230,10860,-21479
-26046,-184,-14917,-14550,3136,-22015,-15676,-7440,-12819,-15593,-9152,-20027
-23810,-1240,-579,-15768,1232,2129,-21336,-5346,-515,-15324,322,4120
-17266,-206,9737,-14077,129,28673,-9976,-680,11757,-15583,80,29697
14846,-2162,12733,-11998,256,833,17244,-7578,12911,-2817,10119,30216
15366,-4952,4549,5128,5124,13,19452,-5646,4341,8452,4124,16378
20732,-4120,-2303,4500,4188,1032,20248,-4284,-1683,12416,8058,455
15388,-4152,-8117,8192,529,-6628,16074,-3626,-8523,9039,17253,-6686
7954,-3220,-12869,6677,3200,405,7114,-2796,-12833,6400,2816,1057
-4860,680,-13639,-11548,532,-21812,-6960,100,-13827,-12280,10,-22328
-7652,-4280,-12615,-10202,3072,-28141,-9228,-11950,-11917,-10365,-5236,-24913
-21852,-4944,-8207,-23612,837,-11248,-23708,-27724,-2539,-17969,-19181,-6016
-21762,-5202,10065,-15327,0,281,-20784,-19204,9645,-14997,-3904,16885
-9702,-3672,17859,-6144,33,3,-1652,-3240,16889,-6143,3,129
15100,-2192,8641,2272,2055,2147,7976,-5292,7853,2064,1025,178
17156,-4184,569,2048,4264,2560,22248,-3424,2027,10743,5215,13924
23036,-5208,-4341,456,4609,98,22048,-2822,-4535,5124,22018,-263
14884,-5264,-7717,4108,2063,1316,14606,-5290,-8127,4291,2374,1024
8208,-5336,-10453,4228,483,-15308,7668,-5100,-547,0,1034,-16176
-9220,-1236,-517,-8172,68,-23959,-9968,-196,-531,-6911,545,-24184
-20416,4968,-12575,-16240,384,-13739,-12508,-9754,-11971,-12948,-14568,-12063
-26112,2888,3293,-16355,2056,64,-17776,-13458,4347,-14744,-13435,6200
-9470,1836,7617,-14366,3148,17105,-8754,-13826,8349,-12476,-8358,20893
-444,-5294,2107,-7484,257,12800,15640,-3756,16479,-8190,128,24577
6662,-5296,9673,-12159,201,28682,6852,-5194,9765,-11324,3344,28864
18948,-3540,4537,2051,2050,1672,19368,-7532,6261,6503,3479,21926
18940,-5248,891,2437,2560,384,19656,-1630,1327,15657,3349,7494
15880,-2776,-2453,6464,6464,576,18478,-2272,-2151,16288,7757,-2033
15008,-4120,-6211,8192,4742,0,14600,-4076,-6683,8514,4216,1090
7452,-2648,-9671,8228,3584,1120,6672,-5164,-10767,8196,3400,1056
6908,-4950,-12935,9185,0,-18431,6448,-5084,-511,8994,74,-19195
-8624,-472,-17399,2,136,-25556,6408,-5356,-547,4035,10851,-25726
-7620,3262,-315,-8032,211,392,-8804,-6568,-15741,-4901,-12043,-28202
-25974,520,-14917,-11772,32,-15162,-20074,-684,-14719,-15872,0,-13168
-19440,-4946,11705,-15358,129,18,-18608,-4136,14825,-16045,114,9
-9664,-728,7673,-16372,532,304,-9720,-5088,6175,-15079,353,898
6848,-3144,12233,-13740,4353,3875,14872,-5354,11765,-12904,4768,3912
17916,-4610,7805,-7901,160,4177,17928,-2794,7901,-8190,256,4130
18940,-3472,4221,5312,774,1104,19304,-4324,4255,6912,24,25
23356,-5160,1469,16384,7200,24,22716,-2574,883,16051,9228,3425
19076,-4246,-531,4864,6538,458,19842,-2330,-3653,13818,15657,-4086
15908,-1720,-7751,1762,4176,578,15882,-4964,-7707,1744,4100,340
11836,-5176,-11813,2321,736,-14260,10536,-5356,-12643,2180,550,-16123
-7364,-212,-16391,136,3240,-24535,1568,-696,-15015,2083,15653,-23805
-20740,808,-20787,-3840,2048,-27456,-11706,-8206,-20931,-3071,-6343,-27118
-19124,-5332,-423,-8062,23,-10208,-26352,-4170,-321,-8184,1036,-8128
-9214,-1104,317,-19184,2050,11296,-8940,-716,-203,-16376,2080,12389
524,-5230,8137,-8188,2067,4,6664,-5292,9853,-8183,2056,0
10748,-4440,9913,-12160,777,3,10512,-3232,9957,-11732,0,555
15234,-4824,5691,2049,5440,24849,14748,-4492,5613,2582,5467,24357
16052,-4808,3513,1537,4355,18560,16176,-4776,1887,2051,4187,18432
19202,-3784,-575,6784,6528,9612,18960,-5228,-411,6744,6465,8898
14882,-2710,-3619,4659,4160,136,17544,-5340,-3537,4736,4832,2
14854,-3192,-455,8288,544,-7128,15558,1358,-7683,11659,17273,-7516
11790,-5032,-575,8424,3216,-14844,11534,-4700,-527,8200,3136,-15332
-7620,-1172,-567,0,2192,-27608,4078,7080,-14591,2817,10972,-26206
-9270,-4304,-519,-6784,1024,-32247,-10582,-5454,-21605,-2998,-273,-29631
-24066,-5320,-39,-12287,768,-23261,-13496,-17922,-18957,-13781,-17385,-21794
-25092,-4548,6075,-15351,0,6216,-22518,-4204,8925,-15264,0,8450
-9666,-4504,10025,-16048,2179,28944,-9712,-4564,6749,-15808,2160,30016
26240,-3270,23993,-14701,2668,115,25496,-5148,24285,-8192,2116,32287
18974,-4150,5625,-13166,4992,4,18696,-5226,5855,-12156,4257,330
15904,-4248,3593,1044,8,20480,15500,-4316,1517,1668,3081,19348
19076,-3736,2025,16417,2464,522,19214,-3752,2021,8960,2594,192
17068,-4806,-4071,3204,2576,0,15160,-4710,-4287,2951,3088,-1248
7932,-4576,-7875,8202,1248,-9084,11638,4876,-8099,8227,18733,-9189
6916,-4758,-12069,648,528,-15764,6452,-1254,-12195,288,546,-16304
-9194,-1164,-13695,-8176,1921,-23407,-5918,-922,-12713,-3320,4417,-23531
-26020,-1112,-10415,-4096,1617,-20223,-21108,-1256,-10147,-3773,65,-18396
-5632,-984,7699,-8111,-28140,8,-7926,-1068,10373,-8057,-26334,512
15406,-2752,11777,-7552,2080,28166,6664,-4076,13101,-8122,32,32753
15102,-5300,9481,-9948,3224,161,15752,-4556,7647,-7676,4208,576
11324,-5328,1475,-8160,553,385,11566,-5228,1545,266,4673,8
18956,-5044,3567,9286,56,1,18966,-1326,4701,11636,690,12177
16092,-4224,473,8192,1097,8,17586,-2300,889,13155,10496,2710
15168,-5326,-4415,8452,0,-4070,14936,-5226,-4643,8228,100,-4330
11516,-5046,-8455,1058,2305,66,10514,-5194,-8731,581,2600,414
-8698,820,-13827,8,10,650,3552,9870,-13883,2041,15727,-20405
-21088,744,-15503,-7968,512,-22079,-11002,-7344,-14925,-6547,7012,-20640
-19200,-5060,-13503,68,0,-11824,-26232,-5352,-12059,-5104,0,-12285
-1466,-1104,7657,-8124,3072,13333,-1608,-1194,7649,-8128,129,14371
8836,-3160,15865,-16352,1216,66,8728,-2440,16989,-9658,2818,82
15360,-5200,4173,-11448,4608,21441,14890,-4332,4573,-11648,516,20544
11822,-5208,3883,8,3168,20480,14604,-4642,4705,256,2753,19584
19078,-5060,1785,8450,2576,3,18764,-4516,1765,8195,2569,4
15630,-2584,-4127,4426,129,774,14608,-2516,-4579,4232,184,8
11776,-4816,-9767,517,288,-14560,12862,6688,-9933,8379,17849,-14997
6656,-1224,-15931,544,2824,-22518,6010,7152,-16069,4384,15144,-22600
-4570,-5224,-563,-7928,2074,-30552,-6630,-6980,-18285,-3967,9316,-29137
-21956,-3288,-583,-8168,518,-20480,-23988,-4844,-515,-9216,148,-19952
-17124,-1944,-1079,-16128,0,7170,-18168,-1484,1009,-16351,11,8705
-1140,-5324,12001,-7872,2049,29184,-504,-1508,9949,-7160,2049,30720
23036,-2184,13625,-10111,1154,208,22792,-5228,12831,-10175,3094,6
14876,-4278,3549,6210,14,21025,14736,-5356,3589,6785,1052,20480
17036,-5334,-583,8405,2966,6400,18334,-5220,-277,15183,7469,7259
15104,-4206,-3629,8898,18,-1765,18028,-3514,-3011,12839,17444,-462
6784,-2248,-8775,2576,624,32,6472,-1716,-8339,2368,665,402
10766,-5208,-11831,4144,3072,-15840,10650,5672,-11287,4372,20130,-16172
-9348,-5272,-15937,-10992,3712,594,3038,4060,-15239,-3013,15896,-24703
-25508,-3024,-16451,-7104,260,-24416,-26288,-3308,-16927,-6639,1864,-24320
-25430,-1160,-16833,-6478,-32542,-9547,-25286,-1206,-16799,-7020,-32768,-7146
-1220,-4752,9787,-15744,512,272,-1264,-5322,11741,-15911,2322,8
14876,-3024,13119,-10240,945,0,14728,-5226,13789,-10076,2154,100
10748,-4400,3519,2821,2696,20482,14666,-4714,3677,3972,546,20080
14860,-5140,1489,9800,2119,10588,16946,-3170,2253,12488,6757,9942
15230,-4408,-1579,8288,2445,1257,14616,-5226,-2529,8336,2337,669
6660,-4248,-7743,1802,1232,33,6432,-4332,-7715,1280,2112,64
7884,-5260,-10815,290,2048,64,10196,5218,-11349,3182,23127,-14422
-5476,-1176,-16933,-5920,2082,-22888,2094,554,-16423,-366,14058,-23089
-5380,-3728,-17863,-2012,128,-24923,-5876,-4204,-17927,-1920,161,-25344
-26114,-984,-18463,-2808,-19902,-18795,-26360,-970,-17419,-2935,-21888,-17396
-7600,-3544,-7491,-7535,0,3,-5844,-3818,-6539,-7781,0,1035
-7684,-2454,7757,-14072,2120,260,-7924,-2284,8671,-15292,2212,17
15948,-4712,15881,-11229,3138,983,17184,-2540,12029,-9568,56,949
20560,-3268,9825,-12159,144,23145,18732,-3308,7731,-12256,532,22595
21512,-4264,3849,1027,4688,17602,18826,-5002,1509,36,4370,16900
15912,-5272,-583,5124,1588,6400,15144,-4332,-2077,4352,2080,4228
14884,-2416,-5629,5944,2322,0,6920,-3092,-5619,4096,33,130
8200,-1228,-9269,9,3592,168,9896,7600,-9309,8327,20508,-13408
-6020,-956,-14661,40,2252,0,5886,8026,-14533,2616,19109,-18690
-4600,-4792,-249,-4078,14,1347,-3088,-1580,-15547,-3670,14325,-24756
-7556,-5310,-17351,-2972,1224,596,-7924,-2274,-16217,-3966,1473,1152
-9668,-5240,-6623,-7886,0,3331,-9932,-4958,-4079,-8148,0,1326
-9696,-5190,10707,-14320,2058,2656,-9936,-5228,9693,-14136,2305,174
10876,-3288,10333,-6653,1025,161,11560,-5344,10229,-7789,2050,272
19004,-5060,5569,2098,3104,22596,17200,-5338,5601,1200,46,22534
23094,-4822,4345,8794,129,16776,22856,-4840,4191,8352,4116,17080
23036,-1170,-303,6145,1026,5253,23064,-1100,-547,6180,1067,4244
11092,-3208,-10687,4099,5400,-7600,19534,6504,-9637,12973,22281,-8262
7756,-2104,-14535,8584,1036,-18368,11690,10768,-15107,10115,25366,-18830
-6532,-4040,-581,49,0,-28670,-6840,-3932,-531,1,264,-28672
-17120,-1560,-583,-16128,129,-22976,-17912,-5324,-21345,-16283,2081,2
-17024,-4734,-69,-16120,0,1664,-17006,-5160,2141,-16240,0,1
-516,-3272,7621,-11117,2632,1026,394,-4648,7649,-11036,74,840
15886,-4184,10173,-7910,3072,328,15976,-3804,10269,-8191,3584,1
20358,-3672,5659,236,3,25744,19242,-5302,5663,289,3236,24608
23888,-2252,3809,18977,3681,10025,22956,-1750,1517,18788,520,9028
15296,-5076,-8237,4610,4188,823,14600,-4332,-8195,4168,4256,804
6652,-1108,-14903,6201,4142,8,10606,8972,-14489,7076,20759,-16528
-8322,-5334,-16967,2565,577,289,1056,4860,-16217,2344,12481,-26297
-5634,-1928,-16579,37,53,-27565,-5238,-3228,-16651,-2559,262,-26624
-17880,-4822,-10693,-3936,4,-16384,-15556,-4578,-9631,-3413,257,-15332
-5634,-5072,-3655,-7104,128,4134,-5608,-3308,-2529,-8160,302,5632
8460,-3270,7737,-16352,2307,30976,10788,-3302,7727,-15808,3333,31705
19454,-3208,7625,-9692,72,32340,19784,-3020,7901,-9845,0,32397
16658,-5336,5595,1144,6,64,24008,-3236,5597,1620,10,72
23620,-936,3513,6672,1152,400,23478,1380,4699,16231,10259,10166
7740,1256,-3639,17347,1184,264,15800,9316,-3729,17539,14317,-7809
8956,-5198,-311,1297,8,-14847,10158,10808,-10709,5364,30221,-14258
-1336,-1238,-127,-6008,2336,-18872,-1670,-5084,221,-7152,2128,-19069
-244,-3974,-16935,1028,257,8,-192,-3510,-17343,2131,-4527,-22171
-6910,-5328,-10817,-12128,357,1120,-7618,-18338,-10473,-2936,-24808,-18574
-896,-5272,-495,-7168,162,7456,3144,-5228,1757,-7546,2128,8981
19452,-5336,9913,1024,516,23808,18698,-3308,11877,384,2726,29698
23036,-2710,11999,0,3361,8,23118,-4792,11773,-8799,1360,257
15006,-4822,4557,146,464,417,18446,1186,5895,10089,4214,21763
11264,-1176,465,17408,2186,0,18940,3120,2149,18152,10289,5424
6948,808,-541,17408,1137,-17118,15268,10862,-7957,16710,19179,-17600
6944,-1840,-575,1024,5036,-20464,14486,10950,-18805,1480,32767,-20245
-1374,-5172,-549,-3552,2180,-25471,-1528,-2412,43,-4096,2084,-25140
-8772,-4300,-24065,2734,2432,-25982,-9560,-5348,-23577,2692,150,-26624
-5250,-5264,-8495,-5056,0,22,-2196,-17434,-6945,-5193,-32768,2002
804,-4248,9657,-16180,2116,2182,-1692,-5284,5857,-16283,80,34
14852,-5204,13797,-15839,516,560,14760,-3152,13855,-16287,2132,1348
14844,-5318,9665,2368,2084,23554,21340,-6598,10461,8386,-2157,23355
25636,-4624,4089,16384,21,8192,24904,-4576,3389,16970,2056,6241
11136,-3992,-519,8576,9,-6750,10504,-3930,-543,9654,1168,-7776
11004,-4604,-11847,8325,3152,-16380,11322,12610,-11979,11534,25084,-14862
7688,-4560,-16961,2690,2817,-18176,6596,12254,-17953,2838,32767,-17526
-8644,-5336,-24069,0,12812,-24576,-9720,916,-24995,580,10840,-27388
-19338,-1092,-24263,-5558,806,-24056,-19960,-3308,-23793,-6000,256,-22511
-15866,-5048,-8727,-8127,49,-5791,-16056,-5356,-8347,-8184,16,-4095
-1372,-2760,1465,-11092,200,15104,-920,-2656,3583,-10732,2188,16680
19460,-3744,9657,-12288,584,27664,18840,-4826,9701,-12156,2848,26113
19018,-4760,9661,710,2,257,18790,-12242,9961,2119,8398,24610
20222,-4200,4369,8192,2314,289,18698,-4284,5605,8208,2112,768
15376,-5308,1531,16536,292,262,14666,-5348,1567,8549,132,524
14844,-2120,-6549,8275,64,16,14856,-1768,-8735,8322,530,522
6654,-4272,-10247,8960,1024,-14320,11794,4778,-9475,9783,18093,-14240
6670,-1008,-15411,1834,1816,55,7020,7552,-15665,5293,14337,-20072
-8674,352,-19813,-6016,768,544,-268,1932,-18195,-5278,14281,-25424
-25524,-916,-19783,-3707,368,-24446,-14488,-9280,-20253,-3603,-4865,-23260
-22020,-4806,-6663,-12264,-25599,130,-22256,-5356,-6427,-12287,-28368,260
-8132,-1176,8635,-16318,1209,6,-8024,-748,10289,-12907,602,385
25284,-3010,21193,-10876,257,192,24930,-5212,21223,-11260,108,31
15360,-5320,4809,-12032,3073,214,15112,-6932,4961,-9801,28257,27108
11300,-4790,4561,1024,3203,74,12640,-3814,5139,11231,2058,18676
15932,-5264,1561,6559,2574,400,15574,-698,2167,5194,257,416
17036,-3978,-2583,1168,3148,16,16648,-5288,-4259,1297,136,37
7420,-4312,-10791,4640,1154,512,6432,-4324,-10463,4134,2179,132
6812,-4888,-13103,96,4610,644,8350,3706,-13561,3009,20745,-13180
-8068,-1176,-487,80,785,328,1756,-1326,-18863,2323,9341,-18718
-5500,-3768,-20423,-6144,1,-21351,-5236,-1768,-20439,-2041,1593,-21052
-19924,-2232,-21177,-11256,1616,-18200,-21496,-2722,-21219,-10935,9,-17852
-17296,-2112,-10695,-11228,4,-5879,-17568,-2072,-9953,-11830,17,8
-8892,-3800,-1341,-15520,0,324,-8880,-4844,477,-15836,0,1
1788,-5336,6217,-16228,2692,0,7816,-4972,6237,-16368,2572,44
28220,-2984,15833,2738,3417,26696,26920,-3146,15851,2048,2052,27153
18964,-5288,3513,4120,2728,25696,18696,-4252,5597,6278,1538,24576
18948,-3768,1785,4114,3617,11280,18712,-5272,1509,4120,3376,10257
14844,-2518,-1923,1088,2752,1605,16784,-2464,-2075,1024,3728,994
11932,-5334,-9769,6976,2322,320,12064,6116,-9863,7629,27311,-7358
-6086,-904,-519,641,4108,-17396,5266,7564,-15937,6653,15881,-16879
-6584,-1112,-455,-3840,1284,19,-7668,-1250,-547,290,1072,72
-7684,-958,-559,-7638,2134,528,-8272,-8960,-18541,-7996,-7178,-17114
-9450,-4824,-6085,-12269,177,-2960,-7784,-5084,-5135,-12174,0,-2048
3580,-5324,1481,-14240,531,14865,2910,-4892,1823,-14064,668,16387
23040,-4238,15067,-5946,1473,24656,20762,-3818,15893,-7904,1024,26988
10816,-3160,8157,-8192,20,25632,10512,-3208,8349,-7163,34,24659
15360,-4434,11769,2,33,19976,18828,-4260,11749,514,2184,19465
15376,-1240,5585,5248,146,12321,15136,-1252,5867,6230,70,11494
10236,-1240,-509,16776,2561,2120,9618,-704,-297,16674,3112,1520
7700,-694,-8767,4100,4232,928,15110,8636,-8749,13917,21426,-9119
9760,-2640,-16961,460,4616,464,10304,9234,-16433,5736,21932,-17401
-9442,-4760,-23047,800,1027,-23806,-9302,-5092,-22019,292,0,-23728
-18938,-5076,-20511,-6600,34,-20720,-20120,-3072,-19939,-7164,2196,-20176
-17412,-3796,-4675,-16347,3154,42,-17656,-4332,-5663,-16360,2337,130
-286,-2264,9701,-16332,32,3,264,-1940,8253,-16000,2088,144
11164,-5336,5565,-16367,549,24576,11188,-3276,5599,-16112,672,25030
17612,-5328,8129,-9080,522,20608,17178,-3562,8269,-9195,2316,20512
14912,-3232,7625,5232,1057,153,14620,-2796,6249,5783,1100,523
8700,-1234,-495,4608,4106,229,16680,2476,-801,15383,14813,-520
8876,-1216,-11523,8256,2704,1280,12732,7558,-12349,13215,18471,-13599
-6536,-1682,-473,4096,3328,529,5228,1718,-19743,5595,12092,-25388
-9460,-940,-26177,-3807,1081,-24366,-20206,-602,-26595,-4044,1060,-24508
-21888,-3734,-7483,-15295,68,17,-21238,-3292,-5411,-15354,72,0
-7420,-1152,9693,-16383,1873,22786,-7568,-1492,9835,-24047,64,24612
19714,-4804,12985,-11264,1280,24641,18960,-5356,12015,-10656,3347,24592
22084,-5960,9273,2436,1088,20821,21312,-5146,10823,4163,18111,20676
15390,-5336,4073,6690,3544,2088,18566,-702,4163,14198,4628,2730
6780,-4998,-8767,1250,1616,33,16940,3794,-8099,9606,18676,-4432
10814,-4178,-12805,5540,640,8,10722,3894,-12401,5787,18548,-15445
-5996,-4676,-15575,1340,2263,3,-6392,-5290,-15839,16,2305,131
-4600,-2736,-535,-5106,3008,-20224,-5880,-2476,-275,-5056,2385,-20212
-24020,-2264,-16891,-10816,576,-13291,-14870,-13820,-16067,-11369,-18689,-12099
-17412,-4054,-8255,-26608,1314,1164,-17584,-5292,-8157,-24572,341,1028
14916,-1216,11969,-8120,0,577,15112,-1236,12519,-6909,514,256
6652,-4270,4033,-5748,16,22595,15618,-15628,5803,322,4418,22353
19004,-3152,1551,9227,4129,137,19498,-7228,1025,14075,12174,6377
15048,232,-3655,138,2368,148,18404,132,-1503,7886,21758,-4066
11772,-3128,-7623,4133,1024,4128,11272,-4736,-7423,4142,1156,32
-5634,-5176,-16451,129,39,4102,3310,-1304,-14983,2158,16057,-17793
-7168,-2262,-27647,-7791,128,1337,-7480,-2964,-27161,-8190,24,4118
-9220,-4030,-455,-14720,4299,512,-9832,-4332,1501,-16224,5282,258
-19348,906,-6179,-24568,308,2192,-19638,-1132,-4067,-24550,2,100
6924,-1176,12001,-8176,0,3408,9514,408,13791,-7992,0,3336
15900,-5288,9689,-7798,2066,1024,16964,-16412,10133,-6159,3653,31776
23302,-4888,7625,8898,1033,0,23370,-7460,8749,10800,5678,14212
19580,-5272,-579,16576,257,325,19474,-4874,-401,16502,4096,260
7228,-4818,-10823,8705,233,38,6956,-5292,-10493,8496,4361,1544
7174,2940,-311,2034,500,2099,6592,3000,-15497,5654,20451,-17333
-5364,-3668,-583,-3062,329,17,-7216,-4074,625,-4088,3104,195
-17412,-4088,-143,-14256,400,-22520,-17112,-3764,-547,-16244,512,-19967
-13682,-3910,-575,-23280,419,4,-14024,-5290,-537,-23540,2348,1162
-9630,-2870,4191,-12278,4454,1,-8952,-2940,4069,-12272,4870,0
10766,-1228,12827,-10814,6157,1024,10910,-16668,13123,-9414,-1342,29336
16894,-1998,8057,514,2064,516,17858,-9076,11377,8519,2174,21009
15356,-5270,-23,9224,308,1192,17990,-2904,2051,13775,9488,8880
14856,-1740,-5959,8736,330,1604,16502,-1172,-6205,12673,16951,-663
10756,-4398,-583,8193,7280,840,9848,4172,-13363,7756,15903,-12226
-5888,-3968,-575,-7667,8264,-23261,-7212,-3306,2851,-7661,8368,-24239
-23812,3442,187,-8152,4128,-18292,-15352,-8824,-14897,-6298,-8651,-17178
-16864,1600,-323,-16368,1024,-4000,-16884,1364,-8507,-19840,1160,-2944
-9594,-4824,-547,-21504,4200,6224,-9700,-5100,227,-21385,4640,8282
-1524,-3266,6077,-16376,4219,22537,268,-3308,6141,-16381,4164,23746
14880,-4540,7753,-8184,528,24576,14856,-4328,8305,-14936,97,25637
23108,-4808,9735,8964,4128,23594,21050,-4928,7645,8913,4177,22277
19142,-5188,3513,8193,4272,6690,19594,-4530,2911,14654,13613,6177
15002,1580,-4455,8484,323,-3823,8200,1020,-4611,8197,385,-3840
10378,-5208,-9599,8,4225,-10813,9898,4336,-10451,6249,21660,-11378
-4610,1134,-537,272,176,-18428,-5592,872,-18339,121,2050,-18280
-21316,-974,-20803,-7294,0,-23728,-20470,-986,-20059,-8192,8,3
-17540,44,-13863,-15328,-20067,-9952,-18126,-188,-13841,-16312,-20992,-8823
-7652,-5296,5953,-23552,1282,137,-9974,-4844,5597,-24320,77,2
-1530,-470,3789,-14192,1536,320,-1676,-704,4671,-13800,902,68
14902,-2512,8665,-9980,152,338,14728,-5260,8945,-9710,1330,424
17924,-4312,7609,-11052,4184,140,18828,-11116,9021,-1556,5999,24658
19292,-3800,6511,2182,1587,139,19418,-5558,6407,11111,3850,14815
15148,-5074,3705,6153,1216,256,14600,-4844,3233,6145,1987,769
14910,296,-3655,4100,84,26,14992,598,-3509,1809,542,22
13440,-5280,-579,700,226,515,13292,3980,-8397,8739,25166,-7611
8700,840,-559,8721,4384,128,7448,964,733,1792,4352,0
-6500,-4568,697,1281,2051,-22976,-6888,-5228,745,144,1058,-23000
-19972,-216,573,-5724,866,-23496,-10600,-7656,-29233,-5829,176,-23290
-18784,-838,-319,-13692,736,-12224,-18400,-13980,-17899,-9934,-25044,-10504
-8916,-5334,-511,-21750,1025,3172,-9062,-5220,-275,-22008,1572,4732
-7568,-1200,6617,-14334,150,19840,-1526,-1250,5757,-13823,1584,20747
19458,-4052,11773,-8080,256,39,19218,-4810,11743,-8190,3204,144
19198,-4774,8689,128,516,17408,19554,-10040,8615,3100,3444,16758
19708,-4792,1721,9984,10,4354,19602,-5486,2395,14493,2272,5447
14878,-3260,-4167,10386,4096,-3008,18848,-2840,-4939,11665,16031,-3203
7748,-5336,-71,432,5192,-8128,6476,-5354,-547,512,5389,-8792
6844,-5238,-16863,130,4125,35,6804,-5356,-17819,576,2874,0
-5122,-3282,-26615,104,3608,356,-5768,-4270,-26979,-992,2080,328
-23986,-5316,443,-12268,-14336,12,-26316,-5354,521,-11455,-14324,1028
-17784,-1176,465,-24552,1104,1228,-17528,-1988,-227,-23992,1059,12
-17666,-886,-479,-23486,1554,3112,-16120,-700,-535,-24414,70,528
1672,-2648,8761,-7900,184,592,8584,-620,8925,-8183,33,512
26748,-1236,18395,-7358,2179,1837,24856,-236,18051,-7928,32,516
17950,-1924,11721,4099,160,2082,17704,-4844,8679,5124,384,1024
14846,-5296,1097,16456,272,1097,16712,-5356,811,16452,1094,464
16292,-3754,-6149,10240,152,656,16706,-3618,-5667,9324,52,1408
9484,-3288,-199,4616,1288,-7416,13862,-2792,-11187,7910,20574,-7804
7748,-4272,-583,4448,1026,-16288,7080,-3744,-419,4352,1060,-16272
-1028,-856,-511,-5374,1538,-22507,-1744,-5276,-483,-5950,1170,-23156
-9696,-4936,-543,-7071,2562,-19840,-9884,-4460,-547,-7776,2065,-19837
-19630,2856,-20215,-11008,1024,-20468,-12724,-9862,-19669,-10034,-1772,-19235
-25524,-1216,-323,-12027,128,-11232,-25324,-868,-387,-12781,264,-10594
-26060,-4270,-511,132,-24279,37,-26232,-5282,-227,0,-25866,524
-9732,60,11277,-16054,-28543,16,-9648,-204,11821,-15292,-28351,1292
7420,-4822,12477,-16234,2464,2088,7048,-5354,7741,-8142,146,512
8720,-5304,11725,1041,1025,2688,13322,-10392,11295,2314,-5576,22635
15492,-5180,4697,10385,2048,2210,18090,-2068,4325,14434,-4260,10027
15872,-4808,-563,11460,2195,129,15624,-4816,-543,11334,2179,32
6652,-2872,-513,864,640,560,6442,-3244,245,545,2259,520
-1538,-1172,553,132,1024,391,5650,7036,-9665,-139,20548,-11137
-2264,4156,1505,-7888,264,-14645,-3686,3872,-467,-7664,3328,-14752
-8510,-4278,-69,-7616,160,-15808,-9816,-5288,93,-8164,33,-15869
-21828,3370,-571,-14332,2050,-9290,-18130,3044,797,-14588,519,0
-17890,296,-535,-15773,3076,163,-18160,-5356,-379,-15744,2120,96
124,-1208,9913,-16296,0,1088,-7892,-5356,10995,-15288,528,1152
7396,-3220,11985,-16336,712,1200,7626,-3284,11741,-15164,6609,23956
14876,-3368,11705,-8176,1152,1569,15030,-8484,12965,-1171,4083,21715
14846,-5068,6605,8210,2160,1153,14990,-4230,7461,9661,1441,12783
14882,-5304,2553,16928,896,6,17150,-1284,2609,17070,1579,3751
10764,-5188,-2087,8596,660,64,10762,-5346,-2015,8364,67,17
7190,-432,57,8304,2052,0,6880,-198,-535,8393,2176,-6784
8974,-2316,-311,279,3090,132,8598,5882,-12157,5552,19685,-11341
-8658,-3784,-583,272,2308,144,-8920,-4316,-239,-3581,2053,0
-9176,-1230,1465,-7680,545,-18423,-9976,-1260,1825,-7679,15,-19676
-17668,-1182,425,-12288,263,-10919,-17894,-3656,-483,-12224,2560,-10168
-7934,-982,-583,-13804,642,64,-7876,-5292,-1539,-13952,10,48
-1028,-5122,7641,-16384,1,1044,336,-3750,8637,-15604,48,1041
15368,-2710,12225,-16319,266,1033,15168,-2780,11751,-15360,424,1280
14844,-5316,8413,1472,4126,1040,15338,-8628,10349,2726,4571,17239
14940,-3096,5561,9216,258,2401,16768,-1324,5827,14482,1920,6256
14844,-4696,-2119,8658,128,673,14628,-4836,-2083,8228,772,273
7388,-2984,-583,10241,145,1298,6930,-3308,-505,10500,593,259
9230,-788,609,1537,72,-16229,8596,2548,-13981,5687,17285,-16322
-7556,-3652,-483,304,2228,-19936,-8856,-3806,-547,24,1128,-19967
-9298,-4558,61,-7928,7,-18230,-9976,-5098,-411,-7912,1057,-18216
-24068,-1704,-519,-16288,197,-11128,-26228,-2276,-529,-15600,2063,-10234
-17906,552,-569,-14464,296,550,-11842,-16180,131,-14327,6,2097
-7404,-1144,7611,-15822,8,18690,-1768,-936,9725,-16108,1077,116
8204,-2226,16099,-16282,1072,0,11802,-7850,16001,-12633,6809,20768
11324,-4236,8771,1537,289,0,14170,-5882,8755,2400,659,12660
15358,-5280,3529,8205,193,112,15224,-1796,3309,12488,1929,3597
10892,-3286,-3319,10018,72,520,14034,-1890,-3941,9934,11158,-1482
8956,-1240,-7199,2080,1152,16,8480,-938,-7633,2049,704,32
6780,336,-559,1032,2578,-10828,10824,372,-347,1036,2324,-11180
-3460,2986,-583,96,3714,-16191,-3576,2904,-467,-190,12164,-15619
-5060,-3408,-455,-8192,2056,-18000,-3926,-1864,-21233,-8232,18371,-17379
-19940,-710,473,-14004,0,-15864,-20192,548,541,-14271,752,-16232
-25540,-3672,217,-15643,239,-8152,-25832,-3746,141,-15864,4,-7423
-9700,-4296,-4631,-15872,2086,3593,-9328,-4844,-2423,-16384,2272,4776
-1252,-2460,8515,-7159,1053,262,332,-1722,9725,-7103,1796,280
10822,-5010,12025,-7669,3650,2129,11802,-12312,12323,-3818,-8662,21094
19454,-4184,8139,2,1057,2578,19016,-5644,7799,5252,5986,10464
16572,-4176,1729,9216,2353,541,16276,-4588,1835,9229,2312,155
8864,-4814,-4647,2948,128,120,7460,-4556,-4291,2393,34,896
6706,-2478,-11,2178,2048,-6765,9072,-2340,-465,2112,2617,-6912
6666,-4200,633,69,0,-9948,6408,-4060,175,164,2832,-10222
-9728,-5316,1467,-7680,517,-14240,-8404,920,1629,-7544,517,-14320
-8692,-1176,1105,-13740,2228,-17290,-9656,-2232,1071,-14045,2064,-16896
-21764,-5060,-509,-12284,128,138,-22188,-5338,479,-12271,48,0
-9652,-1224,-443,-14680,128,512,-9966,-1092,-523,-14879,1552,560
14852,-2822,8299,-7870,38,1025,8556,-5092,10217,-8176,2561,1
15678,-3278,9465,-15344,641,0,14436,-7210,10831,-14047,9761,20328
10750,-5080,9757,-6136,3680,1280,13354,-7524,9941,-626,3525,19068
11454,-4272,6585,12306,769,1419,14602,-3548,6621,16520,512,384
14852,-3012,-551,10283,168,679,14600,-2784,-547,10273,2146,4
6724,-5332,-575,9472,3328,-5594,6490,-5348,-403,9360,3334,-5997
7740,-4790,-577,8192,2050,-10431,7494,3768,-10915,10261,15271,-10755
-5248,310,-183,512,2052,-16120,-5880,-716,1129,532,276,-16384
-9732,-728,203,-7676,0,-18156,-9956,-4708,-541,-8154,518,-18301
-23980,1328,-277,-14075,256,784,-24284,942,691,-14064,64,12
-19644,-3220,-183,-13240,2962,908,-10322,-12170,-11463,-12977,-17305,-2319
-16836,-5336,-199,-12256,1074,2118,-9974,-5224,-547,-12280,265,0
8716,-3246,13793,-22415,321,2,8460,-3234,13821,-22322,2064,1928
14862,-3032,9659,8232,4108,308,18598,-12722,11461,9427,-2143,13996
10748,-4796,1505,8320,534,538,12888,-1874,2935,12376,773,6264
15358,-3288,-2629,10378,1024,340,14628,-3292,-3615,10320,1548,6
8700,-5188,-8119,2148,2098,645,7454,-5340,-545,2074,2129,337
6652,-5300,317,2633,2562,-9976,6440,-5354,237,2056,2562,-10656
-5508,1320,445,-8182,2130,-16816,-5624,1020,-291,-8120,1024,-16864
-4984,-3208,1531,-7495,3088,-16384,-5878,-4292,1575,-7808,2820,-16347
-19896,1416,-69,-16364,1040,-15866,-20016,1308,509,-16344,1862,-15662
-16892,-30,-567,-15260,260,-3952,-16888,-196,-195,-15103,3,-3318
-7140,-4824,4605,-15984,2308,609,-7928,-744,7705,-14333,2176,405
6784,-4532,12217,-12032,4224,16,14650,-1962,13281,-16343,132,3072
15104,-4776,8957,-16378,2068,2658,15636,-7250,9721,-7011,10182,19381
16412,-4548,5561,8193,4230,1792,16188,-4350,6297,9505,3434,9191
16898,-3928,697,8192,4102,552,17678,-1884,861,12163,5876,-2945
6848,-1912,-5691,8224,1557,2828,8064,-1772,-6115,8224,1347,3076
9246,-5240,-8451,640,2115,2061,8844,-5332,-8451,32,2182,2112
-4338,-5030,-18727,-8792,2050,44,-5432,-5352,-18847,-8176,2052,768
-7172,940,-24119,-6046,512,-20344,-7896,852,-24067,-8122,272,-20271
-19436,-5312,-14913,-16283,-13817,2050,-20150,-5340,-13715,-16350,-14326,56
-17924,-2648,-8311,-15855,10,2112,-17902,-2782,-6623,-14332,1,129
-8058,-1240,10429,-8110,65,1196,-208,-146,10045,-7996,626,1736
24322,-3096,19901,-16384,518,2180,21864,-8444,20175,-11232,4241,29656
18524,-4760,9665,2048,4298,2272,19114,-9168,10133,3522,-2282,17908
18956,-3350,3579,16392,145,2091,19294,-3312,4081,16582,466,3204
14854,-3284,-543,13577,12,1,15018,-3234,-411,13608,4481,256
8718,-1232,443,8196,2068,-7036,7960,-1196,481,8296,2186,-7037
8716,898,617,8704,138,-9838,8132,1308,257,8451,128,-11903
-2254,888,2495,2080,4098,-19135,-2644,-5344,2271,2050,4096,-19392
-2308,-4976,1737,-8106,72,-23482,-3320,-5220,1501,-5612,716,-23544
-17918,812,2075,-14200,344,-15213,-17780,828,1567,-16382,6,-11581
-17658,-3160,701,-29560,2563,4897,-18168,-3244,625,-28600,3092,40
-9532,-1204,8713,-11774,1104,1040,-8696,-604,9317,-10100,1549,836
9276,-2264,12927,-15868,4424,1473,6410,-3180,12721,-15840,4385,1681
10750,-2942,3769,16,4132,144,13376,-7336,6583,709,-1371,13872
15580,-5204,569,16396,4242,367,15340,-1392,1839,18970,-2858,1467
10804,-5304,-2231,9224,4124,32,10504,-5276,-2593,8768,1361,-6830
6660,-5282,-191,1537,3270,-11256,6408,-4054,-307,1410,3080,-11070
7302,-5314,635,-7877,4897,64,7810,2690,-15191,-1666,21864,-17662
-8548,-4224,1041,-7959,208,1041,-798,-2356,-22053,-4712,19864,-19120
-9732,-5304,57,-14336,1169,824,-9068,-4838,-417,-14063,1024,898
-21860,-5326,-435,-11248,307,96,-18226,-11654,-18455,-11075,-9688,-11011
-19812,-2644,-449,-15606,3373,37,-10844,-15296,-4715,-14851,-25339,1816
-7660,-2712,-551,-20672,525,82,-7540,-3206,-547,-16384,2369,518
19004,-5040,12217,-15093,1046,33,16154,-4076,12577,-14047,2752,2065
16904,-5080,7673,560,4608,648,16712,-4230,7145,2196,4418,64
14888,-3788,5699,8232,1299,264,18248,-3564,4661,7610,1728,300
15890,-178,-4647,2048,6156,1580,15660,-84,-6283,329,0,1058
10286,8,-13893,4098,5312,771,9616,2190,-13591,4202,20897,-12622
-5600,-784,-531,-6144,1219,65,2772,288,-21211,-2965,14895,-16270
-8578,-4150,-581,-12286,28,-16330,-8606,-4316,1565,-11736,321,-16320
-25732,-5080,-535,-14256,536,-14332,-25842,-4636,-219,-14332,720,-14270
-17924,-984,-455,-22264,2320,-4072,-18040,-3286,-291,-16128,690,-1980
-9732,-5078,9663,-16383,728,90,-8436,-5356,10853,-15674,576,260
14942,-5048,17597,-6128,2260,192,24846,-2280,17397,0,3266,317
19516,-3256,9689,2368,2048,0,18860,-5084,9719,74,2176,88
19580,-5078,1977,9248,36,128,19356,-5160,1501,9257,1026,2
14940,-5264,-4159,9217,4432,24,15178,-5354,-4511,9218,4096,141
8700,-2514,-243,1330,514,46,8202,-1172,-35,258,0,130
6750,-5320,25,772,66,36,6536,-5216,61,516,16,424
-8192,40,573,-8083,1120,-17020,-8924,92,685,-8104,43,-17152
-9538,-1240,-575,-16062,6,-16350,-9804,-1220,-477,-16380,69,-16359
-18420,-1222,-319,-14335,139,-10231,-18664,-4308,-147,-15593,1162,-8924
-17664,-984,-6711,-13951,1056,632,-18166,-680,-6389,-13888,192,641
-4,-1236,11713,-14236,1038,256,-616,-1150,10719,-14271,1864,1032
7934,-4688,11977,-14399,2310,277,7432,-4844,11741,-7038,1388,122
15104,-4280,9917,65,1226,560,14942,-3678,7905,35,1664,2
15900,-4200,2257,8273,1075,598,14602,-3820,2025,8260,4098,5
11038,-4170,-5319,9360,4259,-4048,10656,-4308,-525,9088,4228,-3680
8956,-1240,-567,386,4178,-8928,8520,-1116,-383,65,4416,24
-2516,-5302,-519,-7644,4196,1,4824,3944,-12837,-775,14159,-14417
-4612,40,-67,-5600,824,128,-4836,-232,-547,-5815,600,14
-20548,820,145,-12286,819,-15228,-21572,968,-543,-15900,514,-15156
-25028,-1136,-6979,-16220,1290,-3995,-25692,136,-5651,-16088,1280,-3064
-8708,-88,3529,-15294,640,12560,-9616,-234,5957,-16378,452,13316
1600,-4566,9913,-16352,64,32,6424,-4844,12009,-16384,182,4
6908,-5168,7609,-8168,1796,38,9442,-11892,9643,-7059,4983,16733
14924,-4056,7673,408,541,256,15250,-5732,8763,3323,1783,12172
15200,-5272,2275,9740,0,64,14954,-4792,2013,8341,266,326
14998,-3160,-4551,8320,5121,-464,15010,-5160,-4575,8205,4114,-504
7036,-5256,-10863,7212,2616,5,6700,-5356,-11163,7196,2112,172
-3440,-3832,-13639,-7898,2412,20,5496,4412,-13753,-550,19017,-16799
-5450,-3240,-483,-4263,49,1154,-5880,-5324,-443,-8192,1064,1280
-21732,1064,-291,-7896,32,4,-21734,1092,233,-8150,4,320
-24836,-2772,-551,-12256,66,-6011,-24020,-2728,-515,-12139,129,-5376
-9176,-5336,-4023,-14324,517,260,-9406,184,-2547,-16040,709,321
1588,-3924,5609,-15296,516,274,-470,-3260,5693,-16374,1542,256
10748,-3288,9689,-15850,4112,2,12450,-10468,10847,-13048,6359,19849
15360,-5336,9737,200,4353,16691,17074,-7616,10967,2370,7008,16813
16124,-5080,3627,8324,1036,8516,17722,-4338,3847,11316,10087,7918
9280,-692,-3591,4612,128,768,8840,-356,-3475,4617,157,282
9750,-3288,-10547,6156,67,2176,8890,7068,-10663,6715,18053,-10383
-9156,-5204,-17863,-6904,4112,2753,-9848,-5298,-17937,-6004,2896,2704
-9668,-3156,-451,-12064,8,1169,-9704,-2600,-29,-12284,1088,1182
-25572,-5208,1601,-15872,2092,-8666,-16540,-11322,-9093,-11568,-14708,-7358
-16900,-5326,-3891,-16127,2370,5136,-9968,-5312,-4057,-16188,2436,6212
894,-5168,4857,-14820,3592,21009,-1192,-5322,5737,-16060,36,21836
15102,-5336,11963,-16384,28,21168,15082,-9034,11161,-11748,10971,21050
11052,-5134,9919,-9516,9,18452,13088,-7368,10565,-423,7629,18102
16388,-3540,5589,2057,5154,1,16078,-3492,5711,11753,7997,8738
14844,-1880,-1499,1866,4098,52,15588,-1318,-1727,12068,12707,89
12544,-3096,-575,0,576,1856,12028,1288,-7911,8148,20250,-6788
-5604,-3540,653,532,4164,10,3024,6650,-16159,6143,12727,-16492
-9568,-984,-439,-8064,64,-17792,-9968,-988,-267,-8159,961,-17856
-24956,1960,1465,-14263,160,215,-17124,-6134,-20313,-10010,-12531,-10056
-8644,-1240,-327,-15296,3077,386,-8466,-9946,-6291,-14975,-16998,2594
1568,-4760,13273,-11965,1138,17216,-712,-4560,12701,-11967,278,17408
11784,-3270,11897,-13118,1107,14472,11656,-2786,11789,-8185,840,16648
11020,-3156,9657,165,2097,400,13002,-3494,9529,1125,5941,11501
10276,-2742,3937,8710,2056,780,9484,-5096,3837,9256,2432,304
6832,-1656,-135,8386,1044,796,6472,-1612,-475,8402,1544,536
8836,-4806,-527,2333,2049,-7140,8476,-4818,-419,2177,2149,-7062
-1540,-2066,-293,3138,3,-14264,5124,1834,-12621,6708,3886,-14416
-7492,-5336,189,-16383,2052,-17264,-806,-4592,-17885,-11697,18767,-16540
-26100,-144,1467,-14780,546,-14068,-25572,-506,1505,-14681,1281,-13247
-25602,-598,513,-13822,833,0,-17056,-9544,-9733,-13133,-15814,1054
-21956,-3224,-35,-15786,512,409,-11764,-18950,7025,-13824,-17767,19946
7680,-3670,17097,-14512,512,640,6920,-3292,16993,-14392,1156,536
15940,-2936,10227,-7136,1176,260,15994,-10986,10897,-6155,13578,20577
18750,-4248,7787,8770,132,1161,18908,-3704,7655,11893,-3078,10664
15410,-5208,-583,8976,4114,418,15784,1296,467,8248,4114,512
6660,-4566,-4671,8192,64,133,8264,-4322,-5915,5640,534,41
8908,-3288,-55,6156,1696,-11355,8768,-3174,1,5124,1153,-11584
-1396,-1108,-317,-3967,2496,-15136,-1646,-1194,-539,-4058,2130,-16383
-7298,-2040,-577,-8111,356,-19456,-108,-1614,-19233,-4041,4314,-19087
-8400,-5072,-69,-14316,900,-17645,-9688,-5324,221,-14814,640,-17152
-24506,-2746,185,-15072,86,-8572,-26318,-2794,-415,-14960,261,-8064
-17916,808,-7735,-13232,130,1028,-17624,-748,-6475,-13312,1028,1932
-9568,-5320,5705,-14336,4,403,-7644,-4972,3823,-14333,1827,1028
6908,-5012,8635,-15331,2116,2120,6408,-5356,9185,-15327,2112,2560
14858,-5052,12057,-7131,586,145,17858,-10394,15125,900,-5326,23797
18860,-4312,8701,8296,4355,2272,18572,-5418,8413,15795,4672,10157
15268,-1858,-359,16456,5952,0,15624,-1940,-547,16922,552,660
15966,-4312,-5607,6854,2432,83,15640,-4962,-6339,8196,2312,164
7196,-3140,-69,8897,130,-5994,14146,1784,-10443,12039,20373,-5939
11854,-5042,-15683,5888,1480,-16364,11148,3042,-15565,5632,1200,-17152
-9374,-5336,-317,276,1,-22452,-9736,-5082,-195,17,2712,-22392
-17596,-5144,-21355,-7799,296,-20456,-18168,-5316,-20451,-8183,8,-18424
-17796,-4292,-5959,-22399,152,261,-18118,-5356,-5659,-22508,32,104
-1260,-5064,4061,-16320,2305,664,592,-4988,4717,-9212,3088,424
12316,-4310,8251,-28639,2056,72,13786,-10938,7421,-20072,3259,24516
16908,-6616,3521,-8192,4232,16948,15508,-6332,5601,-7903,4144,16416
15008,-4822,3081,8704,5140,130,14624,-4764,3119,8227,5401,0
13820,-4180,-1349,2146,44,130,12816,-4058,-1347,2072,642,33
6812,-1234,-263,6154,5702,40,8344,7234,-7497,6294,22758,-8476
-6516,-664,-71,1028,144,-16048,5130,9812,-12779,773,27310,-16822
-8692,-3798,57,-2816,4395,-24575,-9464,-4844,-539,-2847,3330,-24558
-23290,-3904,-16935,-8047,12,-12288,-23656,-4320,-16643,-7790,74,-11088
-9202,-4184,4365,-16128,2125,11369,-7892,-4316,5149,-16240,2754,12677
10748,-4268,7753,-16384,3466,23073,11016,-5354,7751,-16347,1441,22341
11836,-12936,3513,-7676,320,18545,13096,-12464,5275,-5127,3425,18280
15420,-5016,3033,8961,3635,8195,17348,-3950,3297,8336,3585,7184
8792,-856,-1463,8576,3536,182,8520,-1120,-2337,8224,3562,260
7724,-2856,-6597,4608,1,1536,6878,-3306,-7567,4622,198,1024
6730,-5028,-439,528,460,-11647,6426,6480,-13999,-41,27351,-11848
-3524,-3256,1421,-5992,72,-24055,-3832,-4052,-529,-6144,897,-24396
-23778,-5080,25,-15327,528,122,-22260,-5354,-495,-16312,18,792
-22964,-980,7041,-15742,1153,1024,-21618,-1260,8863,-15808,353,256
1310,-3268,9691,-8056,1032,546,6506,-4650,9761,-6939,1363,671
14852,-4756,12233,132,66,1,17894,-8518,12767,5265,-657,16892
17916,-4232,5145,10768,2100,2,18322,-1860,4713,11471,3644,3612
15184,-5334,-2629,4610,3074,2560,14908,-4202,-4101,4296,8,2132
9104,-5192,-581,4416,65,135,8618,-5212,-529,4392,98,58
9854,-1176,-263,145,2321,-14334,9096,-954,-457,0,2052,-14334
-9604,-2264,-69,-7163,3776,-20095,-9936,-2284,-27,-7543,3456,-20368
-25604,840,-303,-13231,1056,-15280,-26040,792,-291,-13151,153,-12020
-24286,-3118,-449,-16314,64,-4028,-24216,-3308,481,-15104,448,-4095
-9726,-3672,1889,-15728,33,9360,-8686,-3780,1757,-14208,1568,12488
9724,-4306,3573,-12158,1489,16992,9096,-4818,5087,-11648,1024,16390
16636,-5064,9739,8369,1170,16649,16440,-5352,7789,8384,1024,15920
17490,-2264,7673,2188,2560,612,16712,-2220,5605,2721,2841,265
7334,-132,-3783,514,2832,3089,6972,-732,-4115,72,64,2888
11288,-2184,-10631,4104,2626,385,10938,2784,-10467,4253,31290,-8008
-6660,-4628,-199,2672,1424,1297,-7148,-4404,-547,1792,1291,776
-9436,-5204,505,-12027,10243,97,-9912,-4844,485,-11775,7697,24
-25724,-5004,-455,-14809,-17400,401,-24308,-5340,-543,-15216,-17736,2
-9474,-1212,-579,-15708,-22508,1096,-9968,-4972,-543,-14839,-23037,1032
15356,-3284,7939,-15100,398,21,14608,-3180,9031,-16381,400,0
14176,-5336,7931,-5752,34,17739,13982,-10264,7819,-3445,5379,17087
16972,-4778,5625,10688,357,7336,17374,-4248,5805,11096,577,6758
8836,-3796,-31,9371,1304,528,8480,-3554,-27,9248,2332,192
11516,-5328,-63,8282,4818,708,10780,-4332,-227,8259,4642,288
8188,-5064,-69,8,4352,1024,7690,-3676,997,601,5168,1064
-3964,-4568,635,-6784,586,-17088,-4244,-5274,-155,-7676,264,-17255
-9716,-3252,-515,-13782,105,144,-9944,-3178,-499,-13950,552,16
-17796,-5300,-555,-15824,1028,70,-18152,-2196,-547,-16218,514,0
-16634,-1112,-6725,-25864,51,18,-9848,-4836,-4631,-25523,545,1152
780,-4800,11977,-10086,384,512,6752,-5324,8797,1161,1504,16
15868,-3708,11713,-11232,2668,129,19624,-6882,13517,-1421,3389,15869
17918,-3288,3513,9482,3216,166,17438,-1792,3745,9768,3519,1671
9740,-5176,-1647,8256,4546,800,14022,-3006,-2251,7932,15841,-4608
6684,-4228,457,2122,5121,0,6408,-5326,575,2056,4096,241
6668,-3260,1,554,224,276,6512,-3308,-193,20,64,4
-5122,-3640,-59,-6831,1027,57,-5752,-3744,-547,-7866,832,129
-25726,824,-507,-14016,32,-14050,-25810,796,-155,-14272,576,-13948
-17922,-4232,-423,-16383,-16054,169,-18160,-4786,-479,-20983,-16510,1317
-7684,-5268,8093,-15614,513,513,-7864,-5332,8031,-16348,529,89
6692,-2958,4025,-16096,261,288,7596,-3100,7651,-16064,1218,417
17828,-5208,7609,8481,1,1070,21406,-4600,7733,9144,833,8582
15874,-5072,125,9217,1155,32,15942,-3896,1101,9574,11007,-1828
8448,-3280,-7347,404,4688,1064,7584,-3244,-7563,277,4677,322
7072,-5064,-11843,680,1114,44,6480,-4572,-12147,5,576,1603
-5504,-1016,-455,-5632,1056,18,2326,2416,-17003,-5385,18557,-16473
-6148,-4796,-583,-10111,7761,0,-9934,-4712,-371,-10240,6368,204
-24000,-1140,-15943,-16384,-9982,-11630,-24200,-972,-15137,-16256,-11128,-11120
-9692,-1224,-8731,-24570,680,380,-9900,-1252,-6659,-22916,80,1348
1600,-5272,5625,-8041,1248,21697,-1784,-1178,5613,-8120,512,20537
19048,-3224,13249,-7868,2,22594,20490,-3050,11749,-7931,1057,22025
17684,-4952,5561,8196,4120,11456,17082,-7876,5833,11083,6782,11150
14844,-5304,-355,4424,1810,592,17300,-4962,321,13041,13181,3792
7440,-5336,-8765,1,820,1286,6436,-5228,-8587,293,1123,768
10768,-436,-12655,32,4946,2178,10504,-480,-12665,45,5004,1288
-5508,-1232,-22471,-3947,50,1185,-9432,-5092,-22561,-7168,321,1376
-20354,-152,-25031,-11636,338,700,-20216,-1194,-24843,-12287,300,170
-17508,-4038,-9797,-16123,936,192,-17140,-4300,-9633,-16368,16,44
-8692,-5312,5945,-16315,2568,96,-7800,-5076,5603,-16315,2148,80
10756,-1684,8129,-7972,3425,26880,12188,-13994,7691,-6309,-15515,26608
20988,-5326,10169,100,4112,17840,21754,-7402,10199,9581,-3166,17065
15936,-2264,2691,5169,354,64,20042,-1378,2417,13363,10840,3591
15390,-4244,-573,160,260,294,14896,-4328,-441,9,898,17
9724,-1200,-501,2576,518,516,8588,-490,861,2705,64,1800
-9652,-188,-18363,-7102,0,-24054,-9526,-1256,-18721,-4070,1721,-22440
-17746,-88,-25079,-7669,-8183,-18326,-17014,-100,-24091,-7860,-11244,-16368
-17124,-1112,-6183,-15864,-21472,-2878,-16784,-3724,-4507,-16255,-21167,-2046
-5428,-5334,3827,-14335,2176,12308,-4174,-18464,4685,-12055,-22366,13751
15358,-5336,8641,-6832,8,21093,17996,-10952,9387,-4155,-10791,22312
19112,-2888,8441,9217,128,14464,21148,-5508,10005,9702,4921,13698
18504,-4304,2035,5883,544,2088,18444,-3888,2005,14060,9655,2033
14900,-5068,-447,912,6251,-5374,14048,462,-7707,9797,22921,-4594
6828,-5334,-503,2058,16,-12192,6940,6612,-14635,1680,27121,-12143
-9162,-628,-327,-15871,659,-16343,-8952,-678,-531,-15744,322,-16384
-24066,-5068,-20549,-16272,3457,-11771,-15118,-4592,-18781,-13304,-9923,-10623
-9476,-4110,-9981,-25599,2593,16,-8004,-10774,-8985,-18014,-17794,3558
-800,-3906,9945,-11960,2176,18819,3054,-3224,9731,-11260,2048,18498
11780,-4820,8743,-16251,4099,512,11140,-13136,9667,-13000,6217,19033
10748,-6104,9273,6152,4112,2112,15430,-6184,10007,8191,-2213,10426
15916,-4760,1209,10242,2180,1025,15656,-4780,989,10368,3210,978
8700,-3156,-4607,8192,1682,4,8974,-2976,-4083,8385,2168,224
6718,-964,-8709,1041,128,320,6418,-1260,-8699,1024,5,320
6684,816,-14783,514,4128,-13302,7948,-5356,-14689,676,4257,-14063
-9330,-718,-22087,-7662,83,-20348,-9848,-1060,-22491,-8149,3712,-20471
-22018,-4550,-31303,-15590,262,-20216,-26324,-5100,-31131,-15870,32,-19838
-22004,1832,-18987,-22512,138,-11232,-20720,1820,-16911,-22735,0,-11071
-22500,-728,-6583,-24288,528,4792,-18144,-3804,-6607,-24403,1569,6284
-194,-4568,6445,-13732,0,24614,2006,-24110,8051,-4918,-32768,26961
23036,-4562,13809,-10876,1280,28945,22916,-16322,14589,-9079,3617,29772
17916,-5336,8137,1280,2288,20033,18508,-10280,10165,2720,10130,19371
19648,-4704,3577,6480,99,258,19438,-3342,5757,16201,3261,7336
17026,-5000,-227,17360,164,144,16778,-4308,-163,16545,344,2435
8028,-1992,-8647,8752,2560,1668,6936,-2280,-8739,8560,7,1129
11022,-5144,-11845,2116,49,81,9616,-5020,-13779,2092,2560,434
-4994,-2200,-19141,2,144,-16364,-3828,-3144,-19487,154,146,-17566
-5122,-3760,-503,-15871,0,-22009,-5912,-2064,-24563,-10046,3144,-20638
-23908,-5300,-15879,-15154,1024,322,-24310,-4772,-14873,-15359,576,292
-21996,-592,-5693,-16311,-12788,0,-21496,-1100,-3949,-16235,-12648,545
-8738,-1056,5817,-15986,800,81,-9894,-1244,5741,-16380,112,532
15804,-5238,15833,-16324,2130,2,21528,-11450,18297,-16539,-2698,28086
16002,-5080,8121,-14202,4616,32,18530,-10446,8207,-5060,15396,19812
16128,-5304,5609,2816,4672,14480,16392,-4198,5867,3648,4682,13384
17438,-4308,-1467,6360,1570,5124,17018,-3800,-2403,6272,192,4209
11516,-1188,-583,2599,4368,562,10744,10080,-9415,11542,22472,-5070
7752,-5304,-315,67,1584,20,6668,-5284,-547,1544,1024,0
-9700,-1176,-20485,-5840,2080,0,-4598,-236,-20323,-5629,2116,48
-8642,-4052,-16567,-16327,2080,1170,-9912,-4516,-14585,-15999,2048,1224
-7226,-2646,-3655,-13183,1861,16,-7412,-4284,-2261,-16320,1216,565
25126,-5336,22171,-12790,5120,27154,22810,-3004,22557,-8504,2053,27328
10876,-5320,5571,-11184,4096,19488,13586,-8650,7293,-1658,14691,19661
15920,-4808,1469,2504,4232,8936,18146,-2264,2005,11418,4780,10523
14844,-3240,-3591,2560,159,-7663,16684,1276,-3971,11678,14563,-1762
6652,-3256,-561,424,776,-16366,7920,8938,-10289,8220,21375,-13518
-9732,-1136,-183,3673,2683,-24535,-9320,-4248,-415,156,2054,-22911
-26112,-3000,-18603,-8030,264,-19943,-26008,-3260,-17915,-8042,1472,-19928
-17876,-4182,-11591,-15230,-18104,-5888,-17784,-5340,-11663,-15358,-20128,-4857
-7652,-4888,8649,-13437,-18430,257,-7924,-5356,8685,-14059,-18044,298
27260,-4568,12217,-11232,66,1,22824,-5342,16381,-11116,76,1028
14844,-5080,7851,-10742,512,20744,18168,-9390,8495,476,22698,20254
15886,-4280,2105,5136,680,9736,18190,-3896,2021,13649,5041,9258
16068,-5332,-6593,3217,1296,17,15240,340,-6183,11380,16332,-256
10244,7496,-12735,4416,161,-8864,9490,8020,-11647,6376,24669,-9426
-9732,-5336,-16707,152,6,-19740,2232,5214,-15773,21,18662,-20003
-8652,-8756,-20935,-6135,-896,-22528,-9464,-8860,-20899,-7614,-1280,-22462
-17900,-11416,-14151,-14336,-15775,-10868,-18168,-11476,-14673,-16128,-16084,-10232
-8356,-16320,1493,-16368,-19116,1026,-8218,-16652,2721,-16236,-18089,8530
124,-18484,7617,-15336,-11727,1545,812,-18914,7933,-15356,-10175,82
14976,-5304,11805,-8128,2196,129,14700,-4772,11813,-8062,3256,8
15484,-4292,6665,5633,2,16452,17728,-7204,7589,6304,5536,16752
17916,-4180,731,2313,18,5169,18452,-3866,633,11512,7026,4620
10788,-4696,-5619,96,40,-5356,12364,4192,-6241,11550,12974,-6070
-8192,-5334,-10805,4265,592,128,-8676,11800,-9763,4195,548,274
-8508,-4984,-21927,-9216,256,-19628,-8952,-5056,-20971,-10238,33,-19712
-18562,-9208,-18743,-16220,448,-14000,-19162,-9428,-16771,-16384,7,-13399
-17508,-10390,-7103,-16128,-18430,386,-18112,-10262,-8731,-16368,-17920,0
-8958,-5332,4549,-11116,-18300,130,-9976,-18618,4189,-11264,-18047,146
15914,-11984,12347,-15280,544,6,16904,-10924,12429,-15346,440,514
14866,-7816,7685,-10955,169,7,14648,-7602,7487,-1795,18621,20863
15388,-5160,2269,7882,390,7192,15542,-2904,3633,8611,2960,6866
7932,-3920,-1479,6144,268,-2046,7064,-5356,-2451,6200,11,-3064
6652,-5206,-8775,4098,16912,-11263,5966,4978,-7591,5062,17519,-11337
-7588,-5064,-14845,-12252,10,-17006,-3070,2266,-15079,-3947,21326,-16957
-25668,-5174,-18759,-10688,4868,-14204,-22956,-4054,-18723,-11182,3728,-13488
-25116,-4182,-12843,-13165,-19799,-1790,-23134,-4070,-11667,-13952,-20224,-744
-9604,-16150,4697,-14203,-15616,17984,-9952,-16154,4669,-14208,-14144,19072
15294,-11476,13049,-14284,-5104,195,16712,-9960,13351,-14292,-4064,1034
15870,-11608,7705,-10240,320,16642,18692,-9402,9579,-2666,17417,18492
11036,-6840,489,1092,262,12821,11130,-6396,2475,2556,10743,12117
14940,-4952,1985,1312,129,140,15630,-3940,1493,9614,3170,-125
8508,-4888,-2231,6144,168,-3552,7960,-4332,-2405,6152,1089,-3578
7164,-3256,-7687,1034,769,-7934,6536,-3292,-7441,536,537,-8192
-9212,-3256,-12791,-11263,6,-12792,-1922,6604,-12301,-825,22611,-13148
-25760,-5296,-18615,-15344,1714,-14036,-26168,-5356,-18449,-16095,657,-14150
-23802,-5310,-17991,-9191,18,-11260,-25592,-4820,-17699,-9212,-1339,-10749
-25988,-4102,-8773,-12256,8,-1765,-14830,-6146,-7995,-11429,-11446,-203
-6876,-4042,701,-15997,584,8982,-6610,-9664,2313,-15237,-10101,9705
-8688,-5334,3797,-15134,8,18593,-1206,-13804,3757,-15334,38,19461
6700,-9424,11849,-11056,112,280,6824,-9316,11999,-11068,83,50
6780,-5060,7677,-14556,4,529,10466,-6746,9453,-4908,12627,15682
10876,-5334,3521,-8928,1152,13322,13142,-4330,6049,746,13474,12487
10892,-2872,1553,144,22,1027,13956,-2970,1111,8099,8565,2461
9796,-4262,-4675,7428,832,-4086,9496,-4120,-4433,7168,292,-4072
10748,-5122,-8759,269,20755,-8124,8584,-5212,-8601,33,20683,-8181
-7332,1704,-12289,-11087,48,-14846,4528,1578,-12545,-588,17309,-15376
-8932,-1684,-15687,-13504,10592,-20183,-9176,-1760,-16875,-14299,10240,-20446
-26084,-5296,-579,-7167,1024,-18838,-26232,-5306,-529,-8188,50,-16376
-23468,-10820,-13285,-15869,-11255,-11693,-23784,-11466,-12571,-16384,-14836,-11772
-21828,-15570,-7347,-15605,-22468,4096,-22158,-16556,-5345,-16379,-22443,5250
-9658,-21418,-583,-16853,-24318,20493,-7320,-21676,9063,-16839,-22335,21504
14856,-9296,15835,-16384,1345,24596,13840,-8300,15837,-16384,2056,23718
6668,-14548,11897,-7316,10280,19728,10722,-12590,11517,-1675,9435,19949
15932,-4440,7673,8596,610,10240,15684,-5542,7695,10126,3493,9624
16030,-4054,-551,2082,8208,544,15998,-3390,829,11247,8865,889
14844,-4768,-4671,974,12288,512,14652,-4752,-477,0,12290,82
11774,-5072,459,4112,18433,34,11528,-5094,-481,5152,18605,140
-5500,3642,1473,2321,14400,2054,2576,3324,-15157,2164,14095,-14308
-8578,-5058,3513,-8190,12392,24,-9462,-3356,223,-8031,12484,194
-22016,-8914,505,-15736,-6848,561,-22256,-8874,353,-16314,-7912,100
-23554,-8280,1611,-16110,-14302,1395,-14678,-8690,-10135,-16372,-13236,-2154
-17220,-17476,-447,-15355,-20094,640,-17618,-17628,6373,-15291,-20472,1712
-1284,-17304,-453,-14839,-12209,1540,396,-17284,-515,-14874,-8152,1291
14968,-9414,-581,-14336,120,528,12190,-7328,-499,-15360,1029,1096
15068,-5264,8665,534,9985,2961,14810,-5308,8093,4225,9730,2056
14848,-5248,3529,1090,4864,1544,15950,-4042,4413,9698,5171,5451
10376,-2988,-2373,0,10288,2092,14182,-2856,-2519,7914,12560,-2387
6652,-3266,-6591,4485,17408,3104,6408,-3148,-6297,5136,17409,3081
6700,-64,-25,1056,16384,2115,6408,828,-227,137,18457,2416
-5308,3240,-327,-13876,20608,2176,-6128,2856,-525,-14313,16384,1664
-9156,2936,-519,-14288,16708,1280,-1738,3478,-15715,-10020,20116,-15256
-7616,-4568,-495,-14458,12587,1280,-9426,-5324,93,-14304,9228,1667
-21946,-12948,-493,-16376,4737,2120,-22222,-13222,575,-16336,4096,2120
-24068,-11222,9,-16224,-11388,2566,-24036,-11460,-363,-16104,-11480,2816
-9704,-17304,-5671,-14286,-24295,0,-9382,-16878,-4933,-13732,-23078,6185
-1376,-20536,4341,-13120,-32316,3200,-1360,-15442,5893,-4305,-30132,21253
19010,-9428,14905,-8688,1344,304,20370,-8356,14463,-8742,6220,20645
14978,-7362,6081,4186,13571,788,17316,-6318,6047,5663,13857,14698
15374,-5158,-63,564,12337,1285,16482,-2502,-267,9012,13446,5311
6690,-5194,-71,88,17544,33,12564,-5320,-227,120,18474,170
8192,-5262,-519,1124,18562,800,7882,6550,-9743,3600,23730,-6911
-8546,5416,1469,-15088,21794,8,4218,6454,-13569,-846,22483,-14200
-9692,3434,-519,-16118,17564,21,-9416,2868,-515,-13339,17608,144
-9732,-4696,-21543,-16352,9440,2239,-9538,-3920,-21479,-14991,11009,-16576
-18948,-13496,-18887,-14141,-7936,324,-11258,-9156,-18343,-13787,-8792,-13227
-9156,-12372,-4063,-16079,-16382,1283,-9288,-12944,-4121,-16382,-16383,128
-9156,-20696,-519,-16370,-14712,232,-9206,-21204,-451,-15219,-15360,2088
2588,-18560,-423,-7918,-23535,2688,2320,-15532,-255,-7824,-22272,512
14976,-8436,-561,-10496,2208,514,14600,-5162,-419,-10496,4,384
15100,-5330,6777,2213,16652,1025,14802,-5344,6343,4102,16806,453
16382,-5144,-515,256,9409,1344,16282,-5286,-547,1040,9505,1332
15504,-2120,57,4130,20672,652,15238,-1630,-4665,6440,23621,1427
11324,4112,1515,20,28838,3138,9748,4642,-10123,2091,32098,-5373
-7548,11560,4797,18,20609,7176,4168,11354,-11741,2343,22673,-17386
-8692,-4750,-351,-7992,14978,5152,-8424,-5352,43,-8182,13074,4420
-20628,-11096,75,-15352,-11007,2115,-12332,-10024,-21647,-15991,-12079,-13743
-17922,-17622,-4119,-20462,-20478,40,-12228,-14134,-3713,-17516,-18323,-2916
-13292,-28304,2777,-11456,-31740,2328,-14016,-29908,4629,-7896,-31744,256
15100,-11400,-447,-4064,-24576,3264,14856,-13392,-33,-4576,-20472,3202
15996,-6600,-295,-8187,12363,137,19820,-6664,13435,-1322,13450,20246
18444,-5326,-153,8448,12305,128,18036,-5012,5395,9205,13854,12057
15276,-3544,-63,4864,6256,1540,17306,-3314,-283,14161,8255,3205
14972,-3220,713,40,18448,4256,10312,-2476,-291,244,19208,4134
7704,-692,187,5632,20485,128,10030,2164,-10737,5701,21727,-6582
-3584,4914,3557,2441,17187,264,4686,5130,-12223,2317,17296,-15879
-9292,1560,-517,-9728,10289,5120,-1560,646,-17463,-998,10045,-19221
-9732,-4184,1473,-15358,0,2378,-7522,-4260,-18897,-7905,882,-16840
-25720,-8216,505,-15177,-7136,3205,-26128,-9324,997,-15069,-7872,15
-23924,-12368,-583,-15855,-15228,2352,-22198,-12268,-541,-15838,-15870,2340
-9660,-17622,-487,-16082,1182,2049,-9974,-16198,487,-16384,552,2050
-1532,-16528,-467,-7144,65,1576,528,-15788,101,-6896,367,2049
14844,-13206,-55,512,-3516,0,15300,-12356,11437,2470,-2901,20743
15868,-7080,-551,8466,0,2083,19726,-5748,6361,10563,8662,9942
17020,-3288,-511,8259,424,1161,16650,-4572,-543,8744,1296,1032
15230,-2200,-5639,132,39,664,14600,-1190,-5507,68,0,521
7710,1992,-9399,7172,0,1324,7082,1876,-9605,7168,80,1028
8700,4968,-561,5376,14872,610,8504,5046,-515,4352,14609,17
-5208,1576,1473,-16318,14622,-15864,2304,1218,-18795,-7572,15963,-16072
-8964,-3252,1565,-16338,6464,-17920,-6584,-2798,-21349,-13727,6650,-16717
-26100,-9160,517,-27070,-3935,-13286,-24286,-9446,543,-26877,-3510,-12027
-25604,-10960,-579,-16320,-16244,-4062,-26096,-13030,495,-16367,-16252,-2924
-21220,-18008,-577,-13174,-16364,1124,-12396,-17694,6679,-12014,-16792,16906
636,-11716,11713,-12262,-8112,640,9334,-14588,11645,-8593,-5999,18364
7612,-11470,11705,-16380,1042,1041,11468,-10254,12307,-4960,6375,20102
15068,-4816,8641,4100,4383,1088,15206,-4428,10139,5064,6817,13122
14848,-4496,3553,1094,4641,1024,16746,-3132,4345,9791,7425,4777
10000,-3288,-2391,6189,14377,2059,13868,-2438,-2313,6289,15620,-1164
7998,-1240,-5879,16,17488,160,7480,-1196,-6139,56,17674,2642
7534,876,531,2117,17603,260,7032,788,-35,1220,17546,0
-9724,-1224,1853,-14519,12421,2597,-8400,-2284,1631,-14760,12312,2561
-9700,-3252,1481,-12285,5136,265,-9974,-4844,1501,-12285,4129,656
-24002,-12886,-527,-16175,-7104,1094,-24944,-12506,-195,-16380,-8128,172
-26084,-13258,-301,-25424,-13566,26,-17994,-13348,-9373,-17428,-9878,-1897
-21498,-18376,-63,-15486,-22333,263,-21224,-17580,-195,-15608,-22460,1096
8062,-28072,-389,-8639,-8188,16,9512,-14316,-515,-10875,-6044,2688
12032,-9400,9849,-12285,164,4161,12088,-7532,10097,-11766,6428,23224
11324,-8816,7757,-12286,12288,196,12280,-8320,7779,-955,12880,16520
6668,-3270,2667,5216,1028,1172,11404,-3074,3253,8008,2906,8857
7252,-2518,-519,9,8353,512,7068,-2284,-527,321,9384,260
8840,-662,465,4608,12905,4288,8476,-1066,477,4354,16388,4098
7886,296,-429,4378,20568,512,8078,536,-8141,4390,20959,-5738
6924,1576,3611,512,12928,4104,6782,1816,-12477,293,15965,-12922
-8678,-1982,2749,-14754,10304,4240,-1016,-1770,-18247,-6353,10825,-19984
-23298,-8918,1465,-12268,384,96,-12300,-8796,-17467,-11976,-2959,-21756
-24068,-13430,441,-16116,-12877,78,-15076,-12808,-15301,-16167,-14055,-11209
-17006,-21682,-483,-15295,-27120,256,-17784,-21228,-547,-15324,-24552,323
2,-12984,-419,-16128,-7608,1153,-56,-16978,-363,-16344,-7904,1128
16892,-7380,-7,-8175,5120,154,16506,-6980,12869,-5958,6857,22097
9132,-8864,-195,-7676,8192,1809,13060,-8470,6547,-367,10602,17766
15384,-5716,-453,1219,4290,4,15196,-5832,-541,1472,4559,4
15488,-4304,-451,1088,8275,2332,14604,-3788,-545,66,8352,2368
8708,-2904,-43,964,12944,4496,12402,-1810,-4051,9255,15224,-3016
7708,2984,3089,6404,16384,5125,9524,3516,-9099,7465,16882,-9578
-4608,-720,3515,288,1044,351,2952,2398,-13545,1287,12462,-16680
-9730,-5104,-567,-7765,3612,2339,-1890,-1458,-16699,-4481,3173,-21246
-25600,-12462,-581,-7768,-9975,8,-25760,-12508,-531,-7647,-10482,97
-26100,-9430,-581,-15997,1104,2096,-17858,-9934,-12207,-12643,-15654,-4015
-25844,-17496,2285,-16104,-15336,9,-24310,-17580,-377,-15967,-15328,1042
-7768,-17328,59,-11239,-16320,1,-9974,-17388,1517,-11136,-16383,768
9212,-13400,1611,520,-19295,2049,11420,-12826,13829,1735,-15497,26923
14976,-8742,-519,100,386,1040,18910,-8290,9739,5043,4922,19383
19214,-7260,797,8754,6380,32,19732,-6118,4719,9189,6586,8982
17924,-5336,-227,9744,10475,326,17708,-5030,-419,9737,10833,8
9612,-4760,193,8264,9762,408,11148,-4014,1569,8224,10496,584
6716,-1110,-135,581,16896,16,6932,-1258,-411,144,16748,34
-4864,-200,-583,136,20560,1088,2630,3192,-15923,42,20622,-15589
-10626,-2872,1531,-14042,12320,290,-11938,-4034,-22785,-8654,10832,-16584
-24896,-7352,-147,-16286,-11638,-10164,-21384,-7378,-12709,-14033,-12485,-7667
-13568,-12008,-1479,-16222,-19423,6938,-14008,-13508,1503,-16318,-19442,8229
6780,-19672,-383,128,-24408,104,6668,-19176,-547,1032,-24058,1033
12548,-5286,1479,-4040,-2800,5123,12744,-5220,-545,-4093,66,4177
15884,-3286,1625,4233,21250,3202,20810,552,8703,5171,22064,10668
15356,-1080,-343,1104,4,136,17096,-886,-345,9178,5073,-4928
9736,-4552,97,-14844,15454,2178,9834,-2356,-6871,-3058,15956,-9830
-6676,-9412,461,-16224,8802,32,-2624,-9130,-13047,-7966,8037,-7407
-9732,-7368,193,-16003,-6137,2058,-9976,-7366,1261,-16248,-6135,2053
-21636,-7228,-183,-15104,2846,3072,-24150,-7400,-327,-16384,3328,657
-7652,-3776,249,-16295,5,802,-7494,-3048,15723,-6904,3107,18789
-6468,-972,1049,-11632,8264,674,2384,-94,18821,-3187,8810,17062
9008,-1752,1225,6160,32,131,10504,-5060,495,6473,-6568,2162
7164,-184,-583,4114,3584,2064,13430,-6188,3569,7791,8557,-5345
9728,-3282,-4359,128,16840,2176,9526,-1978,-3029,2601,17608,-2211
7684,-5072,-4331,4361,11013,1,9474,-3796,-4659,5370,10620,-7408
7796,-5278,-8019,3105,8216,320,9424,-4072,-7321,2791,8297,-10951
2956,-7232,-583,-14591,9644,1353,2866,-5806,-12149,-7265,9868,-10905
-6888,-9400,-71,-16222,0,2320,-7910,-8920,-483,-16302,-6045,2402
-17410,-5192,697,-26366,-5454,4610,-10046,-3120,-3603,-17975,-2143,-1021
-25860,-12696,-359,-13312,-5504,6282,-22124,-8328,4283,-13126,-1332,16144
-25024,-8996,3513,-16383,521,5760,-9344,-7496,13077,-10213,151,22331
-4860,-5320,1637,-8182,5056,2049,-4852,-5220,1841,-7616,4201,2256
7708,-9140,-453,102,-1904,577,7434,-9184,-283,8,-1920,32
16988,-5332,-501,520,168,2626,16902,-2914,6173,8750,4956,6428
10846,-4792,-513,4768,12324,832,13672,-3666,-673,4923,14829,-473
11848,-4300,-5639,6403,16897,0,10524,-4260,-5649,7450,16720,1047
11792,-4312,-7239,7434,12576,553,11016,-4252,-8111,7456,12928,384
6652,-680,-67,1026,12568,490,6936,-710,-379,1098,12524,2081
-7428,554,-563,-16371,8960,2090,490,2906,-16031,-7414,7698,-19323
-25540,-9426,-357,-15346,-5624,2123,-13256,-8364,-16577,-13680,-1687,-16838
-21476,-7384,4193,-15856,55,2,-21496,-8932,3819,-15872,288,529
-22020,-17622,337,-23476,-19934,2048,-9512,-18128,7029,-16968,-18872,19847
16652,-11464,20857,-9935,-4093,1281,18898,-8788,20251,-9547,-2147,28714
18012,-11414,10681,0,20580,1152,16220,-7234,13369,-608,22188,20632
6656,-3286,2525,184,4098,98,7074,-2182,2543,7615,929,10155
14988,-3158,1673,8194,196,2072,14994,-1520,1497,14033,4101,-1822
7870,-1240,-3583,8779,12546,272,7444,-1220,-3615,8321,12288,165
9728,-2734,-543,16,19024,1088,9228,-2788,-491,280,18948,1043
8714,830,1893,2322,19460,15,8404,2010,-10717,2201,19626,-8881
-9732,-254,2617,-10266,8488,2087,866,1276,-13453,-2564,10471,-17387
-5628,-5288,-575,-12020,16,1536,-5748,-4776,2157,-13304,257,1552
-25212,-9304,1617,-16208,-3446,1056,-14004,-9734,-13413,-11296,-2867,-12382
-16894,-17296,-577,-15594,48,1088,-16494,-14184,-6297,-11387,-16346,-1890
-6650,-17032,-391,-22719,-20471,1028,-6806,-20970,-363,-22528,-19822,256
1026,-21688,10177,-14128,-15872,38,264,-20874,11367,-14160,-16374,64
17980,-5336,15949,-7760,1048,1218,17758,-2516,16865,-7391,1065,1072
9852,-8760,5605,1636,20537,64,13566,-7704,5253,2872,18689,16234
15360,-2872,617,4224,1152,1568,14606,-3242,-487,4128,1046,1074
8798,-1232,627,6184,14440,384,6960,-1236,-285,5122,16464,136
-2754,2856,-421,260,10657,161,4772,3016,-12487,1009,14420,-11102
-9452,-1016,3589,-10743,8192,2336,-8776,590,-17205,-11011,8538,-13903
-21874,-9432,3549,-13824,-6127,675,-19344,-7200,-11011,-13720,-5974,-5748
-23914,-17496,1569,-15864,-20480,769,-14992,-15496,5437,-15114,-16848,10138
-3140,-15528,-439,-15858,-12383,1776,7054,-14216,15393,-10653,-7351,24192
14980,-6096,-567,-16380,12824,2048,14346,-4754,13339,-7566,14628,18901
11028,-4816,8121,2172,17672,3074,14014,-3758,8497,3417,17569,14972
14852,-3120,3769,4097,-3200,3937,15938,-2794,5377,13059,-1965,3172
6664,-3272,-581,1058,6144,785,10184,-2694,-699,9841,7368,-3413
7164,-4294,-3823,0,14338,2288,7004,-4326,-3619,0,14370,974
8700,-5320,-7879,1288,21810,70,8660,-5098,-8075,961,21534,0
-2992,-5282,-247,-5380,19136,42,4552,-2308,-16473,-4394,22102,-11143
-9720,-724,3521,-16376,4230,272,-1010,-630,-21107,-9672,4477,-14892
-25744,-4308,-583,-16383,-3824,1607,-14598,-2424,-15269,-15658,-3980,-14203
-18604,-12988,2725,-16284,-11254,416,-26196,-13544,1537,-15788,-12262,2116
-16798,-19272,-279,-23005,-29694,39,-9832,-21720,-381,-23523,-24320,1280
16444,-23092,22237,-8192,-24576,4238,14634,-17384,24417,-7917,-24382,4216
23256,-6294,-455,-13184,18560,4,20802,-5974,11083,-4952,20640,19417
6656,-11480,-387,4097,10240,353,12200,-9510,8345,7567,9333,19777
17072,-5176,-503,17954,4753,1810,17254,-2894,1367,17584,5957,1468
9724,-3190,-549,1074,16900,1300,14600,-3160,221,1078,16898,337
6652,-976,585,936,16964,3088,11798,726,-11303,9937,16894,-9429
6700,3432,-55,4181,9136,40,6792,3998,-15087,4828,12070,-16272
-9472,-3224,-583,-16064,10243,1568,6408,-5356,-547,-16341,8706,2192
-22978,-8790,1739,-9984,-8063,2316,-23800,-7382,-531,-11504,-10752,2344
-24048,-12878,-67,-28669,-17712,1696,-24280,-12988,-339,-28604,-18096,11
-17914,-17582,8187,-15999,-15832,1572,-9808,-17612,8365,-16383,-16319,2562
6912,-15576,16893,-6620,-10696,1090,6538,-13340,17581,-7166,-11774,93
14976,-7284,10171,-15224,14338,258,15016,-7324,9277,-15032,15369,1806
8704,-6344,2493,-8192,17420,274,12830,-6376,2429,-5941,20596,18887
11488,-5234,3557,816,4160,528,14856,-5308,3809,2381,4288,1542
12420,-4998,-191,4134,8193,154,12056,-5324,123,4161,8204,136
7356,-598,-479,2061,16400,2115,11804,1076,-8853,10160,17018,-5227
-7614,9132,-575,2851,22024,0,5350,10582,-12751,3824,21908,-14236
-9452,3136,1849,-11262,552,2576,-6532,2744,-22027,-1708,12454,-21970
-7618,-13016,1725,-16117,16,2092,-8344,-8874,-21451,-11098,-359,-17508
-17572,-17592,-563,-14176,-18539,16,-14188,-14480,-7527,-13387,-18663,-6841
-8700,-17352,17,-15781,-24501,2050,-8680,-19564,543,-16256,-22909,88
-6852,-22996,4665,-8188,-32488,64,11478,27412,6053,4313,-28100,21533
23084,-4310,13755,-6112,5320,768,23634,-3554,13291,-5158,9759,22950
19114,-5226,4829,272,16521,19218,19588,-7086,5261,7276,18975,18630
14860,-5334,-517,4608,1040,3,17938,-5124,1483,14580,2389,8498
15996,-1108,-195,536,13420,1029,16148,-380,-4473,10730,16175,1226
6668,7336,1483,5641,20532,2050,7716,10474,-10335,7664,20886,-10036
-9346,11386,-555,291,22982,32,1760,11934,-16117,-242,23167,-20431
-9728,-4756,2169,-8176,369,135,-8392,-5346,-17885,-6633,6543,-20005
-23954,-17222,1113,-16384,-17152,545,-15128,-13958,-11819,-11738,-18304,-6280
-9692,-11952,-583,-14716,-24538,1029,-9960,-13544,-99,-15216,-23388,0
1788,-19634,8921,-15864,-11806,1024,6440,-21164,9949,-15827,-11006,49
19004,-5310,11741,-8123,781,1,18808,-5324,12253,-8176,132,1217
14926,-8408,5571,1552,4104,1572,14958,-8148,6391,2310,5716,17597
16000,-4752,-551,2090,5632,528,17996,-3194,2143,11081,6250,9245
15932,-5204,707,4608,13316,1056,15624,-5324,-227,4641,13185,4
7934,9776,1723,3088,21041,2049,9160,10634,-10185,11008,22287,-10095
-9470,11350,769,4113,29316,1304,5342,14358,-14179,3890,32490,-14412
-6212,2856,573,-12128,25920,25,1706,5298,-20183,-3662,25260,-18623
-9692,-11990,-303,-8157,0,576,-4734,-9348,-18735,-4649,-8058,-21030
-17912,-17072,-9255,-13920,-19711,513,-13042,-17312,-7567,-8878,-20786,-9574
-9732,-23764,3565,-6080,-32768,782,-7912,-24588,3653,-4827,-32768,10
24642,28364,18105,2066,-14772,128,22792,-23020,16285,256,-10700,111
19980,-5334,5625,5,12296,19201,19210,-278,5289,-197,14491,18553
11004,-4408,-279,112,4100,17408,13814,-4084,205,10032,4529,16965
17408,-5248,459,736,10312,8,17018,-3370,-1891,11953,15225,5772
6718,7470,1181,448,19856,520,14126,9594,-7197,10199,20002,-4801
7820,13170,441,523,21340,4098,6984,14116,-9265,3504,23430,-18939
-5362,5970,-135,-11232,612,64,-5880,6230,-539,-16360,160,52
-1528,-3076,-519,-12222,8282,1024,-1106,-4266,-13501,-12532,12509,-18394
-21876,-13130,-17943,-15872,-16350,9,-13100,-14308,-14359,-6862,-17600,-15450
-7168,-15248,4321,-8064,-28416,516,-7032,-16612,289,-7623,-28596,1176
15954,-7362,14267,-8187,-8052,304,16282,-7814,14325,-7134,-8063,272
15138,-5336,4025,528,12904,1201,14738,-7560,3883,3394,15021,17762
16676,-1234,-519,2324,8320,290,14672,-1172,-419,2178,8578,321
10764,3884,-583,4370,16679,50,12788,7016,-4407,6635,19201,-4885
-9580,13354,-199,-15319,31923,676,2922,14400,-6331,-8096,32767,-13537
-9712,-3224,1631,-13816,528,8,-9140,-4704,1617,-14298,22,-14820
-25028,-4568,957,-16138,1688,1327,-25080,-5356,-35,-16382,-2496,48
-19940,-11952,-13,-13675,-18933,771,-19176,-12492,99,-13565,-18936,528
1036,-15438,977,-8167,-16369,5,1864,-21548,3301,-6134,-20480,464
8702,-15542,-579,-7930,-23392,314,10512,-15980,497,-7915,-19700,48
15438,-5072,8169,400,-4096,16928,15240,-5288,8669,261,-3484,16416
15356,-5068,-199,2056,2186,8606,15352,-4268,-449,2088,2321,8288
14992,-5316,761,4128,5284,288,16202,-3096,-1595,14912,6152,1893
13308,466,473,520,16608,66,12688,3712,-8391,10217,20009,-5389
8704,11848,1473,-11719,29186,1240,8430,11938,-13497,-4474,31834,-10750
-9700,6960,3545,-7936,20760,4128,936,10516,-19245,-2475,21663,-19470
-6580,-4240,1545,-16126,2576,2448,-4036,-1266,-19177,-10457,21242,-17631
-18882,-13004,475,-15840,-3791,776,-10906,-9022,-21325,-11283,-6746,-12148
-17924,-11854,-573,-15867,-24306,576,-18118,-12376,-449,-15336,-24495,514
-1442,-18744,-1955,928,-32768,290,-1718,-17562,-403,0,-32768,1155
23038,-7182,11961,-7896,41,20,24408,-4090,13187,-5770,2563,17914
11564,-5300,2497,128,8970,518,12440,-3946,3043,8561,7467,9103
15296,-2200,-19,4545,5648,256,14896,-3080,-35,4115,4608,297
12366,-332,1227,4368,24600,3104,11598,3066,1025,4104,25858,3312
-8260,11056,-519,-9727,31074,836,5842,11982,-12219,-1913,32767,-10794
-8768,2960,1989,-8188,96,224,-9750,4666,1501,-7995,1,82
-7360,-4680,1469,-7798,5896,-19428,-8906,-5228,-545,-7652,5411,-18256
-20946,-12376,-483,-12951,-3840,1042,-21226,-13228,609,-13037,-8079,20
-17924,-16984,-55,-16384,-29494,1312,-18134,-17508,477,-16352,-29415,257
-8932,-25044,-581,-8116,-32768,2048,-9912,-25612,-279,-7902,-32768,2695
23108,-11472,19515,-8128,-10110,390,24968,-9436,18019,-8045,-8060,388
19304,-9400,7211,640,8769,784,19478,-9306,6629,1312,8708,362
18958,-5108,1309,8708,1889,260,19216,-3778,1257,13121,1773,2904
14880,-4822,-37,2076,259,1024,14842,-3444,-4285,10118,14650,-5453
8828,2858,1593,2,22545,1072,6986,4900,-289,144,22530,513
-8068,11048,505,-6776,17473,0,-9828,9492,-383,-6752,16450,26
-24064,1226,697,-16363,34,1667,-12348,976,-15343,-10921,12078,-14139
-24956,-9264,-519,-14711,104,1028,-16770,-7492,-13235,-10302,-10213,-3832
-9476,-9424,1793,-15807,-28520,140,-6876,-8890,-1951,-11709,-25195,7218
7836,-16788,14009,-15804,-15591,137,9740,-15302,15037,-16183,-11984,74
15516,-9304,9817,162,13521,26,15112,-9444,9693,40,13313,770
9246,-3190,1979,8549,140,13,13558,-2956,3273,10513,670,8123
9250,-2776,-3303,8704,4,161,8978,-2796,-3299,8734,1,912
7612,-1228,441,136,17534,1744,6922,-1256,771,1161,16416,1800
-5380,5044,-575,322,16640,1545,5502,5438,-13079,3697,16169,-10807
-8696,6954,1485,-8114,10240,16,-9884,6974,1517,-8152,8768,1536
-23428,-4040,1785,-15328,1092,517,-15350,-2176,-13217,-13524,3064,-11034
-22004,-9288,-583,-16191,-14752,1673,-22256,-8448,-8451,-15340,-16311,5
-7364,-17624,1473,-23552,-23712,720,-5734,-16300,1773,-23528,-24036,516
6738,-23480,4225,-15360,-16320,21264,9144,-22348,6305,-6945,-13357,21788
17020,-9072,-583,1,8244,18950,16738,-9992,8919,6907,10723,18817
14876,-6286,625,3329,10304,2112,15114,-6332,-543,3265,8642,2566
9216,2984,507,6400,13716,389,8466,3178,497,6546,14354,544
10748,5680,-511,7824,20768,1,10638,5692,-5913,7611,21197,-12587
-5378,2856,73,144,18568,91,-5584,6168,349,339,17028,288
-9716,-3784,593,-15786,10272,2449,-9812,-4834,325,-14835,10372,2181
-22020,-12326,-509,-16171,-24560,513,-22136,-12300,-419,-16384,-21215,708
-8834,-16214,5245,-16256,-23392,41,-9314,-15836,5123,-11016,-20905,13504
15132,-8384,18073,-14184,-12204,1328,14600,-9452,18941,-14208,-10832,66
15996,-11440,9403,2,4738,10,16252,-10090,9269,644,7139,16943
17176,-4760,4883,8722,512,1152,18780,-4344,4695,12704,2050,6562
14850,-3508,-2115,4200,8970,1162,15642,-3538,-2333,13011,10332,-3062
6926,-1208,-567,562,18497,576,6800,-1004,-27,160,20485,641
-9712,7512,-3,4112,20484,3089,3882,8050,-14613,4259,21413,-13476
-9220,3740,-455,-14332,13592,680,-24152,4428,37,-14330,12544,936
-26112,-4792,-91,-14304,-10230,688,-17982,-6084,-16491,-12866,-9884,-9700
-19956,-12166,-551,-14335,-24384,1040,-9732,-11764,-2829,-13268,-22920,3990
8700,-15544,8637,-9488,-24298,23616,8600,-14522,11771,-10112,-20307,23648
19452,-5328,9659,-11127,24576,21770,16904,-5256,7841,-10720,25472,20736
10956,-5016,4025,388,4096,14848,12464,-8360,4481,3989,6567,14621
12044,-5332,1241,4128,4160,6962,14698,-1674,1013,4103,4226,6437
10812,4024,-297,2307,17433,3562,11084,4140,-507,2370,18432,3143
-9122,11304,-437,97,28928,4160,6316,11532,-10167,3631,29182,-9529
-6976,2888,-583,-6335,19687,1162,574,4844,-19027,-2163,18671,-17605
-21060,-11336,-569,-7915,-8144,537,-21692,-12194,-547,-7792,-12680,128
-19076,-12454,-5249,-12767,-19967,2,-10792,-10172,-5243,-8745,-21019,-2697
-5506,-16344,2941,-8150,-28640,1031,2890,-20298,5085,-7104,-24480,25
20988,-5206,10179,-15964,5648,546,21290,-5212,9587,-15179,9346,42
13044,-4822,4605,-11197,11288,1,14732,-7602,4597,343,14888,20063
18972,-1240,-487,4135,4484,37,19918,-202,3535,14398,8057,7820
9086,7232,731,1050,16387,1834,12050,8656,-5219,13383,16988,-7247
-9712,4988,443,1160,8,1280,4332,10962,-10027,5639,24770,-12995
-7010,2874,1495,2,8453,1907,-7672,2890,1655,-5864,8516,4
-6532,-5268,-455,-7904,-7120,-13272,-6502,-5476,-15757,-7756,-8529,-13087
-8316,-12248,-3123,-14270,-24528,-1304,-7856,-12134,-2467,-14336,-24435,8
-132,-20664,5625,-7136,-28668,8,-1784,-21478,5123,-6112,-29931,1024
25084,-5266,14777,-6584,12485,720,23350,-5258,13885,-6624,12288,68
15190,-5190,3795,544,8320,162,14698,-5292,-531,528,11392,1282
15490,-4744,837,4134,5258,1168,15372,-5162,751,4298,5124,1026
11856,4952,-329,2610,18464,2048,11564,5276,-453,2128,18624,2272
-13812,11112,-253,4096,14468,1302,2696,13734,-12445,7046,15048,-15443
-5470,-1974,-575,-14312,1058,1173,-5176,-3040,-545,-14064,11,1056
-17914,-9238,-327,-11872,-4095,514,-18080,-9316,199,-12007,-3712,0
-17664,-11220,-263,-14293,-11896,1296,-17354,-11100,-419,-14316,-11991,48
-1284,-19544,3001,-14336,-20192,1158,-1528,-18668,2833,-14336,-20472,172
16524,-12478,7753,-16077,1101,2,15136,-5260,8157,-15488,4112,320
11310,-4046,5067,-8174,12312,14336,10616,-4300,4701,-13695,12882,14000
16894,-5334,-383,513,2305,541,16670,-236,-545,720,4224,1890
11700,9322,1897,4,20480,1601,9818,12718,-7199,10505,21746,-5105
-9570,11324,505,3329,38,5154,-8920,11092,607,2960,0,5220
-3844,202,1357,-14332,328,408,-3694,-1260,-271,-15056,0,284
-8452,-8984,-15685,-16121,-6776,193,-8558,-8940,-15203,-16384,-8064,376
-17344,-13272,-2071,-15872,-20432,1024,-17940,-13524,-2467,-16384,-22000,1536
-1220,-19640,3777,-7030,-27584,595,-1582,-19692,3999,-8192,-24568,1323
16136,-5328,14857,-16000,-3008,24090,14888,-5292,12893,-16331,520,24138
21004,-5334,8723,-13176,8492,17827,19054,-5356,8677,-12224,10008,17428
12424,-3992,2497,1056,16933,18468,11752,-4076,2063,78,17428,18500
17406,-1672,-515,4172,4225,199,14620,-1164,-255,3632,5120,1032
7292,3372,441,1056,18706,8,16666,7234,-8009,13345,19169,4226
12620,12368,543,28,26624,1792,11156,13730,-12643,8784,26495,-7293
6692,15608,1625,-10360,1280,1056,6986,12020,-287,-10935,1824,16
-4612,-2704,-371,-8032,21,8,-4724,-2988,-547,-7486,6148,-26336
-17796,-13142,-581,-7483,-10904,128,-17838,-18386,-15647,-6144,-15360,768
-16816,-16726,-8651,-16352,-27647,1291,-18012,-17384,-7683,-16344,-28318,1088
-1276,-13328,8641,-8192,-16128,4,-1592,-12516,7653,-8176,-15668,32
11520,-7864,7613,-16368,4162,19460,11612,-8164,8157,-15104,4112,18720
12812,-7896,5889,2257,1056,13442,14682,-7572,5841,3423,2810,13062
16156,-4878,-551,8193,550,6144,16478,-3898,3135,9524,1138,6075
15028,-5048,-295,33,8304,0,14738,-5100,-539,638,8236,64
10764,3880,-5619,2304,17173,2052,11020,3348,-5603,2128,16428,2753
-9208,8242,-565,0,21537,1153,4566,9188,-9897,2852,22276,-6893
-9140,7976,-405,-12086,21671,2564,-356,10542,-13067,-4116,22259,-13017
-7156,3368,-18975,-12280,19570,300,-7656,2838,-18943,-11964,18500,4
-20484,-10944,-16967,-12787,-5888,-10224,-20824,-11668,-15905,-16359,-7056,-9151
-17666,-9174,-4375,-15360,-16224,1056,-9646,-8936,-6427,-15173,-15614,1048
-7676,-20496,3645,-7168,-28846,32,-7416,-21100,3749,-7166,-32750,1352
15900,-9240,18457,-8128,-3998,2346,20484,-7346,18325,-6976,-514,19934
10850,-7112,8125,-7968,64,512,12424,-5886,8439,-1911,12852,11872
15104,-3988,3641,8213,10,48,14960,-3880,4065,9216,242,9
15148,-5334,825,10258,2125,-2047,14728,-5100,-531,8834,4644,-1790
8108,-5300,233,6352,16724,-4096,7784,-5348,-35,6170,16888,-4024
-1476,4968,449,2048,18576,296,4640,6652,-11235,3467,18212,-7759
-22006,8556,-283,-8187,8264,516,-6664,8666,-17851,-6395,12628,-14983
-23554,-5200,197,-11260,3,1296,-19480,-5836,-14455,-10646,945,-10195
-9596,-13460,-9287,-16191,-28096,5136,-9976,-12216,-5985,-16384,-28480,6419
7716,-13400,12217,-16384,-14320,1152,7504,-7392,12253,-9688,-12024,1040
10748,-13392,13337,-9984,12418,164,13086,-11840,13105,-8511,14309,19830
15132,-7736,8763,4608,2304,596,18538,-7412,10799,6110,2933,10146
16204,-4464,3533,8208,1984,40,15876,-4210,3411,12422,1980,513
10752,-4152,-2503,3497,128,4,10924,-3750,-2323,3216,129,2
8820,-2136,127,8256,11392,71,7182,-2252,-235,261,12368,4
-4954,2858,477,513,16456,536,-4536,5020,517,3620,16481,3
-21898,5932,2489,-8158,11264,384,-6008,6098,-17855,-3789,11753,-11403
-26116,3990,449,-15141,9224,752,-26264,3996,1021,-16288,8320,86
-26100,-8728,-71,-14816,-5016,69,-17304,-7014,-11303,-12856,-5751,-5120
-17904,-11328,-51,-13948,-19968,245,-12250,-10474,-5703,-13573,-20817,3165
-7060,-19664,4347,-15232,-28019,34,-7480,-19610,4077,-15322,-28407,16174
20232,-23626,19917,-11760,-14199,1280,22968,-15592,20031,-13023,-7038,528
23120,-2760,7749,-16094,29384,1032,23824,-2592,8829,-9908,28714,800
6736,-4310,1851,-15102,20882,18892,7176,-5100,2653,-11264,20516,18816
15100,-4752,-325,16450,1040,14354,15186,-4840,-547,16512,46,12352
15170,848,1185,4141,10381,1408,14604,916,685,4096,12289,1204
6686,5184,-581,1570,22538,3332,10694,6654,-11147,5699,21845,-8988
-10468,13272,-567,4546,8804,2048,4492,13112,-15761,3934,8689,-18808