2590,1289,1409,-357,433,674,857,-5928,763,379,-108,652
1594,1567,1451,-1125,1450,851,573,-6334,337,734,-1257,1650
1588,959,679,-456,1151,-82,295,-6160,-99,-166,-3164,2765
1818,933,257,305,-241,-844,-3143,-5172,-1285,-1029,-3491,3729
2204,509,229,-546,-567,-415,-1945,-3386,65,-3724,-2798,8145
1992,765,189,-995,-56,-540,-2789,-1824,-89,-5112,547,7417
1458,1771,289,-1441,1239,-913,-4593,-3630,-1209,-6428,6555,9404
1270,2097,579,-1353,2402,-1809,-5749,-4832,-2167,-4074,2107,10516
1590,1671,565,-1729,2831,-2371,-6239,-4622,-1819,-7296,-3532,11692
1436,1493,521,-2117,1748,-2122,-6881,-5282,-115,-10977,-11070,14063
1100,1865,337,-3468,1076,-1392,-5511,-5456,2959,-12981,-8050,21020
1380,1489,-81,-5527,1891,-1022,-2003,-6102,3945,-6113,-9553,23546
1660,903,-637,-5952,2239,88,4507,-5528,5301,1726,-12170,21274
1922,23,-889,-5675,2307,1083,9909,-4826,3407,6614,-7366,17474
1792,253,-1111,-5262,4927,1828,13791,-2810,2417,10082,1693,11076
1134,715,-2007,-6552,5164,1673,16729,2368,-785,13484,1365,4109
1324,257,-2145,-6371,5149,1923,18515,6110,-5299,10510,4911,-3968
996,-173,-1955,-5394,3252,1841,15437,8070,-6581,8444,11985,-5873
-172,1281,-1223,-4256,2786,1407,12375,8110,-9839,2528,9763,-14226
-458,2483,-883,-5645,4037,1414,3659,4740,-7623,-3320,1672,-23473
488,-101,-303,-5159,7443,75,-2117,-208,-7709,-10057,-6195,-15884
966,-399,155,-3253,5416,-694,-14965,-5326,-2205,-11781,-16342,-6456
1732,331,1081,-3758,4906,951,-6499,-3168,4741,-12723,2033,7289
1374,781,917,-5864,5906,1695,-6003,-7956,5169,-16835,-7724,19043
762,847,593,-7027,5692,1097,9171,-5794,9987,-6528,-14615,25288
620,531,193,-6133,5272,145,15291,-4276,7297,7742,10577,23581
228,721,-179,-5845,4207,-216,21943,1576,6043,10869,1531,21470
1178,-255,-1609,-7675,4033,-817,22817,2918,2417,17639,-397,6397
246,69,-2469,-8820,4027,534,19345,5912,-6203,17734,1397,-7107
154,-395,-2633,-8659,3489,88,15823,358,-1533,9937,12570,-13077
1200,-1339,-2261,-6097,5220,-562,10483,8098,-4043,6497,11618,-16651
482,551,-2227,-5843,5376,-793,6199,3632,-10221,2811,4845,-26190
-54,1443,-2135,-6864,5496,1616,-3351,-2518,-8207,-22819,10410,-14909
-80,385,-1919,-5132,5114,2716,-4521,-3082,-6867,-8657,4450,-7664
-728,-381,-1111,-1020,-182,4056,-11231,-1748,-3667,-9967,-13337,-5891
-248,83,-103,688,-2975,3805,-11657,-3908,6333,-18311,-1628,10994
112,603,311,-2349,-847,3408,-1807,-6706,12665,-14454,-3543,23479
310,-85,-1,-6149,3061,2912,8723,-4152,11757,-6623,9662,21029
636,-883,-447,-6378,4414,1992,9181,-3258,7503,-913,-338,22641
472,-1049,-541,-5216,4535,1563,19581,-580,7511,6043,-4747,19016
1538,-345,-99,-6218,6306,191,19281,-134,3327,13508,-2791,8862
208,2717,-663,-7313,10461,-1638,21929,5038,-2957,14275,5725,-736
1030,959,-1223,-8927,10346,-1224,16431,6776,-7131,14151,6373,-8322
1486,-637,-961,-5089,9700,-2737,13233,5104,-8201,11243,2652,-16680
914,93,-63,561,3944,-2733,8363,4022,-7601,0,7696,-20554
1996,181,649,-1755,1395,-2769,-2823,2674,-14125,-15502,-2935,-20056
1146,-13,127,-5268,5149,-1372,-169,-3450,-7715,-8653,-5546,-21840
-668,-21,-677,-6450,4313,-446,-4193,-1302,-4807,-4732,-9720,-12500
-1438,371,-1233,-7102,2073,510,-11249,-2154,995,-11140,4642,-494
-1376,639,-1215,-7450,2763,589,-14241,-4120,2233,-20526,7452,9329
-1132,1193,-1701,-7745,1800,958,-15667,-7006,6293,-22254,-606,17285
-224,399,-1973,-7937,2761,665,3419,-8764,12833,-11185,-10011,29033
1072,-1079,-3011,-8421,4018,578,15807,-2872,12601,-1801,3788,26980
1694,-1475,-3265,-8057,2118,-427,16611,-800,8609,4389,8789,21741
1282,-743,-3085,-7853,1541,-541,17913,358,3487,14031,1146,11479
948,-569,-2509,-7078,1708,104,17363,4052,-2115,13844,8978,-1217
1058,-179,-1905,-6968,4519,489,14267,5544,-5155,9349,19177,-2378
-280,717,-1567,-7370,6129,1957,11599,8042,-6709,8377,12196,-10449
-266,-697,-997,-6549,6186,3308,8161,7452,-8859,3870,7447,-18386
-136,-1519,-349,-4323,5116,2763,-593,-90,-9181,-4185,1884,-19810
-362,49,-85,-3314,3055,2600,-6133,1480,-13027,-11299,-5815,-11759
-112,1023,-75,-5189,2796,2303,-15653,-3962,-2615,-14749,-3600,996
-826,207,-353,-3799,2047,1683,-9403,-1542,2589,-9796,3465,7789
-1018,125,-223,-3069,2554,-824,-6563,-8114,7299,-16409,-5747,19127
-3248,123,-423,-2767,2907,-2841,14011,-5002,14195,-5828,-11299,23222
-1182,-2403,-1079,-4488,2197,-5776,9745,-762,6877,-1201,15222,20575
-644,-3369,-1317,-5419,1155,-5493,15091,2128,7603,5073,-3405,15552
-386,-3653,-1607,-6223,2205,-4443,16525,4566,3457,11390,4645,1206
-1184,-3851,-1845,-6719,2582,-5050,14521,6740,-961,11228,8173,-6333
-972,-3979,-2033,-4572,3501,-4245,11515,7230,-4101,8551,10374,-10192
-596,-3627,-1625,-3695,1526,-3462,9123,7012,-6923,6591,3839,-11900
-1360,-3113,-1365,-4169,1004,-3224,5571,3790,-8657,440,247,-13599
-1674,-3423,-1059,-4212,473,-2915,-2169,-1184,-9487,-7966,-910,-15045
-1426,-3297,-97,-4576,31,-3202,-375,-1016,-9375,-17717,-8816,-10296
-1564,-4107,283,-6513,421,844,-10663,100,1369,-17098,-6371,1559
-2706,-3287,889,-5394,-905,983,-11609,-2342,2017,-16963,8210,9581
-2018,-2913,769,-5380,861,-1170,-11723,-6040,7609,-13785,6606,10893
-1776,-2483,575,-7182,-1407,-1576,2545,-6916,14461,-11286,-6934,22530
-440,-2687,187,-9126,-1173,-4441,20441,9632,13981,-5579,23370,30525
-488,-4459,-867,-9740,-613,-2748,16147,1496,7899,10783,-1506,17362
-420,-5459,-2373,-8502,57,-2612,17467,494,4367,17869,-11583,5479
630,-7535,-2737,-8164,-459,-105,16231,4296,-2039,12380,3437,-4352
-494,-7367,-2639,-6675,-3677,1277,12781,6102,-3933,7422,9856,-8184
-1062,-5701,-1985,-5298,-1416,849,11055,7710,-5245,6884,7124,-11794
-438,-6267,-1889,-5427,650,-674,8225,4760,-6557,1584,11150,-11243
-850,-6307,-1763,-5955,-2001,786,5475,2610,-9237,4180,-1455,-13531
-1444,-6023,-1381,-6516,-2303,1024,5921,2382,-9221,-1278,-8138,-12469
-564,-6029,-969,-7894,-1133,229,-2237,-1198,-9131,-13522,-7877,-6782
-1692,-6021,-467,-8033,-58,1157,-1967,-414,-4737,-15348,-2189,-2499
-3164,-6169,-99,-7546,1206,1231,-6005,-592,-537,-12063,3581,-2398
-2514,-5417,705,-7651,-1892,1500,-8321,464,1171,-5261,4260,-6006
-1466,-5089,1013,-6953,1786,1394,-8865,-2168,999,-17982,-3888,1502
-1448,-5349,49,-8086,-635,400,-6447,-5628,2599,-20039,-3877,13326
-1896,-5579,-419,-7384,-2140,-845,-2055,-5410,7499,-17868,1392,23889
-1700,-4943,-909,-6232,-893,318,3813,-6998,8491,1813,-4751,24284
360,-5519,-959,-6597,-20,-484,15195,-300,12125,4165,1507,20524
-776,-6133,-1557,-6964,-2470,1975,17623,1738,9615,4905,11329,12174
-2248,-5443,-1971,-6578,-1954,2203,15651,3462,5787,11866,14829,4995
-1360,-5621,-1887,-6572,93,688,15403,6390,425,15515,16002,1597
-948,-6071,-2117,-5942,-68,9,12599,6996,-3495,12231,12713,-4292
-1016,-5805,-1917,-5856,-1288,-65,11223,7038,-6689,9238,2868,-6136
-1124,-6491,-1481,-5349,-1260,88,8845,6132,-9249,1587,881,-11969
-2070,-5983,-947,-5564,-1938,376,3953,3360,-10795,-1406,1180,-16190
-1824,-5339,-229,-6474,197,-105,1405,600,-9659,-9565,-7045,-12237
-2116,-5341,-303,-5391,897,296,-4073,-704,-6577,-11548,-10647,-1805
-1332,-4435,447,-6340,-494,3084,-10991,-3048,2003,-10998,3898,3571
-1106,-3597,931,-5606,980,2533,-12503,-4522,-2233,-19876,2483,6315
-1040,-3103,909,-6408,-1125,-86,-4651,-8052,8271,-17629,-14461,11953
-904,-3439,663,-7032,-1233,-869,22861,1654,19217,5211,9402,32767
-2498,-4713,-65,-8215,-273,1031,10975,148,8193,-4406,14294,21686
-1468,-5153,-905,-9181,1002,921,14673,3068,8033,3692,366,17553
-1376,-6537,-1965,-9912,-371,1824,18143,5390,4497,10191,-981,5232
-1750,-6027,-2245,-7894,-1113,1139,15951,7322,177,9932,4964,-4084
-1336,-5975,-2285,-7549,-583,386,12503,8732,-2605,8479,8981,-9703
-880,-6203,-2283,-6154,808,-368,9357,6946,-4019,6181,9951,-10080
-556,-5975,-2109,-6623,-1244,-228,7617,4942,-5341,5997,7385,-10514
-1050,-6097,-1881,-6205,-1235,683,3681,2824,-8361,2172,-2736,-9109
-1762,-5767,-1489,-6544,-2277,620,-601,1266,-5715,-5373,-9488,-10863
-2058,-5707,-963,-6679,-476,1073,-4803,-528,-5129,-12035,-5376,-9070
-1304,-5073,-531,-7129,-186,602,-3969,-98,827,-12306,-1994,2241
-988,-4965,-19,-6261,2015,865,-8895,512,1491,-9562,8822,3649
-1250,-4071,519,-6504,761,1911,-7735,-2428,2509,-15047,3934,9129
-1436,-3805,769,-7030,1116,3577,-2805,-4446,6717,-13426,-9230,13516
-1272,-4189,1079,-7421,-521,-466,11985,-7870,13637,6299,-1096,26551
-1804,-4065,589,-8266,218,125,15881,3694,7925,3819,10270,18558
-2326,-4359,-497,-9646,415,-505,14859,5742,6203,4266,14761,14876
-36,-5523,-1601,-10276,967,-1791,14777,5666,2823,11444,6094,7075
-944,-6093,-2395,-8823,-523,922,14987,7782,733,9783,11802,924
-2608,-5199,-2463,-8202,-2113,831,12815,8612,-1875,8402,13103,-3936
-1828,-5231,-2539,-7508,294,13,10647,7990,-2953,6873,11733,-6810
-1260,-5969,-2613,-6576,1115,-281,9161,7534,-5367,7650,7329,-10586
-744,-5839,-2259,-5390,-581,-223,7723,5054,-6319,1109,9273,-10737
-1572,-5215,-1543,-5479,-1269,-254,1629,342,-8813,-4112,10309,-11411
-1310,-5229,-1069,-6943,-1031,-522,81,1504,-9617,-4459,-929,-12537
-2910,-4891,-739,-7835,-772,539,-1909,2254,-6349,-5508,-13287,-7728
-1468,-4389,-285,-9218,-241,160,-6905,130,-2453,-12005,-8583,1568
-442,-4489,-329,-8528,585,480,-6813,-1678,2961,-12968,-6131,9385
-770,-4003,-193,-8151,-36,1253,-69,-3018,7719,-12867,-2179,14224
-1726,-3721,-411,-8259,-604,2035,6379,2036,10017,-5785,-4082,12046
-964,-4307,-245,-8309,-1016,378,14229,-1916,11697,5142,12915,25616
-1144,-4637,-517,-7708,395,760,11817,5166,6035,6455,4826,12242
-1542,-5159,-985,-7161,1147,-352,14107,5274,3413,6289,11644,9838
-3182,-5117,-1521,-5453,707,-413,13199,7232,635,13501,2998,2100
-338,-6071,-1627,-5428,-125,-850,12445,7588,-1879,9891,6227,-4881
-1432,-6273,-2069,-3768,-1317,735,9489,8100,-3219,5133,9292,-10841
-1740,-5187,-1877,-5139,-2027,-143,7325,6596,-4205,1854,5904,-10615
-1174,-5609,-1987,-5824,561,-459,4307,2456,-4395,2532,4207,-10661
-838,-6029,-2163,-6031,-285,-190,2259,1270,-6501,1408,1488,-13965
-1142,-5767,-2073,-6008,-1168,-486,-2181,-506,-9949,-5858,-4538,-8155
-1732,-5553,-1933,-6041,-1097,-456,-1507,1092,-3635,-13509,-6835,-3340
-2196,-5377,-1671,-6318,100,166,-5833,780,-1333,-15384,-1163,929
-1524,-5395,-1345,-6510,-225,200,-6679,-618,529,-13725,473,5710
-1046,-5307,-665,-6457,332,620,-4807,-1756,4149,-15740,3562,7139
584,-5821,-395,-6498,1432,-329,-2823,-1952,6713,-12787,-3591,11053
-1616,-5111,-397,-7622,-1253,2315,2581,-2996,8415,-8891,-2979,16743
-1426,-5149,-19,-6491,694,-217,7583,-1552,8489,910,3772,18921
-1412,-6009,-187,-5995,-235,-1482,9631,2924,6671,2880,5857,14534
-1384,-5827,-193,-5432,-234,-1312,13149,3154,7887,5331,5612,11441
-1780,-6371,-895,-5420,-1633,-1029,11847,5744,5087,8414,8264,6954
-1884,-5863,-1347,-6230,-1341,379,13011,7988,2549,9666,7136,1318
-2056,-5355,-1751,-6728,-1751,-805,11535,8532,-385,9650,8234,-4041
-732,-5811,-2025,-6256,-331,-158,10095,8140,-4149,8621,8500,-6553
-294,-6019,-1957,-6058,-641,512,8895,5290,-4899,3362,8486,-9916
-674,-5883,-1999,-6386,-1328,212,5635,1140,-6807,-41,6908,-11006
-646,-6111,-2021,-6511,-1553,342,3369,1460,-9087,837,-3565,-13765
-1722,-6257,-2015,-6387,-1604,345,1831,804,-8031,-5466,-6252,-12564
-1202,-6309,-1819,-6910,-1212,408,-2275,966,-6043,-9720,-3781,-6573
-2330,-6263,-1513,-6354,-524,567,-4759,84,-3815,-10793,-1135,-1066
-2086,-4953,-807,-7535,-578,467,-5517,-2348,-1931,-14407,653,2262
-688,-5117,-519,-8158,1468,562,-7299,-5308,793,-19491,-5545,6864
-1138,-4959,-587,-7787,-375,1116,-4159,-6344,5809,-18614,-6153,16177
-2134,-3789,-311,-8389,-1258,4029,4533,-3164,10977,-7901,-3076,21799
-1540,-3751,-19,-8372,-882,728,7435,860,9685,-3003,9842,21907
-1008,-4597,-145,-7877,-81,-1199,9891,2606,7517,1187,3574,20167
-1522,-4801,-381,-7203,98,-145,14383,4590,7515,5442,6931,13831
-1530,-5623,-1479,-6154,533,-1902,13851,5038,4763,7983,10924,10231
-1176,-6259,-2103,-8369,-3343,1208,15469,7798,1851,15747,4140,363
-3050,-5599,-2717,-7871,-1841,657,12553,8660,-1349,12656,9003,-6307
-1192,-6365,-2529,-6757,-9,-133,9663,7198,-4111,8263,9442,-9518
-136,-6537,-2127,-6088,-73,250,7893,3720,-6371,3034,5525,-12112
-626,-5997,-1893,-6098,-874,206,2133,156,-8143,479,-6444,-15063
-1486,-6029,-1733,-6516,-648,554,3067,2070,-7595,-6784,-13975,-12644
-1534,-6013,-1525,-6836,-800,267,-4571,-508,-2213,-13165,-5682,-1154
-1942,-6103,-1199,-7010,-405,881,-5231,1664,61,-11230,3365,7155
-2268,-5393,-801,-7460,-875,906,-5077,38,1329,-15245,7372,7042
-922,-5103,-155,-8258,205,505,-5327,-2268,3891,-15998,-493,10284
-264,-5195,-301,-8271,1168,1120,903,-866,9087,-13792,-5080,11788
-1134,-5039,-425,-7977,226,1368,4107,-1278,9223,-11034,-1276,15856
-2208,-3979,-137,-7905,-265,1628,5217,-902,6453,-1778,7460,16941
-1502,-4117,-59,-8415,946,1519,4717,102,4667,981,3175,15035
-646,-4639,-111,-8421,-548,-1047,11261,3330,7087,7604,-5380,10231
-1218,-4497,-373,-8013,297,-1154,15141,4370,6221,10322,10221,9037
-2064,-5367,-1621,-7996,432,-397,15085,7784,1973,15571,9618,817
-2028,-5599,-2355,-7137,-1087,-1498,14013,9242,-1729,12240,10062,-810
-2192,-5815,-2523,-6425,-1045,1137,12309,8192,-4025,9962,6704,-8097
-1200,-5785,-2343,-6628,-546,-278,10847,7528,-5869,9488,9092,-12065
-852,-6373,-2621,-6612,-398,26,6799,4498,-9389,4937,3169,-10953
-432,-6489,-2505,-5973,-379,406,1479,-910,-12687,-6870,948,-9944
-1088,-6311,-2623,-5228,-365,368,1843,3202,-9151,-10058,-2699,-9179
-1704,-5641,-2267,-4489,-877,151,-1867,2940,-6207,-9327,-6129,-8554
-2158,-5823,-1821,-3814,-716,-53,-7,2384,-2679,-5583,-5293,-6325
-2390,-4643,-805,-4280,-2126,-116,-5793,-1782,-761,-18397,236,1068
-110,-4379,211,-5878,962,-633,-2803,-3826,1213,-18207,-10741,5624
-384,-4565,37,-6380,568,678,-787,-3652,7557,-16547,-5553,12790
-1716,-3573,237,-7201,-909,3787,3181,-2044,9569,-7488,867,15104
-1994,-3015,357,-8135,-1223,941,3617,-1420,8859,-2478,7116,17311
-560,-3691,169,-8600,1096,-189,7523,1578,8313,414,5147,15853
-818,-4401,-629,-9128,-539,266,10217,3888,7925,1436,9565,12538
-2264,-4791,-1337,-7732,-17,-862,10539,5750,7537,5012,13904,10883
-2308,-4917,-1907,-6465,715,-836,11259,6868,4089,10301,9282,7662
-718,-6161,-2341,-6542,54,-115,11805,7598,2585,11112,6108,2573
-1490,-5957,-2653,-6147,-1228,578,11315,8020,-1225,9748,4384,-2580
-1392,-5935,-2657,-6448,-303,-42,9875,8994,-5055,4917,3504,-5514
-1234,-6429,-2621,-5888,300,217,8225,6652,-6367,-264,2234,-9076
-872,-6233,-2095,-5518,-356,-292,4321,3348,-7069,341,7159,-12753
-1364,-5833,-1861,-5478,-1114,-642,3579,2568,-6927,-2995,-6037,-11005
-2330,-5361,-1607,-5922,-913,-137,-1371,418,-4885,-11643,-3165,-7264
-2488,-4861,-1261,-6258,-243,-190,-5725,-1528,-3115,-14195,-3966,-4558
-634,-5199,-489,-6843,481,-134,-8087,-3594,-2581,-14440,-5211,5179
-390,-5187,-405,-6290,594,875,-4829,-3412,5917,-18799,-1749,8020
-1720,-4375,11,-6857,-1341,2391,-2417,-3568,9379,-14082,-462,13027
-2326,-3163,233,-6722,1763,2259,3949,-646,12425,-5759,3157,18987
-1414,-3811,45,-7623,-155,-1520,5333,434,7325,-132,3067,17561
-390,-4473,-197,-8169,-1029,-2002,9235,2540,6547,5329,223,16465
-2798,-4531,-1173,-7553,-72,685,11777,4632,5055,7275,2055,11402
-1070,-5415,-1983,-9008,-833,-529,14017,5350,2837,6825,7563,6061
-1726,-5773,-2565,-7031,-848,767,14685,7396,1591,7975,11618,1230
-1962,-5203,-2651,-6957,-994,510,12717,9502,-601,9360,14925,-2343
-1218,-5667,-2789,-7115,1221,399,10501,8324,-2307,6972,11254,-5082
-496,-5923,-2565,-6583,490,-2,9467,6466,-4343,5001,4943,-9695
-1178,-5511,-2231,-6194,-1035,79,7943,5870,-6267,138,3635,-13415
-1622,-5191,-1829,-6434,-1359,-423,3623,764,-7719,-107,10588,-14220
-1418,-5865,-1891,-7184,-728,217,-3909,22,-12089,-7365,-5825,-9781
-1846,-5319,-1397,-7338,-1391,490,-9395,-1288,-3563,-10201,-14662,-2123
-220,-5111,-615,-6910,1047,713,-3283,-2296,1659,-16286,-8350,10033
-664,-4769,-567,-6492,846,850,263,-3630,7785,-14280,-3705,10687
-2996,-3461,-285,-6498,1254,1054,5155,-1302,10847,-8144,-1184,17027
-1724,-3591,-59,-7856,1100,2668,8117,-1324,9665,-1266,6587,21951
-590,-4049,-83,-7869,1824,-1667,9483,2806,7737,907,5873,16621
-1452,-4305,-345,-7081,486,-1542,11343,4136,7039,2545,5080,14382
-2236,-4815,-1287,-7593,493,-267,12779,6244,5709,7233,2701,8179
-2576,-5241,-1871,-7220,-1049,-659,13991,6696,3109,11232,3152,2886
-1496,-5961,-2201,-6013,537,71,13623,8014,733,9808,7885,-3075
-2510,-5449,-2599,-5308,-2319,-1244,11759,9128,-1777,8985,8295,-7829
-1602,-5663,-2309,-5231,-186,-1736,9457,8134,-4035,6888,10194,-8443
-1244,-6001,-2717,-5713,36,-1529,7825,5306,-4991,4584,5950,-10822
-390,-5909,-2491,-5904,-35,-1324,5301,2044,-5635,-1017,5367,-12781
-430,-5751,-2351,-6288,-1201,-1323,-107,842,-9305,-1861,-7799,-11807
-404,-5773,-2381,-6836,-1069,-1142,369,1094,-6725,-10513,-7355,-9510
-1792,-5399,-1905,-7193,-1002,-221,-3495,-92,-4609,-11186,-4770,-882
-1058,-5617,-1099,-7082,91,-216,-5343,-726,-1801,-12537,2229,4501
-1226,-5813,-717,-5972,-124,1672,-8143,-1998,1229,-17069,3198,5826
-1628,-4763,149,-7452,-1409,3702,-5023,-4032,8343,-16032,-4532,13402
-2228,-3945,11,-7142,835,2049,4091,-2300,11675,-9478,-3086,16045
-1556,-4059,-43,-8130,-901,-2136,7195,-246,8029,-2784,14320,20450
-2078,-4497,-639,-8310,480,-992,9079,3550,6869,2420,2903,15872
-2394,-5079,-1501,-8757,-974,-1977,13459,6812,6023,6916,3515,9662
-404,-5899,-1943,-7905,79,-979,13145,6010,2055,9968,3418,3148
-290,-6515,-2663,-6928,-983,461,12301,6728,337,8263,7826,-2732
-1602,-5609,-3105,-5922,-1968,773,11951,8726,-1309,9113,9901,-4363
-1624,-5539,-3081,-6202,-743,-4,10157,8560,-3701,8449,8810,-8034
-820,-6277,-2977,-5529,710,-307,8325,5798,-5299,5993,1213,-11991
-614,-6251,-2569,-5817,-905,-47,5151,1080,-7517,-1395,-5318,-15071
-1298,-5751,-2073,-6017,-1488,-247,3147,-748,-7539,1191,-3866,-17175
-1392,-5929,-1953,-6947,-789,-251,-3187,-1474,-6881,-8244,-5457,-5002
-2466,-5981,-1953,-7188,-700,259,-4441,136,-3823,-12250,-4143,1705
-1696,-5555,-931,-7108,-1190,-159,-6593,-102,-1163,-11646,1800,873
-1670,-5167,-389,-5797,403,609,-8279,-1520,243,-14614,-1243,1966
-1168,-4517,381,-7126,-1757,2230,-4405,-4722,4497,-18308,-6918,7895
-1776,-3977,213,-6623,1750,585,361,-5020,7921,-13125,-4957,20381
-1098,-4155,243,-7923,-1583,-1988,7131,-760,10185,-4300,6884,21003
-1666,-4445,-467,-8006,443,-480,10709,562,9307,301,6725,18100
-2442,-4885,-1503,-8965,-547,-1883,12139,3634,7507,4756,11739,14061
-214,-6037,-2007,-8828,-131,470,12303,3608,6145,7796,11677,9315
-1344,-6467,-2693,-7144,-1036,1353,13095,5860,3057,11548,8649,4062
-2132,-5325,-2831,-6478,-2187,388,11187,8792,-1315,16253,7204,-5257
-1274,-5901,-2909,-6700,169,226,9535,8726,-4537,8655,14428,-4258
-424,-6751,-3169,-5208,841,167,7857,6378,-5083,4736,6494,-6578
-864,-6203,-2779,-4722,-1103,279,6745,4216,-6687,146,5803,-9024
-1296,-5649,-2215,-4273,-910,-386,3357,2668,-7501,969,-5210,-15765
-2094,-5167,-1741,-4564,-1088,-353,-655,1842,-6627,-4796,-11169,-11818
-2400,-4483,-773,-5563,-923,-842,-4047,-432,-4507,-9817,-10199,-2274
-674,-4583,-415,-6457,1373,-329,-3551,212,-1473,-9747,-239,2830
-1372,-4903,-385,-6977,-2117,3383,-5053,1648,-1201,-8557,4541,2131
-1612,-4045,105,-6174,596,2145,-6355,-554,-61,-17504,-4531,5884
-1774,-3995,-195,-6674,1255,144,-2025,-3344,5849,-17678,-9683,6890
-1098,-4371,-159,-7390,-1147,-1027,8895,-5818,12551,-1483,2766,23665
-1562,-4665,-739,-7605,260,-978,7391,740,9753,429,7999,17826
-2138,-4827,-1297,-8881,-1641,-515,8893,918,8041,3525,2757,12990
-866,-5709,-1553,-7865,95,503,10723,4184,6571,5949,8633,8965
-1448,-5117,-1947,-7570,-2090,-426,12147,7100,3987,8971,9294,5075
-1564,-5217,-2171,-8147,-542,95,12145,9002,-219,11016,9983,446
-728,-6177,-2745,-7954,208,151,10457,6538,-3107,8661,8170,-2210
-1064,-6291,-2903,-6795,-830,437,9431,5522,-4881,5845,4816,-6178
-1476,-5963,-2647,-5897,-834,-186,7987,3638,-6595,3463,3358,-11665
-2034,-5801,-2385,-5704,-997,-466,3105,1378,-7703,-2200,256,-14999
-1634,-5727,-1875,-6119,-676,-446,-1721,1224,-8651,-6883,-7585,-13081
-1180,-5357,-1259,-6563,96,-539,-425,762,-6581,-12226,-8491,-7949
-320,-5401,-865,-7079,1011,106,-6137,-790,-4453,-11670,-6682,-691
-1430,-5707,-877,-5795,1538,999,-4111,1158,863,-7437,2865,3163
-2378,-5427,-375,-5092,-732,2400,-7963,16,621,-15725,6349,3976
-1864,-5051,411,-4382,537,-132,-5561,-1768,4483,-16629,-8912,6584
-1292,-5035,399,-5459,285,-508,2259,-3084,9433,-12638,-8745,14895
-1802,-4835,7,-7151,-990,-753,4535,-1840,8499,-1691,9235,19553
-2502,-5161,-883,-7533,-1454,-1132,6997,1444,7595,-2193,5909,18098
-1454,-4579,-895,-9151,-1173,-709,13553,5972,6855,36,10443,10953
-1434,-4937,-1925,-9622,147,-597,12255,3992,5067,7272,7794,6411
-932,-4853,-2513,-9816,-1308,-1022,12029,7116,1657,10235,8678,653
-910,-5705,-3199,-9030,-358,30,9951,8728,-1987,8568,14399,-1186
-764,-6099,-3437,-7000,262,125,8365,7888,-3399,6164,12097,-3003
-1396,-5967,-3441,-6053,-1273,362,8291,6550,-4357,3142,10492,-7080
-1430,-5835,-2605,-5554,-1114,-221,6341,5284,-5639,2941,-405,-13256
-1516,-5617,-1551,-6139,-1790,-608,2963,2236,-6489,-5896,-4068,-14216
-1450,-4953,-1051,-8404,-1858,-699,99,1280,-7679,-8895,-7855,-10175
-302,-5409,-975,-9675,617,-479,-3489,-626,-4823,-9746,-8699,-1954
-846,-6009,-1437,-8056,903,645,-4225,1008,711,-4150,-623,-188
-1918,-5941,-1567,-6123,185,867,-3957,1490,-957,-10982,6182,578
-1948,-5603,-917,-5796,-1152,2252,-6377,-1604,1623,-18140,-7010,3906
-928,-5271,-315,-5515,154,-304,-2027,-4092,6317,-14506,-10767,10287
-1236,-5313,-475,-5419,-1097,-423,4245,-4046,10573,-2979,-3378,17027
-1582,-5029,-797,-6004,-936,-298,6719,514,9839,350,11245,18930
-2224,-5099,-1639,-6290,-757,-605,7405,604,7725,5005,6021,15061
-1982,-5303,-2119,-7657,-716,272,10811,3556,7159,5682,3182,9997
-1696,-5217,-2421,-8092,-432,417,10723,6052,5407,5611,12678,6060
-828,-5679,-2627,-8727,-748,288,12547,9354,2343,12106,12876,1984
-560,-6239,-2915,-7284,655,821,10627,8496,-1941,9384,15257,-3049
-830,-6077,-2923,-6516,-436,294,9335,5702,-4079,7484,9947,-5978
-1340,-6045,-2841,-5625,-333,266,7913,3592,-4781,3797,1726,-10489
-1984,-5795,-2701,-5419,-529,-275,6021,620,-6805,9134,-1612,-8900
-1834,-5705,-2361,-5357,-402,-835,1143,2142,-9637,3897,-19175,-9852
-2590,-5197,-1881,-5109,-695,-864,-2615,902,-7053,-11558,-12188,-4041
-632,-4899,-1009,-6556,-507,-588,-5983,-350,-3319,-14125,-6755,4121
-226,-5927,-1067,-5605,277,682,-4481,-1110,-77,-15827,5514,6899
-1742,-5319,-545,-4389,-2300,1916,-6625,-1796,2053,-19552,5422,3885
-2628,-3663,355,-3791,-1079,1268,27,-216,7213,-16657,-4077,5373
-1146,-4289,777,-5067,-1197,-395,6369,7896,12189,-15324,16872,24520
-692,-4747,571,-6015,-1339,-1031,5701,1680,9573,-2751,997,15365
-1484,-4813,201,-7313,-949,-263,8325,3108,9017,1017,5408,13815
-2054,-5509,-513,-8063,248,319,9207,4146,6753,8235,3228,7879
-1140,-5903,-1349,-7889,260,1605,11343,5938,2151,12956,5228,2837
-2284,-5817,-1585,-6129,-2298,655,10313,7912,-689,7752,15961,-1438
-1404,-5599,-1641,-5554,-1509,382,7839,8360,-3865,8685,14737,-3113
-448,-6145,-1675,-5609,-466,222,6889,6450,-6561,8087,10091,-6233
-988,-5901,-1853,-5541,-526,408,4903,2388,-9117,824,-7201,-10617
-1344,-5293,-1759,-6347,-1861,375,-1771,198,-7579,-11160,-18515,-12907
-1396,-5387,-1285,-7186,-1564,242,-1525,622,-187,-17000,-15565,-3577
-2210,-4953,-855,-7940,-1271,366,-949,-3216,5927,-15579,-4632,16031
-1270,-5309,23,-6977,2130,18,1671,1904,9601,-4556,11518,13736
-1482,-5079,357,-6129,417,568,3631,5144,6045,-8370,24757,4968
-1134,-4329,911,-6796,-464,1684,-3003,1046,2841,-11279,2726,10841
-1540,-3353,1021,-8714,-260,2569,5605,934,7157,-7325,-12685,6384
-1062,-3561,723,-9642,-81,264,3463,3308,3369,2551,7249,7705
-724,-4443,277,-9776,-504,-784,6687,5454,4093,1209,7003,9712
-1170,-4835,-447,-9102,135,40,11227,7212,2169,8933,2391,4300
-1646,-5879,-1327,-7644,551,-685,11393,6878,179,10299,1610,-475
-2078,-6127,-1669,-7895,-1575,726,10033,7236,-2581,6732,7005,-2647
-1808,-6685,-1869,-5680,-761,1871,9139,7210,-3799,5423,9935,-6462
-1930,-5947,-1661,-4586,-2511,393,6511,7206,-5197,3846,9417,-8407
-1716,-6029,-1505,-4716,-453,450,4463,5992,-6405,1300,8683,-10753
-482,-6493,-1639,-5570,45,87,3391,2932,-7537,-6523,13637,-11043
-910,-6547,-1921,-5394,-294,356,-1747,1816,-10743,-7678,5097,-8302
-1262,-6287,-1749,-4838,-957,76,-531,1918,-7953,-6911,-9174,-6021
-1692,-5953,-1113,-4436,-1741,-46,-3125,264,-2485,-11418,-4719,-4197
-1616,-5933,-567,-5126,-445,575,-5669,-868,889,-14567,-2624,3779
-910,-5721,107,-5665,-476,21,-1317,-2572,4625,-16318,356,8859
-376,-5517,323,-5658,436,428,-643,-3048,6789,-12312,740,10912
-562,-5269,231,-6406,650,697,5781,388,8707,-6963,1699,12673
-2016,-4841,-181,-6576,1167,1215,5895,2058,6283,-3792,5252,11814
-1848,-4239,135,-7777,-173,3118,6883,4678,6085,291,6165,8378
-598,-5035,387,-5849,213,168,8217,6302,4831,5838,3296,6249
-806,-5431,243,-4928,-13,-395,8885,7238,2241,8496,3106,2727
-2598,-5171,-85,-4268,-53,521,9721,8818,-681,7985,2732,559
-1764,-6243,-761,-3951,-339,-1295,9233,9752,-3399,4365,4042,-2233
-2578,-6153,-1121,-4031,-2771,1334,7163,5974,-4435,7416,7080,-7018
-2404,-5463,-1205,-4407,-1907,-790,7227,5626,-5779,162,6984,-8193
-1440,-5417,-1385,-5164,-2033,-903,3089,5332,-5867,-3041,1927,-9948
-952,-6745,-1893,-5408,-1848,143,-291,3514,-7781,-3138,928,-11872
-398,-7099,-1649,-3313,-172,747,-407,880,-6213,-6670,-1639,-8504
-842,-6357,-1171,-3348,-1879,475,-4147,-1340,-5031,-10396,-6675,-3217
-1116,-5337,-649,-4316,-1031,250,-3509,-3352,173,-13038,-4907,5245
-650,-5121,-251,-6299,-335,-11,-3567,-4358,6033,-15448,-2943,12290
-1258,-5761,-577,-7589,-1399,1262,2397,-5416,11093,-9927,-2806,21699
-2008,-5643,-173,-8213,-1206,1657,8529,830,10393,-4426,10417,17248
-422,-5651,415,-8217,1077,771,12767,5068,7477,2022,5976,16712
-128,-5929,229,-7809,1462,815,13557,5986,6875,5061,10590,11044
-2130,-5273,41,-6833,72,2248,12865,6990,2657,9473,8785,4192
-2052,-4421,175,-7624,-948,2950,12113,7480,-295,9878,9099,399
-1034,-4807,479,-6245,608,210,9971,7796,-2849,11401,2644,-2751
-1052,-5603,199,-5789,-329,-267,9883,9220,-4161,11560,6286,-9345
-2096,-5933,-257,-5185,-1245,-246,6889,6178,-8043,5600,498,-9886
-1946,-6875,-645,-4308,-1074,-115,4067,3628,-7709,-1597,1183,-13041
-2412,-6137,-723,-3223,-978,-76,-439,878,-8157,-7612,-564,-9915
-1084,-5833,-561,-4211,-1065,-713,-975,2066,-8203,-3587,-6539,-9894
-1134,-5873,-667,-4720,-539,-29,-4679,682,-4009,-9838,-3411,-8759
-562,-6007,-691,-5982,-31,465,-4421,-178,-557,-9020,-7017,196
-408,-5975,-777,-6280,807,926,-6473,-2980,2499,-18976,377,6895
-628,-6095,-901,-7548,-471,1749,537,-5880,6143,-17043,-8294,17381
-1558,-5857,-1119,-7606,-1253,1255,5753,-1842,11259,-8158,-1862,18645
-1530,-5683,-1021,-8409,-1164,506,10833,2608,9221,-5614,13242,21737
-2548,-4683,-1129,-9368,-1060,71,11095,3634,6755,4045,10272,12705
-806,-4363,-667,-10309,1700,-219,12087,7014,2847,8763,9829,6394
-408,-5493,-973,-10016,-186,1488,10731,8138,-1419,12011,2390,878
-498,-5033,-549,-8362,-357,4590,10123,7582,-4343,8351,8183,-7317
-2956,-3917,-583,-6856,540,2287,7881,6562,-6723,3673,6886,-7904
-2450,-4319,-255,-6383,-531,-1288,6227,5810,-5769,13,4499,-11481
-1444,-4661,1,-5871,-870,-2157,2507,4068,-7949,-1926,3027,-12481
-352,-6395,-555,-6183,590,-899,3335,3168,-6395,-2973,1186,-15237
-1776,-6713,-1399,-6786,-1446,1535,-8491,-2958,-10273,-4879,-2750,-10094
-2298,-6415,-1621,-5759,-1715,449,-4665,-594,-2225,-6130,-6853,-3907
-2250,-6119,-1881,-4118,432,548,-8411,-942,1211,-13965,2806,4890
-1292,-5241,-1541,-5595,-1656,147,-7785,-5952,2223,-18481,-4646,13987
-376,-5293,-1533,-6110,420,453,11913,-670,13003,-5272,-11035,19370
-442,-5513,-1645,-7380,-799,846,10089,1524,7151,-11108,28597,22418
-492,-5703,-1629,-8400,-2425,977,10853,2530,6415,1496,6382,16034
-1386,-6033,-1751,-8687,-2241,1109,14255,2606,4887,9330,2653,5531
-3278,-4323,-1289,-9175,-384,-281,12623,7520,-435,9620,7046,-3152
-1228,-5267,-1023,-8135,4694,-1434,10553,9800,-4269,7234,5857,-6544
-1274,-5605,-601,-6964,-585,2121,7571,7720,-5741,9344,8431,-10151
-814,-4939,787,-5519,-2002,2106,6711,4430,-7309,-2321,8540,-10797
-1610,-4685,811,-4574,1604,38,1397,1076,-11831,-7451,4675,-12012
-1686,-4951,635,-5758,-546,409,-1635,1524,-9887,-4842,-5795,-13743
-1720,-5245,257,-6161,-818,-992,-7161,980,-5565,-5195,-6561,-7989
-1854,-5497,-499,-5993,30,-494,-8591,-2774,677,-9005,-2838,2601
-2100,-5079,-1073,-5931,-843,328,-3715,-6284,5753,-18145,-5965,13053
-596,-4719,-1137,-6169,-805,421,4223,-2890,10941,-7901,-6654,18447
-852,-4693,-1661,-6664,-1560,890,10625,7420,9415,-8395,14063,21431
-596,-4861,-1967,-7721,-854,1360,8667,4380,7761,1391,12296,12901
-980,-5781,-2795,-7846,1191,1484,11647,6030,7231,9988,8188,4741
-1394,-5867,-2839,-7262,-157,1387,12245,6888,2651,8095,7390,2989
-2014,-5815,-2759,-6267,-127,938,10987,7756,-1417,8077,7850,-21
-2514,-5799,-2949,-6720,701,635,9347,7202,-4419,6255,8057,-4929
-1664,-5437,-1909,-5706,2004,-1702,7253,6384,-7223,6925,7142,-9831
-296,-5423,-1041,-4907,2679,-1585,4561,2138,-9807,1594,-784,-11908
-2046,-4123,-459,-4408,105,-369,1783,950,-11313,-7774,-5235,-10621
-1500,-3027,487,-5479,-942,2130,-761,254,-8965,-11296,-5191,-9122
-798,-4157,563,-5628,-1094,-15,-3511,84,-4571,-6909,-6024,-6367
-1214,-4617,207,-5674,-698,-796,-8797,-1292,-769,-14350,-3530,-1254
-1706,-4801,-543,-6067,-479,-716,-6159,-5070,2673,-13092,-15819,10278
-3294,-4911,-1225,-6585,-2158,-616,2639,-4452,10405,-12467,-4977,16688
-1666,-4465,-1379,-6785,-700,75,9223,-1346,9913,297,2040,17840
-534,-4729,-1645,-7201,-811,-1762,10121,2848,7853,3192,11245,15290
-912,-4869,-2185,-8373,-1348,207,11869,6176,6411,8891,9775,6220
-1240,-5805,-2697,-8523,523,497,11193,8000,3123,10276,11340,3757
-928,-6235,-2763,-8090,149,802,10285,8726,-285,11698,7956,-1821
-1170,-6495,-2603,-6791,-393,797,9331,4762,-3087,9137,2538,-4756
-1336,-6159,-2209,-6035,-775,-123,8141,3610,-7057,2551,-405,-7949
-1760,-6293,-2071,-5776,-360,-32,2349,2332,-9107,-5054,3401,-10038
-2780,-5803,-1691,-6337,-483,-364,1559,3206,-9387,-2957,105,-12941
-814,-5555,-503,-6632,1258,-632,-4693,1386,-7587,-9839,-4803,-3807
-1348,-4905,35,-4933,806,-611,-2757,882,-3027,-9836,-221,-1118
-1660,-4043,137,-5542,-31,177,-4993,-874,-1977,-13479,-2610,-2
-1052,-4151,49,-7594,-1336,1260,-3175,-2022,2621,-18274,-5555,2959
-822,-4261,-321,-7569,-204,994,-1121,-2944,5005,-16693,-3578,13607
-1126,-4151,-485,-7833,-589,477,5967,-706,9675,-2084,7351,15224
-1730,-4303,-1269,-6974,-372,2,7477,3006,9753,2476,4983,15790
-2576,-4019,-1819,-6812,-1866,402,10543,5364,6653,9394,2641,8811
-976,-5029,-1961,-7201,-42,165,12021,7348,1469,10819,5954,937
-646,-5321,-2465,-8702,-1167,1218,10329,8046,-2437,6518,15413,-5902
-1222,-5917,-2883,-7812,428,2267,9809,6618,-4951,8459,12396,-9386
-1198,-6091,-3005,-6237,-367,1289,6693,2300,-6703,4924,12323,-9615
-1174,-6143,-2895,-4981,-198,568,3493,874,-10117,-872,4694,-8632
-2468,-5687,-2813,-4294,-470,-197,1547,1750,-9669,-7436,-3874,-13693
-2642,-5043,-2157,-3846,602,-1505,-3179,780,-7925,-13111,-9499,-10769
-2184,-4609,-1225,-3841,868,-1949,-5597,-2344,-5001,-13437,-10723,-1366
-912,-4009,29,-4515,1447,-1914,-8697,-3856,317,-10939,-651,6767
-876,-3635,471,-4323,1848,-482,-5169,-3238,1383,-18023,6168,8428
-1126,-2885,575,-6477,-136,732,-4627,-2686,3215,-19124,-3844,11409
-1394,-2403,541,-8523,339,1856,3681,-1150,6101,-14758,-11286,9606
-874,-3081,-137,-10032,538,648,12603,7376,6989,-6303,11005,26717
-932,-3789,-767,-10201,-321,-247,4505,2336,6725,-1482,5164,15954
-1170,-4277,-1207,-9442,-7,182,4989,3878,7417,1925,-939,11139
-2170,-4479,-1859,-8273,367,-721,9103,6760,5987,5909,3387,6485
-2500,-5037,-2253,-7289,587,-1048,8569,6932,4169,9511,312,3113
-1698,-5281,-2179,-6863,-46,-1257,10059,7072,1889,9400,3548,-375
-626,-6165,-2377,-6543,892,485,10355,6904,289,5448,12416,-3483
-1746,-5669,-2811,-6236,-2260,836,8569,6874,-517,5846,13378,-3121
-2080,-4937,-2445,-5810,-2277,-26,8077,7380,-3347,9266,10441,-4144
-802,-5487,-2395,-5446,122,-503,7619,6138,-4699,6397,9881,-6863
-264,-5731,-2395,-5356,635,-661,5987,3814,-5237,4255,7375,-10585
-1162,-5687,-2681,-5000,-329,-131,3755,1708,-8211,-1187,1057,-11598
-1774,-5353,-2119,-4155,-1087,-108,3257,2390,-8391,-8392,-4143,-10903
-1478,-5023,-1655,-4735,-898,-324,-2645,2116,-6347,-11162,-3802,-5139
-2496,-4141,-1205,-5655,-880,-234,-2689,632,-5257,-9602,-1697,-2352
-468,-4303,-553,-6506,2035,-787,-4899,-614,-3541,-9917,-993,-3386
-1108,-4981,-877,-5556,1738,305,-7101,-2528,-1309,-18428,-4432,1117
-1572,-4201,-567,-6828,-2036,2119,-3793,-5222,1473,-22209,-7407,4431
-1846,-3495,-131,-6826,346,2430,-2641,-4988,5439,-22891,1844,10942
-1708,-3917,-229,-6709,1891,730,-11,-4522,7613,-11396,-1278,15835
-1212,-3979,-53,-6914,-260,172,5357,-740,10241,-2698,2834,15913
-950,-3897,1,-6887,-66,-1032,5861,988,8777,1122,3838,15472
-1244,-4477,-705,-6492,1631,-1142,8319,3440,7459,6266,-1758,11744
-1838,-4945,-1555,-7301,258,-1345,9925,5768,5135,9267,-710,6867
-1984,-5331,-2049,-6715,-919,4,10411,7886,1083,10914,3738,3096
-1898,-5239,-2171,-5910,-195,716,9133,7778,279,8378,12158,226
-1694,-5237,-2397,-5583,-341,91,7475,7672,-1575,7642,15617,-1883
-1960,-5345,-2439,-5059,-1,291,7531,8036,-3691,7596,11453,-2508
-1120,-5357,-2383,-5555,-579,-974,6655,6686,-4805,6076,5994,-4266
-604,-5457,-2373,-5734,717,-545,7317,5620,-5335,2529,3589,-9065
-554,-5361,-2599,-6135,864,-540,5749,3840,-6431,-1626,1342,-9717
-882,-5253,-2699,-6665,-493,-489,4741,4084,-7571,-3072,-57,-7999
-1724,-5263,-2721,-6172,-1109,-562,2119,2704,-8171,-5648,2042,-7490
-2506,-4933,-2235,-6257,-953,-216,601,1824,-7839,-5221,554,-7492
-892,-5333,-1177,-6211,997,-927,-2359,236,-7351,-7011,-2342,-7453
-532,-5639,-709,-5269,1372,-63,-3591,-740,-6003,-12705,-6926,-6727
-1576,-5155,-679,-5108,23,471,-6117,-2942,-3107,-16719,-9119,-3936
-2418,-4045,-467,-5794,-445,1387,-5785,-4594,-1039,-15416,-12510,3658
-1880,-3915,-217,-6434,944,839,-1135,-4366,4763,-15435,-5448,11517
-900,-4289,61,-6107,453,-886,-1537,-4038,6447,-11515,2062,14064
-492,-4557,-39,-6400,-994,-1325,1125,-3618,9897,-5508,3466,18001
-988,-4569,-591,-6359,525,-722,4309,-122,9133,-513,3104,15779
-1934,-5451,-1701,-6512,578,-1507,7615,2186,8395,1521,4740,14420
-2162,-5645,-2029,-6485,-1144,342,9169,3826,6459,4247,5596,10459
-2010,-5215,-2075,-5693,74,5,10577,4562,4303,7774,5829,7697
-2062,-4991,-2357,-5337,-1253,-767,11317,6002,2027,8854,7484,4140
-1768,-4855,-2411,-5735,-363,-449,10527,8150,-581,7896,7840,366
-1478,-5459,-2675,-6331,788,-920,9625,8856,-1827,6266,5864,-1801
-640,-6051,-2967,-6325,2643,-426,8259,7730,-3583,4258,3886,-6741
-772,-5785,-3027,-6203,-23,-1111,7543,6386,-3967,189,1501,-8570
-1312,-5297,-2755,-6189,-1303,-1071,5383,3096,-3945,3614,-4325,-4813
-1286,-4907,-2537,-7206,-1586,-1590,3705,3348,-7695,4692,2585,-5305
-2092,-5135,-2183,-7990,-1507,-570,305,3446,-8221,-7300,8619,-4478
-1226,-5205,-1587,-8209,-485,-624,863,3394,-9047,-8564,857,-5644
-752,-5819,-1477,-7367,-540,648,-501,2076,-7555,-10808,635,-11505
-1276,-5457,-1485,-6790,-591,719,-2549,-862,-5411,-11361,-4324,-10797
-2150,-4983,-1481,-5935,-277,591,-4461,-1582,-3043,-10948,-9003,-4429
-1120,-5409,-1035,-5333,-1348,-275,-6877,-4188,1199,-14373,-8780,2923
-1214,-5319,-603,-4394,-909,-332,-2969,-5110,3943,-10722,-9711,13302
-1072,-5179,-521,-4740,-897,-1112,-1077,-4034,9487,-6084,-338,16560
-1708,-5497,-1207,-5047,-737,310,6769,-148,11081,187,3673,17705
-1586,-5373,-1489,-5292,-526,503,8979,2004,9417,1294,14202,12427
-1432,-5353,-1885,-5667,-967,674,10005,4412,7029,4940,14536,9895
-1314,-5447,-2067,-6626,-432,297,10473,6130,3885,8904,10081,5350
-674,-5939,-2483,-6403,1228,282,9999,6866,-553,7932,5809,2363
-1130,-5741,-2713,-6130,-230,244,10287,7258,-2921,4591,8407,-3207
-1940,-5173,-2733,-5513,-600,-75,9305,6892,-4261,1213,6588,-7237
-2114,-5157,-2481,-6405,-1345,-443,7165,7372,-3595,5753,7361,-6979
-2746,-4741,-1177,-7601,-647,-1142,4135,3538,-7599,5321,-6872,-8431
-1160,-4913,-491,-8023,1851,-1655,141,-326,-6765,-3023,-8968,-4329
-1516,-4113,-829,-8667,-1120,-974,-2689,344,-7831,-7761,-4450,-6059
-808,-3643,-749,-9087,-180,1029,-4145,954,-5031,-7723,-6138,-4200
-1256,-4107,-1085,-7910,-1486,1640,-6519,-1168,-2309,-21213,-3637,-7198
-952,-4585,-863,-6147,-2477,-346,-6363,-3936,1895,-17566,-6284,2636
-1888,-4337,-1003,-4634,167,34,-451,-4402,5701,-14136,-1074,14123
-1366,-5259,-1483,-4060,1709,-1151,-35,-3510,8683,-4881,1616,19729
-1344,-5605,-1881,-5668,-852,275,6251,2116,9193,5003,-2409,15344
-1004,-5955,-1801,-6575,-1869,1402,8907,3508,7427,2443,8601,11705
-1892,-5357,-2359,-6832,-1455,1488,10121,5242,4185,8473,13605,4515
-1478,-5255,-2511,-7894,-431,69,9693,7052,525,10071,18044,2796
-880,-5799,-2751,-6639,1827,84,9193,7176,-3279,8068,11926,-1215
-968,-5671,-2707,-6145,-20,47,9423,6626,-4253,6272,5053,-3593
-1468,-5201,-2377,-5760,-414,-352,9161,4458,-6465,3095,2330,-10616
-1660,-4979,-2001,-6508,-509,-524,5325,2044,-9135,3452,5889,-9762
-2218,-4403,-1535,-8224,-352,-478,2445,440,-10221,-2863,-8767,-9544
-1074,-5165,-681,-8942,1923,-641,-1575,-454,-10837,-9723,-15308,-4043
-1804,-5143,-583,-8267,914,-709,-4483,-1700,-4891,-14166,-6808,-2051
-1996,-4983,-621,-7665,-40,-153,-5727,-3514,2519,-12295,3839,-1989
-1388,-4935,-723,-7846,-1053,829,-6395,-4754,341,-23044,-5824,-1041
-1390,-4757,-743,-7323,-2378,-503,-3195,-8164,7045,-16227,-9708,12267
-1408,-4719,-861,-7037,-668,273,6325,-5572,11637,-2206,125,20686
-1500,-4479,-1195,-6286,346,-546,7859,1752,8565,1351,3801,17951
-1540,-4347,-1615,-5554,-49,-1155,8821,3912,6807,4831,3119,12763
-198,-5691,-2143,-6292,-437,371,12751,6184,4393,9465,6894,5782
-1630,-5323,-2861,-6714,-2607,719,10625,7678,777,11404,10313,-1432
-1952,-5263,-3091,-7056,171,752,8525,8422,-3137,8485,15572,-5396
-804,-6047,-3245,-7093,652,381,7617,6046,-5099,5805,8365,-6509
-1026,-5861,-3091,-6263,-75,199,6873,2996,-6869,1850,657,-8211
-1238,-5469,-2367,-5627,-647,-651,3699,1086,-8743,-3137,-4823,-11963
-1638,-5503,-2223,-6030,-125,-301,155,-1748,-8307,-10740,-6600,-12487
-1424,-5187,-1715,-6839,1343,-1295,-5223,-2550,-5153,-14671,-7707,-5084
-1958,-5073,-1111,-4781,3684,-615,-7997,-894,705,-10736,739,3131
-1754,-4943,-411,-5749,-2313,2222,-8049,-1900,-1081,-14926,11085,1072
-1162,-4457,487,-5660,-1477,947,-9213,-3580,-163,-21795,2994,4965
-1416,-4409,287,-5033,1918,-201,-5085,-3398,1329,-18751,-9949,191
-1172,-4465,-101,-6423,-736,-613,-329,-3702,7035,-17571,-4459,15612
-1020,-4499,-481,-6481,132,-1121,5275,-1016,8731,-6432,4063,19862
-2408,-4471,-1413,-5797,622,-1501,8575,1974,9655,4669,725,17673
-1116,-4861,-1695,-6902,-1020,-1102,6827,3114,6787,3867,271,10894
-1154,-5519,-2293,-6673,-471,194,9919,4110,4425,5518,-2718,6422
-2008,-4817,-2767,-7080,-2460,-229,11323,5926,1525,10297,8414,-626
-2058,-4665,-2859,-7157,-968,-319,10087,9846,-2289,5676,14287,-3826
-524,-5697,-3227,-8432,-250,-270,7595,8136,-3623,4641,15247,-6096
-950,-5597,-3787,-8111,295,192,6739,4748,-6051,4796,11528,-8995
-828,-5733,-3729,-7204,-193,-411,4835,1892,-7635,272,7880,-8722
-926,-5705,-3665,-6287,-797,-990,2049,-558,-10407,-5965,4592,-8995
-1626,-5615,-3111,-5711,28,-452,545,-14,-8307,-11155,-4707,-9580
-1856,-4997,-1589,-5541,702,253,-5373,-2236,-4555,-13366,-7617,-6622
-1156,-5187,-661,-4600,2552,-674,-6749,-2394,-1325,-16461,-4251,-560
-3136,-4633,-667,-4837,-411,304,-8201,-2848,831,-17939,-202,6176
-2424,-4037,-255,-6842,-4125,1274,-5295,-3168,3225,-19143,5299,8040
-1088,-4227,367,-6969,748,473,-3413,-2940,6561,-14659,-1241,7743
-1040,-4323,-111,-8112,794,-376,319,-3114,8903,-9210,-5626,13399
-878,-4753,-579,-8909,-913,-1013,5305,-574,9209,-2219,-5660,15697
-1996,-4723,-1363,-8592,505,-528,7455,728,9603,2681,1510,12262
-3094,-4883,-2107,-8505,-146,-1263,10845,4032,5467,10474,7163,9565
-864,-5371,-2365,-8563,-405,-1764,8819,5644,2633,9247,9592,6572
-1024,-6315,-2967,-7222,-785,379,9285,5614,-103,8609,6931,1405
-2438,-5153,-3191,-7393,-3673,-147,8929,7384,-2143,8287,8141,-3829
-1812,-5021,-2895,-6695,-1172,-1024,7957,8036,-4487,8553,7924,-6793
-340,-5785,-3065,-6878,-729,-1309,7203,6454,-5331,6446,8927,-8547
32,-5909,-2957,-6397,99,-288,6123,3720,-6973,3237,3423,-9588
-1394,-5723,-3035,-5452,-299,-390,2221,-638,-9249,-3822,-378,-9720
-2114,-5959,-2063,-4112,-3481,-772,1001,820,-10055,-8084,-4548,-9940
-1526,-5865,-1087,-3746,-1030,-996,-5793,-1766,-5297,-16260,-8813,-1832
-1708,-5235,-681,-4820,-2376,-749,-4207,-462,-2217,-12465,-1771,1631
-60,-5507,-271,-5770,-632,-539,-6545,-2872,-3365,-15637,788,2244
-928,-5255,-637,-5953,67,746,-5341,-5314,419,-22129,282,8332
-584,-5005,-459,-7717,-783,873,-2787,-4256,6259,-19401,-3534,9210
-1410,-4755,-687,-7496,263,1607,1263,-3414,8875,-12865,-4591,15460
-232,-5051,-293,-7798,-783,1231,4397,-1602,12115,-4129,-3650,16103
-486,-4891,55,-7438,371,1922,9103,1716,9407,3619,-1664,12566
-1294,-5267,-417,-7563,-505,909,10415,3942,5807,7653,356,6704
-1708,-5273,-781,-6869,1101,547,11573,5262,2177,9518,-172,1408
-2474,-5579,-1533,-6850,167,568,12071,8184,-1033,11268,11487,-2922
-1736,-6569,-2067,-6101,610,-115,9243,7660,-3165,6504,13784,-5547
-2872,-6585,-2365,-5040,-1298,922,6277,6922,-3149,6133,8368,-8700
-2288,-6077,-1973,-4608,-289,-124,3923,4822,-3555,6423,890,-14516
-640,-6153,-1537,-5378,-946,-460,2043,560,-6799,686,-3836,-13717
-840,-5813,-1763,-5667,-1058,-185,-5251,-1838,-11195,-3641,-8962,-6483
-1076,-5217,-1331,-5601,-7030,-950,-4379,-2296,-8579,-16319,-3727,344
-1050,-5629,-949,-6388,-3132,1088,-5207,-2874,-2359,-22950,4458,9795
-2788,-5087,-377,-6025,-3350,1321,-9171,-3030,1291,-20207,10743,10248
-774,-5379,403,-5722,280,701,-6963,-5090,4545,-18739,341,9146
-744,-5049,707,-5148,553,1102,-319,-4452,11043,-14963,-6610,12296
-590,-4255,937,-5983,795,930,7577,-1308,11791,-7756,-5710,16073
-486,-3573,1263,-7334,1563,1814,7317,-888,10383,2900,2716,16857
-522,-4247,649,-8281,1206,2761,11307,3830,5093,13043,384,11478
-1652,-5221,915,-8483,-529,-137,9557,6118,1005,8439,8661,1889
-1506,-5875,463,-7555,1909,-213,8839,7366,-1575,7038,8905,-1973
-1248,-6837,-543,-7197,1603,-1126,8767,7838,-4177,7763,6981,-4491
-1840,-6799,-805,-5547,-659,-79,7765,6466,-4941,7346,9823,-6315
-2442,-5469,-815,-4347,-1206,673,6351,4496,-5145,1648,6480,-8963
-784,-5745,-777,-4050,-350,-774,3653,2244,-7161,850,-4239,-13252
-942,-5787,-1083,-4853,-1524,674,-1027,1820,-7315,-3640,-4388,-12281
-724,-6095,-1357,-5806,102,871,-2343,1086,-6597,-8540,-5514,-7558
-1154,-6121,-1817,-5890,-133,1231,-8181,-1082,-3121,-10057,-2227,1056
-1232,-5675,-1447,-6211,-1283,1614,-6595,-1444,-1709,-17180,640,6073
-1588,-5075,-1145,-6703,-1748,1042,-5085,-4860,4105,-19488,-1839,14036
-2002,-4507,-1091,-8258,-1504,1071,2689,-4908,9915,-11400,-2352,19919
-850,-4235,-919,-10484,438,300,10591,2584,10127,-4740,3492,15679
260,-5513,-1031,-10322,2311,845,9427,3802,6471,-1560,16065,13124
-1724,-5249,-1147,-9561,-796,2322,9991,6464,3685,7618,-620,5412
-2376,-4785,-665,-8112,308,2195,10719,7798,-769,10333,5994,-3205
-1620,-5331,-547,-6400,1502,277,7631,8838,-4891,6165,8405,-6879
-1178,-5701,-491,-5423,-122,250,5753,7060,-5037,2141,10477,-8326
-1480,-6027,-809,-4975,-31,-157,4935,4452,-6293,271,6163,-8929
-1882,-6415,-1383,-4181,-95,-177,2711,1320,-7491,-1382,3410,-9672
-3268,-5995,-1709,-3436,-715,1085,-2217,320,-8077,-4317,-622,-11754
-2048,-5771,-1471,-2856,-1937,-709,-3735,314,-6371,-6927,-6167,-8467
-1442,-5253,-1125,-2069,-1672,-108,-8089,-1330,-341,-12636,-1232,-766
-1084,-5221,-1077,-3855,-1410,-213,-9239,-3552,2727,-16260,-1340,7454
-688,-5029,-1253,-5027,-8,196,-413,-4366,8821,-15308,-4375,16795
-580,-5103,-1497,-6202,-109,778,8823,642,10949,-7145,2381,16887
-1170,-4721,-1557,-7330,-1775,612,11015,2878,9413,-5401,12105,14832
-872,-4681,-1425,-8729,-1733,167,10135,3140,7151,-782,12535,14595
-1576,-4933,-1653,-9834,-643,139,12205,6122,3921,8245,3600,5671
-2416,-5007,-1359,-9902,522,463,10651,9266,-2171,8721,464,-3813
-1040,-6403,-1137,-7009,3068,509,8423,9124,-5711,10815,1229,-10622
-1640,-6339,-901,-4370,392,618,5059,5310,-6391,-2240,5945,-11171
-2098,-4739,117,-4053,-1779,2397,1479,1208,-7749,-6545,2134,-12202
-812,-4731,629,-4418,-167,-1036,-3171,-1510,-8371,-4430,-2340,-13729
-572,-4727,855,-5203,-158,-1264,-3567,442,-7401,-5802,-5801,-7696
-952,-4617,871,-5745,128,-186,-8987,296,-1977,-9347,319,1280
-1766,-5167,23,-5288,965,-444,-6285,-994,1803,-14426,-137,5513
-2276,-5259,-651,-6666,-1435,1137,-5217,-5170,5439,-14560,-4926,11304
-2086,-5697,-999,-6517,-903,1617,2587,-5504,10215,-7617,-6280,19109
-1998,-4883,-1181,-6567,-2392,-140,10125,616,9747,-1746,4140,17301
-1586,-4621,-1309,-7307,-1403,402,9507,3226,6415,770,11592,14486
-576,-5025,-1859,-8885,25,-178,10895,6996,5407,7184,7472,6186
-442,-5605,-2527,-8574,1499,531,10661,7368,2099,7651,8760,606
-744,-5755,-2825,-8312,20,627,9481,6972,-579,6695,8508,-1661
-1116,-5729,-2895,-7710,-13,951,9261,7186,-2301,5345,7807,-2046
-2482,-5769,-3087,-6466,-342,853,8577,7324,-4129,3871,5726,-3796
-1786,-5857,-2393,-5518,-604,-400,7503,6296,-5303,425,3482,-9112
-1704,-6167,-1759,-5221,-36,-210,3275,3316,-7253,3576,3353,-14481
-694,-5429,-885,-5961,340,-1251,1823,566,-6269,-3609,-590,-9712
-890,-5691,-811,-5746,1229,-456,13,-890,-8731,-13487,-185,-7383
-1958,-5303,-747,-5991,378,-198,-4765,406,-4967,-12190,-3790,-7425
-1624,-5197,-417,-6288,-116,1600,-6793,-244,-1825,-8427,-5520,-4695
-884,-5235,-33,-5867,-195,773,-6071,-1940,1303,-11894,-5936,3050
-1198,-5165,-35,-5423,-1102,81,-2487,-2212,4989,-13375,-5671,8016
-1396,-4771,-397,-6067,-617,-791,-103,-2324,5737,-10762,-2138,14688
-1872,-5387,-1031,-5969,498,-354,1497,-2454,6351,-2827,-1925,16806
-2510,-5187,-1599,-6975,-891,-497,7125,-132,8627,2769,83,15931
-1202,-5329,-1783,-7283,-967,278,10943,3516,6957,2248,10556,9963
-1472,-4993,-2083,-7762,-1337,285,11279,6570,6263,5688,15888,6982
-972,-5391,-2337,-8288,-893,-109,10595,7038,1121,10550,14303,5357
-820,-5523,-2643,-7522,696,571,10643,7984,-2527,8130,10675,1669
-1366,-5619,-2913,-7033,-787,523,10443,6738,-3431,4962,4886,-1477
-1652,-5575,-2905,-6464,-1274,315,10743,6274,-5231,2548,5260,-6379
-1774,-5573,-2623,-6506,-856,96,8171,4402,-5443,6079,3902,-11226
-2054,-5227,-2083,-6395,54,-404,3093,1822,-8335,4552,1705,-14356
-294,-4863,-801,-6822,1429,-948,659,-1004,-18673,-14552,-5387,-8907
-344,-5005,-647,-6431,2257,151,1665,2266,-9085,-7771,-3187,-8636
-1648,-4369,-691,-7546,-630,679,-1993,1834,-7977,-6404,-6548,-8031
-2066,-3943,-621,-7339,-587,1590,-1733,1944,-5571,-6380,-5990,-8362
-1568,-4321,-735,-7249,536,1197,-5321,-548,-2807,-13363,-6157,-5192
-1424,-5161,-999,-6163,-451,753,-5603,-3046,541,-18158,-7254,1358
-2120,-5211,-1351,-5477,-794,373,-3185,-5128,3035,-16906,-5086,10781
-3208,-4975,-1605,-4967,-1781,175,-653,-4644,7389,-7829,-3478,16524
-1540,-5139,-1411,-5252,-614,-194,8525,574,10325,908,-1635,15819
-1008,-5035,-1529,-5175,-1281,-664,9409,2724,9157,-3536,12853,13899
-1248,-4535,-1629,-6285,-1701,-164,10597,4882,6651,6963,9537,8801
-910,-4655,-1869,-7696,170,-346,10141,7012,2979,11727,11779,4408
-144,-5065,-2119,-7688,1047,423,8989,6366,-1225,9274,11689,-310
-782,-5089,-2233,-7915,-1148,458,9049,6314,-3533,6669,8230,-2813
-1350,-4781,-2207,-7452,-1710,522,7515,5652,-4925,4327,6217,-3893
-2310,-4165,-1969,-8014,-305,-38,5909,4044,-8027,-84,7622,-7531
-696,-4993,-1491,-8397,2992,-864,2139,1602,-10929,-2362,-2314,-12658
-1502,-5577,-1287,-5561,2353,603,-1959,1312,-11609,-7206,-1032,-11983
-3452,-4899,-757,-4183,-1306,1700,-1757,928,-11213,-10828,-3463,-6053
-1486,-4911,289,-3963,-172,-74,-4787,-1044,-5015,-10075,1383,-4016
-1104,-4655,431,-4126,-414,-671,-6705,-1804,-1505,-18455,-6278,-1958
-1366,-4361,295,-5068,380,-906,-3261,-4728,911,-20215,-11422,8579
-1894,-4873,-553,-5809,811,-968,1097,-978,9043,-10612,4001,15222
-1990,-5277,-1127,-7243,-518,786,1837,108,7973,-5643,5470,13821
-1112,-5309,-1387,-6653,-548,82,6687,1272,8537,499,-3052,12987
-1148,-5249,-1557,-5896,-1125,356,12095,5374,6929,7454,6229,6375
-1594,-4897,-1901,-6173,-1267,-328,9167,6610,2607,11527,11746,1551
-864,-5215,-2297,-6480,866,97,9355,7688,-1033,9333,12755,-3378
-848,-5201,-2673,-6839,-115,334,8769,6974,-3853,6306,8016,-5103
-1322,-4761,-2747,-6756,-1460,45,8107,5642,-5943,1933,8153,-6862
-2272,-4617,-2397,-6603,-1634,-712,4377,3036,-8539,-2675,982,-10365
-1278,-4317,-1587,-7865,624,-1620,759,1212,-10151,-6324,-4555,-11543
-118,-6083,-1645,-6426,3476,-282,-2961,674,-9445,-8575,-6271,-8726
-1916,-5283,-979,-4539,-1266,1488,-6077,-1942,-6213,-10947,804,-4121
-1970,-4243,155,-3907,29,1372,-6127,-1710,-3317,-15921,2600,-2447
-786,-4223,517,-4567,-228,-392,-5839,-5970,-879,-20404,-11114,-1365
-692,-4231,685,-5989,-441,-223,271,-5820,5449,-16544,-11728,17002
-1328,-3949,265,-7926,374,-593,3521,-2770,8911,-762,97,18578
-1916,-5163,-641,-9618,1723,-325,6415,2242,8719,3088,-2722,13945
-2380,-5305,-1787,-10296,139,1413,10385,4608,7413,2916,-2651,8411
-728,-6235,-2169,-8322,63,1408,11791,4066,3765,8941,7423,1081
-2698,-5697,-2573,-4671,-2049,1392,9871,5998,227,11369,15742,-2420
-2052,-4777,-2419,-4219,-1986,-650,7339,7924,-2767,8154,13417,-4705
-658,-5125,-2587,-4459,462,-755,6821,6550,-4145,5692,5488,-7253
-802,-4991,-2823,-5596,-685,-88,5705,4628,-4931,1559,1065,-10715
-2024,-4417,-2737,-5795,-965,-454,5037,2934,-6625,-6354,-639,-11865
-1760,-3615,-1429,-6867,-1337,-1718,-1007,758,-10341,-8394,1008,-7796
-558,-3993,-349,-7515,2196,-1829,-1453,170,-9749,-8993,-1789,-4089
-1336,-4829,-671,-6532,56,116,-6595,-738,-6245,-6678,-83,-5335
-1990,-4257,-213,-5809,-2586,1502,-9429,-1524,-3191,-15191,-1264,-2982
-916,-3949,369,-5289,1240,213,-4177,-6270,219,-20084,-13511,1209
-346,-4219,51,-6435,559,8,951,-4644,3777,-16790,-11504,16132
-690,-4505,-9,-7442,-20,-463,4533,-2628,8161,-2227,-5843,17136
-1234,-4731,-899,-8493,80,-463,5999,1712,8497,6838,680,13366
-2476,-5605,-2115,-8065,648,975,8769,4684,5905,5093,504,7788
-1256,-6043,-2053,-7503,-154,614,10145,3726,3479,3227,6273,2806
-2318,-6009,-2365,-4786,-1418,665,9647,7166,-569,6181,13409,-72
-2274,-4709,-2001,-4388,-1486,-441,7353,9008,-2569,4041,16158,-578
-612,-5323,-2025,-5241,1341,-1157,6111,7480,-3555,1667,10116,-3424
-766,-5241,-2399,-6239,-222,-455,6137,5686,-3867,85,3202,-5967
-1248,-5285,-2505,-6480,-255,-127,5333,4012,-4081,-4110,4954,-8922
-1876,-5665,-2567,-6192,-201,-321,3987,-1602,3437,-5777,8466,-6369
-1342,-5941,-1977,-5655,-371,-482,-2011,932,-6751,-8690,8656,-7384
-946,-5987,-1441,-5578,-475,-268,-2237,1306,-6583,-6434,-2485,-8099
-2302,-5327,-1285,-6441,-1049,323,-6557,-1612,-2579,-12654,-3183,-3504
-1320,-4721,-795,-7583,432,-639,-7039,-3166,-441,-18772,-6121,5165
-1002,-4861,-889,-7948,215,-197,-2897,-3678,4067,-17152,-3998,12444
-1256,-4221,-989,-9147,-111,1407,1705,-1750,7579,-6598,-4162,14977
-1474,-4665,-993,-8535,-139,1659,4505,620,8167,-2607,1387,13924
-1620,-4359,-747,-6693,123,46,8737,2998,6831,3400,-1869,11756
-1236,-4699,-1157,-7114,89,-560,10435,4568,4643,7456,1754,4759
-2256,-5249,-1961,-5850,-136,-226,11059,7850,2041,7744,12432,1246
-1470,-5607,-2197,-5719,-329,-203,8921,6686,-1223,8129,16431,232
-1396,-5509,-2441,-5339,-980,54,8811,7526,-4045,8185,10045,-4902
-1822,-5381,-2753,-5916,-1021,-4,7337,5646,-5623,2766,7215,-10647
-996,-5225,-2643,-5935,431,-490,4223,3336,-6993,-1655,3882,-10913
-562,-5119,-2449,-6336,-414,-1239,1707,2310,-9113,-832,-8334,-11582
-336,-4913,-2109,-6628,-761,-1078,-669,1008,-5615,-5935,-6839,-9062
-310,-5093,-1833,-7233,-884,-862,-1567,682,-6017,-7018,-7026,-6544
-1572,-4869,-1885,-7886,-1303,-81,-4459,-778,-4237,-12164,-2122,879
-2530,-4247,-1481,-8582,458,323,-4215,-1024,-1679,-15340,243,2104
-3904,-4819,-1515,-8004,579,1066,-8025,-1868,119,-15064,-543,1027
-2028,-4755,-53,-7734,-3202,2925,-7143,-4236,2633,-14191,-7214,6811
-514,-4759,703,-5301,1650,759,-1427,-4860,4953,-12248,-8178,13620
-990,-4505,297,-6116,1201,892,3099,-2274,7869,-7341,-5895,15587
-1654,-4583,-273,-6642,-952,149,9963,324,8475,407,-3292,14737
-2228,-4401,-827,-6991,-205,71,8529,1610,7181,2679,6034,13225
-2648,-4309,-1297,-7009,219,-248,10049,3096,5655,9722,1760,10453
-490,-5119,-1549,-6992,678,-281,11393,5854,3675,10565,6774,3434
-404,-5829,-2193,-6162,-7,709,10031,6732,797,9017,10168,-950
-2208,-5343,-2607,-4814,-1259,1054,9415,8636,-1303,7320,11958,-3466
-2396,-4687,-2587,-5252,-964,388,8243,8752,-3555,5985,10868,-5148
-564,-5189,-2565,-5389,697,-414,6555,6824,-3993,3831,7835,-6594
-732,-4877,-2509,-5052,-434,-534,4623,4738,-7177,1189,-796,-9275
-818,-4337,-2199,-5745,-1908,-1246,1189,2272,-7467,-5738,-1044,-7851
-958,-4407,-1887,-6397,-622,-1526,1269,3172,-7967,-7384,-413,-7805
-1778,-4397,-1863,-7640,-578,-287,-3865,848,-7095,-9280,-875,-4830
-1842,-4393,-1315,-8508,617,-531,-1801,1450,-5227,-8016,-1183,-1388
-1678,-5309,-1149,-6512,2963,82,-3873,796,-3369,-9630,2057,-4113
-1296,-5307,-529,-6031,-662,1128,-3823,-444,-3035,-13321,-4468,-1772
-1384,-4323,175,-5711,-431,2229,-6681,-5008,1157,-19142,-7137,2615
-1712,-3587,333,-5682,389,269,-4659,-7496,3803,-13269,-11087,13928
-1006,-3799,385,-6607,394,-318,4397,-4040,8655,-7479,-7631,17937
-1188,-3825,109,-7160,-812,-1220,7603,720,9949,-985,2222,14060
-1486,-4407,-463,-6764,788,-494,9019,2426,7993,-348,9447,13535
-2012,-4645,-1229,-7250,-200,-157,10251,3952,6967,4075,8134,10855
-644,-5355,-1501,-7319,-127,332,10481,5224,5289,8614,8980,4504
-956,-5709,-2087,-6651,39,664,9825,6302,1889,10510,10408,218
-2138,-5441,-2699,-6516,-1635,1068,8021,8538,-567,7743,11636,-2481
-2384,-4795,-2525,-6819,-61,277,6521,8266,-3237,4781,8423,-4231
-530,-5393,-2619,-6945,736,-471,6141,6136,-3935,3614,4469,-6217
-430,-5339,-2607,-6507,344,-112,5691,5130,-4251,2520,1728,-7430
-1496,-5047,-2625,-5915,-1059,-518,3239,2558,-6829,-101,-2727,-8044
-1666,-4725,-2091,-5876,-1859,-833,1143,1112,-6457,-6449,-211,-7951
-1706,-5089,-1545,-6050,-566,-493,-795,2390,-6189,-8147,-2642,-6685
-2340,-4869,-1001,-6811,-1171,-254,-4041,942,-6327,-9570,-966,-3394
-586,-5441,-503,-7302,531,85,-2435,666,-3753,-8448,524,-1059
-1294,-5567,-557,-5880,1103,460,-5073,-798,-4637,-12180,2905,-1644
-1352,-4917,-427,-5622,94,296,-5745,-3558,-3093,-16854,-7789,1302
-1900,-4383,-253,-6038,726,1538,-2677,-4240,3503,-18576,-10345,3484
-1928,-4595,-155,-5980,-252,190,-1897,-4074,6049,-18133,-3021,10179
-834,-4883,291,-5879,-1434,-2094,-487,-4050,6461,-12295,-1220,14938
-1084,-4753,117,-5709,-194,-941,533,-2704,9081,-5367,1446,15933
-1802,-5213,-511,-6016,-301,-992,4433,254,11169,285,1161,14513
-2988,-5245,-1195,-6359,-372,-515,5841,1270,10427,1283,5488,13340
-1104,-5495,-1179,-6363,2,214,8689,2222,8053,6827,5233,11722
-986,-5551,-1517,-6553,-1586,271,10611,4664,4217,9699,11450,6674
-1856,-4891,-1749,-7364,-1778,137,9081,6644,465,9516,11655,2317
-988,-5475,-1853,-7920,63,-150,7695,7028,-1763,7290,9766,-537
-298,-6117,-2141,-7149,1766,76,7957,7006,-3631,6101,4651,-2760
-750,-6233,-2315,-7229,-884,386,8135,6082,-5087,2993,3951,-6543
-1448,-5827,-2181,-6732,-1473,598,6553,4908,-6285,-1512,1912,-9588
-2074,-5471,-2055,-6902,-1719,123,3721,3626,-7249,-6948,-1186,-9545
-2300,-5355,-1855,-7905,-1176,57,-545,1700,-6983,-1834,2459,-11771
-2016,-5533,-1501,-8281,118,-407,245,2162,-6301,-5464,1037,-2681
-548,-5901,-1135,-8391,574,-713,-3467,100,-6507,-11091,-532,-1545
-950,-5781,-935,-6934,1263,334,-4511,694,-3167,-13663,367,-2681
-1408,-5009,-863,-7653,18,825,-5239,-116,-2041,-15673,-3569,-5108
-1872,-5053,-661,-6618,448,2414,-6169,-2846,-251,-18777,-7311,-478
-1730,-5191,-275,-5867,-760,2360,-1765,-4868,4185,-19981,-1921,6535
-1386,-4793,121,-4961,-1068,328,-1413,-5660,6699,-14037,-273,12855
-1180,-4487,103,-5442,-542,-246,1727,-3952,8231,-7382,927,16776
-1374,-4825,-503,-5534,818,-161,5305,246,9363,-1265,662,15900
-1782,-5223,-1355,-5863,-396,-687,7085,2734,7805,243,6505,13319
-860,-5697,-1789,-6236,-109,765,8837,4908,7031,7244,6696,8066
-1804,-5525,-2231,-6183,-2071,1011,9987,6542,3209,10418,10105,3590
-2220,-4777,-2255,-6334,-1227,345,8507,8012,783,8763,15408,656
-788,-5437,-2281,-7217,112,-290,7087,6938,-2629,6549,9741,-349
-32,-5969,-2391,-6544,1207,202,6095,5790,-3303,5168,1921,-2298
-1290,-5527,-2399,-5875,-840,84,6045,5708,-4923,3718,-6216,-7220
-2238,-4729,-2171,-6046,-2317,-86,3631,3698,-6045,-4588,-5711,-9902
-2350,-4771,-2035,-7310,-400,-351,1963,4232,-5279,-5809,2539,-8659
-1404,-4779,-1229,-7952,-44,-1442,-3229,782,-6053,-7652,-3682,-2557
-464,-5473,-679,-6990,1550,-256,-3689,556,-3165,-12005,-2845,1660
-1388,-4869,-429,-5940,-211,518,-4413,574,-765,-15944,4081,979
-1814,-4037,-77,-6023,-403,1087,-5705,-2006,459,-16409,-3135,1471
-1638,-3855,63,-7039,402,783,-3353,-3542,5985,-17309,-801,5393
-992,-4023,65,-7741,-437,165,-1471,-4132,6757,-13507,1136,13581
-1270,-4103,-75,-7830,-530,-368,1425,-2218,8321,-4280,-1493,16924
-2448,-4661,-1193,-7727,-179,-170,6627,1320,9985,3743,665,14962
-490,-5277,-1343,-8823,127,409,9839,3242,5863,5057,2422,11134
-1474,-5579,-2139,-8414,-1474,759,11351,4210,2837,9152,8437,4695
-2364,-4311,-2263,-9004,-1355,716,9861,7388,67,10037,12754,-866
-710,-5535,-2719,-9191,1397,-236,7047,7486,-2573,7404,13144,-2788
-560,-5923,-2969,-7832,1038,266,7017,7174,-4301,5322,7263,-4127
-1136,-5765,-2843,-6758,-776,25,7103,6234,-5735,1535,4793,-7611
-2188,-5205,-2747,-6040,-1282,-222,5905,5124,-6259,-2836,2705,-9658
-2114,-4871,-2303,-6269,-853,-881,1591,1996,-7181,-7832,1057,-8765
-1608,-4499,-1985,-7142,518,-978,1995,2802,-5859,-8149,-1151,-8982
-96,-4837,-1717,-7965,1917,-1034,-3473,-484,-6157,-8840,-2401,-4704
-954,-5113,-1613,-6251,1790,523,-489,1340,-4233,-6874,-442,-5846
-1830,-5219,-1319,-4940,616,1003,-5803,-566,-853,-7985,4910,-1935
-2196,-4795,-551,-5605,-1309,1862,-5589,-1990,-1653,-17540,-7133,97
-1088,-4763,31,-4821,598,224,-3641,-4996,2847,-20440,-9627,1866
-1378,-4935,-77,-5127,-386,786,-3751,-6408,6955,-13701,-5080,17289
-2100,-4847,-459,-5277,-140,277,3299,-3272,11227,-1901,-744,18228
-2692,-4521,-773,-5710,-1316,379,6367,928,10427,589,6472,15866
-424,-5029,-867,-5928,84,140,9335,2646,8717,1698,5084,13088
-1310,-4855,-1491,-5602,-2149,726,11655,5094,5567,8278,8080,5955
-1838,-4227,-1877,-7389,-1401,-193,10675,7344,571,9000,13170,885
-750,-4765,-2301,-8448,321,168,8031,7344,-1297,5448,14948,-2000
-568,-4883,-2601,-8919,474,100,7901,7426,-3517,4058,9870,-3163
-984,-5097,-2813,-8307,305,-743,6867,6084,-5223,1235,8588,-6889
-2414,-3933,-2563,-8673,18,-251,4591,4836,-6845,-2069,2848,-9718
-1118,-5133,-2105,-7627,3264,-1526,1117,1274,-9951,-4361,-5386,-8530
-846,-5383,-1489,-4464,2964,281,-601,1724,-8639,-6556,-1456,-9415
-1508,-5175,-1119,-3276,372,694,-3861,530,-8033,-4950,-3397,-7521
-2266,-4475,-391,-3292,-1468,2333,-4763,3728,-2223,-2832,-4042,-2670
-1808,-4323,149,-3143,514,319,-6259,-692,-2803,-16535,-3089,-2255
-1236,-4497,351,-3896,81,298,-5573,-2430,-75,-18068,-10169,-532
-1214,-4237,403,-4332,445,-186,-1699,-3964,2551,-16203,-11339,10951
-1770,-4333,-115,-4967,1284,-1082,759,-4580,6633,-10689,-5524,15650
-2210,-4503,-745,-7550,-1616,735,4975,-2480,8885,321,-3697,19239
-1900,-4515,-1169,-7164,-18,355,8721,1988,9127,4181,2464,13215
-1982,-4555,-1651,-6549,-1317,-563,9815,3878,7749,4271,6221,10748
-1460,-4371,-1955,-6830,-846,-241,11869,7698,5753,7585,9725,4154
-1070,-4701,-2313,-8134,-1402,-654,9239,8456,2149,10019,15521,739
-534,-5121,-2547,-7824,807,368,8443,7372,-1961,7887,14586,-3595
-902,-5253,-2715,-7886,-358,-9,7335,5706,-4155,4351,10389,-3398
-1312,-4939,-1667,-8410,-1622,-923,7913,6134,-5361,2121,5264,-4291
-1952,-4417,-1749,-10311,-373,-1479,6125,3776,-9089,-2159,2082,-10729
-3136,-4013,-1857,-11464,741,-2265,95,1208,-8689,-7964,102,-12760
-634,-5147,-1731,-10254,3361,-2249,-715,796,-8267,-10983,-6658,-7429
-500,-5437,-1573,-7473,-149,-679,-6471,-36,-4117,-9419,-3800,-666
-1052,-4487,-967,-5839,-2603,1133,-2807,950,-393,-7623,3725,1033
-874,-4117,-455,-5108,226,695,-5881,-1406,-2009,-16233,-4129,4643
-1136,-4639,-841,-5242,-764,674,-1627,-3178,4533,-16346,-12342,5719
-1244,-4791,-947,-5354,-565,790,2597,-446,7461,-7057,-13700,16227
-1348,-5249,-1319,-6027,522,627,6653,2804,8605,-1872,10632,16222
-2102,-6201,-2015,-6312,265,1185,5909,1828,6795,-994,6404,12856
-2044,-6285,-1995,-6283,-821,1553,11587,7874,8017,1356,10051,8175
-2822,-6087,-2059,-5437,-1285,1027,10327,5036,4519,8701,9565,3037
-2046,-5417,-1787,-5080,-156,-176,9967,6658,859,11844,11893,-2156
-1062,-5529,-1781,-5852,-303,-694,8307,7054,-3535,7631,14200,-3400
-792,-5441,-1927,-5995,649,-538,7067,6316,-4709,5645,12409,-4689
-832,-5487,-2193,-6140,-104,-665,6271,5028,-6545,4312,5134,-7253
-1306,-5293,-2299,-6105,-1001,-580,3651,2278,-8773,-859,3576,-11283
-1502,-5037,-1977,-5893,-1128,-800,1413,2266,-8701,-4294,-2930,-14055
-1426,-5129,-1901,-6275,-675,-562,-789,1836,-6941,-7884,-6973,-8748
-1066,-4741,-1259,-7323,-157,-711,-4503,-1344,-5137,-10749,-4921,-2343
-1084,-5585,-1317,-6532,1737,-62,-2475,336,-1813,-7980,-2623,-1180
-1546,-5233,-1135,-4855,1516,319,-5773,-1352,-2297,-15239,-6245,1554
-1516,-4785,-573,-5506,-488,2137,-3775,-3130,2511,-18283,-8142,3859
-1378,-4777,-109,-5549,-574,-68,-2171,-4126,4579,-16773,-5054,10478
-1158,-4789,-149,-5222,-18,-810,419,-3084,6567,-9484,-3025,16760
-1902,-4817,-417,-5781,-580,-10,5771,778,9559,-710,271,16718
-1952,-5463,-1077,-5477,582,-223,5801,1568,9285,-196,6049,15874
-2282,-5359,-1369,-5925,-925,-14,9533,3482,7955,5717,2358,11174
-1476,-5331,-1565,-5647,-500,374,10729,4604,4643,8101,7605,6835
-1756,-4783,-1867,-5571,-1844,-434,10445,6356,1747,10682,11826,2504
-1124,-4773,-1963,-6771,-1725,-278,9107,7964,-1431,8661,13519,134
-416,-5227,-2249,-7432,-527,-288,8053,7530,-3185,6845,10360,-2707
-614,-5371,-2615,-6699,720,346,8725,6150,-4291,4909,9166,-6802
-1188,-5173,-2779,-6917,-1411,21,7417,4578,-5797,1901,5128,-11754
-1766,-5045,-2647,-6448,-962,96,3615,2866,-7453,-4933,-2045,-12212
-1596,-5197,-2415,-6690,-441,-144,345,2444,-8283,-6935,-6577,-9948
-1510,-5353,-1877,-6577,530,424,373,2058,-6993,-9157,-7143,-7343
-864,-5429,-1197,-6466,1271,722,-4001,-592,-4425,-4205,-5556,-2471
-910,-5201,-971,-5661,1454,1058,-4781,-414,-1505,-14824,2250,1402
-1944,-4763,-851,-5049,650,1523,-6165,-2214,759,-19684,-5847,2557
-1910,-4297,-335,-4869,184,1064,-2075,-4124,4491,-15794,-9842,8742
-1114,-4487,181,-4891,611,-414,2769,-2372,9897,-6867,-3652,14499
-1040,-4517,-53,-5608,-19,379,5423,518,9681,-182,5831,16790
-2090,-4389,-567,-6168,108,-471,7753,3700,7005,4346,6579,13556
-1570,-4813,-1313,-6641,313,-765,8803,6152,4561,5304,7654,9617
-1628,-5135,-1813,-6359,-536,248,10039,6312,1763,7781,5275,4505
-1584,-4885,-2111,-6020,-701,-393,10475,6660,-135,7379,10507,-1346
-1944,-4437,-2293,-6142,-1799,-322,9515,7848,-2293,6991,11766,-3932
-784,-4805,-2417,-6917,476,-494,7911,7530,-3989,5904,10330,-6935
-536,-5257,-2805,-7410,1122,176,6461,4384,-5347,4117,5438,-10983
-1194,-4869,-2981,-6951,-296,-286,3331,1212,-8589,-638,-2253,-13042
-1202,-4405,-2611,-7083,-1087,-790,345,428,-10053,-10168,-8018,-11346
-1672,-3993,-2469,-8245,376,-326,-5633,-82,-5487,-15485,-7174,-3632
-1240,-4545,-1751,-8793,1562,-374,-7125,-2054,-311,-11712,1670,4295
-1868,-4763,-1569,-6883,1198,1400,-8069,-1906,229,-17132,6522,4042
-1820,-4045,-779,-6997,-1252,1641,-5171,-2966,3635,-17082,-8456,8482
-1430,-3633,-99,-6552,1372,420,3137,-3624,7807,-10757,-12061,11178
-514,-3499,-45,-7536,2299,185,9983,8106,11921,-9455,16488,24235
-656,-4137,-441,-8424,365,104,7493,1782,6867,4042,2530,15903
-1788,-4107,-1109,-8172,755,-128,7237,3652,5325,3389,2159,11005
-2582,-4373,-1903,-8060,540,-267,11119,9292,2457,8057,3698,5082
-1166,-5127,-2139,-8428,359,-445,10505,7434,935,7799,5569,-350
-1830,-5511,-2833,-6274,-217,377,9501,7526,-1097,6496,11853,-5958
-2336,-4521,-2905,-6086,-1996,-856,7539,7832,-2715,6929,12094,-5706
-1346,-4849,-2877,-6203,211,-1233,6555,6812,-4487,5110,8305,-8297
-348,-4973,-2843,-6249,611,-1207,4369,2708,-6579,2641,2267,-10634
-604,-4769,-2871,-6324,-176,-895,1575,804,-9097,-4290,-5503,-10208
-938,-4297,-2769,-6140,-1123,-1207,-539,276,-8983,-13057,-2550,-7951
-1614,-4107,-2621,-6498,230,-204,-4035,-1946,-3245,-13743,-5763,-691
-1496,-5045,-2137,-6261,906,-263,-6593,-1512,-1011,-12978,2069,2526
-1188,-4661,-1049,-4409,1804,899,-6941,-3318,663,-18973,1453,6983
-1166,-4301,-291,-4978,308,746,-1001,-3922,7157,-15860,-6702,10249
-1806,-3575,153,-5565,698,485,3873,-2416,8191,-9771,-7302,16236
-1476,-3459,253,-6866,1265,-533,9281,6032,9893,-5593,12998,21514
-1202,-4097,-163,-7752,906,-1519,9739,3666,7541,5455,5659,14463
-1174,-4541,-585,-7944,1051,-1317,11087,2238,6645,8527,2880,12143
-1940,-5045,-1535,-7704,820,-1536,10535,6452,1971,9248,5633,4995
-2746,-5149,-2163,-8005,-701,-550,10889,7208,-91,8146,6964,-1095
-1574,-5415,-2429,-6833,844,-366,10527,7268,-1515,5818,8676,-6266
-2416,-4603,-2765,-5473,-1725,-1604,8473,7020,-3669,4725,7850,-7679
-1224,-4495,-2561,-5858,-605,-1965,7993,5602,-4877,5275,6343,-10117
-64,-5125,-2827,-7032,258,-1661,2793,2144,-6515,3766,2246,-12768
10,-4951,-2933,-7470,-34,-421,1065,-864,-9547,-6154,-879,-9700
-454,-4799,-3251,-7392,-243,94,-5007,-2092,-6721,-12412,-11941,-8728
-1430,-4809,-3343,-7251,-870,759,-4907,-564,49,-16619,-5818,1469
-1670,-4785,-3117,-6509,-678,942,-6715,-2920,711,-16486,2210,8457
-2142,-4313,-2487,-6066,-466,173,-3303,-820,9115,-16288,4291,9962
-898,-3875,-1663,-7733,1297,-183,1855,822,7561,-10285,-209,10623
-1428,-4003,-1759,-8838,41,805,4565,1456,6929,-4706,-3886,16295
-1312,-4267,-1349,-8139,540,1160,6903,3876,5533,2957,4806,9894
-2610,-4309,-1433,-6667,2820,-959,7371,4532,3111,2563,3254,6555
-2584,-4457,-1487,-6364,1262,-1002,9527,6308,3369,9638,875,2842
-2984,-4367,-1907,-5920,96,-1670,8369,7662,653,7440,7216,-229
-980,-4861,-1875,-7732,-289,-1031,7837,7196,-851,2938,9887,-1121
-1570,-5283,-2547,-7005,-217,-443,7199,6776,-2181,2758,11794,-4463
-2062,-4837,-3045,-7183,-2629,-1523,5909,7396,-2913,4311,11820,-7223
-2112,-4601,-3061,-7161,-1229,-1459,4647,6362,-4435,1386,14108,-9133
-830,-5207,-3117,-7598,-401,-1753,2205,2854,-6281,-1063,9988,-9016
-266,-5207,-2903,-7245,-622,-1114,1851,1358,-8213,-5178,5953,-8184
-410,-4997,-2679,-6902,-1159,-757,-403,1178,-8953,-9690,2538,-7512
-150,-4923,-2317,-6798,-1106,-926,-2427,1196,-6353,-10905,-6925,-6323
-936,-5013,-2315,-6990,-1178,-226,-4935,-984,-3801,-15586,-2335,-1235
-2364,-4101,-1853,-7516,-160,133,-8197,-3578,39,-14630,-3506,3571
-1658,-4843,-1485,-6296,3325,-250,-3637,-3190,3809,-17845,-2213,11610
-968,-4553,-721,-7057,-1079,1217,-467,-2564,6935,-13131,-2438,12312
-894,-4095,239,-6958,-650,911,5009,-20,7759,-8336,-8,14221
-1254,-3879,-7,-7199,2237,-183,6717,950,6471,-3470,2169,14696
-1032,-4665,-437,-8319,122,-367,7973,3556,6007,-182,5140,11913
-2110,-4521,-1071,-8075,851,-545,8701,6408,5651,5679,2588,6624
-3608,-5251,-2183,-7457,490,-638,9685,7758,4463,7583,2641,3658
-2012,-5333,-2399,-8591,-535,-104,9455,6978,2657,6637,5383,-432
-1514,-5777,-2691,-6714,-239,-254,9089,6294,-13,6087,7176,-2366
-1786,-5281,-2773,-5399,-2924,-1618,7411,7370,-2013,5016,10489,-5528
-1374,-4717,-2557,-5557,-1649,-1608,5317,6658,-3473,4553,7137,-7895
-464,-5031,-2731,-6244,-241,-2140,3143,4640,-4069,647,4662,-9946
140,-5457,-2763,-7142,280,-768,1197,2850,-6537,-2398,923,-9575
-634,-5409,-3031,-6931,-664,-94,79,3156,-5595,-6852,252,-6063
-1146,-5167,-2617,-6657,-1486,-283,-1227,2546,-5729,-9215,904,-4733
-1672,-5235,-2155,-6773,-874,106,-3865,2028,-3527,-10391,2128,-2086
-1096,-5411,-1377,-6878,506,-31,-4433,174,-3255,-11072,-947,346
-746,-5833,-1029,-6321,1394,523,-5153,-2310,233,-15207,-4071,3304
-1492,-5245,-1049,-6614,380,1276,-2823,-2626,3045,-15270,-5436,9122
-2348,-4455,-911,-7077,-17,1753,1069,-2622,7365,-10557,-3079,14462
-1048,-4583,-539,-7230,1037,-19,6931,1332,8407,-1922,3977,13834
-1054,-4819,-663,-6873,364,-290,7409,3122,6117,46,9047,12085
-1872,-4943,-1211,-6063,591,-231,8531,4788,5195,6437,5379,8402
-2426,-5377,-1889,-5100,22,-686,10539,7738,2427,10983,7610,4022
-2384,-5307,-1985,-5145,-1293,-185,8877,8658,-1189,7707,8874,424
-2516,-5393,-2279,-4378,-984,771,8569,7604,-2051,5441,7821,-1780
-2256,-4833,-2377,-4577,-2589,-1113,7525,7844,-3359,4510,9427,-5890
-1118,-5107,-2281,-5061,-1273,-1449,5441,6798,-4807,2209,8893,-8856
84,-5693,-2421,-6440,-1414,-1416,3027,4410,-4951,-95,4976,-10203
-78,-5899,-2719,-5701,787,-148,1127,1782,-7359,-2419,-2599,-9625
-928,-5499,-2711,-5680,-873,122,315,2128,-6727,-6665,-8330,-8602
-1356,-4589,-1907,-6018,-1432,-350,-309,1386,-4453,-13147,-6709,-3428
-1790,-4847,-1677,-6285,258,-640,-4161,-164,-1653,-15720,-17,2202
-1074,-4491,-959,-7392,-218,-1421,-5321,-2432,63,-14985,1213,6105
-882,-5349,-933,-5706,2443,-91,-5269,-1510,4163,-15911,1969,5593
-2058,-4981,-781,-6799,-1228,1310,-2931,-1436,6829,-13025,-1624,10712
-1354,-4477,193,-7175,-576,1294,3679,-38,9221,-8054,-1599,14708
-1212,-4395,-53,-6909,1996,518,5989,1368,7485,-1989,4329,13835
-898,-5009,-465,-7293,-439,-976,9139,3248,5201,5819,4919,15072
-2122,-4925,-1241,-6384,844,-229,10847,7730,3293,7018,7121,8195
-3100,-5383,-1953,-6316,-677,-842,9421,7246,1803,7962,8478,4041
-2336,-5167,-2079,-5610,-820,605,9313,7978,387,8374,4699,-446
-1962,-5319,-2255,-4787,-998,-310,9635,7340,-839,6546,5831,-3615
-2026,-4863,-2289,-3874,-2388,-671,8093,6990,-2251,6743,6707,-8384
-1282,-4839,-2207,-4431,-1802,-1106,5905,5940,-3745,4847,5446,-9429
100,-5461,-2267,-5892,-825,-1083,3323,3794,-6413,2490,2712,-9961
-242,-5833,-2605,-5845,1295,510,479,2502,-8161,-1063,-8755,-12334
-674,-5433,-2735,-7221,-1438,316,-2089,912,-5611,-7862,-9270,-8648
-1158,-5411,-2481,-6567,-752,129,-1503,-784,-4729,-10223,-8767,-1564
-1100,-5197,-1955,-7139,-1520,-305,-2419,-124,-661,-12271,383,2590
-1912,-4895,-1685,-7576,-121,440,-3929,-1398,149,-16376,3062,5458
-1454,-4649,-1285,-8650,1001,170,-3969,-2188,2193,-18187,108,7142
-972,-5377,-1209,-7011,2903,845,-3259,-2216,4903,-16221,-3525,10304
-1548,-4997,-1037,-7391,400,1757,1027,-2736,8041,-10956,-4376,17130
-2000,-4427,-467,-7494,280,1044,5899,-198,9345,-5694,4604,15268
-1382,-4407,-385,-7388,1217,-163,6805,600,7747,1649,4065,15462
-1530,-4433,-627,-6979,622,-630,10525,3834,6753,8474,4418,10908
-2602,-4837,-1535,-5978,-89,-1197,10125,6244,4121,10988,8728,4557
-1504,-5039,-1551,-5989,-645,-645,11007,7808,1335,9658,11379,117
-1188,-5637,-2029,-5242,-481,-170,9033,6670,-1205,8985,12163,-3769
-1456,-5109,-2331,-5390,-3074,-445,8217,6640,-3137,7283,10277,-6281
-1618,-4647,-2521,-6422,-2120,-679,6727,5322,-4407,3782,10736,-9726
-680,-5017,-2639,-7786,-180,-558,4295,3464,-6017,2535,3848,-11740
8,-5381,-2853,-8236,439,-195,4351,3236,-7685,-3080,-1450,-11646
-112,-5553,-2949,-8162,-971,-211,3237,2084,-8023,-8088,5135,-8881
-1098,-5119,-2619,-8435,-2623,-65,203,2356,-8921,-9939,2956,-5508
-2366,-4293,-2351,-9161,-949,16,-869,908,-7891,-8152,-113,-5293
-2338,-4961,-1421,-8291,3090,-832,-3607,-104,-7215,-7558,-1941,-7486
-1122,-5421,-689,-5923,1036,192,-7767,-1852,-5271,-12407,-9023,-6507
-896,-4185,541,-6733,-2652,-1276,-7373,-5594,-1321,-17399,-12264,4384
-578,-3863,809,-6969,2263,499,83,-4652,3955,-13157,-13661,15270
-908,-4031,221,-8603,38,196,2847,-2666,9265,-7407,-1256,16333
-1252,-4535,-305,-7966,72,-403,5807,212,7197,-1785,2768,15965
-2152,-4909,-1423,-8076,63,-657,8159,2726,6263,1873,2405,13408
-2398,-5411,-1915,-7826,-881,-89,9599,5388,5117,4859,6083,6828
-614,-6109,-1949,-5942,144,288,10347,6206,3827,8437,10180,3850
-1374,-5293,-2245,-5120,-3082,-126,9327,8070,2517,12526,7958,386
-2232,-4437,-1985,-5366,-1234,-974,8691,6662,-2855,8262,6839,-5885
-462,-4937,-1997,-6915,114,-1312,5935,4210,-5841,3853,4667,-7770
152,-5367,-2269,-7618,1189,138,5457,3496,-6623,-1840,4484,-9720
-272,-5747,-2745,-9102,-981,505,3089,3460,-7997,-4411,-1148,-10823
-1504,-5747,-2841,-7885,-1026,810,1461,3478,-6813,-6949,2658,-10145
-1902,-5529,-2487,-6927,-939,122,-2005,1894,-6689,-6460,884,-8330
-1632,-5835,-1885,-6544,120,-179,-3391,820,-6429,-7079,2366,-4400
-1944,-5055,-1567,-7640,-233,-146,-4259,-712,-3967,-7542,-1291,-4158
-1200,-5289,-935,-7976,2199,-327,-4915,-1396,-3657,-15484,-8387,-1680
-620,-6119,-785,-6243,1623,-2,-4657,-2578,563,-19939,-7741,1378
-1518,-5039,-57,-7059,-1872,2670,-2631,-5252,3947,-17362,-3759,10318
-1076,-4745,303,-5979,1356,-499,-549,-5938,5561,-10904,-2842,14328
-1454,-4753,-105,-7092,242,92,3995,-2896,8609,-4363,-3438,18454
-1646,-4855,-641,-6877,597,-235,8529,1608,9531,-1900,2869,15824
-3002,-4703,-1581,-6434,511,-1,9137,3492,7371,1707,8759,13708
-614,-5007,-1629,-6542,194,-624,10077,5788,6083,9125,9998,7687
-1138,-5545,-2591,-5706,1544,1196,10399,7048,3153,11198,13526,2215
-2562,-4801,-3321,-5685,-2831,-299,8525,7938,-1343,8522,11971,-1129
-976,-5053,-3163,-6328,270,-1015,6103,6938,-2403,4499,8009,-4485
-24,-5843,-3631,-7075,1144,-602,5981,6730,-3333,2369,7355,-6415
-590,-5989,-3513,-5766,1074,13,3135,4056,-6019,1647,2879,-9488
-1414,-5217,-2749,-4943,-657,-1084,2779,3446,-7149,-6544,6583,-11509
-1370,-4595,-2549,-5586,-151,-1323,-1027,2604,-8079,-8015,1226,-4343
-1908,-4587,-2357,-5824,258,-1592,-391,2592,-6687,-7723,-708,-3306
-910,-5003,-1899,-5662,1029,-1476,-2283,1696,-4779,-2113,-4965,-6029
-1650,-5239,-1559,-4093,-1592,1212,-4427,516,-3689,-10537,-8185,-3339
-1866,-4327,-541,-4983,-2680,1700,-3289,-1928,-737,-17830,-13226,1740
-1714,-3917,17,-3702,3989,-30,-1231,-3640,3937,-16129,-9378,10815
-1268,-4101,-217,-6292,-1638,-697,3181,-3548,8011,-8028,-2282,15441
-1024,-4701,-529,-5774,575,-520,5017,-4576,8471,-1454,5095,20817
-3214,-4365,-1833,-6892,-1048,-199,11361,4506,9813,3584,4179,15843
-724,-4887,-1763,-7299,956,-319,11361,4792,5663,12261,2173,6079
-686,-5419,-2795,-7127,657,-434,13933,8164,1955,15504,3814,-1367
-1664,-5141,-3547,-7495,-2145,165,11165,8880,-2581,10485,11895,-5545
-1690,-5007,-3831,-7706,-610,169,8799,8988,-4151,7647,14780,-8670
-872,-5501,-3861,-7165,1169,-892,7097,5072,-5311,4701,14644,-7130
-860,-5365,-3813,-6162,-383,-1201,5101,2696,-7105,2267,12536,-7063
-1180,-4731,-3145,-5258,-273,-1843,2765,2752,-10157,414,5077,-13145
-1368,-5005,-3165,-5869,-329,-2244,-895,946,-11569,-5131,-3281,-11581
-1524,-4783,-2457,-6182,-709,-1682,-2553,1422,-8219,-9114,-6296,-6898
-708,-5311,-1735,-5313,1297,-1329,-6009,-296,-5959,-9066,-7638,-2289
-878,-5153,-1255,-4385,-189,30,-3437,-1724,-4265,-8715,-15591,2088
-1820,-3785,-765,-5448,-2141,848,1191,-4978,1487,-18265,-15661,11668
-1528,-3951,-333,-5991,353,1831,2751,-3918,8903,-16255,-6463,11660
-1722,-4553,-447,-6024,-101,-1305,11381,5376,11845,-7742,11326,20977
-906,-4731,-929,-5947,84,-653,7421,2502,6143,-2998,12259,13919
-2580,-5687,-2087,-6298,-295,-649,9015,4270,9375,4222,3581,10975
-2072,-4691,-1895,-6220,-904,310,12225,6996,5291,13431,-4751,1324
-1256,-5275,-2529,-6098,-120,-360,11181,7104,1447,11016,5306,-6312
-1564,-4911,-2737,-6233,-1583,-80,7609,7780,-2287,8041,11232,-8891
-1212,-5409,-3073,-6399,235,20,6553,6688,-5579,7016,13832,-10290
-802,-5665,-3153,-6645,-604,-266,4081,3848,-8949,2739,8300,-7853
-360,-5565,-2709,-6799,-1355,-821,2089,1524,-11325,-1789,6500,-8670
-782,-5287,-2413,-6414,-930,-674,1307,1014,-9413,-6879,-1274,-12673
-1050,-4959,-2027,-7032,-1175,-872,-3211,-1024,-9553,-11740,-10127,-7720
-2448,-4415,-2055,-7356,3,-233,-4367,-2088,-4367,-15422,-6407,-2231
-524,-4801,-1335,-8483,970,-1257,-3609,-2788,-877,-13268,-1314,4205
-20,-5813,-1551,-5700,3935,1050,-4857,-2204,-177,-15261,1944,3148
-2354,-4781,-1031,-7256,-3704,2804,-3115,-2306,2413,-17390,-4893,4815
-1942,-4439,-275,-4547,1655,-484,119,-3990,6289,-14798,-8297,10886
-798,-4383,17,-5994,1087,-1728,4295,-1584,9197,-9685,-3584,14559
-698,-4753,-605,-7070,582,-792,6441,1370,9599,-2549,3401,13413
-1954,-5215,-1583,-7450,194,-807,6083,1970,8319,1422,10377,13840
-2360,-4715,-1973,-8151,-888,329,8329,4482,7067,8869,4676,7728
-1606,-5257,-2259,-6657,18,-227,9797,6092,4431,9113,7654,2096
-1816,-4877,-2361,-5685,-1965,-1167,8915,6870,-873,9440,11913,-1822
-1386,-4847,-2513,-6472,-853,-1268,6625,6556,-4073,7573,11980,-3507
-862,-5357,-2795,-6643,290,-419,6435,4970,-4409,4196,8966,-7315
-1030,-5583,-3059,-6774,-789,76,5535,2780,-8911,4180,-2531,-12447
-1876,-5219,-2613,-5708,-1819,-767,975,-730,-10051,-7508,-8817,-13700
-1706,-5355,-2057,-5593,-1270,-929,-6495,-2710,-8457,-12953,-7820,-7428
-1734,-5265,-1733,-6038,-1104,-865,-7279,-3198,-3705,-13663,-8017,1634
-1444,-5115,-1169,-6799,-753,-755,-5841,-2408,-549,-11866,2642,6350
-1258,-5137,-1087,-6484,808,-213,-7705,-3590,-719,-18902,6597,3289
-1238,-5099,-639,-6888,638,377,-7503,-5640,2707,-19298,-7952,7926
-1068,-4741,-285,-7837,441,1639,1069,-5756,7633,-14106,-13287,13730
-1292,-5011,-283,-8049,-162,531,7135,-1804,10517,-8840,-4795,17200
-404,-5267,-329,-7466,-309,-636,6887,1024,6751,669,9650,16335
-1002,-5367,-691,-7449,-457,-530,7043,3970,5477,1570,6456,12833
-1548,-5477,-1675,-7235,359,-847,11585,7856,2755,8929,5706,8664
-2086,-6179,-2495,-6172,109,-816,9775,7314,2699,10326,7104,1554
-2594,-5629,-2525,-6188,-1289,-122,9845,7606,-1405,9749,6608,-3602
-1956,-5687,-2507,-5050,-1288,885,8119,5994,-2709,3659,12737,-5783
-1744,-5797,-2345,-3290,-1472,-628,6865,5702,-5281,5935,8787,-9973
-742,-6025,-1903,-3898,-2775,-91,2287,3002,-7637,3324,4670,-10629
-698,-6353,-1945,-4545,799,575,-309,1398,-8709,-72,-4423,-11971
-1314,-6063,-2025,-4970,-582,418,-2041,1622,-6743,-7179,-10463,-8097
-1696,-5359,-1683,-5124,-1066,96,-1433,500,-4135,-11824,-10094,-2073
-1326,-5127,-1353,-5861,-632,-688,-3385,-1496,-1209,-14702,-2657,5130
-2148,-4171,-973,-7251,-394,-27,-4281,-2184,2429,-16413,4487,7307
-1494,-4169,-791,-9112,1105,-93,-5093,-2682,3721,-17878,2906,10824
-304,-4833,-819,-9231,986,580,1709,-1026,7847,-13124,-3089,14105
-970,-4987,-1311,-9151,525,1733,11693,-7766,12299,1607,2097,20573
-2332,-4051,-1311,-9278,-588,2054,5875,2854,8213,-1452,9424,11859
-1556,-4657,-1213,-7860,853,46,8953,1938,8425,10326,-1397,8620
-1714,-4977,-1215,-6593,129,-628,11225,7942,3549,15666,1274,283
-1948,-5577,-1467,-6493,-5,-1208,9303,6626,-2383,12059,10128,-4547
-1364,-6157,-1889,-6110,-67,-1207,8293,5944,-5265,4830,9303,-5778
-1798,-6779,-2713,-4984,-619,-1064,6377,2860,-6061,309,7741,-5421
-1638,-6147,-2467,-3928,-1295,-74,3087,1434,-7995,5138,-669,-12012
-1418,-6203,-2519,-2336,-1647,-813,-1305,1994,-8441,-576,-5005,-12431
-806,-5865,-2135,-2593,-980,-291,-7563,-188,-8163,-8653,-12665,-3633
-542,-5697,-1911,-3027,-65,277,-3891,-2010,-1877,-17093,-7784,5626
-740,-5211,-1645,-3416,139,247,-4915,-4402,2797,-19799,48,10397
-904,-4917,-1357,-4219,-888,85,2669,-3126,6751,-16863,-1048,14657
-1370,-4599,-1031,-5525,-1599,-294,6861,-570,10853,-13245,1822,14422
-2282,-3777,-1039,-7806,-467,-455,5001,-140,7451,-11926,8487,16411
-286,-4635,-773,-9457,1317,-1180,7207,3194,8157,-3076,10999,19182
-1778,-5025,-927,-9259,-252,1552,10463,5960,6275,6070,2213,10190
-1494,-4179,-359,-8268,-438,1656,10231,7050,3147,7409,5771,4247
-1600,-4245,-25,-6630,2459,1200,10911,9598,-167,13240,-560,-2406
-1170,-5039,-497,-7001,-830,-832,9439,8490,-4505,9609,8065,-7167
-1732,-5485,-943,-6366,-1,1,6395,6666,-6491,4148,10454,-7564
-3140,-5757,-1659,-5520,344,-989,5149,4372,-6827,-4352,10447,-8302
-1552,-6115,-1771,-6569,-937,227,-1267,336,-9475,-1188,3072,-9107
-1390,-6191,-1995,-4615,-1812,-568,-1475,3214,-9287,3011,-4943,-13440
-1654,-5355,-1973,-3945,-1802,-379,-3671,1616,-6199,-5909,-5145,-4550
-124,-5421,-1707,-5706,-582,-269,-4109,-2022,-1703,-17586,-3974,1619
-446,-5687,-1959,-5879,540,755,-6315,-5836,2111,-19378,-8663,6484
-688,-4941,-1713,-6377,-396,878,-749,-6100,9859,-15638,-9341,14262
-1790,-4919,-1909,-5708,86,774,7999,-1238,12629,-9658,1048,17220
-2044,-4511,-1761,-6039,-1152,145,8529,1120,9399,-8318,12044,15124
-754,-4845,-1455,-7053,-430,-588,10337,2192,8233,109,3234,18132
-1632,-4487,-1661,-8947,-1396,-161,12591,5436,4669,4402,4458,12139
-1494,-4409,-1381,-10270,494,-304,9227,6690,4665,12039,504,2726
-1030,-5707,-1561,-8657,3819,-8,13265,10720,-2247,13663,7258,-3662
-1976,-5731,-1195,-7135,-253,1389,8623,8268,-4951,4465,12212,-9169
-1746,-5289,-247,-5263,-104,248,6353,5752,-5939,-188,8648,-9908
-1192,-5653,-47,-3738,1175,-1520,4713,2932,-7531,403,3681,-12067