833,-3215,-175,-492,2,142,5943,-11186,1673,-393,10,131
847,2641,1729,-504,-185,36,5875,-11182,1699,-388,-64,51
877,2673,1789,-372,0,44,5927,-11236,1771,-373,-18,-85
813,2625,-183,-396,-128,17,5907,-11282,1727,-377,-121,-71
715,-3199,-67,-512,8,-128,5811,-11230,1725,-369,-2,-37
813,-3183,-51,-506,-112,16,5809,-11232,1749,-378,0,29
699,-3215,-135,-506,8,0,5849,-11282,1771,-322,23,22
759,-3211,-187,-496,150,0,5769,-11172,1751,-303,148,26
811,-3111,-195,-511,40,55,5839,-11092,1769,-289,128,110
815,-3213,1727,-371,4,44,5911,-11062,1725,-370,213,175
2343,-3195,-67,-956,138,1,6077,-11132,1953,-575,470,340
-1859,-3213,383,-6096,1216,0,6253,-10966,2395,-835,1282,371
-7957,-3109,93,-4064,584,0,6301,-10610,3133,-981,661,736
-8021,919,321,-4032,0,6,5797,-12358,2169,-975,2201,187
-11063,953,615,10,288,-17406,5037,-11742,613,-240,-87,-176
-3913,-3087,1377,-1531,1284,-6975,6651,-11436,1587,-177,-361,-596
271,-2959,61,-953,2528,-19384,6159,-10286,1063,-667,2482,-927
6347,-1615,589,-1396,65,32,6055,-9606,435,-67,17,104
4923,-3215,401,136,15476,-3486,6695,-10046,633,1328,-426,-541
10929,-10849,863,370,2480,-2682,6537,-10554,779,3095,3769,-2203
6731,-17513,973,520,2120,9760,6375,-12956,983,2794,7570,-2209
-6997,-1667,1489,34,320,12568,5271,-15618,1301,2182,7414,-1234
-8001,1177,1617,2304,4736,-3068,5177,-14682,1695,2384,4712,-2334
4331,-13327,1869,195,512,-8158,5465,-11860,1793,2230,4798,-3788
4395,-10863,-123,1089,6624,-8192,6119,-9052,1223,1158,6739,-3993
4523,-10123,-195,35,4096,-6902,6189,-7766,473,501,8006,-2596
8751,-6789,-195,4,8320,-1920,6549,-6582,53,30,8594,-1079
10539,-11303,289,338,8216,-920,6455,-9948,241,447,8594,-807
-1583,-19455,-187,3162,1,2571,6699,-17566,1071,3392,10628,-1570
-7381,-19503,415,5008,4609,256,4611,-18412,631,4419,12642,-2733
-12049,-19455,1253,1553,8346,-7080,4069,-14588,1569,3486,9472,-4365
-3871,-9935,-193,2120,4130,-8178,5203,-8800,127,2415,4191,-5619
2347,-3191,-6835,1410,1120,-14044,5977,-5042,-787,1339,3892,-5489
4587,-1151,-4667,608,512,-14775,6049,-5182,-449,616,3765,-2143
6349,-2699,349,544,1057,4,6743,-9012,715,791,5959,169
8753,-21631,1861,0,136,217,6443,-21076,2519,3983,11808,219
14743,30089,909,4104,1048,-7936,5621,-21706,1147,6011,21754,-104
20659,-31871,133,1808,8320,4678,3329,-15566,-1961,3599,8231,-3960
13487,-19279,1469,2096,4,5508,4987,-9602,1187,1437,598,-1798
1851,-7277,861,4,2054,-4094,7797,-6430,1043,1265,6811,-2710
7083,-6607,-193,1592,9242,-7904,6753,-6172,-413,1999,11299,-3194
5771,-10155,-3873,556,10266,-4926,5753,-8726,-1191,5728,10016,-4824
11005,-10879,-3963,4472,8384,-8064,6281,-8092,-1077,5557,9525,-2970
14587,31641,-67,145,4448,4621,6239,-16168,2889,4638,8189,-220
4395,-20555,1893,7335,104,0,5423,-19480,1823,7587,17309,-96
-2901,-29831,1877,154,2457,528,-3467,-16924,151,7581,9921,-5928
1835,-11397,1225,276,4152,-7168,6459,-9628,1591,546,5773,-6441
4319,-11277,-3067,-6141,5,-6560,4465,-6782,-417,-1582,3132,-6258
1739,-5871,-159,-3332,180,-4817,5629,-5682,-305,-1219,2309,-4726
5885,-2575,-2483,32,130,-6653,5773,-6042,-577,22,4427,-4488
5547,-6751,-3773,30,110,-8055,5355,-6754,-477,776,5538,-3053
18731,-31629,-23,6155,3072,-4092,5381,-13962,-1375,-260,6826,-1345
12495,-26623,-177,4160,1028,2,4401,-22708,539,4494,7429,2396
20779,-17447,1981,2432,2,16,5053,-16164,2281,46,3027,385
-1813,-18559,-129,1025,36,-6048,6055,-13658,-103,979,6648,-1136
8501,-11115,357,45,1536,-10232,5093,-10276,581,2214,5896,-1857
4867,-11407,-127,1028,1216,-8191,5907,-7010,-93,1807,3255,-1976
8379,-7107,-147,529,2579,-5946,6041,-6524,-47,684,2859,-152
9451,-7271,-57,6240,2338,2561,6801,-5246,-183,-1548,6306,2297
12523,-9989,833,9606,2079,1024,6837,-9936,603,-99,11043,3102
22975,-19013,2121,187,0,6144,6645,-15136,2911,1809,1144,7269
25279,32145,-129,4131,10865,5,5489,-21348,3623,4836,16582,1057
8619,-15239,-195,2476,20191,18560,4389,-12056,1765,7263,18170,-6092
203,-3183,349,100,31840,2049,5691,-9934,-111,4757,-1135,-9463
4527,-8967,-10741,133,18948,-14591,5713,-8552,-667,1355,-5620,-6362
6835,-10633,357,2581,577,-12224,6833,-8212,369,-454,1296,-2751
9267,-11341,-5441,1312,4101,-11264,5911,-8872,-389,1482,6655,-2544
16719,-8719,-691,2,0,-2471,6323,-7438,-663,2224,4369,-22
21747,-10767,853,2051,1226,1088,7091,-8664,929,2045,3575,1414
8971,-19213,3389,6402,7570,82,9213,-12056,2507,-2093,8440,2289
23791,29947,3015,1188,12100,22634,6757,-22562,3847,2302,12790,-2103
-14153,-14851,829,520,8320,-6144,3433,-14042,2659,1676,10885,-5014
191,-13337,-129,513,4100,-14336,4119,-11058,137,1351,12545,-6146
8365,-9095,-1091,520,4160,-8183,4445,-7446,-897,399,6272,-5336
9771,-2177,4925,10838,514,-12279,5241,-6082,-1661,-1269,5559,-3395
28879,-7213,8173,5632,4146,-5054,5739,-7080,-1137,-2399,5711,-367
25067,-11295,10301,-1918,1713,136,5357,-7694,-2383,-1456,5162,1892
19135,-17543,1997,-7167,10,41,6631,-9306,-1285,-2986,7273,4014
8575,-18061,-193,-8192,5888,3842,5309,-16248,-95,-1117,5876,3981
-7785,-3135,-18627,1186,4351,1033,5375,-19746,-1137,1497,4056,3294
-2835,-27725,497,4616,144,1552,4881,-19418,227,4856,5193,1608
5295,-16975,-147,426,4418,113,5591,-15690,403,5002,5383,1491
9163,-11309,-6211,4288,17,16,4707,-12322,299,6604,3221,468
9421,-7791,317,576,40,1026,6079,-7230,-769,3818,2045,1694
10415,-3181,6989,929,10256,1024,6437,-6266,-555,2826,-27,1165
19085,-6479,6751,1588,0,336,6505,-6406,-407,2035,1504,1036
24839,-15447,317,1873,4192,192,6723,-7220,417,1799,4400,663
8369,-19549,-179,1232,3620,23904,3987,-10654,2589,1244,8166,-735
-7983,-829,829,1664,8856,8482,-83,-21920,2621,2524,8808,-706
-1139,-16473,1885,4737,8611,-15836,-37,-15790,2203,5993,8733,-3226
2769,-11405,-163,5162,1545,-16128,3599,-10092,111,5414,7673,-6088
11563,-139,4413,261,648,-14208,3805,-7378,-1515,2861,4262,-4395
16571,897,9277,1025,-2028,-15804,5763,-6656,-743,1079,-1618,-174
25259,-10991,269,261,0,836,6745,-6980,93,-36,763,-1352
17979,-7311,575,-12254,0,17073,8427,-8570,-897,484,3078,-3461
8443,-13447,1925,-12152,3904,28675,5673,-13096,1913,-1307,4417,-1088
-7221,-1647,-33,20,5640,2050,4803,-17926,897,-58,5581,2359
171,-19559,829,406,4104,-13784,1599,-18706,1073,5476,7660,-1072
8365,-19087,-9411,454,1040,1282,2967,-12082,-1635,3930,7927,366
10477,-3147,3161,4608,37,-11710,3401,-9382,-25,5923,11246,-1559
13803,-2665,9667,1542,4121,-10232,5815,-6084,-1749,3511,12816,-2031
17795,-1155,12883,5267,3241,-1392,5217,-7272,187,6607,-5164,-153
17109,-6541,9315,24,1283,36,5595,-6216,-947,1401,3287,68
9395,-19597,331,-19920,7748,21572,5401,-7944,675,-243,8204,-458
-14921,-15487,1917,-14848,3421,2608,975,-15628,2037,-203,3254,2688
221,-19465,33,2578,20,0,153,-18976,3199,3681,3120,1305
8619,-16263,-195,8204,8448,-13760,141,-11210,1755,6244,8232,-4812
12547,-11279,-195,9,4616,-6624,4837,-7304,1097,2249,5188,-4251
8893,905,1409,12376,4610,-7148,5563,-5026,-527,-1481,6734,-1832
20875,-4943,9341,6296,202,1098,4925,-5218,-887,-1139,-286,2194
17939,-7309,3133,1152,6067,16,5501,-6126,-1023,1647,5740,1550
4869,-10857,149,1618,4314,1413,4625,-10696,307,1841,6737,1890
-7673,-15399,-17531,1122,6345,2100,753,-14614,-679,3961,6238,2473
-4687,-27215,349,4676,2080,-8192,-767,-20778,551,5372,3840,-2111
8493,-17549,-35,6668,305,-7678,8815,-14634,-191,16,7681,-8175
12461,-11407,389,768,4609,-11484,4141,-9128,385,4414,6338,-3055
12717,-2959,4457,2,5904,-11872,4023,-5904,-3445,2656,3646,-1645
-30437,-7271,9373,22,-2000,-6597,7005,-6192,-799,1585,-6,-195
17227,-8459,4109,16,357,9217,6013,-7148,-219,2423,5367,-2277
8363,-8191,-3113,512,5377,30413,5045,-7600,-919,2287,7215,-1971
2225,-2819,-187,802,2939,1156,2821,-10948,-167,871,2478,1931
9009,-19343,957,272,19496,2208,1321,-17974,1321,924,-643,2226
8431,-19055,1485,2080,2,-861,8067,-19024,449,2058,0,-1968
8379,-19327,317,1320,164,81,3103,-12706,1699,6025,3230,-4091
9203,-9175,7007,1032,3587,-4088,4609,-8410,-789,3627,11626,-3468
-32309,-6487,10687,142,4120,2115,5691,-6376,-1667,2380,6684,-996
10431,-7245,4415,428,2570,14882,6459,-6120,-669,1696,2869,-723
8659,-11403,-177,1538,354,16387,5717,-7096,-257,1694,4517,-756
5341,-11407,-123,675,4034,386,4989,-8530,305,1708,4148,1039
251,-14411,193,141,74,384,3921,-11842,1407,2273,6424,1926
2539,-19341,349,2088,1033,64,2029,-18742,1837,2495,7614,1599
8687,-30219,-12593,4102,6656,289,-2119,-19550,35,6727,5985,-2067
1263,-11271,-5955,6016,2344,-7898,111,-11182,-263,5,2061,-8192
4277,-2389,-1903,8,10241,-16384,5139,-5956,-663,3709,10341,-7089
4595,953,-187,576,4,-22006,4503,-4758,-999,863,6556,-4681
18093,-5259,-905,2317,640,-10868,5767,-4962,-871,-978,3839,9
13997,-6247,-1667,-448,1,1040,5839,-5700,-141,47,2055,1069
16699,-16505,13,522,1029,1120,16471,-16962,-69,0,1634,1
8363,31985,1619,1235,8544,24640,1589,-21762,1739,1864,8901,-1020
9139,-19567,-20147,1108,9359,27680,81,-19370,-23553,3330,7006,24584
-7877,-13357,841,260,2048,-12152,4049,-12178,703,3972,3517,-2967
2751,-11135,-4263,1610,6528,-8184,2815,-10772,-1049,3677,7475,-2378
4935,-10893,-6083,1066,4101,-8948,4963,-8324,-1525,3610,6185,-513
8403,-3131,445,26,1,-13312,4913,-7440,-1395,3603,7597,-1124
20657,-10355,-67,2648,4368,516,6267,-5966,-1803,2566,6571,783
24957,-24111,6733,5121,0,3240,7439,-7926,-211,143,1724,3074
12975,-16271,1875,20,2072,171,4451,-15944,1991,764,7080,1582
203,-23807,189,626,9938,163,2507,-19494,-149,4877,9726,1457
-7983,-1675,705,276,6164,-8192,939,-15440,327,6394,6503,-2055
2229,-17775,-10243,4096,1200,-11762,3611,-10914,-485,6001,5261,-3534
8367,-10615,-5181,3809,4632,-11775,5143,-8326,-1051,3835,4662,-1352
8437,-1871,-49,4114,98,20,6399,-7368,-1311,3996,6791,789
12587,-3211,2237,2,6400,512,6215,-7138,-1831,4492,7277,1648
21019,-7295,-3123,4096,0,406,6801,-7028,-1129,5157,5790,1934
25399,-19019,-147,4100,3204,1024,5745,-8764,-113,4537,7560,1812
2027,-15243,355,1252,9445,512,1553,-14524,1551,3642,9451,688
-5973,-2191,335,1559,3955,10405,-8369,1070,-9,3368,3982,8194
685,-19087,1111,78,3218,-16189,427,-12382,981,5763,8095,-6176
8499,-10375,-6339,4608,8194,-15358,2189,-9044,-2085,4463,9406,-6830
10717,-10223,-2223,2130,2182,-12027,4103,-7826,-1879,2087,2617,-3492
14539,-10287,-193,1026,640,-8144,6059,-8058,-1329,1779,1808,-1411
23131,-10879,-3257,1025,4368,3144,6443,-8502,-1073,3322,4602,-600
18617,-17417,-1985,2048,8516,18,6951,-8296,-913,3320,9393,452
-2881,-15999,325,2048,10674,1280,4775,-11880,153,2934,10596,1933
-15685,-3097,-23739,1409,7555,1570,-15417,-18834,-23943,36,7444,776
251,-15447,-131,6146,4376,-3568,885,-14666,-225,6600,6133,-1565
2787,-14987,-6019,604,544,-4064,2295,-14258,-6247,525,2065,-4095
8363,-2939,5959,1136,9472,-12030,3089,-9220,-2279,5377,10045,-3640
28877,-11395,-2131,1025,3408,-15856,5061,-8524,-2043,3351,7478,-2267
18257,-7007,3965,64,4640,11776,5715,-6874,-1457,757,6200,-15
12587,-8711,-2243,272,2578,26,9111,-8658,-2231,32,3072,722
5291,-11407,-179,128,3552,512,4755,-10340,-83,412,3568,643
-7349,-15471,579,16,3054,138,2823,-15252,335,1582,2899,1571
2431,-19055,-193,0,1040,136,1915,-18336,897,5828,5534,-236
2861,-17423,-2707,4376,6144,-3966,2623,-17298,-2823,6232,4102,-4096
4575,-3215,583,5121,533,-20094,4935,-9588,-605,5038,6666,-3509
14253,-1083,-195,1320,138,-26074,5975,-7576,-937,3376,5030,-1210
26815,-7245,-6335,3328,4278,-4844,6353,-6570,-1571,3588,6341,-76
24879,-7311,-1185,2072,6850,515,6529,-6420,-1273,3670,7777,700
12461,-19223,-49,0,8232,256,5353,-8954,533,2519,8459,1291
235,-17549,775,2184,10173,16,137,-18858,247,2831,10165,418
-14663,-19597,-21939,2065,10752,-10493,-431,-16184,-1273,4506,8250,-3045
-4881,-14983,-35,6788,4096,-14020,-5809,-13250,-265,7982,4199,-5883
8887,-8907,-5825,562,8192,-16368,3599,-8560,-859,5598,9772,-7270
8363,-9547,-6323,2049,7200,-16367,11107,-8912,-6261,2126,6280,-16127
12971,-2819,-1681,2,534,-10228,12143,-3002,-1545,64,304,-9927
16595,-623,4287,4289,578,98,5629,-7564,-823,-501,1093,495
22187,-9869,1853,69,64,108,5681,-7642,-947,337,2141,570
20733,-18415,2639,3587,2048,644,17423,-11180,1803,513,2160,0
9435,-19335,-35,132,2048,772,3083,-13440,313,164,3419,1879
-12845,-3203,-129,594,2442,655,-14251,-2994,-231,1027,2554,2624
1515,-17391,833,0,1221,352,1419,-16424,1409,3934,6003,1458
3263,-16963,-7871,2056,6208,-12032,4033,-11948,251,6951,7031,3
10445,-6767,-2107,3144,1026,-12283,8039,-6976,-3241,3081,74,-11252
12715,-7267,317,1047,-1784,-12288,12151,-6586,541,772,-1925,-12216
12459,-6779,1215,208,2192,-6048,5613,-6428,-675,3795,-560,-4216
21163,-7167,-65,2176,379,5378,6551,-7004,77,2924,1083,-2550
17611,-19469,-67,1109,4722,17067,5369,-10630,2103,976,6368,-169
8367,-19023,3389,32,9275,784,1973,-19016,3657,2026,9214,1060
-14101,-19403,829,2629,4096,264,-889,-18292,-2099,4532,6105,888
315,-16895,-195,4226,2592,-15208,-159,-11026,1783,4645,195,-15290
4523,-7311,-179,1678,8224,-16118,4353,-6414,183,1615,10004,-4720
8623,-3087,-3747,192,197,-11184,5355,-6450,-677,450,5736,-719
13037,-9103,-129,21,809,546,5595,-7772,-671,1175,3857,755
18405,-11261,1917,2092,2,-1916,5777,-9278,-457,2541,4344,-35
21023,-17389,3135,4096,132,13312,22423,-17152,1949,1296,2442,2114
12715,-19491,321,1024,5012,1544,12371,-17842,315,17,731,16
-8021,-25739,-63,182,6899,145,737,-19994,449,4677,6869,313
-8019,-15407,-183,6144,5136,-11775,2533,-13776,-101,6068,5700,-542
2219,-11389,-6303,4096,4640,-11518,1873,-11172,281,4224,4400,-12220
9427,-9765,-1731,84,130,-9664,3789,-7074,-1719,2419,1015,-42
9415,-3083,-1459,2176,1031,-12276,5285,-7276,-1099,2884,1238,-1176
12523,-8319,-407,4428,3073,-10543,6113,-7596,-577,4345,3534,-1975
22703,-18821,405,4118,1568,-1950,6381,-8386,389,4637,5923,-582
24939,-19079,1621,4,8242,19,25465,-19024,-9,32,8977,36
463,-19471,-131,1,10176,513,367,-17234,-265,2716,10226,385
-3665,-1099,133,6240,4318,9696,-7153,-2992,-41,4097,3940,5131
237,-10311,159,5228,4297,-16380,4295,-9652,501,5476,8065,-6165
2219,-11341,-5821,2176,1562,-14250,2595,-8156,-1539,3110,9532,-5550
9163,-9199,77,208,4452,-12136,4931,-7800,-1437,1698,5865,-1419
18219,-9323,-1187,2326,5640,266,5617,-8530,-1239,2475,5756,505
22743,-10859,-3187,3328,5648,32,6009,-8594,-787,3365,7852,824
16947,-19499,-129,1024,8538,1091,4065,-10550,-161,3036,9153,1308
621,-11407,-3,19,11570,3073,4133,-11218,7935,-1904,11397,2568
-22381,-1919,-99,4105,3540,514,-16545,-1202,-185,1569,3144,-1966
3251,-14459,5,224,2850,-12283,3605,-11804,-201,6728,7616,-3023
1715,-10375,-1535,1400,824,-11632,3843,-7518,-1631,5364,9151,-3281
4843,-3211,-1855,3108,5305,-14010,5347,-6102,-1871,2971,5783,-1360
12591,-7687,165,216,3090,388,12751,-8082,247,128,3073,444
24779,-19599,-5747,906,1092,52,24673,-12880,-5897,1026,644,523
16555,-15433,1289,4354,12,17345,16271,-15202,1783,4416,264,18697
1271,-15503,-1155,131,10289,26144,997,-14106,-509,5195,9947,-2487
-7893,-2431,-13431,416,2436,9312,-13985,-2960,-12681,2368,2203,8752
-4821,-17419,-179,3120,1152,-12120,3037,-12274,-233,3811,2108,-3778
251,-11405,-321,619,48,-16380,4099,-8902,-419,2933,2823,-4864
8367,-7791,2161,32,2058,-14204,8353,-11140,2185,1288,2049,-12286
9423,-7307,-183,292,1112,-12286,5083,-7102,-107,343,1240,-1222
9679,-8807,205,260,776,-11820,9299,-8624,-265,68,1036,-11776
12987,-8815,-187,1025,2318,-9902,5589,-8568,151,1465,2984,-597
20927,-14319,-127,256,3329,-2406,20303,-15314,-177,2350,2368,-1833
25791,-19083,73,3405,6208,0,5583,-17000,2271,3596,6888,233
10415,-19343,831,1030,10388,17184,2987,-16820,3159,2245,12411,1185
1357,-11259,-183,160,1922,12800,1731,-9168,379,646,1734,8225
219,-2703,-3259,-4540,0,-15008,6063,-5712,-227,-563,585,-2384
6911,-6661,77,-3456,304,34,7613,-5504,789,-2622,1275,1344
16827,-19485,-107,140,4134,14,5259,-13632,1055,-10,4279,706
20811,-19249,-6067,4762,8881,-4045,4273,-16490,-343,6715,9324,-783
12525,-13427,897,2137,5696,8576,18841,-18728,8459,4240,15168,11856
13371,-11047,-3267,4104,9522,10949,4621,-8722,-1069,3795,9047,-5393
8643,-10155,-2241,68,30858,13314,4701,-7930,-807,689,-2467,-2903
-5893,-2031,-18689,-1150,30876,342,6127,-7378,-213,-1020,-1894,476
245,-11151,1861,2176,1280,8,6575,-10852,2051,-1046,1639,1403
5381,-19591,2917,2053,8265,-9776,5151,-18930,3069,3023,8997,-713
4925,-19535,1929,6400,8225,-20152,4625,-16016,1563,6548,14412,-3447
17623,-18575,-4161,4128,9290,-16222,16247,-10122,-249,4804,8192,-16253
25803,-6287,1885,80,32,525,5021,-6012,-637,931,1750,-7265
17839,-7053,-131,4864,-6046,12496,5779,-5610,57,-1367,-1763,-3323
14515,-18827,157,4869,2122,64,5983,-10574,1299,-982,2698,279
1851,-14475,-3,2058,7762,520,-3495,-3014,567,0,8059,149
-9779,-22671,-151,35,12292,2561,8055,-19276,3845,258,12312,4361
735,-19087,-99,2048,8192,1184,4375,-17414,1851,2729,9872,1729
4283,-11403,-79,2816,4361,-12255,4485,-11194,535,2760,4125,-980
9917,-7725,455,1700,4160,-11232,9651,-7616,117,1537,4100,-11902
12981,-3063,-191,512,2056,-15808,12723,-3026,-225,296,2625,-15800
-31573,-6925,-193,0,33,4320,5205,-7082,-71,223,232,-2858
12979,-11407,577,-2493,3073,16386,5581,-10340,623,-359,3015,-168
8811,-15247,-119,8,1025,2052,5489,-12992,2075,672,1718,2108
-10513,-15491,2109,84,52,649,-11385,-15058,2813,398,5122,524
315,-19597,837,3072,5812,-9632,3379,-17604,2315,3800,5661,-517
491,-12431,69,257,4618,-12160,4469,-12014,2323,3285,4749,-4179
9027,-9127,357,625,512,-14066,4629,-8436,455,1556,1337,-5085
10419,-9155,451,0,4368,-8192,12113,-9030,823,177,4184,-7644
14509,-9271,69,389,1792,-3048,6309,-7622,637,534,2075,-1032
28885,-11343,447,611,4100,10880,6773,-8406,415,517,4190,-1031
10411,-13291,829,96,3648,1104,8451,-14866,-129,9,1093,1031
819,-19017,-183,234,4356,129,5679,-14462,2095,2333,4263,1744
-7689,-30863,1853,256,3136,-6903,4931,-20508,2915,2442,2998,-192
427,-11899,1061,2176,2840,-7096,6519,-11420,3491,2637,7861,-548
6723,-7311,65,2048,8329,-11215,6355,-6648,867,1947,10193,-3033
8885,-3215,-121,257,8288,-10967,5357,-4718,153,197,8137,-2168
9487,-3205,-173,176,2615,-14288,5599,-7810,737,4448,3264,-5427
23125,-19531,-195,528,0,97,6149,-12812,1933,3038,3582,-1699
17301,-32253,3957,4608,2320,16384,4439,-19480,3653,5049,11343,-4237
8891,-19463,2385,4480,680,16520,8161,-19270,1943,5650,512,17720
-4821,-12687,577,1152,27592,8208,3497,-10780,403,501,-5480,-3207
-3781,-12941,-195,24,2571,-12128,5411,-11728,1983,23,-5238,-1653
4427,-11261,-177,35,266,-11118,6221,-10014,1431,756,1649,-812
8621,-10845,865,518,13,-9136,6331,-9576,785,1783,6950,-612
10451,-11343,161,2054,2753,272,6279,-9188,1,2377,6857,600
10667,-9359,63,2128,544,1584,6353,-8068,-21,2230,5566,1756
14541,-10599,-193,1104,144,528,6545,-8268,497,1375,4144,2616
18859,-19535,1213,656,3116,2624,6719,-9574,1763,522,3667,2731
10415,-15439,2511,5252,1041,1024,10391,-15054,3831,3748,4176,256
13627,30349,-3,1058,2,9584,5063,-16082,4969,1025,10395,-640
12667,-14983,3943,548,10666,18514,4437,-14774,4415,2847,11343,-6108
-7957,-13191,-179,2117,136,-15296,3275,-11630,981,3183,11624,-9155
4303,-8847,-2075,1665,4162,-15226,4039,-7564,-465,1787,4233,-6806
4811,-8159,-4799,540,2308,-15320,5429,-7304,-65,601,2749,-2651
12731,-9583,-4247,1160,2117,-10240,5221,-9272,-1061,1817,6167,-1623
12843,-9327,-3381,2178,3336,-3712,6017,-7008,-665,2007,7646,-832
5295,-3149,63,681,5638,524,5407,-8882,-51,365,5440,623
16811,-19081,1341,4116,6,273,5397,-17196,1471,-756,1499,2425
20655,-19275,189,2,4778,1024,5559,-17112,2665,2049,898,32
-7981,-14427,893,4289,8224,1608,-6705,-14240,1911,4131,8192,546
2231,-7307,-63,128,1,-7088,3595,-8496,-1069,4007,6446,-4619
5491,-8255,-45,2,194,-15727,5767,-8152,-131,1642,4990,-3309
9923,-10703,-193,368,2340,-12027,9475,-10562,-5123,544,2580,-11699
16851,-11375,-543,18,4224,-6116,16223,-11082,-389,1,4134,-6126
16715,-10343,-7243,1348,579,2632,4353,-9900,-1053,1246,8340,-170
16827,-15407,-63,144,5688,0,4711,-12912,691,669,5941,209
4619,-19549,1725,2080,6176,68,4229,-17770,1635,2570,6604,755
-19925,-14857,1133,307,7452,16,-20315,-14494,951,2178,7394,0
747,-16379,61,584,1032,-14136,4857,-11592,195,3933,5110,-1934
5935,-9983,-153,798,2049,-15224,5641,-9596,-443,2886,1975,-2313
10667,-9355,839,2212,2304,-14320,6279,-8616,-573,2174,2943,-1459
17233,-8319,-181,257,0,-10224,6683,-8046,-699,2418,5132,-1595
19021,-11399,-1727,137,1293,-1791,6315,-7894,-429,2191,5418,-1067
20831,-19467,-131,144,256,24,6165,-11084,735,1175,5476,15
8419,-18429,-131,48,8192,19473,8603,-18370,-163,0,17,19728
2859,-18189,2193,1442,11307,18434,4251,-12298,-445,1882,9767,-2110
-3837,-13133,-163,2729,2624,-8148,4165,-12256,1213,2664,4297,-3522
4315,-11143,-67,215,56,-11259,4723,-10352,255,2267,7090,-2950
9651,-11397,-5179,540,7744,-11100,5451,-8896,-1205,1798,7805,-750
9387,-8805,-1987,272,4232,193,5835,-8148,-935,849,7388,2065
18623,-9341,2877,1554,10,49,6065,-8974,-901,1518,5310,3247
-32339,-19535,581,384,530,3096,6681,-10242,569,2536,5844,3228
8427,-19469,65,2120,8456,1380,5981,-12352,535,3107,8721,1172
-7765,-1611,71,256,8401,12801,-131,-16486,463,5716,8092,-3316
171,-13325,-9887,523,1248,-15856,611,-13252,-10425,64,514,-16128
1283,-17063,-12337,160,2,-14591,2981,-11152,-779,3156,6387,-6226
9419,-10839,-5827,1280,3590,-12008,9105,-10550,-5369,1132,3328,-12220
8895,-10895,-1063,1120,2240,-8160,4601,-9550,-1133,1140,3144,-859
13483,-11215,-177,1357,136,66,5209,-8662,-247,1362,1351,161
16821,-10861,-163,76,2092,180,5739,-8682,99,1120,2466,201
20651,-16517,-193,-7926,1068,1247,5341,-12308,1601,-213,3560,1359
1523,-19403,2917,0,6208,1028,193,-19024,1023,1824,280,386
-14661,-15359,969,128,20,-1406,3621,-13482,945,2080,18,-2016
947,-10767,477,640,4364,-15791,4707,-8978,389,1889,4487,-3503
8819,-10203,-99,160,39,-14301,5457,-8016,155,1146,2447,-1736
10031,-8971,-25,17,1264,-9151,5541,-8934,23,1209,3650,-135
10429,-3147,-193,1226,1228,420,6191,-8806,-157,1402,5402,388
13403,-10487,3845,0,20,1040,6033,-8388,-151,1604,1229,1312
10415,-10315,1021,832,708,24,6389,-10184,1089,895,5277,1087
8367,-19599,829,272,840,576,8023,31546,-261,129,0,514
315,-16591,1867,2946,24,18512,3027,-18876,-129,3392,70,18566
-6923,-17543,1085,576,2655,288,3437,-11764,1083,3129,2582,-3922
-5965,-10275,7,45,544,-14135,3477,-9642,457,2192,2718,-4116
8427,-9359,81,2304,2048,-15602,4559,-8194,-1,2389,2855,-4038
8395,-10191,-7555,1170,4613,-12008,5527,-8010,-621,1181,4682,-587
9655,-9439,-4283,0,4320,768,5861,-9226,-587,2476,4554,901
12587,-9359,-2495,0,4160,4,12111,-8726,-2425,177,4692,38
13963,-10125,317,1264,1152,28,5807,-9424,577,3182,7289,1241
17197,-18413,-67,712,356,2048,16239,-19374,-257,523,2,2369
16605,-19335,999,1,6276,19044,18383,-19394,-123,96,131,18496
1395,-18575,317,689,2048,16392,3117,-11344,111,4868,11267,-6245
-14117,-1147,-11457,3712,2058,-6144,3307,-8846,-1205,3626,5963,-6066
235,-9647,-5987,2411,4175,-14168,4167,-9224,-1405,2976,5545,-4201
8363,-10351,-6131,332,27,-14336,4251,-9568,-1085,2239,5857,-1205
13523,-9121,-3267,16,6196,193,5301,-8934,-1271,2233,6160,585
17325,-10879,-1411,624,4160,2,5803,-8630,-433,1770,6175,747
20675,-19527,-147,46,1536,1152,4663,-10182,967,1249,5630,1767
8503,-20619,1361,257,4,1036,11343,-21454,1535,40,4106,1152
-24405,-2999,-183,2658,5352,3200,-24753,-2450,119,3628,4100,1041
-2885,-18887,-179,1848,480,-12284,5235,-11470,395,3863,6218,-4089
4939,-10223,-1985,3016,1024,-16384,4959,-9240,-1065,4031,6215,-2758
9707,-9103,-2227,3588,5169,-16384,6001,-8658,-1877,4011,7376,-2268
9387,-3187,-1971,3072,2374,-11108,5899,-8524,-1501,3195,7143,-123
15211,-11151,-195,3337,268,1032,6739,-8804,-47,3962,6734,1050
18103,-14975,925,3331,11682,1028,17423,-14840,983,3392,11840,96
18747,-18551,81,4108,9864,56,16211,-18322,-265,96,2049,38
8395,-31343,7237,4384,6721,18468,14697,-30866,6655,4962,5727,18823
-13141,-3213,-6201,472,4300,-8095,3831,-9592,-1177,6329,5005,-8064
171,-3145,-3971,2176,267,-16030,3517,-8804,-1375,2570,4824,-6580
8879,-9261,-4027,312,5123,-16248,4479,-9128,-819,821,5265,-2120
12971,-10893,-4025,641,1184,-9687,4827,-8556,-871,1756,5182,-363
16571,-11383,-4291,0,3088,9,4919,-7968,-587,1340,3166,76
16651,-10383,-67,2,129,608,5479,-9506,281,127,2216,720
9131,-14725,1733,14594,2569,504,3873,-14918,1883,-1603,2038,2492
171,-31631,-31,18,2701,2227,5573,-20088,1619,937,4186,3362
-4305,-14943,-187,2594,144,4,3521,-14416,1935,3577,10638,-469
-4521,-12683,-193,5153,6160,-6654,3527,-10998,-145,5362,6347,-2525
273,-11403,-195,514,2528,-11748,2453,-7536,-1511,3558,2073,-2097
3307,-6061,-2147,5233,3584,-12280,3375,-5402,-2275,4713,2955,-3787
8567,-6287,-963,1280,236,-11518,6427,-5856,-979,4144,2495,-2236
10583,-8591,341,2653,4,-7840,6605,-7560,461,2768,5287,-918
17523,29555,4103,32,9336,1600,4749,-18980,4087,2637,9716,1677
12555,31665,3185,4107,0,2308,4127,-15998,3161,4197,12994,2754
9707,-19599,-17,4360,5821,16407,8595,-30352,5199,4192,2602,17034
-21441,-2413,319,3129,4600,-15360,4179,-8130,1343,2974,4999,-6455
4843,-9357,-67,160,8225,-16384,4457,-7298,273,2634,8743,-6425
4339,-6519,-5233,2080,9234,-13368,4697,-6426,-847,1958,9133,-3879
9459,-2957,-3969,1153,6184,-11520,5031,-6910,-691,1594,6031,-874
20745,-11039,445,1072,4097,74,18263,-11218,-265,1024,4409,257
18603,-17007,349,2048,4480,2304,16271,-19344,791,2275,4130,3192
10587,-19561,861,2114,4482,12326,8543,-18346,961,2379,4865,12513
8387,-15231,861,3560,4099,24640,2195,-14674,797,2049,4225,24594
-14133,-11375,321,2112,4244,40,-13921,-11104,-135,3177,5156,-1955
311,-9229,-1195,3077,34,-4080,1667,-8482,-2009,196,1280,-4052
1649,-9295,-6115,3074,521,-10143,3905,-7920,-1055,3059,4434,-1763
5035,-9711,-4803,1810,896,-9920,8143,-9608,-4293,1668,1025,-9918
8427,-10361,-89,136,576,1,5565,-7998,-141,1226,3009,604
13263,-7941,573,4128,3168,21,6723,-8206,779,-437,4112,2029
12607,-19531,317,23280,2272,0,3967,-10954,247,102,1280,2976
8875,-32047,173,394,3111,2065,8083,-19410,123,513,1120,2736
-7989,-18567,963,2178,7682,1218,-13359,-18256,1067,514,5889,1549
171,-15427,12899,4353,8,577,-4529,-17342,4343,296,8192,1156
-3789,-19589,-193,4228,1048,-5590,-4737,-18886,765,4097,260,-6142
2603,-8811,-2207,1480,1,-15260,3879,-7434,-743,3411,1891,-7037
8623,-9329,-1951,288,346,-14427,8019,-9166,-257,1025,788,-14272
8363,-3111,451,-2687,338,-12288,8015,-2994,255,16,385,-12256
8699,-10431,-179,327,1025,-11758,4879,-10330,369,1059,1106,-2283
16579,-11407,349,1156,2083,-5728,16211,-11148,-237,1120,2065,-4094
13495,-10767,317,657,64,2057,9327,-17578,83,9,257,3073
21051,-18565,61,1280,384,17700,5991,-7968,189,1220,1927,14
8683,-18287,317,42,2072,33,5899,-9920,1493,273,2061,1689
-3277,-19323,2893,69,67,2866,4899,-12948,3125,234,2927,3195
403,-19471,2191,1159,5263,256,5097,-17476,3269,1440,5552,2264
267,-17841,3041,1536,8789,142,4201,-17094,3013,3816,9418,360
1327,-14281,879,3104,291,-4096,3829,-13066,1569,3690,9044,-2193
347,-11255,351,513,3329,-8062,4175,-8226,523,1880,7326,-3691
9549,-2703,-179,146,0,-16192,5623,-5846,-183,129,4199,-2677
13493,-3211,349,3098,-2040,8,5905,-7014,1099,-715,-1308,667
8623,-10827,-67,1032,532,-6144,4609,-8326,779,1250,3674,-1697
17585,-19527,957,267,4098,-1760,5191,-11354,961,1465,5459,-1595
8527,-31823,127,2065,2180,273,4471,-13448,2121,2373,2963,474
8497,-20559,-163,820,3852,512,8319,30386,-225,1616,3839,11392
-8021,-17533,335,3353,256,-3678,4223,-17002,701,4323,8236,-2223
4491,-13327,63,138,9344,-15322,4363,-12082,731,4818,9959,-4640
11355,-11247,-3,1056,48,-7904,4537,-7642,-91,3450,4332,-5408
4915,-9677,-2237,33,2049,-4095,4873,-5442,-1005,680,2553,-3776
9003,-6543,-1459,2880,272,-6144,5717,-5264,-307,-290,449,-1520
14763,-6569,-163,3072,772,-2992,6483,-6556,-215,-355,3138,-172
18619,-9273,-123,256,2048,517,7059,-8444,839,370,6504,573
21807,-14973,-35,430,4368,2048,5873,-11428,1477,2649,6009,2094
12747,29561,2877,2058,2184,520,13151,-21906,23,3456,14,1334
-17869,-895,-12459,280,18944,4,6967,-14586,67,3846,17503,-2214
-5973,-13451,841,4193,645,-16383,-5993,-12658,1335,4164,260,-15098
2749,-8701,-4787,267,4641,-16347,3635,-7486,-307,2194,4714,-7218
10603,-8551,-6303,0,1293,-14286,6069,-7522,-779,494,2056,-1864
12495,-10351,-2739,40,4480,-8192,5541,-7998,-785,2205,4742,-1830
14571,-8335,4159,133,4096,4,6281,-8110,-445,2375,6167,-1504
17331,-19341,595,565,4616,1024,5695,-10116,1917,1517,6655,1227
8369,-19301,2049,64,6656,2064,8147,-31058,3323,258,66,2080
1835,-18507,1917,2218,8490,14850,2315,-15482,1961,2458,8529,-546
-8021,-11343,1121,4,5235,-7152,2787,-10754,875,4144,7622,-4769
4307,-2691,-4211,2120,648,-16384,4355,-6438,-887,2659,5800,-3842
8623,-7311,-10435,1166,4401,-15530,5061,-7084,-1069,1080,6157,-1034
12461,-8311,-4931,3125,5122,1570,6445,-8314,-939,-545,7396,1597
13771,-11011,461,272,4677,1568,5325,-8794,-261,1435,4802,2045
16841,-10987,-155,1105,5642,368,5731,-10606,1375,1720,5914,2396
19313,-19573,1963,1312,2048,3,20051,-19202,285,4128,10796,0
12459,-19535,10053,4684,1166,26132,8051,-19378,8217,4197,2090,25900
-15947,-2553,-12355,88,6171,9794,-15595,-3002,-13339,1344,4386,8196
429,-3215,-1987,532,1027,-14302,-121,-3016,-3137,1378,521,-14848
1195,-8235,-11835,1024,4400,-12288,3665,-8000,-1269,-609,-574,-545
9391,-11063,-5315,6339,42,640,5031,-8282,-1047,-34,367,1816
12523,-8271,-1527,11,947,1552,12113,-8098,-1545,4,288,0
14607,-11279,-195,1364,100,82,6515,-8378,411,1311,1220,1664
29175,-16397,389,568,117,9,4927,-11598,1633,504,4034,2219
5045,-31215,637,272,336,290,4067,-31442,569,546,1136,4
-4817,-18511,2349,4233,9618,11393,3017,-15694,1869,4696,9622,-795
-3397,-10341,-6827,266,3128,-8178,3495,-9834,-829,4389,6051,-3474
5555,-11307,-7873,2220,925,-12288,5229,-7888,-705,2962,1157,-3288
8427,-10255,-6033,2625,2081,-16256,6081,-7476,-919,3727,3224,-5771
8495,-8815,-4003,2186,2048,-11262,6145,-7628,-859,3194,2302,-2842
10411,-8783,455,4,4102,-5112,10255,-8578,535,4,4240,-4527
17075,-19597,1855,137,8256,1620,4379,-14856,3345,1126,9973,2020
187,-21135,1887,1075,2368,1088,335,-26440,2079,4387,81,388
455,-19587,-43,8,2184,20496,1895,-18256,-235,1059,1032,17557
3531,-11117,1205,4388,8,9224,3757,-9312,1007,4312,10131,-4487
-2277,-2959,-8003,76,173,-6464,5789,-4844,-809,2176,6687,-1850
4683,-2183,-6019,1857,562,1537,4959,-6168,-1353,1979,508,2151
8627,-7167,-10029,32,2096,1029,5375,-7144,-1399,2928,7877,1055
13681,-11055,9,3074,9737,552,4947,-9652,-253,2792,9921,1786
18731,-19503,-163,2824,8200,8,18259,-18642,359,2976,8196,368
17599,-19599,-115,4256,178,6275,17231,-18870,-217,5197,7884,5776
8443,-14335,4549,5220,80,11334,1193,-11764,-269,5301,2646,-4972
239,-1143,-11459,2602,3776,4134,1995,-8876,-691,2669,3812,-3931
3499,-9051,-4275,1458,2304,-6007,3237,-8940,-1177,1496,2340,-1452
303,-8847,-6339,2072,1154,-6156,-109,-8648,-6407,40,1056,16
4547,-10363,-5183,1024,815,1062,5375,-7390,-577,1745,2957,1565
9041,-9351,-4003,1032,2084,1665,8823,-9024,-3797,2176,2568,9
14775,-9347,-123,2076,1648,72,6215,-9060,973,2294,4296,1388
9135,-19535,1859,2068,1,2374,4911,-11308,1947,2321,5237,2456
20749,-24887,2373,262,516,40,17005,-22738,951,80,2050,1040
-7981,-15477,833,4096,1284,5297,2021,-14472,1529,5438,6906,-3041
-7493,-18841,93,1092,4272,-7486,-7825,-11218,503,1184,4160,-8127
173,-7023,-4275,1024,2088,-16352,4071,-6734,-1069,3326,2920,-6848
4403,-8069,-3263,2050,161,-11900,3919,-8140,-3817,2069,512,-12224
9691,-2877,-2869,2180,4377,-10232,5361,-7728,-805,3019,4692,-1981
16593,-9239,-2099,1570,4288,-6847,5691,-8874,-909,3616,6130,-518
13995,-19599,149,11,5250,2,17435,-10576,35,4,3112,136
13043,-19087,1213,72,5160,257,12159,-18280,2167,1545,80,200
8431,30773,1893,1124,6886,2,3089,-18150,2779,3640,7098,-43
-5633,-19147,581,273,8424,-16384,-5801,-19152,-201,452,8740,-12760
2227,-9093,-10235,2176,4032,-14843,2127,-8350,-955,6223,11898,-6553
4275,-5055,-7703,133,8595,-15870,5061,-4732,-1507,3110,8531,-5408
8429,-2187,-3975,1681,1185,-11677,4483,-5968,-1449,1695,7397,-2453
12781,-3151,-1721,0,2,320,4203,-10122,-619,2706,8080,407
26317,-19085,-4131,9,1172,4120,24977,-17298,-4795,1066,21,393
26923,-13751,7021,2560,86,17153,24977,-15310,7951,2568,1152,17456
10411,-19551,-27,0,345,21570,3131,-17210,723,4343,567,-2930
-24375,-3087,-179,1096,6295,5120,-24753,-2730,-137,1155,6281,86
3381,-19551,3141,413,2304,-11710,1911,-18880,1911,4982,6364,-3212
4279,-11125,-2243,280,1184,-8041,4135,-10930,-2309,160,1042,-7149
8371,-7231,-2755,1232,1860,-7088,6493,-4956,-729,978,2125,-259
9661,-6763,-3011,273,915,130,5873,-6344,-515,798,2927,1622
17347,-15157,-163,1538,5496,82,4629,-13378,2029,1735,5736,1468
-4923,-17447,2701,1155,25,96,1879,-19276,2359,4162,9217,34
187,-19595,-195,5249,16,12544,2363,-14488,1807,5450,11512,-1928
247,-11405,-123,324,2176,33,369,-11090,-85,3936,87,2081
197,-11023,125,1248,144,202,239,-11190,313,1056,129,66
235,-10889,457,129,520,-6645,2735,-7568,1385,183,1889,-4109
4351,-8577,159,530,578,-9436,4549,-7398,333,857,3863,-1123
4413,-7685,-195,8,2309,-10096,4395,-7206,-77,780,3806,-373
13263,-14855,1343,462,4613,590,12311,-15296,-245,432,4354,780
21163,-18319,341,1088,1,128,20871,-19410,511,1155,3121,590
19627,-18301,573,3114,4866,6144,18259,-18286,-133,3235,4676,6146
8427,-13391,65,0,3778,16,4375,-11798,1123,2732,4306,314
-11955,5137,577,2,8232,1027,4221,-7854,485,3169,9154,-553
337,-7159,-1215,156,44,-1983,4295,-6304,-399,2364,9900,-1815
427,-8309,-5309,2,1154,-8952,4283,-8130,-273,1416,5159,-133
9915,-13135,-189,452,512,-13760,10063,-13318,-225,512,32,-13686
16559,-17519,-193,18,130,-8684,16291,-19130,-6913,74,1,-7674
20683,-19499,-193,594,6865,4,20495,-19378,-125,1587,6408,5282
12979,-17999,-191,713,4880,17026,4687,-9530,-109,1700,4426,-242
8687,-10895,957,82,31042,48,4085,-10456,1077,978,-315,692
-3341,-19503,1853,0,4352,101,-4209,-19120,1801,514,1,-1487
-5935,-15497,317,4097,2184,-7920,1925,-14306,1055,4148,6672,-3134
2283,-11023,1565,512,6160,-7800,4481,-10126,-6513,572,4644,-5820
8365,-8331,-67,2180,4116,-13776,4087,-7722,49,2833,4503,-5251
8951,-643,-191,1042,4,-15345,8019,-322,-261,1152,9,-15104
20659,-11379,-187,2049,2708,-6141,20311,-15270,355,2309,785,-3964
25323,-17483,895,4,705,10258,5603,-9022,1279,128,1797,-223
9563,-19599,61,256,2304,69,12183,-12234,-7,1027,3073,64
-3887,-15263,323,513,2658,1,-7793,-19404,-9,1668,6658,1
-16129,-15499,863,389,672,109,-16497,-15182,1359,85,768,657
-6579,-29711,1093,2722,2056,512,1157,-18726,1609,2623,6250,663
1213,-15279,367,1412,320,-7680,3839,-12746,71,3567,4354,-528
1343,-10081,317,10,4106,-7933,5165,-9492,393,3290,5317,-2838
5035,-5519,-1723,1036,1192,-12287,3925,-7088,-1801,1028,273,-12224
9133,-5475,-179,0,25,-11776,5993,-4932,-1029,825,540,-899
8371,-9287,-191,856,2818,-11768,8165,-8814,819,2620,2929,-659
12731,-11141,317,1062,130,273,6467,-9284,1321,2164,1370,2647
22707,-16011,-193,2080,2161,276,21659,-17294,2359,12,1536,0
10701,-19339,189,6694,8192,1040,8375,-18498,769,512,6288,16
12477,-18575,9313,8256,6160,17920,12191,-15298,-265,7744,32,17346
8895,-17517,-123,4664,0,74,1339,-11856,-93,5812,5294,-7697
2347,-2191,1981,2944,2192,2,3315,-6036,-1023,2677,2011,-6944
4283,-1671,-5315,0,64,-11192,4135,-7720,-815,178,1192,-2724
4341,-11279,-11959,33,12,54,4045,-9458,-1533,1280,4324,222
8375,-9031,-8385,650,144,260,8271,-8626,-8457,2120,32,1024
10411,-11183,-153,128,5472,1154,9851,-11218,-57,1053,5224,0
8443,-19307,2877,358,2056,200,8131,-18882,4407,322,33,1024
16609,-19207,1029,136,4368,555,16219,-19382,1787,2306,16,640
1235,-15371,1405,420,3088,8962,1871,-13692,1407,9,4382,8464
-2773,-9965,-3171,6272,9224,2614,-177,-11014,-4333,6304,10464,2124
4545,-6975,-5263,13,320,-7166,4319,-5938,-5341,65,96,-7902
8621,-3099,-7363,512,2152,-8192,3975,-7806,-1407,816,2550,-1207
8475,-10893,-7843,69,4290,1818,5517,-8094,-1429,924,5568,1722
13267,-11247,-195,1168,7712,1560,16207,-17058,-6393,1344,6544,161
12013,-15435,2029,0,2724,54,16531,-15052,-255,256,2432,2060
2843,30065,2173,23,545,0,2389,-16766,1993,1294,3017,2499
-5801,-19083,1341,64,0,6400,-8187,-18514,825,160,352,4880
701,-18221,341,1482,5,148,207,-18210,247,2048,2115,4
2235,-7115,-3843,513,4160,-8060,3811,-6250,-967,4836,3852,-3934
8363,-5709,-6229,33,2240,-10204,6015,-5536,-741,1453,2888,-1849
8621,-3063,-5251,536,65,643,5361,-7568,-935,1030,1519,1005
12477,-9797,-195,513,4609,130,12143,-10162,-265,708,4096,40
17211,-17483,-195,2520,8577,98,16727,-16714,-253,2368,8196,257
17595,31801,1987,4100,8244,656,16663,29754,-225,4170,10257,178
8491,-19583,8061,4368,3,13328,8079,-31178,193,4632,265,12288
2475,-3203,-67,85,2734,10316,2595,-8926,251,4451,3054,-6118
189,-2703,-2101,96,3616,-14299,343,-2386,-1673,649,3074,-15488
4323,-10759,-4983,-3680,38,-12252,3937,-10686,-5065,-3072,162,-11198
9411,-10891,-2755,28,836,-9967,5009,-8354,-665,410,1878,-707
16563,-11343,-163,2,38,0,17231,-18384,-9,65,1612,3
21685,-19407,-2457,3084,2288,1296,20567,-26066,247,6,4096,649
-3797,-19519,-63,8412,4,6,-113,-18890,1829,48,1160,2201
-14653,-3165,157,4097,48,400,3941,-14144,1365,4132,5403,261
555,-11399,-193,4096,130,-7926,4687,-10452,723,4353,8871,-2907
701,-7183,341,1414,1824,-8049,4763,-6684,487,3450,6067,-3049
8365,-6991,-3071,1024,72,-10718,1937,-4842,-2073,2233,-657,539
8635,-3207,647,344,134,-9563,6463,-6446,253,2564,2686,-222
13611,-2615,-169,1,2216,-12276,13367,-2984,-137,704,2053,-12287
20669,-13415,-6851,2176,6658,-4012,4005,-12918,-693,3941,6575,-1410
24827,-19461,323,3241,4128,12419,2285,-14932,1703,3280,4682,-1816
8383,29625,325,2048,2825,20832,2751,-18402,2625,1990,3149,-1610
-24405,965,829,2582,4714,10512,4353,-13044,389,3653,4808,-1949
1211,-8975,-4907,52,2275,-13824,3649,-7572,-451,1025,4208,-14000
5547,-6907,-8387,256,132,-11904,5411,-5850,-1143,1359,2940,-3526
5717,-7039,-3681,0,1076,-11774,5257,-6252,-749,1112,3646,-1359
8495,-2559,479,528,1665,-10527,6277,-6530,423,1507,6159,-186
10547,-779,1981,73,546,0,6213,-9258,2241,1079,7038,1235
20843,-19487,3981,1024,8448,1646,20307,-16958,3843,2,8193,2624
9459,-19571,4683,71,512,4354,5919,-14426,4677,7255,9534,1729
16687,-31611,1853,16,9345,268,17235,32494,1815,1152,8,2
183,-11405,-67,172,4600,25224,-177,-11058,17,416,4711,16768
-23283,5649,-19,4226,2764,18,3667,-6678,397,3767,7854,-7390
11273,-3047,-1855,1297,-1657,-7888,3131,-5798,-1201,1921,-515,-2588
1267,-6731,-8383,128,13140,-7418,5529,-4512,-1417,52,-956,-1287
4267,-6789,-7331,-4575,6225,-6656,6097,-6714,-353,-448,-20,-413
5307,-11231,421,900,2305,1110,5355,-8796,15,1240,2231,1535
8877,-15243,589,1,16,1078,5521,-13574,1525,473,5025,3619
16587,31985,3025,66,8,2560,16719,31050,3095,256,10440,2721
8363,-19559,67,803,8385,516,8339,32182,1549,1,8804,32
9459,-30607,1165,0,656,5390,9551,-19408,-261,4144,31,5130
9349,-19337,-147,5954,22545,10248,3081,-9526,1199,6068,-101,-5300
-7957,881,-3775,1221,4834,1032,4477,-6836,-845,3566,7055,-4870
4275,-11391,-1091,399,156,-12284,3987,-11188,-969,768,1042,-11770
4843,-10879,-5307,114,4452,-9983,4491,-8244,-1199,2324,4819,-1512
9439,-11399,-3757,2628,4098,-8848,5717,-8630,-617,2340,5353,113
17965,-17663,-43,385,198,389,21423,-19010,-129,2304,146,5
12971,-10303,1535,1736,5226,513,12527,-17874,769,1665,4353,537
10971,-19439,3905,12832,2070,2082,2463,-15148,4125,-149,7643,2183
10803,-19271,-161,216,5160,1024,8069,-17678,1847,385,5308,0
2331,-15491,141,2061,35,-13503,1615,-14276,-239,2304,266,-8045
683,-9359,-6269,545,3167,-8160,2995,-8164,-825,4722,3016,-7911
4793,-6907,-4779,128,-2682,-13982,5697,-5632,-721,957,-772,-5566
8431,-7303,63,2144,-2160,-10897,6251,-6968,-47,-298,304,-2144
12527,-10235,93,292,4123,-6636,5671,-10142,145,2094,4331,-2508
13365,-19407,-57,7,4481,1555,13775,-18750,7,2,4593,1797
16641,-17263,61,2328,2572,2105,16223,-15280,1851,1034,6208,32
16555,-19595,3485,2084,6691,0,10071,-18126,3831,2180,6744,60
-15421,-19165,319,4384,2084,-3967,-7499,-19386,527,4102,42,-6144
-4949,-10189,213,5130,8193,-7936,-5641,-9926,-41,5132,8448,-7526
4611,-7311,-6203,128,512,-16377,4333,-6948,-579,2466,5572,-5760
8687,-7375,-4287,33,1699,-12265,4285,-7046,-631,308,3625,-2978
9425,-3135,63,2,2166,-9119,5375,-9068,153,1187,3455,-103
17611,-18683,-67,1225,32,1288,5037,-9256,977,1209,1909,1404
25327,-27661,-195,1392,6208,1034,4403,-9936,2367,1519,6894,1147
8365,-18573,2877,8,1376,1,11607,30784,3079,512,1072,256
-13077,-19023,-155,1257,4671,1094,-14941,-17362,-231,3652,650,1034
3771,-15223,-187,4224,1284,-3462,2895,-14802,-137,4519,2945,-3744
235,-8675,-6195,2900,4416,-6144,4105,-6992,-889,3785,5213,-4534
6991,-7039,-3075,1234,1037,-11230,6643,-5738,-597,1039,1223,-2504
8619,-7981,-3129,266,512,-8154,5881,-7364,-419,816,2845,-846
9519,-9763,829,1152,2305,0,5359,-9552,1027,1940,6672,223
16811,-12783,1853,2184,4674,1673,20559,-13226,1975,2052,20,321
24785,-19561,2621,5248,1218,70,24971,-18234,279,4332,1298,480
9421,-18063,5965,6578,336,18452,8023,-19250,7185,6684,65,19457
8879,-13351,317,2580,2048,17464,2661,-11374,177,3897,7273,-6968
-12869,-2951,-8387,192,108,1237,3845,-8746,-853,2709,3001,-6087
2803,-10127,-3995,129,267,-7145,3799,-9940,-913,1082,2965,-2273
4815,-11065,-7811,1153,12,-8156,3985,-11090,-7857,1537,3077,-8158
9131,-9731,-6339,1194,2816,217,5699,-7388,-1043,1156,2888,243
10549,-7309,-4243,8258,4372,2369,6441,-7718,201,-1314,4326,1619
12973,-19597,-67,10241,1088,3097,5437,-13742,2389,-987,1615,3812
21691,-20619,-163,68,1025,1688,20975,-21070,3107,2592,1260,283
307,-19315,605,2176,9345,14018,11,-15040,345,776,8225,13828
2741,-11215,-189,0,896,8587,2705,-8592,147,3867,4645,-3572
-3925,-9215,-6339,137,2,-3072,5865,-7216,2269,275,4069,-3071
5803,-8207,-159,10,130,-7424,4435,-7088,-3321,16,3264,-8192
4587,-9995,13,52,98,-8176,5509,-7780,-27,1367,376,-1160
10051,-11309,-195,2048,85,-5754,5883,-9398,869,2435,3354,-1490
12465,-15305,1727,2116,1282,704,10063,-15280,1399,2176,1248,543
4399,-19533,-195,2116,10,400,3969,-18878,-265,2048,266,1394
211,-17647,3935,112,14400,640,7985,-11446,-1325,767,10434,-932
-8005,-17391,997,2112,962,-6608,-7343,-16542,1849,2304,1028,-7102
-3669,-11081,-63,1559,837,-7678,4429,-7562,265,1401,8948,-7135
5315,-6271,-3265,167,6233,-15342,5187,-6032,-1187,160,5943,-4473
8621,-2955,-1663,4372,132,-11872,5195,-5298,-677,-753,3997,-2018
9135,-3215,-67,4304,67,-9184,6063,-6192,137,-1007,2411,-576
20723,-19459,-195,836,81,1044,4625,-10436,1885,835,5515,1287
28911,-25799,499,1170,8256,1025,24399,29946,1399,68,260,1536
8429,-19333,477,128,6162,21058,2287,29820,61,320,5153,20497
-5865,-18943,61,272,1760,13312,-6241,-17360,-245,588,1276,12426
-2901,-2539,-3009,515,33,-6304,5245,-8658,-473,2494,4627,-2074
427,-9165,-10403,1,2080,256,4923,-8468,-673,1414,2117,567
8633,-10233,-5315,1088,4,64,4743,-8536,-849,1772,2006,1165
9899,-9159,-5105,52,2314,260,9559,-8656,-4999,8,2584,417
16991,-8843,829,1065,8992,0,18255,-10640,777,6,8362,2136
17997,-18239,1855,8207,0,2308,5829,-11774,2893,-357,4635,2446
10411,-18315,479,1061,608,13,8147,-16840,3831,773,656,1553
-5809,-2767,975,386,8388,8218,-14193,-1936,-3,5703,8413,10242
315,-16395,1089,1045,1072,-8096,239,-11186,-9,6,2192,-8144
603,-7259,-11967,9,6209,-14076,5077,-6266,99,497,-1263,-3916
6317,-6797,-6339,584,32,-12638,6225,-6442,-811,-1196,774,-136
8435,-7279,-4737,521,4642,0,6155,-7148,-627,0,0,0
12587,-9213,831,344,2432,1060,12647,-8926,-261,289,2376,6
8399,-15983,3901,72,896,266,19415,-19152,-5,7460,8,526
25267,31733,2913,2176,4110,56,4699,-17326,3561,0,0,0
1451,32653,1879,0,6528,22548,2911,31022,1591,4229,3840,21012
-16213,21,-187,6664,2560,2466,-15431,670,-9,6400,70,384
2635,-3007,-2223,5412,8755,-5760,3195,-6300,-2365,5195,8860,-5103
909,-7307,-16001,1053,1078,104,2259,-6872,-4183,1248,-213,817
5395,-2511,-6075,184,96,-11216,5063,-7194,-2047,978,2887,-702
8509,-2959,65,130,3332,-8960,6105,-8462,93,1389,4388,-700
16555,-16527,1853,608,5377,2764,16239,-16848,1867,513,4610,34
18987,-19587,1855,6,8196,52,26447,-18896,1819,2080,2839,5
8371,-19079,933,4900,4620,31260,-4145,-14802,759,4416,6176,31220
-3857,16293,319,4464,44,18489,-127,-11156,447,5565,3187,-1910
-2829,-8831,-6287,2056,370,-6109,5489,-7652,-1161,2693,3596,-1680
1231,-9359,-10435,2050,3616,96,5035,-9068,-1733,2637,3820,217
4587,-8927,-5815,16,2944,536,5491,-8204,-903,3574,2870,1022
8427,-7799,-187,16,32,512,10067,-8138,-259,597,2727,649
16747,-19597,157,2084,388,864,5491,-11426,2165,2472,5648,916
25005,-19055,573,2052,5021,10826,25139,32302,1799,1156,8224,12321
251,-15503,-193,5352,544,17985,-2445,-15264,-265,5396,2560,17862
-5573,-2607,-5699,708,3078,8336,2207,-11528,-589,4776,3279,-3677
-6533,-11015,-4275,536,878,-3576,3263,-9538,-1767,4907,5052,-3253
181,-10599,-7539,193,4448,-12284,4869,-8270,-2307,4939,6566,-1944
8515,-8843,-3719,416,4224,0,8279,-8802,-3665,4100,4242,73
14891,-9871,-2227,3204,5157,0,16499,-10192,-2049,2856,4453,332
17003,-11367,837,2055,520,544,20759,-17102,-265,544,521,393
8565,-19023,325,706,10256,4,10117,-17618,837,1025,11816,0
-2883,-16783,-195,5122,2178,20488,-3241,-17000,-261,4684,2304,20690
-15693,-15375,317,1128,6439,-6648,-7775,-15248,-17,1301,5633,-7680
359,-11407,-5815,64,4214,-8062,3439,-7036,-1915,4075,6000,-5573
4523,-10381,-5817,168,20,-12182,4381,-7530,-1721,1213,917,-1060
9503,-9359,-4275,800,548,576,9807,-9104,-4357,2,12,9
12667,-8335,-2231,1024,1,149,12281,-8120,-2305,1032,288,16
18653,-11403,111,1604,65,-3840,17809,-10898,-497,2052,0,-2997
16555,-9053,2647,132,26,5157,20309,-10956,3451,192,4386,5288
12491,-19599,61,82,4224,32,4813,-11588,1725,572,5184,696
11959,-18029,2623,-2044,37,2164,10453,-17826,273,-1536,3329,2192
-15681,-3215,863,1216,41,26,-13911,-2834,311,356,4736,136
1843,-18815,-195,4100,553,848,-33,-18370,-517,4160,2129,80
-7781,-11151,-11945,528,258,-7580,-8265,-9618,-11497,809,5122,-8096
5055,-6247,-5299,1536,3084,-13292,4539,-6916,-6137,1184,2848,-12218
5299,-7307,-4089,4,5512,-12272,5203,-7018,-475,22,-2159,-1329
8397,-2731,67,1056,7170,-9591,5933,-7700,99,1324,-651,-139
18643,-17091,349,2304,3374,128,6001,-8758,1395,2335,3688,481
25771,-30863,3111,1056,1684,132,24435,-30926,2391,1321,5121,34
11829,-18159,3305,1354,64,1028,10575,-19372,-265,76,20,1542
-7843,-17545,445,4098,4640,12548,-8301,-16780,567,4609,4628,10240
-5653,-14253,-6911,2177,1296,-8064,-6209,-14258,-6919,2261,360,-5695
179,-5773,-6281,3150,4192,-8160,-157,-5398,-6281,2107,4096,-13994
8619,-7181,-5227,645,1552,-11136,5863,-4780,-1461,867,2139,-1626
10029,-7279,-179,-192,2050,38,7003,-6914,647,157,3984,1778
9901,-9087,853,706,5928,578,9567,-9170,857,328,6529,601
18347,-18831,1857,400,250,3137,19551,-14274,1849,529,388,3328
17463,-17535,1853,256,1824,1153,17493,-19022,1783,193,641,1056
11509,-19587,1341,3616,0,17537,10103,-19410,-265,3603,2616,17574
427,-11215,-123,4616,4104,11306,2333,-10836,341,5624,5482,-4205
-7997,-535,-6257,2092,8706,-4486,-7329,-730,-5705,3,9216,-4976
2475,-7305,-7203,464,266,-10192,-177,-6362,-7305,2049,777,-9504
8411,-6671,-4227,1,512,-11996,5345,-6382,-1221,1041,516,-1538
12507,-10249,-195,2216,6152,-7776,12415,-10192,313,40,5833,-8142
17899,-19055,-195,51,4684,160,17563,-19406,1399,8,4104,260
18611,-17295,447,0,10465,1088,4211,-14074,3295,-424,10523,3322
9551,-17519,-163,10,2048,44,9679,32302,-117,0,2088,293
-7633,-14359,319,647,2010,16384,-14001,-14994,759,138,2207,16468
-7481,-10383,-195,4169,8452,-7935,-8337,-9916,-1025,2116,8220,-4941
213,-7053,-7875,1096,7809,-15264,4035,-5538,-1595,3715,7676,-4818
8375,-7019,-4163,40,2436,-12020,3341,-4844,-1999,1892,2621,-2138
9997,-8843,-3267,2,2840,1,5365,-7306,-693,590,2884,36
17075,-19595,1277,1318,128,136,16247,-12498,761,2048,532,148
21083,-18415,2113,513,4342,677,12131,-30402,-9,512,2504,1634
10719,-19197,-179,818,2256,1409,8079,-18302,-137,224,3362,859
2683,-19455,-179,4,306,10508,855,-19408,-265,33,36,10509
639,-17485,317,4710,4352,-7996,-115,-17170,247,5132,4127,-8113
3243,-10767,-5185,513,6466,-7100,3159,-9994,-6405,553,6160,-7114
6389,-6103,-4291,1537,2056,-12224,5401,-5352,-1131,1448,3009,-2766
8363,-7295,-195,2102,135,82,6087,-7210,-301,-168,1307,814
9271,-9099,-129,99,129,525,9557,-9170,57,304,3,144
16667,-19407,-195,1092,8196,1860,16475,-18732,71,1240,8352,2497
16715,30001,2409,4096,8194,641,16335,30258,2299,4168,9219,1636
9437,-14029,445,4677,2169,18948,8095,-17222,259,4392,5637,18824
-21333,-2831,-7611,1138,97,-5871,-14513,-2506,-6065,88,545,-7509
4461,-5775,-2241,129,292,-14264,3943,-7122,-3847,1812,1028,-14175
5419,-3055,-5023,-5376,272,-12016,5217,-5880,-957,-48,955,-1097
8363,-9005,-3771,65,2640,-13309,5527,-8212,-295,997,2814,-148
12465,-10381,583,16,1024,12,12283,-10034,-265,4,1229,576
20787,-14459,413,421,2081,654,21087,-15196,45,528,2132,2097
16711,-19199,2901,2576,3091,596,16729,-31694,7,2564,4613,2066
9643,-19375,2941,2592,3645,0,8831,-19026,-261,2307,1,17674
8401,-31239,2111,515,4481,16552,10199,-31402,295,2214,2048,17541
-7891,-11365,-131,4900,9664,9536,-8105,-2892,-241,2690,9654,8193
-5461,-3147,-7255,42,3,-5983,-7981,-2764,-6345,16,6758,-7671
1107,-6975,-6075,257,352,-12278,3861,-6064,-3053,3066,6441,-2823
4301,-5111,-9255,15,2397,-10364,6049,-4338,-1199,117,295,-200
8483,-6271,-6081,70,48,-8560,5723,-5414,-767,502,329,145
8443,-7723,-143,272,120,198,5731,-7356,235,1346,3596,839
13487,-11349,701,5953,4112,203,16979,-17266,-165,6016,4112,4
12203,-18505,4045,592,4,240,12155,-17776,3853,290,1216,1540
18443,32113,855,80,4620,34,16217,31248,-263,900,4096,17
1451,-31275,-179,724,296,23051,8143,-19122,2109,855,256,23360
-8003,-16783,879,5740,773,3472,-8369,-15282,771,5376,1025,1810
691,-11367,-2425,4742,10281,-5111,335,-10926,-2793,4610,10787,-4988
187,-7257,-6071,44,8227,-12031,-177,-6960,-6343,3361,842,-12286
8363,-6939,-5827,1025,1408,-12288,8595,-2752,-4565,1128,1090,-12206
13483,-10327,-2515,13,1794,136,12639,-10962,-2825,418,1544,3
9293,-12335,77,208,32,1025,4687,-11652,577,814,4557,1217
16587,-17807,1437,1540,1,1122,5151,-13616,1269,1902,4788,3452
623,-18911,-195,3090,8337,134,-6317,-18258,-265,2818,7804,832
2317,-13449,-3199,4674,4362,-2936,2463,-12626,-3785,4624,6150,-3776
1311,-11171,-10163,65,896,-7499,5145,-8838,-1293,4319,1996,-4383
8443,-9353,-6171,2080,1108,-12288,8307,-8914,-6245,2349,1037,-12280
9395,-3063,-3651,414,0,-10186,5461,-7768,-647,1088,4543,-1945
13039,-8775,125,1544,4450,-11762,4643,-8564,205,1734,4399,-1433
16699,-11403,829,48,3584,-3223,5227,-9688,1321,1312,3688,-50
20463,-17039,471,399,7,392,19351,-17346,251,1552,776,384
18673,-17871,2397,448,3112,368,18325,-16834,1793,2054,6405,258
-22347,-1075,-10947,4106,8,8832,-16427,-828,-39,2065,1058,8710
2477,-11275,-673,6,2457,-7680,2063,-10802,-1529,907,2050,-7615
1201,-6863,-6749,164,229,-8128,851,-6790,-6627,0,192,-9471
8363,-11021,-3635,16,2136,256,6067,-8220,-601,280,2280,272
9967,-9187,-2083,2183,40,-8064,12111,-9170,-1735,2280,210,32
14507,-11103,957,768,1552,737,14359,-11218,775,364,1545,776
17579,-19343,-147,232,949,3104,17433,-31558,-261,200,172,326
875,-19591,829,1872,9276,3200,-6785,-19394,-137,1153,6195,2060
179,-14959,-47,1280,0,64,-173,-14530,-233,4166,320,1352
239,-11247,-6327,5394,1536,-8128,-49,-10738,-6409,5376,0,-8160
4779,-9549,-4267,2768,6224,-13304,4993,-6818,-1477,3009,7434,-4561
5291,-2945,-3903,2089,394,288,5901,-5088,-871,-435,851,195
9899,-2975,-3713,-685,901,32,5937,-7216,-395,44,1264,203
17081,-10827,401,644,1024,581,4861,-10650,693,1744,5298,814
16693,-13423,905,32,321,2086,16595,-14786,1791,609,513,84
16875,31255,1101,274,2176,16529,10591,-19410,759,4352,4256,17536
331,-19531,-1715,97,2102,19122,-145,-18872,-2185,288,2209,17493
-5585,-8575,-5265,2368,5378,-5008,-8369,-8114,-4329,2688,4566,-6347
205,-8269,-5791,653,1029,-12287,4265,-7864,-1451,1581,3548,-2357
4267,-10887,-5307,1345,1024,-11136,4047,-10704,-5381,1025,577,-11022
12467,-9211,-2687,44,24,56,12271,-9012,-2661,16,45,98
12779,-19589,-171,69,5380,176,12377,-17874,415,64,4169,40
20791,-19533,197,7985,445,2440,5255,-15418,2307,94,4363,2966
2223,-19551,445,0,6466,2093,1109,-19378,1767,3096,5396,1922
1723,-17543,109,1285,2565,641,1383,-16336,17,586,2434,624
5405,-11381,-1827,2848,544,-3964,5063,-8904,-275,2885,2125,-4152
5419,-8141,-4211,48,1184,-7606,5519,-8130,-4073,112,1144,-7632
8363,-9231,-1711,262,161,-8159,8015,-9162,-1285,336,534,-8058
16819,-9355,1615,43,161,-7488,5221,-9058,-469,2295,3957,-2235
18093,-11407,65,24,3216,4272,17263,-18310,-249,0,42,5155
13099,-15489,-129,13,2182,1056,4799,-12540,2113,1735,6329,1144
2279,-19535,-175,3346,6248,524,-151,-17040,1847,3078,6144,602
-7985,-19399,-147,2408,8,-3008,279,-19282,253,3459,352,-2942
235,-11109,-131,3592,2058,-8158,-175,-10678,119,3345,0,-8168
4283,-6579,-5187,153,2304,-7168,4469,-6310,-547,-450,2242,-2833
5339,-7247,-3635,2624,0,672,5069,-7094,-291,-1118,818,746
9677,-8907,-2239,240,2,74,9399,-8786,-2265,594,47,521
13243,-9231,577,9,1025,2,13607,-9102,935,1696,1024,18
13739,-19067,-191,384,3140,560,12239,-19378,125,994,3232,1088
8395,-18803,5187,781,6370,272,7189,-9910,201,866,7658,1281
8595,-16653,-179,1025,160,2064,4447,-18834,-1,1184,224,2087
-5285,-19259,835,4138,597,1032,-5805,-19154,287,4133,6144,0
-4245,-15503,-131,4100,8704,-1952,-4773,-14714,-137,4641,8194,-3295
429,-19437,-171,1684,5192,-7863,463,-18784,-249,1800,4881,-8062
715,-8719,-5199,0,4107,-14282,921,-11184,-5349,3083,4161,-14272
4587,-5119,-3261,808,2252,-15168,5215,-5074,-3273,520,321,-15352
9773,-3215,-2643,112,8,-11774,5859,-5810,-849,335,3333,-1868
9547,-3215,-1003,36,1346,-10431,5169,-6536,-853,850,1313,-7
18091,-8255,-179,1326,1556,-5408,16241,-8018,55,1108,4224,-4926
16559,-11133,1061,96,4225,257,16489,-11200,-135,1284,4144,241
4275,-19503,-195,2080,4688,19,3953,-19328,3879,2079,1034,1547
3245,-19591,-177,3904,129,4,8023,-19298,455,1345,8710,362
-7509,-18761,909,2688,76,4098,-7853,-18066,919,2066,1026,5281
479,-17549,-33,93,64,-5116,-159,-17222,5,576,520,-5628
939,-10127,-2937,385,32,-8182,879,-9650,-3293,1110,81,-14574
3311,-6537,-4223,1168,1028,-13804,3411,-7094,-4311,640,905,-13184
8467,-6743,-4175,-1778,785,-8182,8017,-6594,-4031,-2031,609,-8184
9873,-7067,-2721,0,32,225,5481,-6694,-525,-954,288,285
12595,-11407,317,194,320,12,5657,-8810,361,-223,2211,1170
16567,-19279,899,149,4800,8,16335,-18898,759,64,4608,194
12467,-16091,2461,68,512,1312,12623,-15890,1929,97,5,1604
11443,30579,2133,-4326,8275,516,11089,30766,-257,-3179,5956,49
2283,-19051,2881,213,220,2176,2383,-16112,-249,4,416,2057
237,-18927,449,4746,1072,4160,-3729,-18310,895,4240,536,5138
3367,-10383,-2979,4868,17,-7096,-145,-9922,-4293,4865,7552,-7840
1203,-6095,-8259,264,1162,-7668,3427,-5820,-2823,1525,510,-985
5333,-8191,-4257,2049,36,-9204,4773,-7532,-1069,2068,1007,-658
10479,-8823,349,2692,2256,-8176,6605,-7552,367,2621,2631,-776
17631,-15485,-195,1536,5314,145,20303,-14244,251,1281,5153,1156
18619,30963,2125,1090,213,164,16863,29742,1915,32,8224,328
11469,-18989,-183,4371,1299,9260,12119,-15058,7015,4098,33,8833
-3285,-10093,453,2984,386,2817,-4145,-10958,313,2689,720,552
309,-8839,-63,164,4610,-7632,4373,-8674,-109,1399,4780,-4404
4843,-11203,-963,148,4704,-9600,8017,-11078,-2053,420,4641,-9704
12981,-7743,-1987,1697,4104,258,13139,-7586,-2289,160,4194,65
14843,-17011,-59,417,4642,0,14287,-17330,251,512,1824,1057
13259,-18895,1777,64,69,0,12241,-18962,1539,107,544,528
339,-14987,845,899,8857,2304,125,-15230,253,2,8586,545
-5565,-19279,93,4,909,4229,-6287,-19346,-141,226,256,1477
251,-10707,389,3072,1072,-6127,357,-11210,-199,3590,1025,-7936
4381,-6139,-187,1409,257,-12028,3935,-7026,-5225,512,8,-11760
8975,-9087,393,31,130,-9996,5699,-7234,11,-39,1023,-669
8875,-3183,-115,545,672,64,4973,-8598,223,1749,1775,179
16827,-10687,-115,2068,1728,96,6303,-10450,1303,3143,4112,332
29931,32371,727,2050,8751,576,28689,-31310,-265,52,1152,276
13547,30321,2277,3112,48,14454,8095,-16978,1897,1828,1288,13512
-3859,-19231,1853,5157,128,12354,4553,-13502,1857,5724,4793,-4176
-2387,-10891,-1207,4320,4179,-7994,5573,-8380,-511,4596,5284,-5917
4309,-9151,-195,1184,175,-12282,3921,-9154,-257,1433,42,-12252
9555,-10351,829,128,4547,-9722,8789,-10192,-257,133,4608,-9624
9407,-9837,-169,2089,1537,385,9705,-10158,247,2116,1536,512
17081,-17955,829,2293,2630,680,5917,-9350,1215,2306,2888,898
16565,-19215,-193,1040,736,517,6229,-13746,2239,1588,4296,980
8453,31857,1941,2446,4688,33,8159,30132,2817,2052,6148,136
-3925,-18565,-191,0,6161,10348,-4273,-19410,1047,2849,6978,10252
-3793,-11343,79,33,10,-5600,-3953,-10890,-197,148,3496,-6144
4637,-7167,935,560,1230,-14191,4001,-6674,961,553,832,-14207
6383,-6799,269,-4959,18,-11264,6487,-5590,237,-788,2714,-2229
10095,-9359,-131,0,2688,-11094,5563,-9236,1299,888,2726,-469
12571,-16399,1929,584,4994,0,12185,-16138,2319,562,4268,285
21163,-19593,1855,4104,2586,1570,20879,-16272,1911,4368,2073,2342
24791,32449,-195,4100,8324,3460,24527,30254,-201,4300,9233,8391
10669,-29823,857,4394,467,17666,9319,-19026,33,4112,1788,16720
-3373,881,1245,6,1028,10802,-4017,1190,1787,644,836,-5467
-2891,-2863,-179,20,0,644,5111,-8372,-131,141,2325,-3011
851,-11111,189,256,1027,-3918,657,-10874,-197,132,832,-3583
4275,-8771,-195,1040,4130,48,5727,-8580,-193,1536,3397,30
5453,-15485,1357,64,2124,768,5135,-15304,1479,544,2048,912
8403,-15485,-39,6210,64,2210,8143,-16698,11,6273,112,2056
9807,-31879,2125,33,2,1825,8809,-31686,-169,80,2308,0
11647,-19591,2045,597,4,9509,3351,-11854,2017,3689,4416,-6455
4303,-8577,-167,1040,1027,17024,4857,-7352,291,1489,1595,-4082
5291,-9359,-63,4,2310,-3672,5195,-8494,95,110,2979,-1521
1227,-11327,-195,1453,4610,5,-161,-10928,41,1024,4912,137
4571,-11341,-5059,1024,5699,644,4953,-11218,-5129,1097,5185,259
8363,-11143,893,269,0,81,8023,-10954,767,40,1026,259
8765,-16359,637,515,544,1740,9139,-16338,585,64,273,1600
12507,-31883,1,420,520,1040,12275,-31666,-9,320,12,1589
16573,-19439,711,64,4643,498,17763,-31330,-261,1025,205,17
4827,-15501,-195,521,267,14544,4487,-14914,-245,8,816,12566
697,-12431,831,68,256,8240,-113,-11666,793,66,86,8593
-3709,-8697,-193,2180,1961,1163,-4241,-8238,-119,2144,1537,136
1867,-8205,-2755,272,10,-4576,1495,-8136,-2549,706,57,-4608
5611,-11399,383,64,16,-7870,5007,-11218,249,32,27,-8053
4293,-10767,61,616,16,-10207,5123,-9474,517,751,1256,-1447
9023,-9355,-131,0,2564,-7796,5617,-9134,723,1048,2668,-12
12523,-19575,1853,700,2696,160,5671,-9254,1793,968,4133,1581
17003,-18571,357,467,6152,2129,17235,-18378,-9,232,3,2048
2715,-19595,3005,2075,1184,2224,663,-16954,385,2312,1026,156
395,-18831,321,2896,1585,6217,2479,-14540,-261,3272,68,4353
183,-18507,1117,1100,800,-6080,-169,-17760,1105,1280,1036,-7088
2253,-11071,63,1356,64,-8180,2265,-10572,-5,1573,4352,-8185
4779,-7277,-189,0,2212,-8192,4631,-7010,-125,277,2185,-8184
5563,-6271,61,4114,1688,-10718,5295,-6094,265,4996,1546,-10608
16875,-8335,-193,3333,2570,37,5855,-8172,805,-27,2884,194
18747,-10343,833,132,6274,2051,20463,-19078,289,385,399,272
9415,-17239,325,0,8224,146,9191,-19014,119,1090,8193,330
1759,-19087,1933,1544,0,2128,1395,-19402,1795,2208,1092,2050
-5973,-13891,1981,2064,838,2312,-6321,-15290,-265,2112,74,1909
1459,-9343,835,3367,276,-6128,5185,-8906,659,3397,4777,-5106
1087,-6607,-195,2064,649,-7424,3967,-6770,-137,2066,305,-8187
8363,-6759,-4273,1314,0,-7420,8033,-4754,-4353,1032,1,-7551
9437,-9127,433,144,1032,192,5259,-9220,299,292,3044,723
12507,-18511,-183,38,16,16,13263,-18322,337,1420,3664,260
8387,-19119,3905,266,258,88,863,-16306,-199,1024,8213,35
-4927,-14719,-95,4385,8449,12288,-7851,-19322,571,4632,3104,12306
2347,-19453,-177,512,10370,770,1871,-11054,249,784,12419,8
-1873,-9319,-163,320,18440,-4096,6141,-8608,551,479,-1178,-4084
6011,-10803,-195,512,1284,-11760,3935,-11174,-9,513,1536,-11703
6315,-11405,-187,192,6146,-9916,8055,-11130,-191,1026,6272,-9130
10549,-10895,157,1164,6205,-6144,6141,-10466,299,1974,6356,-127
18643,-15229,-131,1056,5129,16,18261,-15182,-207,1088,5128,221
18367,-19301,79,0,656,0,18015,-19218,793,4,4132,33
4523,-18821,-163,128,3521,271,4183,-18386,1783,8,4149,77
-12011,-991,853,2065,400,4468,4209,-12888,1229,2311,8201,-2908
237,-18247,-179,1152,518,-7856,1623,-18362,247,1240,53,-7804
4301,-10127,-2883,1048,2486,-10493,4047,-9680,-2809,722,2048,-8191
9403,-8335,-829,3409,20,-8960,9295,-8142,-265,3074,0,-8917
8397,-11279,351,160,0,-6896,8015,-11116,285,273,-4594,-6816
12973,-9023,-193,112,4,-4605,5677,-8332,175,656,600,-258
17427,-18551,861,785,98,65,6017,-10108,1161,977,2209,1096
12971,-17423,2621,65,4623,272,12127,-17804,2023,256,4096,264
5035,-15241,-175,569,10006,284,4049,-19388,2807,2580,8196,450
-5557,-17513,899,2176,4096,643,-8113,-16946,769,2180,964,0
235,-10027,-115,2480,4097,-5596,4395,-9676,497,2432,4223,-4593
4331,-11403,-187,300,896,-7904,4303,-10954,21,66,900,-8000
6131,-6541,-195,1921,7,-11884,8079,-6350,-1529,1889,144,-11998
9399,-8563,333,33,642,-10108,5453,-8566,-539,2211,5490,-1424
14611,-10889,-43,3088,4676,289,6107,-10544,1225,3218,5260,473
9515,-15949,-83,1088,1026,1074,13183,-18352,-93,136,1026,1280
8363,-19571,2111,3144,2560,16930,2645,30260,-73,4264,2055,17224
-4291,-18475,317,2072,18944,12571,-8355,-19078,1407,2598,18576,12712
-4661,-10893,-67,1408,408,-6136,-4527,-10700,247,1925,100,-6072
1261,-11375,-193,246,1066,-15608,3919,-11214,-231,66,1124,-15606
8475,-10815,29,64,4248,-11903,8031,-10702,23,137,4169,-11771
9869,-9613,-115,480,4128,18,9599,-9498,-201,512,4164,404
13995,-18041,855,794,2058,1472,13399,-17818,855,834,2563,88
16821,-25643,445,772,4097,664,9551,-25298,1113,176,4126,2060
4363,-19277,911,152,4131,3264,1103,-15312,-193,1028,4112,3340
171,-19591,-59,2362,5120,1456,343,-19362,823,2561,160,1105
529,-14351,-67,2726,4,-8176,-177,-13778,1211,8,116,-7892
4909,-8831,-11,3330,4372,-14976,4635,-8654,183,3332,4101,-15064
8497,-6777,-607,1347,1225,-12164,8247,-8658,-137,138,5264,-12121
9387,-6623,321,0,272,44,9039,-6960,523,-1008,257,322
18987,-7597,97,1282,2064,-9979,18319,-11218,-265,1136,2176,-10228
18623,-9231,65,1091,516,0,18261,-9154,-265,1028,672,2048
21171,-19535,85,512,515,12482,5545,-10838,1247,1035,4689,-1248
12719,-18479,-61,1792,2436,20226,4839,-12186,2039,1857,3474,-21
12747,-17483,2327,2331,4136,12,12113,-19110,783,2090,4448,76
-7467,-15235,1981,529,10756,8250,-11889,-18098,-263,2688,9763,6208
175,-19085,981,5520,105,-8047,-95,-18834,-257,5123,778,-5555
3397,-19531,-179,3932,5248,-7276,2897,-19196,3,29,4610,-7280
4329,-8333,-4939,384,1160,-8182,3969,-8110,-4617,194,1024,-8016
8491,-6783,-1851,2576,1920,-10712,5111,-6232,-371,2460,31,-10615
9771,-7181,-195,2082,66,-10998,9729,-7098,-217,2055,257,-10744
17853,-8829,161,-768,592,-6896,17911,-10674,121,-910,1096,-6398
16683,-11367,-43,1160,4224,1,5909,-10920,939,1221,5483,322
12459,-15231,-171,1260,7072,1024,5561,-13328,1179,1741,7029,1836
8623,-15425,901,1098,11520,112,8147,-30160,2339,552,12273,34
-6469,-18903,111,2,4292,64,-6957,-19120,-11221,2884,32,3328
367,-11407,-51,3074,2146,-7436,151,-10958,-213,19,264,-7902
4323,-8207,-4231,14,1412,-6781,4127,-8138,-4347,328,1152,-7037
4303,-7167,-4207,1152,384,-12537,4047,-6762,-3065,768,260,-12224
9393,-7263,-755,22,-1276,-7896,5457,-6642,-129,-307,266,-2095
13619,-10891,-67,264,26,16,5129,-9674,245,946,298,406
22731,-19075,-193,777,41,1025,6175,-14970,2053,2107,5792,1235
12619,-18553,381,132,9248,56,12655,-17210,-233,33,9221,13313
-3717,-19469,2525,1156,12356,10304,4047,-19186,2391,1152,14865,11264
-5459,-10253,-43,0,196,625,-4273,-9652,-249,672,544,137
1719,-7823,-195,80,1025,-13056,4503,-7458,-257,194,707,-13296
5035,-11261,453,2635,266,-9655,4463,-10318,263,2617,82,-9664
10423,-11135,-179,64,5248,-7129,6173,-9838,425,924,5428,-295
10571,-19031,-125,1184,1477,25,10175,-18994,17,33,144,1044
12461,-31375,29,1077,1633,1408,9807,-31670,1303,68,4801,1548
4275,-19047,-3,1042,4,18962,1131,-17744,-257,1544,528,18706
-13333,-15431,829,788,518,-2511,-13169,-15058,1015,457,357,-3584
-3413,-11255,389,2169,20,-8111,4503,-10478,599,2273,6210,-3897
5299,-11385,-3987,136,772,-12286,4959,-11130,-3905,129,580,-12164
8363,-9351,-123,160,5203,-12076,8043,-9098,-165,3,5144,-11734
10043,-9355,-195,48,0,-11239,5671,-8996,7,761,4443,9
17135,-17031,-131,1089,40,8,5567,-11618,349,1286,4221,1080
18101,-15499,829,960,5942,720,5923,-11748,805,1965,6058,746
21163,30581,-159,16,289,64,20377,32472,-247,72,65,16
4287,-19279,29,2180,9216,20521,4055,-19386,119,1792,8193,21096
-16211,3713,-15135,2400,2304,1027,-13383,2094,-15101,1280,6400,-5118
431,-11345,-6203,2072,592,-8174,83,-10960,-7177,1352,581,-8166
4779,-10375,-161,9,1024,-10159,4447,-10162,-265,34,582,-9980
9579,-11135,-67,4612,2084,4,5575,-8910,-137,-17,3501,155
10171,-11215,-105,644,2752,2,8273,-11116,23,467,1,7
17707,-19535,-113,1537,33,512,5691,-11058,177,1785,3617,484
25779,29633,-99,1345,2683,32,5941,-11514,361,1989,3739,272
14123,-19333,-129,150,578,80,5887,-14896,967,1536,4810,369
-3393,-17015,-131,2261,525,10259,-4273,-16574,1187,2787,600,9348
-3911,-17295,445,129,4104,16,-4163,-17360,-189,20,4384,-1468
1331,-11343,189,16,3136,-3815,1103,-11154,155,16,2180,-3767
4537,-9167,-25,265,218,0,4351,-8530,-229,266,152,44
6315,-11151,-2951,9,2065,-7388,6101,-10830,-3049,168,2274,-7383
8939,-9063,-63,300,4576,-8190,6541,-8204,577,2396,4778,-932
16719,-18847,925,64,4868,8,16223,-18898,-229,20,4612,200
16563,29563,2941,257,1538,256,12529,30094,2811,10,4712,130
-6989,-17437,2437,1460,4128,152,-12873,-19378,2327,1140,1166,192
-3859,-14479,957,548,0,-4498,-4145,-13714,1081,5,164,-4847
175,-8999,-179,2336,2120,-15612,-49,-9158,-245,2177,2072,-16126
4527,-6271,-195,176,8,-16348,5227,-5744,-939,1337,3754,-5886
8363,-1927,-187,2,1026,-15198,8023,-1872,-265,-1331,1221,-14718
12715,-9351,-67,64,2580,-10008,5825,-8250,159,631,2625,-460
18611,-13437,839,1304,41,1025,16471,-19090,-247,1284,65,640
16555,-19595,2571,2052,10244,1,16479,-19082,2015,2088,10368,1088
8387,-19503,1105,4142,2573,22273,2127,-18350,1279,4098,9218,21537
2443,-17539,349,1069,3823,11408,-81,-12970,505,44,4368,9316
-3649,-8263,317,1,7,-13686,-41,-7896,-249,385,288,-14332
177,-9039,-179,800,64,-12192,857,-8144,-251,770,84,-12210
8363,-11263,-65,308,5184,292,5513,-9058,-273,374,5457,231
10255,-10031,-2111,1092,16,2054,9851,-10066,-2231,1152,512,2099
14523,-10831,851,64,99,2120,14327,-11120,759,4,145,2272
13515,-11839,133,9244,1024,4113,13667,-16326,267,13344,4145,4104
9131,-19535,4415,788,4099,3081,10935,-18830,4503,978,5265,3345
245,-17551,321,2560,6122,21024,1887,-16850,-227,3072,5725,20492
-5441,-15933,1927,2344,4208,-7167,-4623,-16194,-233,3395,4128,-7128
207,-9347,-193,2,324,-15272,177,-8144,1063,330,8,-15280
5429,-6511,-2043,132,4486,-16360,6001,-4038,-643,534,4446,-3934
10421,-7055,-1219,9,1033,-12128,6449,-5796,-963,619,3127,-1137
14765,-9119,-183,264,4096,0,6343,-9256,453,1392,5157,710
16723,-19079,457,6,524,1536,16495,-19026,-247,3334,20,320
4563,31601,447,1536,3738,768,79,-17072,-247,2562,256,115
-8019,-14349,-129,2370,2642,12947,-7525,-19410,-217,2180,2136,8962
-3781,-11343,-67,4289,8,35,4011,-8702,-39,4248,4216,-4589
363,-8823,-3969,35,4609,-15959,-41,-9170,-4361,64,4098,-15340
2635,-9207,-127,512,2612,-11744,2333,-11218,-225,0,2500,-11504
9595,-9545,-1,528,664,1285,5417,-8824,259,247,1126,1662
17071,-10381,349,549,35,80,16423,-10688,-89,576,1440,648
18747,-11271,845,19872,572,119,10099,-2898,375,15785,2436,2144
12781,-19135,1885,5316,4104,139,8081,-19050,-257,5125,4120,200
4267,-15489,925,1062,1,2091,5007,-15306,1047,1025,4,312
-6483,-19527,2045,297,1572,518,-3681,-19282,1415,56,5,136
171,-11279,165,536,4947,-7544,31,-11186,-99,576,4376,-7676
4331,-7119,-65,140,328,-7088,4459,-6802,-165,0,23,-7040
8625,-7271,-179,-1884,-3582,-8191,5421,-5980,119,-603,-456,-3765
8495,-9231,-189,148,0,-8173,6073,-8046,-43,307,1804,-1925
14061,-9735,-127,201,290,-4572,16211,-10026,-249,144,130,-3832
12463,-18447,73,33,6145,1051,9823,-17298,-169,196,1537,64
9899,31601,2911,96,1288,0,8019,30774,3071,76,2564,452
1837,-18287,-193,32,16660,36,55,-16082,2305,0,16772,14593
-2901,-17357,1919,2113,4226,-4095,-3185,-17104,1783,2160,5185,-2939
687,-11375,959,2309,980,-11667,5571,-8184,749,2505,5154,-3451
5291,-7307,-191,689,4104,-11756,5875,-5874,-101,644,6276,-2350
8375,-8847,-3969,539,577,64,6209,-6828,267,69,4034,480
9523,-11117,131,307,1027,2560,5775,-10000,261,1718,1473,2776
18603,-16971,-163,2052,2,1104,16249,-19338,1915,140,576,5
24859,32541,841,2058,8209,552,24497,30614,-1,6,8193,576
11603,-31759,1861,1024,9252,515,8017,-19400,-215,136,8226,16640
-7957,-17463,-115,380,2245,8266,-8305,-16530,-233,26,552,2912
173,-10383,589,44,270,-7680,5121,-8024,611,1279,1297,-4482
1263,-11215,5,109,2320,-11768,5297,-8506,-47,945,2632,-3494
8379,-11113,-183,1024,3870,-11503,5957,-8332,-5,1072,3993,-968
12689,-10351,-193,512,2624,257,6487,-10208,239,1601,7023,903
14635,-16901,47,0,356,1284,12119,-15724,-121,272,68,1860
21327,-19565,861,1664,1670,273,17775,-18866,503,268,264,33
8395,-19339,-163,1152,2048,13605,9183,-18890,7,2306,4230,13568
1347,-10603,-81,2071,169,8192,-129,-10190,775,1282,4649,5155
387,-10383,-171,1032,10273,-7164,5133,-10178,-163,1178,10265,-4781
5171,-11273,-3519,514,4480,-4983,4833,-9504,-1237,1797,7354,-4272
4267,-11387,-5187,0,36,-7679,5177,-9218,-1113,1601,5124,-3404
8367,-10335,-3265,2368,576,-8088,8055,-9680,-3209,2194,577,-7999
9815,-10383,-1177,129,4736,-7600,5239,-9252,-993,2107,4512,-1000
17847,-19149,61,1168,1170,8,16531,-19090,19,1608,1185,34
17707,-19565,-131,32,256,168,17519,-18898,-9,1057,2049,193
8683,32705,831,2563,576,160,4191,-16972,595,2131,956,16384
-4309,-15485,-127,64,5,8192,-13489,-13440,647,3195,2169,8386
4301,-11407,-63,1664,1312,-12287,4149,-11194,-137,1536,1093,-12087
5595,-9583,-57,1057,512,-7160,8079,-9346,-261,1280,280,-7160
9387,-8951,-115,76,2048,-7639,9057,-9170,-265,10,2400,-6140
9147,-10087,-173,792,598,-5020,9447,-10034,-133,672,688,36
14539,-19055,445,1218,714,321,6043,-10666,541,1202,4119,463
9959,-15363,1149,1290,1032,16,5579,-12896,1647,1284,5179,1150
4923,-19503,1905,1576,8343,1216,4963,-19376,2559,540,8754,1305
-19985,-3151,329,2083,9536,-1000,-20137,-13250,23,92,136,-3328
765,-11405,-63,272,4231,-8078,5099,-10042,-11,1458,4048,-3897
2145,-9285,-147,67,8,-11006,4367,-9166,39,812,11,-11256
8501,-10725,377,1,4784,-9876,8143,-10674,247,256,86,-9952
9391,-11341,-2515,128,4118,-10016,9071,-10944,-2717,148,4098,-9984
13035,-9359,-195,2368,1060,-9504,12655,-10706,-129,2312,1062,8
14635,-17789,69,38,6433,0,14159,-18768,-25,516,6469,576
16591,-18511,2877,1025,7328,833,13391,-19096,2937,1026,48,1124
8507,-17551,855,24,9890,0,2869,-17134,2797,5065,9697,-46
-7597,-17983,-155,24,21,-5824,-5809,-19154,-57,274,209,-6144
171,-11401,-8251,272,8196,-15872,239,-10826,-6777,652,24,-15803
4379,-7303,-5953,544,1065,-12188,4235,-7120,-5895,513,1304,-12288
8363,-9295,-2235,3080,129,-11696,5127,-8194,-847,-327,1963,-261
16859,-9053,-193,384,17,404,16243,-9166,1601,128,129,704
16747,-11079,767,257,0,4,17263,-10962,-263,130,5632,2148
15451,-17423,2013,3606,3592,2594,14191,-15136,1787,864,6918,129
3759,-19033,2365,2577,5254,1608,3187,-17178,2047,3332,6165,53
-6483,-18009,721,2064,910,-5628,-5293,-18794,-113,2594,1090,-6560
-5957,-11327,-6147,8,411,-15099,2519,-8902,-1645,5834,8153,-6383
5421,-7283,-3747,128,3072,-14336,3921,-6990,-3745,1304,3116,-14848
8491,-7951,-3097,0,1560,-15520,8023,-8082,-3331,0,0,-16080
13053,-9295,-1919,296,2722,608,4841,-8622,-899,274,2395,1863
16563,-19461,877,1285,194,16,5665,-10402,1201,1884,4188,2118
21323,-15599,319,2177,8818,1744,16761,-15806,409,2082,8256,522
11179,-18425,-161,65,216,274,9809,-18876,-201,4109,1632,264
-24405,1331,2013,4196,36,4100,-24753,1326,-265,4097,1024,4128
-4693,-17531,-3715,4282,2595,-7888,-5273,-17330,-4861,4332,3098,-8192
173,-10765,-5795,25,1554,-13152,-177,-10660,-5639,608,386,-13224
8363,-7055,-3011,769,2048,-10812,9427,-7118,-3305,92,4,-10744
9795,-8783,-3011,64,64,-9196,5399,-7542,-743,442,2422,20
16563,-11309,349,392,3360,1160,17233,-11178,-41,384,2100,1168
16811,-15177,1341,2439,1164,2072,4861,-14686,1299,2482,5745,2220
9367,-23599,1437,0,288,2587,12139,-22382,1805,547,4260,48
-7701,-18767,1407,641,13568,9312,-7311,-19306,847,110,9218,8208
-2501,-11341,205,0,5192,-6079,-4269,-11178,31,602,5157,-6647
1707,-7255,-6335,1291,4672,-12220,1295,-7058,-6361,1024,4112,-12002
6551,-7151,-1973,2592,2148,-15616,6039,-6866,-663,42,3565,-2549
8891,-9215,-1971,40,4640,-10964,6001,-7654,-343,1240,-1447,-655
18603,-11407,-65,2,192,-9182,6511,-9092,547,2082,776,-421
10429,-11403,61,3,33,1162,7115,-10192,973,3426,6617,-546
17323,-15487,21,2324,8264,256,16239,-19346,2039,2304,9216,1360
8621,30201,1873,17,2885,2,5093,-19668,1795,4317,15562,2147
-5933,-17423,-9149,4177,2058,7680,-8359,-18880,-8293,5120,344,6165
-3925,-18503,-91,1088,4384,-6096,-4271,-17870,-245,776,4864,-7296
195,-8823,-185,2741,5124,-7126,-1,-8146,-261,2560,4512,-7086
4269,-7055,1097,264,1041,-13692,4575,-7098,1033,580,1040,-13055
8431,-7311,-99,96,4100,-7283,5549,-5764,-963,408,6118,-2064
14511,-10493,-1553,1287,256,-1976,6021,-7318,-383,1578,6685,-824
17067,-15483,-41,2124,32,11028,16735,-18378,-137,2058,1042,11777
481,-31853,73,2273,17298,15591,103,30510,-217,2082,17091,301
1583,-15501,-17603,544,8740,1861,2389,-12472,-651,3865,-5004,-2450
205,-18511,357,2048,5324,-5476,1223,-18306,55,2317,4608,-5725
4847,-11151,-3167,128,3600,-11264,8083,-10194,-3161,534,4224,-11259
8611,-9353,-2179,1104,64,-11248,5697,-8904,-531,1633,6397,-409
17099,-2959,2899,768,4099,66,16999,-2852,3193,515,4096,528
29355,-1163,-129,51,4098,1281,6691,-7740,-183,-283,5003,1549
16687,-18987,63,-1763,6914,2056,6275,-10950,1103,-615,7071,2104
1723,-19599,733,1034,10150,866,3285,-17310,1899,2013,10192,932
-8001,-17271,1417,4126,616,161,1407,-15716,1237,4644,9061,369
-3797,-18237,-131,544,1290,-12534,3673,-11624,1679,5537,7861,-4539
755,-9295,-5283,544,6818,-16346,3767,-8158,-875,3389,6572,-5666
5315,-3215,-4001,289,130,-10746,5167,-5446,-1855,557,1449,-2237
8511,-2175,-2179,3248,4114,288,8273,-2514,-1981,3265,4101,16
20685,-19439,529,1088,898,388,6185,-9894,641,1169,3244,1010
24811,29937,319,2705,9528,193,25529,31446,1851,1108,8228,0
2989,29785,-157,4615,6145,64,1925,-15850,-2247,5850,13196,305
-7569,-3143,-65,5122,8962,5124,991,-12872,315,4470,-3354,-2138
691,-11045,-1171,3200,4424,-16374,5105,-8654,-691,3433,8235,-4070
4877,-11327,-4163,1801,160,-12160,4855,-11122,-4359,1664,54,-12272
8477,-10895,-3251,258,2250,-12254,8149,-10626,-3235,8,2257,-12240
13227,-10817,-915,12,1794,706,5861,-9826,-491,787,4080,862
17707,-11383,-5311,5,1353,580,17079,-9962,-257,216,261,1033
13995,-18935,-163,1549,1024,130,12335,-18898,-247,1168,1248,336
3523,-19215,1997,666,4498,44,2385,-18800,313,78,0,2
-3381,-15239,317,2578,6661,12811,-4257,-14770,523,2048,6694,10516
1323,-16491,-189,4392,2632,-13746,849,-16310,-255,4400,4342,-13824
1067,-9359,-5027,19,2048,-14144,3927,-9170,-5109,336,1922,-14304
8363,-9227,127,512,165,-14335,8533,-9136,-253,282,243,-14078
20661,-11279,353,16,3456,464,6333,-9936,-61,746,3645,1013
21997,-19301,-159,677,2434,552,20467,-19392,-223,104,2154,9
17711,-15439,559,2882,6194,14729,17749,-15300,279,2152,6145,15222
8375,-19319,4479,776,516,200,4761,-13418,4039,324,8204,2051
189,-2031,-121,2064,3897,0,-4241,-1866,-1,0,4339,30
175,-18575,977,3334,10880,-7935,3959,-18256,839,3457,2,-8192
3315,-10363,-8367,368,7944,-6656,-173,-9934,-8309,1289,6144,-6800
8363,-7239,-4699,100,2626,-10228,4661,-6718,-393,400,2172,-1668
9899,-8335,-2185,8,9,2,9625,-7570,-2313,8,324,4
8939,-3199,173,608,72,512,9567,-3022,-249,562,1700,570
20677,-19087,-195,3168,6152,-1981,16409,-18858,251,1024,6499,-1728
20987,-19535,61,4096,8322,23556,16753,-19020,567,20,9576,23814