571,-1835,-202,-494,-198,2,660,-3474,-198,-488,-253,0
585,-1859,190,-512,-247,32,516,-3418,262,-456,-236,32
569,-1765,246,-508,-240,1,500,-3450,292,-511,-214,40
567,-1841,302,-468,-118,32,504,-3450,-142,-475,-116,48
585,-1733,-158,-463,-224,2,654,-3386,-194,-464,-220,2
567,-1757,190,-432,-222,0,510,-3418,-148,-446,-224,8
587,-1861,240,-488,-212,6,564,-3506,-196,-499,-224,16
659,-1853,-206,-424,-240,1,610,-3450,282,-464,-188,0
823,-1733,238,-427,-224,52,756,-3386,-198,-508,-229,42
599,-1757,190,-992,-143,16,576,-3506,214,-1016,-144,0
-415,4695,-194,-896,-76,0,-514,2982,-172,-927,21,4
-1089,-1859,432,-955,4,1082,-1106,-3386,540,-1022,400,1100
-313,-1603,478,-1973,0,1024,-364,-3514,596,-2042,32,1416
-327,-1853,942,-1388,1538,1040,-466,-3504,938,-1376,1745,1064
3143,-821,-82,-3992,138,1043,3064,-2480,-188,-1773,-2675,1913
-1479,5063,1202,-3567,4,2825,-1538,-3494,1878,-3584,2369,2066
253,-1531,318,-3390,41,2566,116,-3496,1850,-3576,171,2145
-1481,5869,2044,-8184,2305,1160,-1534,3910,1860,-7424,2578,1537
-955,-1541,46,-8060,1346,594,-1032,-2702,194,-8190,1408,803
2895,-1725,310,-6956,1433,1540,2676,-3306,-134,-7028,1140,19
-261,-1813,-142,-7903,68,952,-524,-3230,-188,-8132,4,2048
873,-1687,534,-7900,1032,2080,644,-3188,314,-7166,1232,961
2647,-1597,50,-11008,292,32,2978,-11744,1444,-4699,-10194,3853
827,-1317,-202,-7423,143,2832,536,-3504,-174,-7133,1056,2580
-1481,-309,-850,-8128,8321,0,-1482,-1974,-198,-7919,8202,43
1095,3275,-2224,-8176,1028,129,-1548,1132,-2630,-7952,181,1034
575,3335,-1996,-11904,9249,2056,534,1646,-1918,-11968,8224,2088
2767,-1861,-1676,-12280,384,1027,2550,-3370,-1604,-10814,361,1040
3127,-317,-1802,-11047,16,2,3192,-1906,-1850,-11055,24,134
571,-1861,-2000,-10236,6409,2,650,-2586,-1966,-9664,6656,707
-1481,-1857,-140,-7648,6149,2948,436,-3290,-58,-7552,6528,2816
313,2589,-1222,-3449,5140,1091,4412,-12070,-144,-2179,-10763,3468
-693,311,1846,-2552,4096,4096,4270,-16160,2368,-2295,-9491,4213
-1201,-811,3894,-8182,576,4128,-1548,-698,-132,-7671,6146,4646
1143,3407,1296,-3826,32,904,5418,-12132,1354,-1586,-11865,4088
2807,-1797,910,-5514,160,2321,2726,-3482,826,-5486,386,2138
2889,-1341,-154,-10112,8897,598,4428,-10694,162,-1660,-4473,2659
3231,-837,-210,-10988,7296,1562,3070,-2796,-122,-10968,7468,1547
2625,-1845,-210,-7936,5216,49,4680,-9788,348,-2646,-10924,4215
585,-1729,948,-7624,4994,1728,4812,-11564,968,-3493,-9137,4084
-191,-1733,-14,-7164,306,4610,-220,4264,64,-7099,513,4096
-437,-1729,882,-8135,788,4437,-264,-568,954,-8184,832,4368
-953,-1323,302,-8120,818,4657,2546,-15932,400,-5259,-11916,4682
985,2367,-1690,-12288,1152,4228,1024,838,-1596,-12250,1356,4106
1731,-1797,-114,-12128,0,389,1588,-3510,-190,-12134,134,417
2615,-1221,-1744,-13556,2280,1152,406,-2998,-1586,-13646,2578,1347
1151,-1663,-2226,-15197,9948,1100,5306,-10826,-1792,-4975,-6218,7194
-1145,3291,-3754,-14014,197,584,2024,-11778,-2502,-5720,-12475,7149
-9353,2507,-1998,-8062,2087,9292,-9212,610,-2094,-8190,2696,8576
-22815,-965,-194,-15680,2632,8744,-25932,-3002,90,-16382,24,5728
-9671,-1541,-10282,-24364,4200,2068,-11524,-3506,-7350,-16000,3650,0
-957,-1859,-5260,-24576,-14268,8,1044,-3512,-134,-23168,-16357,2070
6729,-9021,3890,-15340,-16064,16392,8692,-3478,-1348,-15360,-16048,8192
8919,-1861,-7378,-5632,6388,4144,7828,-5810,-7560,-8192,4183,4132
7481,-3869,-7882,483,17,9296,7464,-5556,-7358,74,-2048,9353
10815,-1349,-5824,5153,0,10384,4762,-3150,-5558,-11160,4734,10668
1383,-1859,-10432,12360,6216,2848,2592,-2726,-10204,-18688,5933,7282
6847,-1285,814,129,388,305,6782,-3378,-178,913,4800,10
6927,-389,8002,10,2124,1031,7028,-2422,890,2066,3392,-2910
-1095,-1329,5998,-4412,-8168,706,-9706,-2486,3940,-3886,-7926,128
2615,2235,1616,322,-7808,5380,3672,118,1718,-237,-6095,-1754
5239,-1845,-210,146,-4768,8226,4628,-3466,410,516,-5084,8204
4951,469,818,144,520,1549,6668,-3490,958,0,12,1156
4687,1741,-1682,1688,2081,65,4148,-3378,-2070,1708,2125,80
3159,-85,-3530,-8143,1026,14482,2676,-3442,-6854,-8119,512,128
-9625,-1269,-4286,-12264,1158,8241,-2606,-7298,-2176,-4169,3737,-22323
-21953,14561,3474,-7902,8320,21644,-7804,15080,324,-11152,8450,20554
-9593,-1861,3902,-3008,-4032,5633,-8064,-424,4026,-11196,1038,4132
-7429,2351,2862,-18159,56,1248,-7400,1030,1338,-18327,64,1536
-7609,4379,-3114,-15360,194,5546,-7656,596,-4252,-14702,14144,4871
519,-1349,-1168,-7904,10049,1831,2680,-3194,-1152,-7960,43,1796
2617,-1445,818,-7792,7008,2176,4166,-364,-4262,-8184,6904,2312
3911,-1601,-4252,-7152,6464,136,3572,-3256,-3868,-7132,6149,136
2683,227,-1634,-6008,128,96,2548,-1330,-1654,-5618,308,160
2743,-129,-1870,-8060,0,704,2548,-1578,-2166,-7898,128,666
-1465,2881,174,-6910,-12672,130,-5476,582,612,-7828,-12288,40
-8121,-1329,3958,-7784,1475,1028,-9468,-3482,3938,-8122,0,1092
-1353,4347,50,-13280,5308,2624,-1284,3158,-90,-14071,6212,2770
-1333,291,-146,-15098,769,2596,-1164,-1448,378,-12238,292,2112
3921,-773,-1362,-14208,8,584,3828,-2344,-1478,-12015,834,1236
7097,-1637,-5586,-15864,8448,1048,2806,-3362,-4806,-16168,8448,323
8391,6347,-7410,-16374,8214,-7942,6708,5498,-7486,-16099,8208,-7680
2107,-1093,-174,-15086,4106,-2495,1780,1606,-46,-15103,5201,-1536
-7427,5307,2606,-7612,2149,611,-7380,3334,-198,-7996,11,512
-9673,2747,198,-7998,-19959,704,-9222,2310,110,-8128,-20459,1060
-3493,1307,830,-8158,0,74,-3570,-440,906,-8180,577,578
-3273,-515,878,-12032,3,2244,-3452,-1976,894,-11963,522,2304
-103,-1829,318,-13696,1156,2080,-262,-3506,314,-13567,1074,2088
79,-773,-210,-8175,4,64,66,-2490,-198,-7855,48,51
-315,-1841,-170,-8192,0,520,-404,-3514,-166,-8110,144,460
2703,-1721,-210,-6139,4472,2,2558,-3322,-198,-6143,4376,284
-201,5307,-434,-7168,6369,256,-764,3406,-454,-7136,6440,0
-6705,-1517,304,-8120,8200,1539,-7084,-3458,-126,-8026,8199,1424
-437,4351,-1618,-10751,512,1028,-460,614,-670,-9725,7,1156
-713,-1829,176,-11616,8256,288,-836,-3496,70,-11688,8625,256
2623,187,-74,-13311,9732,2572,2552,-1396,-190,-13112,8226,2630
-411,-1605,-1602,-14042,8858,3520,-516,-2488,-2214,-13566,8192,3234
-837,4539,-1202,-6651,1282,32,-764,3342,-2242,-6751,1060,764
2103,3547,-1186,-5566,6208,2312,2054,1674,-1222,-5504,1,2176
-4329,2257,80,-8188,4101,2052,-5324,620,-198,-15360,4237,1044
-25783,6981,62,-16373,834,2057,-25866,-3470,-176,-16383,2050,160
-14695,-1837,1838,-13816,2693,0,-12808,-3474,858,-13919,2067,0
6985,6341,-4258,-12263,-15359,4128,7670,-3490,-4294,-15352,-16256,6706
11919,1763,-48,-8060,-23155,2978,11320,-8120,1340,-5528,-11773,2373
6775,-1573,-5530,-7168,37,16512,11104,-3368,-6196,160,6292,16402
11385,-5443,-1734,113,4672,4176,9884,-7338,-4038,80,4288,4106
1085,787,-15402,532,16,1696,-524,-3282,-15798,6196,137,2836
311,-1169,-15362,7429,8972,2080,-506,-3126,-14974,8392,4129,2313
-393,-1713,814,8328,6720,260,-956,-2938,-180,4450,8192,5
-21897,-1845,-82,-31680,1569,9474,-24568,-18922,-68,-15272,4111,8276
-5541,2507,-176,17410,-8176,4672,-4300,4808,316,8324,802,136
567,-2881,1856,16,-15872,0,1528,-3732,1852,144,-16376,706
3133,-1597,-202,261,-8064,8321,3446,-3474,-1924,66,-10236,8324
6845,-1215,-3758,2451,4224,8336,6922,-2194,-4158,4098,4195,8732
6741,-1189,-15698,-7803,513,5090,8082,-362,-12422,545,2442,4224
2871,3211,-2250,-7152,256,2056,3604,582,6330,-7080,48,4840
-1097,-1259,-3742,4226,4867,4352,1524,-3256,-196,5128,5120,5450
-9417,699,-7344,32,1026,9,-9732,662,-8118,2579,32,648
-9383,15235,-8400,-17852,3228,10448,-25100,13014,-6198,1028,2692,10300
-26053,14651,1086,2125,9028,20812,-26104,12878,1594,384,11785,16465
-5401,-1829,-1994,2658,1045,512,-5610,-3464,-1958,3146,299,2689
-9661,-1443,1846,-12224,4127,1090,-5496,2374,3964,-12287,5296,4
-317,225,370,-12224,128,1600,-1544,-1464,576,-7514,839,1676
3159,1243,-46,-6101,1025,12,3100,-1144,706,-7038,1036,6
-835,-833,-1712,-8175,1255,1172,-1004,-2488,-1606,-7136,672,1056
2807,-769,-1182,-5831,4096,801,2564,-2294,-1074,-6143,4866,0
63,-1051,178,-6144,5675,432,3576,-2962,348,-5760,5130,26
1133,4547,-18,-4094,2072,5120,516,2762,842,-5984,518,5056
-457,191,1080,-7872,6400,4104,-522,-1440,570,-8192,7329,4178
-9573,-1277,1850,-7935,2704,8550,-9732,-3254,2186,-8173,2305,8816
-1393,2311,1206,-15292,37,256,-1484,614,1108,-16224,1072,66
-1441,2369,716,-16376,8224,2192,-1412,968,-194,-16352,9027,2162
-1433,-1587,-2258,-12282,9872,3592,-1404,-3160,-1670,-14014,8257,3632
-7351,-581,-1234,-12692,7362,3432,-7676,-2904,-1138,-12967,7192,4256
-7625,-821,-1218,-16304,5120,72,-7104,-2038,-1686,-16376,4105,160
2623,2915,2918,-15072,2384,19603,2716,1638,-710,-15232,2304,19740
-901,-1549,686,-11256,291,16387,528,-3382,826,-11070,418,16402
823,-1861,-210,-7612,258,12887,500,-2920,314,-7141,260,12296
-165,191,22,-5632,-5116,10408,-1534,-3058,2266,-5368,-6140,10245
3013,-645,-44,-3695,-1984,7528,2804,-2232,316,-3068,-1010,7168
2615,-579,-206,-2858,0,264,2566,-3128,378,-3160,128,1029
927,-1165,-204,69,4,8,762,-2966,322,278,86,148
-73,4347,942,2600,2056,2372,-140,2758,-188,2106,2304,2338
-423,-1555,54,-6522,5139,2341,-1284,-3508,68,-6981,5168,2432
-825,2779,304,-5792,6400,1120,-958,588,382,-5920,520,1024
1757,-565,58,-7288,8328,2,2036,-2486,194,-5755,8218,160
7231,2523,310,-6528,9226,40,7172,854,862,-6656,8582,640
-1417,2363,318,-4046,1,476,-1544,662,-70,-3961,262,513
1879,2235,-194,344,6496,256,1668,664,150,68,6328,129
1721,2775,-206,-7676,4368,1096,-6492,872,-102,-6848,2048,512
1105,3355,878,-13564,4884,336,1110,1708,1082,-8174,517,41
599,-161,814,-6656,4104,1,-1548,-2424,574,-6592,4305,2917
-9409,2363,-210,-6144,1035,4,-6914,598,-198,-6114,1056,513
-1417,4811,6606,0,5932,258,-8712,2630,6994,332,344,1110
-8641,-1717,46,2256,1024,-8192,-9580,5710,380,2560,5153,-5500
-799,-1509,5266,-6400,107,-1536,-1342,-3506,4288,-7416,96,290
-1221,-1603,2158,-8052,4129,2064,-454,-3488,2938,-8179,4098,2152
2809,-769,2030,-4992,528,198,2548,-1466,2156,-6143,64,8
-1471,2331,-194,-7418,54,134,-1528,762,256,-7644,3176,1166
823,2401,2132,-8190,2093,67,510,1040,1882,-8039,1858,10827
603,2255,-210,-16172,8200,16390,318,1098,-178,-13480,8982,17706
-9653,2503,-210,82,11271,2756,-11756,1750,316,2049,1104,2201
-19145,-829,-196,1060,6921,12580,-18840,-3498,2884,277,212,12290
-21841,-1861,-6736,-7022,4228,9608,-20492,-3498,-6750,-5534,3096,10310
-9669,-7635,-8258,-16367,-6652,101,-9738,-8466,-7218,-15616,-8190,181
7489,1267,-7974,-8191,-8160,6853,6916,-298,-7876,-16220,-6832,6163
3767,-1603,-6986,-8128,300,18180,3892,-3514,-6594,-8186,200,17008
6857,-1859,-5826,2048,1028,5131,6858,-2618,-8082,2065,178,5152
9851,-1791,-6802,1028,2944,8306,6644,-3510,-5668,512,257,8339
7163,-1565,46,256,1710,6403,2552,-3000,1866,114,1412,6535
-24757,1211,6666,-22904,21618,4258,-5642,-2706,4410,-12288,24584,12296
395,1243,1082,21569,-25600,4,2804,-160,2938,20616,-30716,1282
2619,-1483,-162,80,-16364,4496,4612,-2874,316,147,-15319,4116
4111,451,112,1156,4482,10241,3572,-1448,330,529,4456,8865
6847,-1857,-1970,384,10280,160,3590,-3426,-2182,145,10258,80
3141,197,-14406,-9199,2098,3204,6772,-2998,-6084,-9088,-6016,1154
6727,-1859,366,-9040,-7131,11296,6710,-2986,-2582,-9180,-4080,1
-5293,1243,-3990,-11128,2886,4418,-6540,-1186,-3830,-11238,2176,4258
-9405,-341,-4098,-12714,76,4164,-8138,-2998,-11380,1184,2433,164
-6849,14019,2174,2112,96,2072,-9732,11082,426,2048,4288,2196
-18889,12475,6130,2184,4749,292,-17804,8872,6268,2304,8324,10568
-9285,8403,174,4612,800,818,-4738,6982,-148,4609,8452,1032
-9161,2791,-1470,4118,2048,4962,-8314,582,-1734,4416,2177,5312
-1353,2753,3966,-13760,137,6280,-188,-3490,1860,-14336,706,6752
-817,-1733,-3834,-12267,10378,3137,-716,-2938,-3774,-12025,10323,3338
1755,131,-2122,-7160,3074,5184,2552,-1818,-1182,-9920,3204,4259
2651,-1819,-2128,-7136,8192,5508,766,-3248,-2102,-7123,6984,5258
1751,3271,54,-8044,7222,1057,1096,1880,-134,-8050,7200,1056
1625,3305,1854,-7552,286,11,6676,1926,2234,-5952,2049,0
-457,2819,-386,20,320,49,-524,1350,-374,1024,132,138
1769,3275,944,48,330,1360,662,-2874,-188,168,256,1280
-669,-1249,-196,709,-7167,2185,144,-2394,90,14,-6494,2054
7815,3423,402,-10752,5252,3778,7176,1926,122,-7038,4166,3076
-901,4301,-130,-6848,1284,4646,-972,2128,314,-6363,1209,4128
2617,-1729,-134,-3477,4096,2,2804,-3386,60,-3484,4169,548
2635,-131,-122,-6912,3136,1108,2808,-954,318,-7168,2056,1365
3843,-1501,-850,-8109,6448,1555,3580,-1682,378,-4784,5120,1600
6727,-1309,-146,-7679,48,130,2324,-3186,986,-7288,0,288
567,4901,1104,-7914,260,2433,1276,-3322,1338,-7920,0,2376
2631,-835,176,-6126,4102,776,2682,-2480,-134,-7156,25,2048
2103,4293,-208,-4080,3200,2120,2166,-3298,346,-4080,132,2048
-1321,-1841,1976,-1976,2721,2945,-1036,-1312,58,-3552,177,2184
-1089,2747,-130,290,4100,24,-1392,600,-60,1096,4608,98
-189,3259,304,0,1280,2401,-1212,602,1596,1,258,2338
2871,-1861,-170,-2888,1672,808,2558,-3498,-198,-3763,2059,1056
3143,-1493,50,-7168,5632,2052,3060,-2970,82,-7160,4096,2056
1083,-1853,766,-7674,67,2160,1116,-3514,-132,-7612,52,2180
-329,4061,-130,-6045,2064,520,-508,2182,-130,-6080,2107,651
-133,3707,-210,-4608,6208,200,-134,-3410,-154,-4578,6219,1028
3007,3023,-138,-3328,6282,176,3080,1864,-126,-4085,6161,2
-1477,189,2878,-3420,4225,3081,-1354,-1466,2548,-3531,4320,2248
-765,5501,830,-3639,1284,3714,-748,3654,906,-3580,1160,3858
187,4283,1932,-4095,1096,3940,302,2694,2000,-4048,1054,3841
3013,-1651,464,-7416,0,6,3126,-3110,314,-7476,64,817
2617,-1845,46,-8105,2312,1197,2548,-3386,130,-8124,2056,1028
55,-1285,304,-6687,5674,1553,-202,-3002,320,-6772,5731,1536
-65,-1077,110,-7935,4356,128,-44,-3214,-126,-8134,4376,0
2879,-1845,-206,-8000,4368,50,2548,1872,-150,-8126,4387,3618
-1463,195,-196,-6139,6210,4224,-1430,-1190,-94,-6008,6162,4182
-1447,707,830,-8103,1422,160,-1474,-410,886,-8060,1360,32
649,2763,-162,-4023,4,98,660,1350,-574,-4032,256,272
2649,-1087,686,-5115,4228,2048,2660,-2710,698,-5345,4642,2064
2621,-275,-66,-13150,130,11,2596,-3504,-198,-13214,227,65
567,-1857,-178,-7416,128,3207,540,-3256,-454,-7275,0,3072
571,-1413,882,-8184,696,1291,-1036,-3498,1346,-8190,1092,1041
-1385,2459,338,-12278,8722,41,-1234,1570,354,-16080,10500,3668
-24489,6333,110,-12799,10288,2313,-24044,5320,346,-8184,12288,2056
-25251,-1571,-784,-12128,428,0,-25100,-3360,-2086,-11960,49,8
-7593,-1827,-4264,576,365,1376,-7642,-1432,-6482,-11453,128,64
-903,187,-7746,-16218,-16381,17162,-1548,-1466,-7846,-15102,-24768,17026
8823,2255,-4718,-4095,128,10498,4212,710,-4530,-4032,70,8320
6845,-4805,-4306,548,12672,16964,7668,-6074,-4294,1281,12812,16401
6849,-1861,-8084,4424,1216,10248,9180,-3198,-6950,2624,544,10297
7735,-1597,-8366,10369,4096,3240,6772,-3504,-6214,8772,4481,3338
6711,-1861,32557,4483,5944,17712,6644,-1698,2848,2048,14927,9378
-361,-581,3920,9352,-14302,514,2940,-906,3898,8202,-9720,1028
-1477,-5893,848,1588,-8159,4226,-1528,-2954,1486,1667,-12736,4392
4711,205,-36,-7188,-12096,65,4692,-2438,58,-7851,-11152,6756
5243,-1795,-210,33,640,8264,5240,-3450,832,28,776,8228
3867,-1573,-44,-6143,18,3968,6680,-442,64,-6007,602,3200
6747,251,-4042,1312,20,12296,4100,-2066,-2692,257,1032,12592
639,-1605,-4046,784,8582,5860,-764,-2954,-194,1032,9571,0
-9345,14589,2896,3876,2726,6852,-9738,13030,-12,3176,2562,6314
-17561,-1265,-178,464,0,17699,-25640,-3432,-190,2104,289,16741
-3113,-649,-2760,4,2048,2081,-4452,1670,-190,20,2080,4166
-5577,4803,4206,-15678,21448,32,-5336,2890,3946,-16063,21546,324
-6589,-773,-114,-13120,1609,512,1796,-9678,1372,0,0,0
-961,191,-2258,-6140,2309,384,-1108,-1466,-198,-6079,2048,342
-1353,-1829,-1600,-6016,4117,0,2068,-3256,-1710,-5869,4186,2
2701,-993,-138,-5458,4176,3,2696,-3372,-170,-5460,4225,640
3471,-837,-78,-5472,260,256,2552,-2472,324,-5552,268,104
3639,5627,-170,-7074,782,40,2680,-3482,-128,-7166,656,312
-1385,-1861,304,-8060,114,1282,4070,-16198,1500,-3897,-11588,1062
-897,-1699,46,-8192,8229,129,-1528,2152,-198,-8172,1090,72
2631,-1601,174,-8118,262,20,2644,-2488,72,-8160,584,35
3135,-835,-194,-12213,6163,2113,3188,-2104,324,-12192,6168,2120
2641,-833,74,-11121,8768,1282,2996,-2452,-198,-11063,8836,690
411,-1651,382,-8187,8581,8,-268,-3114,390,-6958,8706,64
75,-1861,814,-6368,256,544,-482,-3494,826,-6269,130,17
353,-1605,1454,-4045,1544,2068,308,-2970,1466,-2221,1821,2369
-1465,-1729,-170,-1944,784,129,-1516,-3478,-198,-1760,1200,2242
2619,259,2002,-3964,646,2112,2614,-1398,2074,-4044,536,2266
-1471,4319,-122,-3720,100,2566,-1524,2632,226,-3806,291,2824
-713,4731,2384,-1920,-8172,643,-1508,3244,1982,-1872,-8191,724
3127,-1029,226,-3584,-8048,137,3064,-2904,-198,-4026,-3837,1
3129,-837,-210,-5500,1584,248,3316,-2392,-166,-5492,1300,305
119,-1461,206,-5632,0,2344,168,-3000,218,-5600,128,2082
-439,-675,-196,-8185,2,2119,-522,-2376,-44,-7792,17,2048
2649,-1729,186,-5120,80,2,2676,-2866,446,-4864,35,1591
-713,-1789,-144,-8189,8193,1181,-1532,-2602,618,-7930,8710,1216
-409,2715,178,-8176,5642,2194,-380,1094,316,-7861,4096,2052
-185,2899,566,-4094,7169,1072,-140,1734,-114,-2972,6306,1024
2743,-317,-110,-6646,519,258,2884,-1994,98,-7099,576,523
2655,-1821,-130,-11711,7686,2360,116,-3412,-196,-11744,7684,2432
-841,-1149,-208,-8158,21,2368,-968,-3496,-164,-7984,16,2199
-1465,4039,-176,-7164,13,2064,-1092,2390,-90,-7164,16,2156
59,-1845,46,-6120,1041,532,-12,-3320,-18,-5624,1024,513
-4431,-289,894,-4071,4171,2051,-4620,-1914,972,-4087,4108,2626
-967,-1347,950,-7040,2048,1444,-904,-2936,1340,-7132,2571,1440
-1481,4543,322,-7614,7185,5066,132,2830,-166,-7664,7502,4160
-1289,4287,1886,-3944,4162,3136,-1420,2394,1918,-3930,4608,3376
3127,189,248,-3806,4116,2,3124,-1398,-190,-3920,4097,0
3005,-1589,-208,-6271,1811,1032,2948,-3478,570,-6399,66,1058
-1391,-829,302,-6839,5,264,-1284,-2486,378,-6864,0,258
-969,-569,-194,-6016,2200,2308,-1036,-2362,-66,-6072,2371,2336
-1385,4603,814,-13037,6257,544,-1540,2926,1482,-12895,72,309
-9657,-197,3432,-12284,8314,64,-9662,-1454,3524,-12288,8280,6178
-9667,2507,-172,-7967,8730,258,-9612,-2194,960,-8031,9787,388
-9657,251,-2258,-6639,8192,64,-9212,-1464,-1732,-6968,7458,264
1143,-1829,-3210,-12248,2304,0,526,-2986,-4230,-12231,512,256
1385,-5885,-4306,-12799,-6141,8777,1884,-8344,-1838,-8849,-3729,9414
-1339,-8771,-2994,-8164,-4094,0,-1474,-9520,-3708,-8156,-3895,2321
-9665,-9377,-3218,-5248,-2360,458,-9738,-11578,-3234,2,-1532,36
-3135,-8899,-4050,-4084,133,16456,-2764,-10168,-4286,-4030,1128,16392
-969,-5187,318,-2048,-3964,4808,-972,-6386,458,-2012,-4092,4097
2691,-773,-3170,929,-12284,8192,7308,-1904,-1158,965,-12283,8238
7763,-1845,46,-1024,2388,8208,7692,-1818,-198,-924,3348,6784
6721,-1347,-3474,260,4608,130,3612,-1434,-4290,328,4233,137
3663,207,-6964,1024,2139,2560,3896,-2106,-8358,1025,2632,2641
1975,-309,-6226,11520,8256,256,1612,-1834,-7686,11776,8356,0
-26057,13331,32557,-32752,25457,16,6644,-3514,32569,-32685,31427,516
-6007,-1795,816,-20472,8192,4,-1274,-3418,1950,-20156,272,3852
-1473,-1229,-210,-12223,4096,2412,-1512,-2474,2398,-12128,4098,2048
2871,-1723,-1362,164,4608,528,2840,-2202,-2180,4240,4224,544
575,-1613,-12226,4114,1028,12883,-260,1742,-8004,4129,1288,8992
-8313,2379,-6736,2,448,6283,-1524,1606,-6142,72,46,0
-9417,-1853,-3276,-8031,-4077,1536,-9692,-3352,-68,-8053,-3198,2084
-7625,4861,-6346,-9980,-9727,1025,-8524,2888,-6342,-10224,258,1416
-7553,1275,3934,-12257,24,17696,-9356,650,-126,-11904,801,1477
-9673,4283,56,1430,10754,24,-9228,582,132,1792,10766,76
-3017,4827,5566,72,10256,1067,-7674,776,5818,2856,8713,13105
-7617,-1605,3918,32,8736,10676,-7624,-2858,4090,0,8192,10240
-1479,5983,-50,-7912,33,2184,-844,-3506,-198,-7981,2,4416
663,4283,814,-6848,4353,4096,1012,2670,890,-3935,4114,4112
-295,4363,-82,-3040,6184,1536,-1132,2926,-192,-3038,4483,1155
-197,-1853,304,-5888,1024,4625,-2,-3474,58,-5741,211,4276
2891,-1601,1150,-5942,528,4384,2804,-2970,844,-6099,4167,4136
671,-803,-194,-4576,5152,4355,612,-2618,-132,-8192,5249,4360
2621,-837,302,-6064,5392,2112,2654,-2346,330,-6070,5124,2048
2615,-1691,-210,-6144,80,5251,1076,-3250,-102,-6139,68,5248
-5159,443,-186,-10862,8216,2052,-1404,-424,-66,-10616,8200,1676
1151,2433,-194,-8155,12036,1024,1078,726,-190,-8159,11784,1145
-441,-1283,308,-6415,8201,2322,-524,-2854,82,-8188,8192,2305
823,-837,174,-13302,8226,577,668,-3366,218,-13051,8226,513
-409,-1857,-178,-12151,128,2049,-498,-2966,-198,-12288,32,2048
-1481,-1861,782,-8169,1024,780,-1538,-3450,68,-8182,1034,768
-313,-1833,830,-5629,268,802,-364,-3502,890,-5492,258,576
-1225,-1861,474,-3056,1124,304,-1228,-3186,1098,-3069,1153,325
-1465,-1349,2862,658,-8140,4209,-4556,-3194,3010,88,-8176,4176
-1433,5671,2350,-4093,-3829,4097,-1348,3712,2410,-4061,-4096,4200
-1343,4305,-124,-4096,-6100,16,-508,2668,-198,-5400,-6008,4
-1215,-983,2096,-7032,-1768,280,-1002,-2744,1856,-7024,-1664,544
3255,1127,-82,-6136,0,364,3068,-442,-164,-6080,817,320
3329,-1853,814,-7968,523,1312,2596,-3400,834,-7998,352,1153
-1465,-805,-114,-8183,294,1106,-1484,-2874,-134,-8126,256,1152
-1417,-1549,190,-8023,2123,1282,-1548,-3002,-166,-7936,2048,1410
1735,3313,974,-7680,5249,192,662,1164,1114,-6144,4682,336
-6537,-1861,832,-12472,640,2120,-6668,-3386,858,-12544,2062,2052
-837,2747,-146,-8192,8968,2112,-436,1366,444,-8126,8242,2120
-823,-791,54,-7932,5677,872,-1028,-2426,90,-8108,5760,1049
-953,-1721,-210,-8156,32,48,-1028,-3514,-1476,-8148,0,80
-441,-1565,-1074,-7168,4615,904,-1412,-3362,-1222,-7076,4229,901
-1159,-1349,14,-7677,4096,1216,-1248,-3288,350,-7804,4450,1345
-9671,2237,-1026,-14495,10372,5705,-9740,1864,-1204,-14590,10512,4236
-21961,9467,-3536,-13696,0,11008,-25068,7818,-3380,-13435,33,12320
-25397,4299,-146,-16384,8194,1024,-25992,1734,-2,-16063,8333,649
-9413,-16065,-5314,-13118,13,1099,-19978,-14746,-8006,-11391,-7892,2576
6905,-1601,-178,-16326,-31038,4788,9802,600,-68,-16320,-31998,4160
6807,-3677,-7338,66,2161,16,8252,-5490,-11010,0,136,6
6851,-5185,-13816,-10198,32,10252,7764,-7094,-14358,-9592,0,8832
2615,-1845,-15954,4261,14,72,3252,-3514,-16582,4146,65,1224
1223,-7361,-7362,8512,5124,33,1556,-9390,-6308,8542,6324,4
-693,-5957,3956,9314,20736,10576,-8380,-378,-32196,12545,17472,160
-7877,-6853,-202,28740,-30956,307,-9720,-6580,-134,29825,-28158,1185
-9349,-2485,-1210,256,-9687,4136,-8060,-4278,-950,138,-10235,4128
-453,-1317,-2238,261,-12235,5828,-1292,-3514,-4166,194,64,5952
-633,-1851,-3790,2091,1280,564,636,-1198,-7366,1057,1025,121
3409,229,-4178,-7423,322,1097,3380,-2488,-1730,-7274,1056,256
2763,2281,-210,528,1104,12292,2678,-1254,-132,833,658,13312
2643,-405,-3692,260,325,33,-942,-1962,-3686,320,523,0
-6599,5321,-5770,1281,8327,8256,-8652,-3382,68,544,2304,8199
-26053,539,2690,5120,1552,1,-25740,-784,-190,4169,908,546
-7649,6395,1854,768,192,8256,-7548,-2360,2876,1104,2592,2068
-1419,-289,9078,-7808,259,1444,-1012,-2490,9020,-7369,1032,137
-9029,2283,438,-3936,9280,2120,-9710,748,636,-3810,8192,2112
-1475,-1597,2352,-2480,2724,3712,-348,-3504,2494,-2535,2116,3728
2683,-1733,-192,-5629,4120,1954,2548,-298,-198,-5343,4608,1536
375,-1861,-114,-8154,69,307,152,-314,2122,-7854,544,2217
3001,-1861,1130,-6464,8,12,2870,-3494,1612,-6624,848,8
-705,-195,-142,-4094,4404,5,-772,-1914,74,-3767,4148,66
3899,-785,302,-4096,4096,0,3734,-2360,514,-7911,4096,81
-681,-1587,-82,-8160,0,3074,-1260,-3440,-182,-8176,360,3229
-457,-1821,-48,-7378,128,512,-520,734,500,-5992,320,522
-389,2891,1138,-3837,520,778,-516,1494,878,-3831,161,646
2651,-837,622,-7104,2054,284,2682,-2938,-38,-8167,3204,0
3639,-309,-204,-12128,9032,2508,3108,-2998,26,-12114,8388,2440
-961,-1849,1038,-7981,2085,2048,-1516,-3172,1032,-7536,2320,2073
-1471,3867,1328,-7628,770,6,-1418,2246,1658,-6128,769,20
827,-1347,-178,-3066,-7926,388,500,-2992,-166,-3660,-8158,321
-447,-1083,-208,-2040,-3582,1128,-332,-3478,1466,-1728,-3580,2058
-91,-1829,-162,-2556,162,1046,-120,-3288,60,-2560,301,1160
-1481,4555,-176,-5824,2048,2061,-1524,1606,-164,-3755,2073,2177
-705,-1845,70,-4063,527,18,-524,-3514,-176,-4088,1032,128
3463,189,-146,-7648,4632,160,3316,-1754,316,-7880,4657,240
329,-1853,1738,-7164,4620,2113,318,-3298,1650,-7008,4704,2128
-921,-1605,1782,-8062,6307,2216,-1512,-3432,1378,-8128,5005,2176
73,-1811,-192,-7671,8208,160,52,-3510,684,-7480,8208,64
2685,-1715,58,-8151,6952,2156,-402,-2922,-4,-7612,6916,2048
-711,4331,-204,-6140,1121,3,-956,2766,490,-6128,1160,16
-345,-69,838,-4064,2210,5,-492,714,698,-3546,2048,2
-1427,-1837,46,-2944,923,2052,-1532,-3434,58,-3068,897,2056
81,-1313,758,-8096,0,0,24,-3002,-198,-6650,32,0
-199,-1333,-178,-8192,4370,610,-404,-3476,-194,-8154,4164,4
-969,-1537,-178,-7626,320,37,-1032,-3130,-198,-7632,320,10
-195,-1605,302,-4096,584,577,-228,-3256,398,-3991,512,640
-1207,4351,-192,-2782,1024,6,-1548,1618,58,-2841,1102,2016
-1473,-1077,322,-4855,176,2116,-1532,-3432,-156,-5096,272,2880
-901,-645,-206,-4032,8,3120,-1036,-2458,-188,-4093,49,3136
-1209,4323,1842,-4064,4236,4353,-1204,2630,1854,-3872,144,4425
727,-1861,1022,-7927,1,0,500,-3506,954,-7868,321,386
89,-1857,306,-7564,720,1050,-12,-3502,334,-7664,704,1092
-951,-1845,816,-7991,874,1024,-968,-3360,838,-8052,800,1500
-439,-693,-162,-8046,193,0,-490,-3208,-194,-8064,64,192
467,-1849,-42,-6508,144,32,348,-3374,-166,-6624,9,2969
-1473,-261,-210,-6144,48,2456,-5306,-1366,-194,-6143,0,2514
-713,2437,-14,-8064,8256,3680,-1450,842,-198,-7936,8197,15
-449,2235,-210,-4992,6276,1128,-1420,598,-196,-4604,5448,1040
-391,-1733,816,-6078,4866,1208,-488,-3486,874,-6140,4950,1160
311,203,-210,-14080,257,1033,260,-1920,-178,-14125,256,17
-377,-1349,318,-14324,8729,20,-492,-3450,-46,-14208,8192,8
-24199,2497,-6018,-11420,8353,0,-25868,-3256,-6022,-12176,8710,6148
-20841,6587,1012,-11830,1056,4584,-17924,-3512,-46,-16374,4741,5188
-18881,-837,-3026,-12288,580,0,7160,-11112,-198,-12840,2497,1201
6747,-1573,-2194,-16314,-30063,5268,7148,-9040,-3548,-14476,-10162,25087
8063,-1189,-3076,-6102,-7892,3,7720,1160,-7866,-8192,-11740,12
7055,-3777,-7978,-1880,10248,10581,2692,-5558,-7862,16,9363,10240
8759,-5829,-4238,105,1,1240,6784,5710,2364,920,6306,1246
7119,-1781,-5294,4194,313,192,6652,-3492,-5316,4352,8,413
599,1149,-6338,130,0,2056,536,-402,-6150,194,144,2245
591,-1641,-6734,130,9472,3089,628,-1890,-8310,584,8752,2833
697,571,-3704,9280,1192,293,892,-1346,-3988,8192,1041,26
-23369,3035,84,-31739,27749,12873,-19724,590,-12158,-31231,18432,5834
-9641,-1335,820,20480,-9030,2304,2814,122,6384,16589,-4137,-8340
-149,-2747,1918,-8000,-8170,4100,-1420,-3442,460,-7846,-14679,5573
313,-1277,-658,2067,-16024,8722,220,-3002,-1606,2352,-15320,8704
2699,187,-3178,610,8,10449,2804,-3478,-4230,6,5074,9509
1591,-1829,-4226,-10216,386,6178,1572,1102,-3108,-10648,512,6114
567,3547,-2766,68,529,12296,-92,654,-966,528,516,10832
-1481,2811,-3406,2176,2240,9396,-1356,2126,-3508,2052,2207,16
-9349,6673,-7066,328,84,8,-9596,5726,-7876,106,1537,120
-9545,-1221,-7818,-14045,4096,96,-9100,1798,-8326,-14015,356,118
-9417,-1845,-4264,-14204,69,16904,-8666,-3506,-2194,-12286,544,16544
-9671,603,-4240,-13746,8248,8480,-5588,4682,-4670,-14814,8713,8193
-3943,4655,-6082,-14162,2096,8998,-3976,646,-6278,-16380,1036,8192
-9139,4795,-4032,-13944,32,2049,-9156,3146,-4264,-14304,641,2050
-1121,5757,1110,-8080,2569,718,-1162,3692,992,-7676,2327,514
1339,-1537,-1664,-7914,4273,2066,1332,-2984,-1734,-8168,4096,2115
-553,191,-1234,-7168,5171,257,-652,-1414,-934,-6912,5120,256
-167,-705,-850,-5600,176,2056,-476,-2452,-868,-6112,0,2059
-897,-1857,-210,-4032,418,-987,-1032,-2980,-128,-3928,320,-951
585,-197,54,-5627,5313,-3870,244,-1946,-102,-5503,5368,-3896
769,-1829,-78,-8052,64,-4096,510,-3510,66,-7944,68,-4071
-1409,-1475,1326,-6774,8912,209,-1402,-3514,-150,-2771,-6013,-3649
-1481,2499,1838,7,258,2177,-1496,774,-196,49,272,2432
-1215,-1725,-108,-6093,8218,2179,-1088,-2986,954,-6068,8718,2216
-201,-1797,160,-9968,2372,1056,-332,-3480,314,-9978,2456,1088
-839,-1835,-142,-10998,8262,1065,402,-3448,-150,-8140,8209,24
-417,-1669,1094,-7916,6021,16,-490,-3354,954,-7928,5891,0
-455,-1755,944,-3900,1418,2587,-458,-3502,1212,-3827,1318,2104
-201,-1729,1296,-3756,1039,2080,-522,-2490,2044,-3068,1346,270
-965,-1407,1838,-5312,386,1028,1524,-3350,1850,-3439,448,70
-409,4419,1972,-1908,-9641,2056,-488,2638,-194,-2032,-9714,2380
-201,5587,2102,-2047,-4090,4128,-460,3662,2368,-2031,-7934,4104
3459,703,822,-4096,2,577,2580,-830,834,-3312,518,528
3137,-1469,142,-4095,272,4,2844,-3464,202,-3996,4,593
-425,-1861,334,-5120,584,34,-476,-3434,318,-5332,688,19
75,-1843,120,-6448,16,2,2580,-2106,190,-8178,7208,85
2631,4989,-190,-5564,8256,3585,-238,3660,316,-6012,8262,3648
-957,-1857,302,-7663,8610,656,-1196,-3226,316,-6942,8754,692
-1337,2367,318,-7152,8195,8,-424,678,-126,-7168,4672,257
-1397,3291,-82,-2880,2098,18,-1386,2182,-134,-4088,2768,64
571,-1345,566,-8063,4256,1672,2556,-2938,-198,-7552,4754,1586
55,-1717,-654,-7936,6168,24,292,-3514,-182,-8190,5648,452
-385,-1715,-718,-8182,64,326,-524,-3440,-546,-8192,0,324
-1221,-1781,-198,-3741,2068,1056,-1356,-3496,-198,-3706,2080,1056
-1375,3523,-174,-4047,1578,134,-1396,1296,-78,-3675,0,16
-1473,-1815,-194,-6144,108,561,2648,-12852,1752,-1555,-5558,1896
-1413,-1349,-92,-7680,6337,2096,-1420,-3360,-198,-7680,4892,2050
-1381,4667,2366,-4084,912,4552,-1548,2676,2370,-3991,1028,4104
-835,-1349,1074,-4032,2177,268,-1034,-2858,962,-4022,2304,197
-73,-697,462,-4088,2178,1024,-228,-2230,314,-6520,2057,16
-197,-1415,62,-7612,16,1029,-328,-3108,322,-7680,108,1045
-455,-573,-208,-8045,2312,1817,-264,-2490,188,-8153,2304,1897
-735,251,-210,-7144,25,1808,2644,-1466,222,-8088,1636,0
-6793,-437,-18,-16384,916,656,-7684,-3254,60,-15858,8224,2048
-21833,5595,3918,-7620,4864,518,-19772,-3378,3974,-8056,4932,286
-19369,573,302,-13293,65,13888,-21962,-372,-2118,-13344,2355,13504
-7497,1917,-8338,-11352,2304,148,-9708,1378,-6204,-14710,2067,9616
-1415,-1371,-6354,-12799,-13312,16849,-1544,-3352,-5238,-14068,-15351,3860
6783,-835,-7890,-7800,-13984,72,7340,-2874,-7878,-8127,-6127,212
3643,-1629,-8026,109,1284,4468,2676,-3430,-8382,3851,680,945
7735,-633,-16512,10886,3643,12833,8698,-3480,-16454,10882,3074,12824
6711,-1861,30896,-28438,17636,1286,-26124,-3514,16476,-24527,16528,1160
2871,4291,558,6616,-14304,260,4638,2822,3898,6144,-13802,256
3639,-1859,888,-7034,-15350,7968,2550,-3514,354,-7934,-11968,7913
8031,-1861,-1584,160,-8143,8736,7564,-2488,-1534,272,-7520,9223
4155,-1715,-2210,2304,-2988,1696,6916,-1464,-2750,2088,-2048,9370
4667,391,-4152,0,74,10249,4596,-2454,3902,512,2560,256
2647,-1565,-5834,-7104,1096,10760,2996,-3514,-6206,-6456,1050,273
-1203,6847,-162,-14270,2056,3594,-1412,6744,60,-15338,516,8258
-25321,10691,-210,-8191,4160,4290,-17804,8774,1946,-15854,3349,2566
-8649,-1805,2442,2576,4389,1,-9596,-3252,4154,2864,4673,198
-9541,2235,5438,272,100,328,-1484,2954,5738,1154,264,596
-8061,-1859,302,-15662,11610,2817,-7816,-3002,-70,-16381,11269,8449
633,-1697,-3744,-12001,2184,1,1012,-3354,-3398,-11512,144,580
-905,-697,126,-11264,258,4649,-1284,-1654,970,-11072,1061,4145
-1459,295,-178,-7152,2048,1539,-1544,-3434,138,-6336,2048,8
-777,-1601,1838,-4250,2052,5130,644,-3402,1898,96,2176,4608
-1463,-705,430,516,3891,1194,-1406,-2490,574,0,3856,1024
-841,4395,-210,674,784,1043,3230,-12862,1858,-2345,-7343,1705
-773,3419,-66,-3603,71,538,-1480,1930,866,-3964,272,585
-7605,319,1358,2048,-5340,4272,-8390,-1466,1412,2081,-5120,4256
-6181,799,-200,656,448,1120,2406,-12292,2088,-163,4334,2285
-905,-829,848,-4008,-7996,2720,-1528,-3002,-182,-3648,-4608,2112
-1481,447,452,-7919,-3800,2118,-1138,-3306,1338,-8144,-3895,2601
-969,205,128,-8176,-4416,2219,2970,-9212,102,-4689,-4675,1993
2753,6331,-174,-8184,-7852,195,2832,4678,160,-8173,-8187,84
755,4431,310,-8058,2177,352,1014,-1442,-3770,-16109,1032,519
4355,-705,-200,18,-12288,2104,4216,-1874,140,2,-15872,2064
567,2555,1422,6144,-15310,1232,660,1734,-166,6152,-14332,1218
-197,2811,-210,10256,-16380,704,-1476,630,-134,10369,-13696,818
185,-1669,-142,8397,-16000,3329,244,-3242,124,8193,-16352,3200
2615,-1861,-192,65,-14128,2497,2548,-3434,370,180,-14336,2592
10809,-1339,304,-3840,-7326,2368,4436,-3514,-46,-3828,-8080,2376
4103,-1089,626,-3543,-6756,1027,3852,-2730,626,-6512,-6112,152
3135,-1843,814,-3680,-6080,1030,3182,-11314,868,-2700,-5712,1619
2633,2583,1858,-8192,84,32,2716,582,-156,-8168,320,1
2663,-1725,-186,-8169,0,10,-1356,-3354,-134,-8186,1604,38
2617,3307,814,-8188,8258,516,2648,1686,826,-13295,8518,788
-925,2245,2222,-5568,8320,576,-1548,586,-66,-8188,8204,515
-905,-1335,1262,-3582,8582,546,-1036,-3514,1020,-3326,8744,0
-5045,-1853,-72,139,4100,2818,-4746,-3254,-62,131,4112,2564
-417,-1861,962,-7549,9762,2608,-460,-2486,890,-8160,10944,2240
-4489,-769,576,-13744,16580,64,3796,-10412,836,-4262,-5784,2283
-1473,-1253,-130,-12028,4864,896,-684,-3098,-66,-11996,4368,1413
-4505,5323,464,-6894,4737,1540,-4524,2728,590,-6908,4174,1521
-1481,-1797,-50,-7168,8450,1,3562,-14222,348,-2912,-7416,1763
-1213,2939,-202,-5372,8244,3912,3734,-13540,-4,-1244,-6216,-194
153,-1265,-210,-3992,7684,2112,276,-2796,1978,-4055,7689,2192
2811,-549,1902,-4079,4660,513,2558,-3508,1922,-4086,4384,530
2895,-1793,-72,-3647,4256,3124,4436,-10872,32,-3656,-8456,3117
-449,-1801,-198,-4092,160,2048,-500,-3470,-62,-4028,2,2184
571,-1827,1630,-12224,2059,1026,1084,-3416,-126,-12010,3149,1289
-1479,12027,910,-31802,25216,8485,-1408,8934,-150,-32624,25625,8224
-21831,-453,-168,-26039,3272,18532,-21340,-2040,-164,-26619,2216,18498
-23225,1723,-174,-29932,1608,2153,-24072,454,-190,-28588,321,2064
-841,-1493,-6354,-11692,9062,4432,-1546,-3376,-8390,-11264,3200,4321
8763,195,-7888,-12247,-12256,3652,6764,-3514,-7362,-16000,-7166,8357
6985,-1855,-8288,9,-4714,4098,6656,-3258,-8354,3072,128,3634
8761,-5551,-8384,4492,6197,13400,8724,-7482,-7364,4256,6160,14388
8255,-8837,-4242,4130,8193,8,7754,-10170,-4002,4112,7754,4208
10423,2299,188,-3835,1538,8212,10756,-1386,986,0,4736,6280
569,1339,2422,10597,-12008,2049,632,-174,-162,8200,-11264,2058
2615,2271,-178,537,-13568,8448,2684,712,-1218,550,-13310,8720
6841,-1845,574,288,3712,10393,6836,-3322,400,1,144,10625
4663,-1731,386,16,5253,531,4742,-2744,-62,320,5194,0
4791,1215,-3920,240,2560,9739,4620,1102,-164,20,3208,8624
3647,2367,-2098,-7664,-7141,690,4242,-7226,588,-1806,-7340,-18802
-7281,1435,-2256,256,1,4616,-7820,-2162,-162,-7676,4992,4834
-18359,187,950,1579,-7986,8760,-17932,-1466,-118,0,-6775,8321
-9539,-1797,-208,272,2100,8256,-21828,4718,370,-7680,3200,14713
-8515,587,2638,44,1032,13761,-5604,-1456,2394,-11616,1062,12328
-9545,227,54,-8086,6854,12294,-9734,-1430,190,-6949,6272,12306
-409,603,370,-3516,2313,5137,-132,-410,380,-3166,2496,5340
887,-185,152,-5742,4172,1616,-1418,-3514,-450,-6015,5376,4866
1597,-197,-462,-3192,2048,-3070,1798,-3514,-132,-3072,36,-3007
2663,-835,864,-4096,256,260,2558,-3250,-194,-4048,84,323
2623,-837,344,-3056,130,1056,2604,-2490,486,-3992,496,1105
-1481,-1605,46,-7416,8708,4336,524,-3466,-166,-3839,148,4162
865,4323,464,-7866,4687,1078,792,2636,444,-7992,6251,70
2695,-1285,-210,-6615,5184,12,2612,-2488,-100,-6526,5184,18
-393,-1813,1330,-10752,10048,12,3912,-11264,596,-2612,-5770,4978
-1469,-701,182,-11920,8716,5896,4398,-10550,616,-3710,-5843,5825
-1161,-947,-208,-6648,9729,259,3294,-10832,-540,-2035,-3052,1899
-289,-1477,-66,-4023,290,520,3882,-10010,-208,-2400,-6840,1396
-69,-761,-74,-3712,4246,1027,-236,-3462,-184,-4095,4288,640
-1479,-1221,822,-8155,4,560,-1532,-3514,904,-6655,706,768
-1281,5179,1838,-8092,256,2560,-1532,2764,-194,-7771,246,2880
-953,3517,2494,-3840,24,4332,-1516,1642,2042,-3838,-9471,4512
-389,-1713,1710,-3811,-7664,5144,3834,-11204,1620,-3663,-7501,5164
2875,-197,-198,-8042,-9596,384,4314,-10016,1126,-4446,-8537,5096
2761,-1347,-122,-6144,-6708,10,2574,-2886,-160,-6780,-6463,2436
-193,-1707,-146,-6910,51,2562,-134,-3442,-10,-6894,0,2560
-277,-1859,-158,-7056,258,2052,-472,-1834,146,-7136,7632,512
59,4799,-208,-7607,6209,1104,-4,2766,62,-7668,6225,1180
-449,-1369,46,-8000,1,2080,-392,-2746,-70,-7888,69,2186
-1477,2363,574,-7930,0,192,-1548,2694,-196,-8124,0,256
-457,2491,-202,-7610,5129,68,-268,1094,298,-7451,5132,56
-967,-837,-80,-8142,4864,2472,4216,-9840,-478,0,0,0
-65,-1349,-178,-7936,6176,2528,4474,-10224,-572,-3261,-8976,3596
-825,-1253,-82,-7132,6160,2241,4302,-11242,56,-2770,-9666,3213
-1031,-1797,-66,-6141,146,1600,4006,-11584,674,-1904,-7664,1713
-457,-1349,-210,-6096,650,514,3574,-11010,1634,-1631,-6473,2141
-4281,195,-210,-4862,1042,2380,-5634,-1298,388,-8175,782,3010
-969,-1593,1968,-6912,672,4672,-1032,-3450,1850,-7152,579,4744
-357,4811,-144,-5340,611,5386,3982,-13130,2566,-4268,-7284,5385
-1337,-1859,1838,-4093,192,4354,-520,-3442,858,-4015,350,4352
2929,-1061,950,-7936,4114,4161,3580,-1850,-130,-4096,4224,4147
-453,-837,-202,-7150,4096,2689,-516,-2932,-70,-7672,4181,2560
-517,-579,314,-13279,2818,0,-692,-2482,484,-13312,3170,416
-1417,-1721,254,-7662,3760,1182,-1292,-2990,-182,-8120,3584,1288
-1317,-1317,62,-6912,2762,192,-5752,-3386,-196,-6880,3144,8
-1415,2347,1854,-6908,130,3105,-1284,726,2426,-7004,68,3080
-1445,2241,494,-8059,32,4776,-1548,646,370,-7877,905,4738
-1225,-1793,-174,-7647,5312,1,3014,-10694,-114,-8144,5123,20
55,-1153,320,-12283,8272,4107,1432,-10018,-1422,-4366,-3276,4842
-9639,-1341,-210,-16112,8864,4608,-8700,-3226,198,-15792,10248,4208
-21941,-1273,-2978,-8192,1836,224,-25096,860,-3708,-7024,12,1054
-26057,-1817,-4274,-10199,24,11282,-7218,-10904,-996,-9197,2318,15276
-8465,331,-13512,2052,-7912,2144,-8140,-3514,-6278,296,-6139,1058
2905,1211,-4250,1092,-16180,4608,2748,-1444,-4090,1264,-15922,4192
6939,-3553,-2842,48,8257,21639,7944,-2986,-4224,1026,10338,20497
6967,-4293,304,770,9260,12496,6772,-5560,442,4228,296,12596
7863,-1691,-146,0,5008,8452,7670,-1714,-126,130,4256,8835
6711,-1857,-3282,130,1056,72,6844,-106,-3270,0,8822,384
7735,1347,-6354,9218,264,8,7924,-426,-6150,8264,68,256
7755,4285,-28346,-19456,64,8,14836,5708,356,128,108,129
-167,-1851,-210,-7776,-13054,32,-1222,-2970,428,-4990,-15352,698
695,379,-48,-10096,97,8771,660,-432,-60,-9706,147,8720
713,271,-154,74,0,4661,2568,-3894,4086,-63,9645,-9740
-1155,-1669,-4178,-9968,50,1509,-1544,-1448,-7324,-9594,1,960
-1225,699,-4048,113,2187,8328,1256,-5202,-3206,190,3772,-22459
-8515,-709,-90,-9216,1162,4416,-9740,-2450,-4278,-9709,1792,4608
-6985,-1285,-7178,-9883,25,17409,-9708,3722,-8390,-10159,5,17411
-6457,4587,2360,554,3093,1856,-6492,3654,2690,36,5824,1564
-5575,3709,-1742,-9106,2056,8736,-5612,1478,-1698,-9728,649,8772
-5539,6363,840,-11912,8738,10000,-5580,-2970,-178,-11726,8193,8289
-1447,-1335,-210,-5324,6500,1036,-1260,-3210,-198,-4976,8195,260
-1449,-1669,462,-7613,4,1570,-1530,-2986,370,-7493,1,1538
1619,-1733,-1234,-3680,1064,-491,1806,-3494,-1030,-4094,1056,-472
2617,-1793,-722,-4032,0,848,2878,-3510,-704,-4032,192,900
-325,-1827,-210,-4007,11,6,-522,-3384,-196,-7846,4,168
-957,-1669,-722,-8048,177,-1758,-902,-3478,-636,-8188,876,-1979
2431,-1857,-200,-8136,2072,-1919,-1412,-3498,66,-7680,2088,-1980
-263,187,320,64,2062,-383,-700,-3494,106,-7628,2562,145
-969,4395,1846,-9728,11203,1536,-1532,774,-198,-9688,10248,0
311,3267,1202,-6135,1075,514,154,1802,938,-6103,1217,778
215,-1861,762,-7664,8992,1247,4670,-10692,852,-3029,-6306,2341
191,-1731,350,-8160,8232,2117,-428,-3450,302,-8064,8714,2074
-1439,-805,376,-8184,8256,48,-450,-2936,-166,-7872,4626,2304
-873,-1781,46,-6448,3140,1632,-708,-3446,82,-4073,2220,1761
-457,-1577,830,-3040,608,2085,-520,-3258,890,-3017,545,2224
-3921,-1605,78,-4088,-8928,33,-4602,-3396,224,-2982,-7924,65
-1181,4487,1906,-6893,355,1552,-1322,2886,1850,-7158,298,1540
-453,2619,162,-2204,-7776,3585,-856,1222,232,-3995,-8084,3713
-409,3583,-210,-2536,-4064,1079,-332,2182,-130,-2560,-3996,1044
2751,1531,-178,-12270,-732,2432,5686,-4494,-114,-8543,-1390,5085
3007,-1849,326,-8187,706,2629,2644,-2778,414,-8127,5,2593
-1401,-1217,-70,-7418,264,2112,-1472,-2810,26,-7307,224,2176
-65,-709,-208,-8174,28,1028,-100,-2266,506,-8180,1,1040
2615,5563,-210,-5847,98,3074,2574,4170,-198,-5880,16,3496
-447,-1827,-82,-7871,8200,130,-300,-2948,-198,-8156,8617,208
-1097,3323,-82,-8187,8256,181,-1122,1638,-58,-8192,8616,1120
575,2305,-208,-8112,5408,1,-1540,598,-180,-8171,5188,8
599,-1765,-172,-7694,1,2689,5100,-10958,1284,-3688,-10920,2628
329,-801,-210,-7670,3346,2052,4360,-10540,-46,-3538,-4973,2631
-425,-1205,-178,-7118,4193,2308,4486,-11020,26,-2958,-3997,3337
-583,-1591,-76,-6528,160,2496,3350,-11498,-30,-2239,-5825,2417
-1033,-1797,-210,-6912,0,140,2934,-11304,36,-2726,-7541,2280
-1479,3259,14,-7536,769,2563,-1544,1132,-164,-7680,776,2560
-1129,4299,464,-5491,1056,2053,-1548,1866,314,-5628,1058,4104
-1473,3835,-136,-7166,7312,4226,2594,-12200,472,-6513,-8895,6880
-5845,2875,112,-6376,2682,4097,-6124,1100,-128,-6264,2474,4224
55,-1333,64,-6143,1024,5376,2550,-11090,46,-5052,-4366,5908
-961,-1599,46,-6944,2176,4,3148,-10378,296,-4831,-5898,5650
569,-1817,-190,-5504,513,2570,-392,-3514,-138,-6142,770,2624
1091,-1861,374,-7899,466,1544,500,-3234,-136,-8052,17,1554
-8305,731,176,-15982,0,2104,-9284,-954,-194,-16080,1,1552
-21929,2445,-882,-8192,8209,260,-5124,-13400,-536,-7783,-4019,8973
-5063,-11077,-3026,-8139,8448,3079,-5230,-12848,-3098,-7856,-4431,11895
-2503,-1147,-4272,-7804,1033,8278,-2036,-9710,-1880,-6474,1387,12730
191,-5939,-4112,-5919,-5100,14356,476,-7134,-3942,-5700,-957,16196
8247,-3645,-7110,-7487,-7653,1536,2368,-5014,-4510,-6469,-2286,16308
2263,-1825,-8306,4406,2742,6144,2438,-3592,-7324,-12475,3545,14394
9531,-557,-16426,36,0,2117,1476,-2344,-9470,-19518,5646,10367
6711,-1861,32557,-22487,31083,2824,6644,-3514,32569,-32504,27432,24648
7841,3003,62,11,-16252,-10220,8204,1258,314,209,-7463,-8178
-1193,-1861,960,2192,-8658,5128,-434,-1658,1346,1600,-8383,4688
5187,-1461,574,2050,134,2056,2904,1102,340,1026,1032,653
3783,-1731,-3794,4866,377,8456,2630,-2160,-4102,4364,2121,906
4697,-1253,-2184,16,137,432,4596,-1414,-1926,1569,288,1025
2815,1723,-2434,-8125,3,8704,3772,-2470,-1704,-7903,800,10465
-1473,2491,-3890,-11918,1034,6150,-1324,4710,-3268,-12160,130,6177
-26033,-739,-12486,-10222,-15712,8369,-25580,7510,-15942,2944,-24559,160
-25317,-1301,54,1793,2065,3336,-25028,-2798,58,17,779,16508
-8073,2491,-194,-8920,168,9280,-7436,-1690,64,-9186,181,9225
-5511,4283,5040,-12912,2179,10273,-4512,3784,4170,-13120,578,10281
-6951,-1861,-3118,-12110,8325,9232,-6988,-3350,-3246,-12288,8217,9584
-185,-1857,-142,-7612,128,3080,-12,-3498,826,-7550,69,3220
-821,-1845,-74,-6943,656,4688,2832,-2426,-166,-7675,8,4160
1129,-1685,1590,-4039,2176,1047,1270,-3464,1604,-3695,3085,1056
-841,3351,814,10,4358,-2046,-1034,1696,954,-932,-2936,-358
-1463,3263,-210,2068,129,146,-908,-3514,-52,2177,0,64
-1461,-1345,1926,4,8394,512,500,-2490,382,-1790,8388,865
6767,-977,-204,-3007,6169,2272,6348,-10430,2104,-2965,-2200,3161
-1449,4315,334,-4031,258,2258,3116,-12762,2260,-1237,-7088,2338
2667,-1661,50,-6720,4673,544,4944,-9850,1978,-2682,-1666,1800
2379,-1057,814,-7932,4161,512,4316,-12850,140,-1299,-4121,1444
989,-1725,1374,-8124,2560,2884,764,-1466,1338,-8064,2945,2601
-713,-827,2096,-13148,2834,2560,504,-2422,2202,-13304,4096,2050
-1181,-1835,1886,-7168,4169,2577,-1276,-3490,2146,-6842,4168,62
-1353,-1349,2222,-8191,925,3206,3110,-15032,2094,-2724,-7448,3122
-173,2789,302,-7132,768,642,4260,-12962,1402,-2251,-7430,2681
-265,-1781,718,-2887,-11612,544,4422,-10562,718,-2984,-9643,2728
2647,-1795,-194,-4704,-9463,60,4710,-10690,396,-4101,-9629,4345
695,-1077,816,-7680,2241,3072,5224,-10908,1120,-3330,-8336,3203
-1473,-1603,462,-8140,792,64,4378,-11368,876,-1873,-6323,1055
-917,-1577,318,-5120,3,1068,4062,-11194,1656,-544,-5490,1205
567,3027,312,-2016,289,0,-1544,-3248,582,-2048,544,96
-887,-1845,-110,0,4616,130,-700,-3514,570,-5061,4353,256
-1221,-1469,1838,-7637,8225,3904,4122,-11426,2476,-2470,-4855,4004
-1449,2251,-2,-6080,4166,2368,4102,-15746,2026,-5568,4352,2976
-1481,-1823,3002,-6592,4481,769,-1276,-3510,2170,-6584,4608,704
169,-1797,1594,-7520,964,4,4210,-9984,1502,-3441,-3139,2695
-305,-1541,1390,-7616,2437,1037,-420,-2488,1358,-7962,2401,1057
-423,-1829,990,-8064,520,40,-412,-3474,1178,-8155,320,1
-391,-943,-208,-7872,64,596,3740,-10036,1360,-3974,-6423,2000
103,-1847,-210,-8192,1616,1024,-4,2444,-190,-8156,8,1025
-1343,-613,318,-7935,258,2116,2824,-14622,464,-3746,-6910,2290
-1465,3483,502,-8126,128,1030,3250,-14528,-450,-3423,-10149,3106
-1337,2491,442,-8160,4676,2592,4116,-12366,-278,-4106,-10318,2573
-177,-1733,382,-6144,4144,2049,4598,-11358,-200,-5392,-8744,3316
-313,-1845,318,-13822,6562,2570,4204,-11166,-584,-5487,-8198,4005
-969,-1247,-102,-8187,640,2048,4314,-11168,-756,-4907,-7337,3309
-7081,2247,2144,-14262,8224,2340,706,-13710,-612,-4612,-6611,3641
-25771,4757,494,-7744,12550,13696,-4426,-20716,-122,-7922,-2791,15123
-25689,-837,-4290,-12256,160,5892,-25994,-1316,-4294,-11376,728,6144
607,9663,-2090,-13808,1218,2562,2494,-5080,-2536,-16749,-9762,16129
7241,-1261,-4144,393,-23552,8196,4976,-7066,-4238,-12366,-7217,25363
6723,-5445,-4304,-10622,5128,18084,6922,-7462,-3046,-10200,4112,19720
8759,-5905,-3190,144,2370,9553,8760,-2490,-3014,320,3090,8840
6775,-1459,-2706,1632,6475,8466,760,-2986,-3878,-10315,6610,8922
6713,-677,-5034,34,9832,66,6644,-3514,-198,6162,10498,1
7243,-1845,-26,8267,4264,3088,6836,-8618,1342,3936,4636,37
-9673,-3779,-1230,13859,-24502,520,-9308,-5050,-46,17428,-29386,50
1847,-1733,3886,196,-8128,6421,2040,-6016,826,324,-8191,6232
3895,989,62,2688,516,8212,3580,1418,-190,2081,1024,8293
6711,-1781,-2250,3368,1417,1058,3592,-3494,-3484,3141,1120,1413
3431,507,-210,1936,4192,2054,5586,-4790,-462,2636,6013,-14619
-1381,473,-6352,3292,4424,8721,968,-5332,-4740,3344,4538,-22279
-9601,763,-5742,1473,345,4120,-18,-9894,-4732,999,-3399,-20115
-6841,-1669,-5330,-8124,388,12290,-6900,-11336,-5146,-1618,-2997,-19386
-7113,-1437,5934,16,2738,4129,-4354,-11442,5460,-375,-1761,-12367
-7437,-1093,-2742,512,1552,4672,-7688,-1442,314,-14174,1298,8386
-9511,-1729,340,-16384,2632,8770,-1308,-11628,2464,-1901,-9191,-704
-1271,-1725,1842,-12154,9216,48,-1546,-3344,1916,-3071,-4119,-75
-1467,-1759,-204,-6032,2120,49,2678,-10570,970,-4141,3391,-7
-893,-1847,-210,-7422,1460,33,-872,-2958,76,-7350,1072,84
-1353,-577,-1410,-7114,4096,257,3128,-10540,-1188,-4172,-10317,855
-457,-1855,-2252,-4192,3122,-5301,4316,-10002,-944,-4194,-13142,-225
87,-1193,334,-8144,275,-5376,4174,-11276,1188,-3874,-10793,-1100
-319,-1857,862,-6622,1250,-4047,3454,-14494,1040,-1912,-13411,-1840
601,2363,-210,-8132,535,579,5376,-14754,3472,-963,-9631,721
-1481,3387,574,-7909,2721,320,4044,-12334,638,-1267,-5676,1623
-1383,-1349,-176,-8191,3972,2090,5256,-10638,756,-2518,-11790,2689
-709,-761,382,-7132,8192,1280,5430,-10030,262,-2806,-7705,3504
-1347,-1499,54,-7679,544,131,4202,-10896,188,-2420,-7703,2644
35,-1839,834,-7638,1296,1028,3968,-11732,1214,-2108,-6826,1021
-905,-1799,190,-3888,769,1409,3376,-11584,1668,-1854,-7504,1570
-1465,-1859,942,-3534,1056,65,4442,-15814,3988,-2074,-5988,1488
-329,-1605,570,-2301,418,2120,3660,-11188,2818,-2154,-4195,2709
-121,-1861,302,-3419,4492,4233,4522,-11468,2934,-2159,-8926,4340
-1481,2589,216,-2984,151,2133,4688,-13206,3466,-2398,-5481,4056
-809,4335,-204,-3448,-5355,3329,-778,2886,-198,-3705,-5118,3300
311,-1221,622,-6575,3080,50,4340,-9994,1776,-2538,-5081,3431
2651,-1277,486,-7552,1408,16,4620,-10094,1742,-3461,-6815,3609
615,-1853,-206,-8048,528,512,5026,-11698,2462,-3217,-6116,3100
-453,-1861,-208,-8192,8192,9,-524,-3002,158,-8043,8606,817
-449,-1861,-146,-8164,8228,16,-524,-3384,-198,-8124,9026,2
55,-837,222,-7632,8200,2084,3968,-11304,1660,-4016,-7601,2518
-1465,-1861,-146,-12480,1044,2595,3500,-13708,2122,-4196,-6549,3030
-1459,4671,-194,-12079,8464,4208,3342,-13416,1080,-3870,-7729,4200
-833,3771,-162,-8190,161,96,-508,718,-132,-2320,-7638,1919
-1477,3141,-178,-5855,2244,660,-1386,-3510,-114,-6080,2057,640
65,-1821,-34,-8062,136,293,4292,-10446,-496,-2645,-7220,2530
-383,-965,-566,-11248,5124,1026,4110,-11030,-192,-2954,-8726,3350
-1149,-1853,334,-8192,5320,260,3974,-11718,174,-3029,-8699,2915
-1481,2811,-188,-8167,4185,72,4170,-11942,582,-2209,-8193,2014
-649,2491,-16,-7038,71,1152,-1028,630,-80,-7120,130,1576
-4373,-1711,-200,-8136,4112,1152,-1548,-3418,-90,-8000,4128,1092
-957,-1057,-178,-8173,272,516,3300,-10886,744,-2508,-8172,4122
-1159,2253,-80,-3812,9,4880,-1238,598,-182,-4060,37,4864
-645,-1317,1390,-3584,609,228,516,-3080,1498,-4008,0,170
-285,-707,782,-7168,4116,40,-12,-2458,808,-7167,4160,264
-1133,-1501,866,-7616,68,176,-1220,-3128,830,-7668,21,168
-1321,-1093,314,-6120,2048,0,-1522,-2746,454,-6016,2054,275
-1441,-833,-34,-6069,2824,1108,-1480,-2486,58,-6142,2688,1025
-9673,-1221,198,-14332,1069,1152,-2242,-15484,1200,-5453,-6718,3715
-8637,-249,2200,-16352,6161,7968,-2192,-18164,-2218,-5772,-8654,8453
-9505,-1727,94,-8156,8387,1160,-8712,-1234,-3110,-14688,1228,1024
-4979,-1523,-8362,-21376,2575,16440,-4924,-9812,-5336,-16202,1591,17169
-9625,-1839,-2122,-14590,-8059,17444,-1544,-9656,-1506,-14955,-5634,17839
1035,477,-6928,-6048,-5996,1178,2958,-7798,-1408,-5415,-4334,18201
8011,-3837,-2770,1292,-2047,618,4546,-4736,-2630,-4296,-1610,21291
11335,-1665,-50,-7974,88,9219,6250,-5356,-880,-4070,-1721,15175
7067,575,1838,1088,139,4736,3080,-1430,58,-3012,-708,7651
4153,453,2350,322,128,723,4266,398,2722,-3575,1312,4021
2623,-1725,-2176,0,145,50,2654,556,-2288,-2081,1448,627
2903,-1859,-2002,1570,545,4740,2938,-3510,-2182,1057,4193,4612
-1385,-1745,-7114,2088,6244,1600,2066,840,-3212,-6192,7640,-1907
7003,211,-6802,1416,9232,4609,1426,-412,-4828,-13501,10323,-2148
-26057,-1861,32557,-32511,32767,1072,-9810,29254,24920,-6819,32767,13100
-433,-835,-4302,-12288,84,2280,-682,-5332,-2228,-5917,-2928,-2981
1463,-1861,638,-11831,4672,4809,1636,-3514,338,-11134,4608,4365
-9657,1277,-18128,-12286,25,8226,2514,-802,-10776,-449,8957,-5739
-773,3943,-5442,1152,259,12866,-32,-5150,-4184,1830,555,-20450
-9605,-1693,-4234,-8928,-8159,2148,-1320,-8972,-4696,-801,-3727,-20808
-8513,-709,-4302,-11264,-10619,1028,-690,-10914,-3256,-2986,-8697,-17076
-9649,5571,-198,2,274,16450,-2400,-12554,304,1648,497,-16667
-9129,-703,110,609,38,24,-868,-14576,2814,5463,580,-17244
-3381,2555,-136,4425,17664,4136,-2102,-16956,124,5181,-854,-8527
-6889,3263,-114,-7908,8738,1346,1690,-15884,1434,-1187,-5743,2134
-225,-1597,182,-7887,6147,1161,-248,-3216,314,-8192,6273,4
-1161,4415,58,-4032,5121,2564,3040,-12214,722,-3506,-3257,3733
-329,5323,1858,-7740,5186,1393,-522,3018,202,-7705,5200,1089
-455,-1839,78,-3455,2186,48,-484,-3508,-90,-3552,3072,65
-273,-769,558,-3456,192,2049,-460,-2490,626,-3584,130,1236
-453,-723,54,-7040,64,628,-444,-2474,192,-6976,136,594
-873,-581,74,-8167,4874,352,-960,-2168,194,-8192,4760,464
-1093,5441,886,-7678,4100,262,-434,4042,1526,-7924,4352,368
-835,-1597,-178,-8118,292,2068,3108,-14436,1938,-3499,-10569,2626
-1193,2237,-194,-11008,8328,1025,3916,-15188,1446,-2572,-8119,1705
217,3841,-194,-7120,8722,0,4518,-13778,1088,-8180,8192,512
-389,-1727,10,-7928,7233,2244,-292,-3502,-198,-7936,7305,2311
861,-275,-178,-7632,4356,3076,5096,-9696,58,-3635,-10434,3100
575,-1861,-202,-7032,523,2210,5104,-10416,430,-4045,-6333,3482
-1411,-1861,-146,-6840,2353,514,4202,-11650,436,-2487,-6108,2536
-1349,-1829,946,-5884,1680,0,-1444,-3382,834,-4092,1332,468
-1417,-1725,-194,-1717,-8024,2200,-3844,-3496,-198,-2016,-7680,2175
-961,-1733,1910,-3984,15,1025,-828,-3512,1864,-4064,3,1024
-311,4827,-178,-4088,0,4292,-524,2990,74,-4096,1,4417
-199,4035,-210,-3060,512,2,-460,-3508,154,-3008,624,130
63,-61,-162,-3063,166,1282,-10,-3514,-190,-3006,36,1296
127,-1541,368,-7143,46,2177,20,-3194,450,-7168,512,2256
-201,-817,174,-7462,2122,2756,-488,-2488,-198,-7455,2056,2712
-453,-709,-180,-7414,1320,596,-516,-2490,-134,-8176,1296,1032
-1449,-1667,206,-7930,1032,3590,-1496,-3226,190,-8192,1172,3589
-1481,-1745,670,-7488,1288,3089,28,2534,442,-8184,1056,3456
-291,2491,-80,-3056,1632,17,20,904,-134,-2801,17,16
-391,-837,-70,-4096,64,1178,-372,-2406,836,-3195,134,1152
2657,-771,-210,-5791,1177,2177,2652,-2482,-180,-5880,4256,2178
-321,-1853,322,-7358,944,2059,-378,-3470,322,-7344,769,2048
-1445,-1317,220,-6016,4170,684,-1412,-2600,-182,-6648,2745,544
-1477,-1843,318,-8127,145,1280,-1532,-3514,322,-7662,295,1280
-935,-1729,334,-7680,160,1160,-1484,-2936,442,-7808,4224,1032
-137,-1651,1102,-7488,4872,2048,508,-3482,830,-7640,4164,2152
-1225,4655,862,-6399,6660,3282,-1404,2652,1210,-6237,6688,3334
-1145,-1843,-48,-7932,68,3620,-1436,-3512,-182,-7918,200,3712
-199,-309,52,-4094,1609,133,-388,-1938,-70,-4062,1600,144
-419,-1701,320,-7840,2432,256,-500,-3194,-4,-7916,2368,139
-809,-1279,-140,-6266,2760,19,-892,-3002,-194,-6400,2266,9
987,-805,-74,-14231,6474,6,764,-3354,324,-13819,6193,134
-21705,6343,2862,-11254,2050,2437,-26052,4682,2940,-10848,2051,2633
-22985,-1733,398,-16121,162,2260,-23938,-3418,-194,-16360,64,2120
-6047,2389,-7218,-15822,291,1347,-9734,588,-7366,-15614,7617,1064
1099,-493,-12306,1284,-16086,16384,-1224,-1204,-7302,72,-16064,16656
7099,-1339,-12302,-6332,-8053,2241,3858,-8388,-3458,-6273,-5423,20428
3929,-1337,-6290,214,8212,19459,5096,-2758,-5776,-8320,-4211,17478
11229,-1329,-6352,404,1667,8336,4448,-2232,-6726,-13837,4798,11120
4187,-1589,-136,2688,0,5888,4336,-3000,-2010,0,0,0
11097,7003,1150,5700,1034,992,-5282,5254,-244,821,-9272,-722
8887,2813,1438,2397,-9982,2600,8260,1638,1090,2048,528,8471
6717,1211,-1922,4622,-15984,2122,4434,-186,-460,4613,-7502,-8357
2617,-1733,-194,16,292,8195,2576,-1398,-6342,1032,19,8724
2711,-1859,-2242,2176,1812,14368,854,-3512,-1598,1040,2337,13394
-103,203,-3258,-8054,260,514,248,838,-3254,-8190,65,18
-9545,6331,-4172,-11744,276,8706,-3852,2658,-4100,-12256,11,8584
-17733,-837,5040,372,9228,8192,-17926,6732,5690,36,10266,18560
-9025,-1573,1202,1056,4352,12304,1800,-19460,4906,2474,5747,-16451
-2505,201,-12,1186,2068,7937,-1978,-17492,1798,695,2375,-7432
-9159,-1857,846,-15644,260,6192,-9464,-3478,-198,-16124,390,6147
-1429,-805,-4044,-11448,8450,6784,1894,-10282,-1888,-3137,-1435,234
-1415,-133,-4302,-7678,3217,2144,2874,-9680,-2428,-2535,-13816,2373
6715,-1829,-2186,-6128,1091,4632,5062,-9568,-2058,-1475,-22967,5876
-1313,-1797,-940,-3564,4546,2114,2644,-11482,-138,-1743,-28302,2763
-397,-1797,1876,-5114,40,1064,-780,-3374,1594,-4848,32,1028
-1397,2555,302,2,533,1345,4292,-12566,1756,-2336,-12037,1485
191,3291,816,523,5577,513,4680,-12608,1020,9,4096,32
-1449,-835,2112,1296,9,643,-1406,4698,1866,1096,82,514
2615,5395,150,32,4352,2561,4294,-12210,2408,886,-2242,2687
-1337,3525,120,-4864,9,1293,-1446,2210,-158,-4976,291,1440
-905,-1853,322,-4080,1090,520,-940,-3506,342,-3960,992,2
2743,-1693,334,-7465,564,8,2868,-3510,828,-8190,17,163
3263,-837,814,-6138,1060,5670,3108,-2486,958,-6076,1024,5650
313,-321,-80,-8188,5184,4168,76,-2474,-54,-8127,5269,4104
1143,4379,974,-6044,1032,928,1028,2694,962,-6141,1025,939
-1453,-1597,2466,-7918,3603,1207,4434,-15010,2544,-2506,-8197,3203
-825,2639,880,-6036,2128,1446,4574,-13924,1578,-4991,2316,1091
-217,2235,1082,-1408,-6510,195,-1506,1610,-198,-972,-7878,1838
2873,-1605,-178,-3068,6,1580,2846,-3254,-194,-3072,582,1536
2691,-1773,62,-8182,2816,2080,2644,-3498,130,-8189,2859,2048
-169,-827,592,-7292,368,2496,3932,-10642,658,-3108,-5873,2516
-1401,-1637,-82,-4075,369,1414,-508,-3222,-196,-3936,256,1323
-1223,4547,432,-3072,256,70,-1400,2694,474,-2872,264,1412
-825,-811,-208,-5456,4736,512,-1540,-2714,2414,-5606,4761,140
-649,4355,1070,-7672,579,2729,-652,2630,830,-7808,520,2818
-1177,4477,1942,-5023,0,3080,-1484,3030,1978,-5092,64,3074
-457,-301,-138,-5595,3009,8,-346,-1786,-118,-5616,2080,224
2811,-1477,-58,-7091,596,256,2548,-3126,356,-7118,656,389
-709,-1349,318,-8141,10,2289,-780,-3002,332,-8078,20,2224
-1087,-1509,92,-7622,6192,20,-1028,-2490,76,-8174,6146,1
-457,3711,-208,-7630,6400,480,-512,2150,-198,-7680,6193,140
-447,-1815,-176,-8176,1281,20,-620,-3482,-68,-8080,1072,180
-921,3453,62,-11948,8193,13,3258,-14394,-340,-3555,-7202,2499
-901,2747,-146,-8192,4104,5,-1036,592,-186,-7870,4162,0
711,-1269,344,-7646,4097,2129,502,-2906,410,-7678,4262,2180
571,-1859,-210,-7935,16,1544,4574,-10504,-772,-4273,-7845,3660
-361,-1349,-1208,-7520,257,1888,-906,-2714,-198,-7296,160,1889
55,2517,-112,-13159,257,660,-524,648,-126,-13804,1,715
-25027,2239,-1586,-16349,4324,16904,-26116,1094,-2114,-15569,6774,16563
-21893,571,3886,-16379,73,5,-20252,-2180,4180,-16384,10404,6
15041,16707,122,-16380,164,1560,5940,-8582,2522,-13602,-10067,23056
6895,-1345,324,-13886,-32586,10500,6772,582,-182,-16287,-32180,8770
6759,-293,-6034,-8189,43,192,6890,-2488,-6276,-7756,1053,834
7447,-1733,-7342,525,386,2313,3032,-2500,-4546,-3591,-1080,10857
6721,-1797,-7086,566,2050,7717,2554,-914,-4468,-7316,3152,7695
-905,-1331,-15890,4103,10504,632,16,996,-6470,-12104,11487,4834
-1351,-1793,-82,8578,4352,545,692,-1470,3350,-23108,7462,2524
59,-5809,3894,746,-10736,12,-336,-6354,8606,28003,-8028,-9641
-443,-965,-178,4114,-8190,4877,4134,-1308,552,7097,-6587,-1325
5751,-1857,-210,536,-4094,5265,6438,-484,-2694,2850,-182,-2469
7251,187,-2034,1,8296,1801,7826,-6072,-2064,830,11679,-11559
-969,-1585,-4302,-7100,2052,10,4506,-2330,-2232,-2088,3575,-13621
2759,-1847,-4160,65,3090,8312,3674,-3616,-3084,-78,3889,-20618
-1089,327,-146,-1789,-12120,1291,3810,-5078,-3966,-2014,-3369,-22978
-1477,7355,-198,-3547,20,9505,934,-8214,-1616,-3276,-3201,-23206
-25859,7741,-21522,3408,0,8264,-15636,-13330,-13062,10723,-32768,-22043
-8489,445,-2,2244,10516,64,-7746,-15856,4540,1822,12040,-19810
-9477,-1349,-16,658,13408,8419,-8588,-3098,-164,515,12480,8732
-7465,-1693,-82,-16332,17681,0,1996,-11400,4002,-3194,-7584,555
-1285,-1713,1838,-8016,7168,7168,-1382,-3514,2084,-7784,6176,7172
2377,-163,30,-8192,10,4610,2300,-1850,74,-8158,586,4492
-969,-1313,-1998,-3776,7221,2066,-1258,-3506,-3006,-2874,6169,11
-185,-377,-160,-3712,5025,1045,-362,-2296,-62,-3708,4148,1160
3671,-69,432,-4095,6160,1,3580,-1690,318,-2813,4358,47
-1473,-1345,-160,-3956,4233,4198,-5516,-2986,-54,-7895,4611,2072
-457,-1285,3728,-5107,4099,-1406,-1450,-326,4482,749,-8873,-2044
1079,4795,48,-8127,8451,448,5376,-12544,2394,-2301,-7410,1056
335,3771,-198,-8151,9746,2095,4458,-11802,944,-3882,-4505,2285
2935,-1859,630,-12000,9352,1072,4664,-10768,710,-2816,-7021,3291
697,-771,816,-11648,8877,265,4260,-10786,182,-3544,-7082,3408
567,3651,-210,-7662,8229,2456,4852,-11832,1142,-3503,-7848,2918
-1353,4347,174,-7160,6854,533,3160,-12554,906,-2541,-9574,1763
2749,-1851,-202,-6972,1033,224,3392,-11712,916,-2860,-7542,1291
695,-1797,-78,-4028,3117,771,4840,-14542,2140,-3616,-7902,2926
-961,-1281,2130,-3248,78,796,3644,-10626,2674,-2241,-7913,3980
863,3355,-178,-3968,-8062,3330,5454,-11792,1112,-2547,-6880,3870
-841,-1721,-202,-2031,-3070,72,4242,-13466,4026,-1376,-2372,3400
2743,-1795,334,-6141,544,2115,4396,-9882,1324,-1877,-5213,3369
119,2751,14,-8080,302,96,5018,-6038,-30,-6783,-4250,4391
731,-613,398,-7984,28,2074,510,-1978,362,-8126,1188,2081
2903,-1125,830,-6392,6802,669,3974,-9892,1084,-4325,-8794,3194
567,-613,894,-5599,650,776,5200,-14234,1642,-5332,-9209,3959
-903,-1345,-192,-6260,10771,2052,2788,-15714,2576,-2116,-4298,2097
-965,2815,814,-4080,66,1056,3110,-13048,-318,-1396,-8021,1468
2743,-1605,-204,-3520,4352,912,4798,-10796,420,-3180,-10678,2018
699,-831,592,-8187,1544,2048,4812,-10716,-282,-4013,-6047,3187
-135,-1857,1518,-8190,2096,2048,4558,-10550,-588,-3659,-5891,3364
-311,3807,414,-7356,5480,2128,4562,-11880,-580,-3081,-8334,2230
215,3515,-66,-8160,4256,100,4274,-12214,458,-2351,-9872,2301
-3525,-1485,54,-5952,50,32,-3588,-3450,-100,-6124,0,32
-441,5059,1338,-8168,2116,2305,3714,-12132,2762,-3609,-4722,2351
677,3835,302,-7100,7201,4098,4922,-13320,1594,-3312,-8662,5305
-73,3323,2670,-4096,4120,5126,4006,-11950,2610,-3384,-3991,5296
257,-1699,94,-8184,16,102,4308,-10252,1050,-3944,-4273,4730
-425,-821,-60,-8080,1254,2,3600,-10620,2186,-8052,80,5
-6409,4333,3886,-16320,5472,6272,-2786,-14190,-1870,-4728,-2669,6466
-21385,-1157,1902,-15358,5,800,-26088,588,1868,-15936,389,84
-20809,1027,1074,-24574,13634,526,-3150,-19608,-5250,-15019,-234,19511
-455,-1541,-2770,2269,1104,4116,-864,-11368,-1558,-18368,-16292,20389
6969,-1659,-4048,1296,-16126,48,3956,-8866,-1680,-6718,-5462,16668
6935,-3905,-4298,-5888,737,17154,3888,-4958,-4364,-5680,-3081,16923
7937,-1845,-8240,2564,512,9257,2940,446,-4588,-8455,-1242,14932
7867,-741,-6098,6152,2,8710,4224,-1876,-6162,-9841,1252,8721
8007,1215,-8236,12292,8367,196,5170,-486,-6206,-18967,8601,5430
6711,-1861,32557,-32768,29634,14362,6456,29254,12358,-11997,32754,15476
-2761,-1803,2650,16972,-12281,3651,4524,-104,7528,20442,-9836,-15873
-1353,-1603,-114,801,-16369,10250,1292,-2522,1390,2801,-5478,-6311
6749,-1337,-2194,322,768,12518,6386,788,-1454,-590,3904,-3754
1871,-437,-3756,912,2580,5128,5308,-4876,-1532,8483,7532,-12092
-1479,3267,-2256,789,8200,12288,3682,-6594,-238,1261,10125,-16730
-425,-1589,1246,-11132,1121,1475,-508,-1978,1340,-10879,1604,17
-6155,-1309,-4816,-11935,182,7201,-7432,614,-5754,-12012,-1264,544
-18185,2365,3914,-12288,1544,17244,-2990,-13594,5344,-3419,-3365,-15042
-7359,6725,822,-10094,4160,2608,-3796,-12678,-712,1339,-6447,-15314
-8673,-1347,1838,1056,8449,8192,-428,-15752,2108,987,-5249,-7353
-6585,2747,-178,-12287,12416,8257,1616,-13048,1410,-996,-1900,-1781
-1455,-1843,-2238,-10164,272,3140,2862,-10994,-1200,-1782,-14059,3423
607,-1411,-2130,-7996,6273,4714,5558,-11158,-1462,-3392,-26242,6903
647,-1345,-206,-8027,3890,66,6024,-10564,644,-7153,-27499,7585
1335,-1815,1638,-7679,9222,1128,5862,-11060,2016,-5079,-17881,3745
825,3531,-194,-3936,1416,-1749,5664,-11682,1796,-3125,1783,-2029
-1449,-1477,-144,-1744,9681,-1790,3746,-11610,1124,-951,-2442,-1509
-1073,-1667,960,-1880,8320,660,3942,-11622,964,-167,-4955,1050
-4977,-1347,-118,640,4290,1051,-5506,-3478,222,544,4141,1088
199,-1829,-196,-8063,5164,6344,5602,-4000,592,-6796,7128,4692
-1417,4283,562,-3000,2186,4128,4012,-12522,1438,-4000,2048,5149
631,3907,-130,-3428,4164,2570,-354,-3376,1358,-3422,4112,2305
2671,-1245,-146,-3560,3857,4112,2660,-3380,-180,-3580,4160,3570
2633,-1861,-188,-6992,-8048,40,3072,1934,206,-7160,-8028,32
-681,-1733,450,-6144,24,92,-490,-3256,958,-5888,688,21
-261,-1277,-40,-3584,1024,2212,-12,-3126,254,-3482,1129,2067
-1145,-1791,52,-4024,1792,268,4834,-13128,1534,-3964,1816,338
-1265,4703,-210,-7159,3204,288,3978,-13406,456,0,0,0
103,2875,398,-7600,3078,1032,22,1382,426,-7616,2834,1056
575,-1733,-198,-7933,3148,769,648,-3506,-166,-3335,-8358,1917
-121,-1603,-202,-7871,129,2186,4378,-10928,388,-3734,-7245,2551
-713,-901,48,-8107,26,2560,4360,-10786,212,-2899,-8488,2583
-953,-1727,494,-7584,256,76,4052,-11618,440,-1991,-7338,1574
-421,3547,564,-3824,129,24,3758,-12308,590,-1655,-7018,1633
-1477,-565,1998,-6654,1280,2181,-1164,-2138,1978,-7080,1378,2193
-1089,-835,494,-7904,5889,2632,-1020,-2410,318,-8032,5633,2560
959,3295,-198,-4591,4160,4772,644,1354,-190,-4700,4364,4617
-649,3295,1904,-8000,0,4114,-648,1614,1854,-8137,8,4184
711,-1861,330,-7024,3074,324,500,-2276,316,-7166,2948,513
-191,-1729,822,-7670,64,354,-364,-3366,854,-7640,48,354
-1269,-1093,818,-8112,1105,128,-1036,-2936,-166,-8160,1074,12
-1225,-1523,50,-8127,8,190,-1290,-3178,100,-8192,0,512
-435,-1855,112,-8180,4128,44,-890,-3352,386,-8120,4417,10
-449,2907,-202,-7666,6976,769,4010,-14238,-122,-4510,-9243,3925
-1225,2291,306,-7001,544,52,-1260,840,330,-7128,66,8
-1321,-1853,-128,-8123,2578,1384,-1500,-2522,-164,-8061,2656,4
-1093,-1659,622,-8184,36,184,3492,-10436,-352,-4867,-5820,3064
-969,-793,306,-8184,528,1057,3234,-10536,-368,-4539,-7308,3131
-1461,2955,80,-15835,8192,2881,1384,-11978,228,-4193,-7059,3027
-25529,-237,1326,-7400,8492,8199,-25448,-2234,1246,-5279,-5411,10690
-25529,827,-4022,-11392,1025,99,-7352,-16274,-2014,-10843,5182,19501
-19399,8403,-8116,4109,7168,2592,-5128,-11176,-6846,4626,5142,7314
567,-1861,-7186,898,-26486,1222,1430,-9916,-2218,-12589,-9697,21986
6971,3259,-1744,-6144,-8181,0,2832,-5528,-1226,-5088,-3868,21093
6233,-3777,-3474,527,-4064,16400,6664,-7536,-4274,1648,-1920,6177
6971,-837,-6146,520,1046,8320,3706,-1836,-1878,-3734,3959,10010
6919,1035,-8226,5521,1568,4,2924,-676,-4086,-10589,8308,7224
6711,283,-7560,9360,896,32,3486,-838,-4978,-19646,6883,2069
7097,-833,-10450,-5627,4,8194,-14544,8804,-6992,-3533,3099,4487
1143,1727,910,-4023,160,3584,1892,36,5986,-4068,395,-256
-147,419,1840,3088,-10110,5312,3864,1324,1786,3721,-1216,-2878
2747,-1781,-4306,2176,2059,10240,2996,-214,-4756,3088,6480,-4705
-1433,-1765,-11410,328,2065,6181,-1226,-3370,-8360,1540,2577,5284
-1369,-309,-4106,-5449,2188,12440,2462,-4444,-2546,-407,3375,-18435
-7353,2435,-3838,-8102,-8190,2352,894,-6356,-2140,-3559,-2562,-17600
-9433,1227,-3790,-7464,179,6145,-308,-8822,-3798,-3409,-4257,-17863
-9393,6847,-1746,-13120,96,4179,-104,-11258,-268,-4026,-4268,-19462
-8967,6395,3662,-14070,12296,20516,4280,-10724,5354,-1008,-16412,-11510
-9653,-1029,7346,37,1288,1029,-104,-19462,7340,2491,6983,-14097
-3521,4877,306,18,2568,8306,-3590,2632,74,-12084,556,21026
-1481,3775,1966,-7804,8192,66,1420,-12344,3342,-2173,-3235,1161
-1249,-1733,1326,-3448,4353,1024,756,-3514,1452,-4096,4140,416
2811,-1213,178,-5568,2409,1321,3040,-9164,-718,-4385,2676,1094
3259,-693,-178,-3392,6290,9,3548,-10356,-104,-3053,-8911,2001
-335,-837,-206,-3044,5346,292,-520,-2394,74,-2897,5198,360
-391,-1857,338,-4019,3338,1024,3832,-10744,446,-3288,-12811,1758
895,-1411,-42,-6975,625,586,-1014,-3402,638,-7088,321,810
55,4603,72,-7936,256,1716,3960,-13248,2288,-2514,-7263,2185
-1439,3291,750,-10478,1160,908,3596,-11282,336,-2613,-9204,559
-1397,-1497,834,-8192,16,544,4036,-10652,828,-3053,-9343,540
97,-1337,-208,-8052,9216,514,4452,-10094,-10,-3608,-6940,3000
-287,-259,-50,-11679,8261,3080,4234,-10012,418,-3168,-8354,3302
-1465,-1541,206,-6502,16,256,4238,-11454,1174,-2293,-6851,2336
825,3135,1858,-3776,1060,541,4968,-12804,2462,-1195,-6200,1541
-1351,4003,3250,322,-2736,0,-1484,2696,-198,132,-4094,5
-445,-795,2256,-2304,-4079,832,3912,-10560,2176,-2289,-1276,3074
-1093,3411,-162,32,-7666,6480,-1548,1728,12,2,-8032,6162
-959,4419,3470,-4074,-7487,292,-940,2642,-180,-4076,-7123,137
2639,-741,558,-3584,-2046,1729,2554,-2490,586,-3584,-1496,1802
2745,-837,48,-7919,4226,2048,2556,-2338,68,-7936,4169,2318
-447,-281,1078,-5088,1216,6,-516,-2232,1212,-4980,1544,1
-903,-1651,222,-7165,922,401,-1420,-3374,242,-7787,1028,256
-889,-1587,1074,-12125,512,168,3166,-13690,1548,-4368,-11855,2763
-625,2267,814,-8156,2945,2048,3726,-15484,1722,-3064,-8811,2182
-1457,2773,-210,-6703,41,1393,-1292,-3506,-130,-6555,97,1378
2625,-613,326,-8031,6472,44,2900,-2230,346,-8157,6144,33
567,-669,-202,-8192,7476,577,4650,-10594,212,-4639,-8824,2791
-425,-1343,126,-7676,264,256,4192,-11296,122,0,0,0
-321,3695,-210,-6140,516,64,-524,1866,-130,-6144,128,64
-385,3805,558,-6096,50,2192,-492,2646,698,-5924,4,2085
-1449,-1347,-196,-6625,4108,2626,-1530,-3322,-192,-6894,4104,2595
-805,-1573,-1490,-8175,1030,4096,1172,-2360,-70,-6655,8,4105
-425,2847,1896,-8064,5120,4513,-400,1094,1978,-8058,5255,4501
-1397,-1301,832,-7616,1176,5127,-1382,-3510,378,-7678,1088,5120
-635,-835,-208,-6592,2178,5158,-776,-3512,218,-6384,253,5298
-841,-805,174,-5970,640,4100,-1036,-2414,66,-6126,648,4137
-1469,-677,-10,-7676,784,4355,-1542,-2362,2,-7838,800,4352
-4389,2305,-58,-16320,8192,8195,-5052,606,-196,-8956,8464,8218
-21385,475,-210,-9631,8192,1552,-4966,-16578,444,-9659,-3792,14367
-7393,-1845,-722,-14680,97,560,-3674,-13146,-904,-13153,3232,16398
-9479,483,-6310,-12800,42,1056,-3862,-12210,-3276,-12950,-5132,17321
1105,-837,-3850,-7140,-15936,16648,1418,-9184,-3614,-7409,-3089,17792
2647,-5445,-4236,1044,89,480,2726,-5272,-4440,-6518,711,19074
1847,-7713,-8234,-10239,2120,16984,2036,-4106,-8404,-10245,2706,16612
6717,-1713,-15226,512,4610,4160,1720,-3482,-9288,-16044,4694,12004
8855,-5699,-6992,1343,514,353,1826,-5116,-4576,-21559,1081,8352
-17529,-709,8518,0,15258,18964,-1624,-20132,-15300,-14494,17162,17746
6719,3003,3054,9281,320,18,6862,6224,7404,6982,4555,-2164
3159,-1083,50,5536,-16079,1932,4428,-2394,798,5735,-6666,-4305
3975,-1539,-3182,7268,256,10821,5436,-3696,-2348,7557,1264,-742
2647,-1701,-3538,165,1024,208,4348,-2340,-2590,6335,7335,-11914
-457,187,-2258,-7936,1136,12424,3894,-4310,-182,-1363,2185,-17511
-6085,3259,-2642,-8192,-3032,520,2106,-6584,86,-3038,-722,-21975
-8965,6331,-4174,-12280,-7679,611,-488,-9802,-1408,-4071,-5519,-25186
-13639,16779,2910,-16284,2056,17048,3416,-11678,1774,-3776,-19054,-16762
-9545,-1541,-210,512,12796,14896,-1502,-16692,4866,2024,-48,-18858
-1177,-1797,-188,64,8448,8972,-14,-10996,2578,218,10684,-8245
-8841,-1777,-4242,-12150,0,304,296,-10444,-872,-1963,5117,618
-355,2271,-1232,-8150,4229,2052,2250,-11664,-638,-3562,-3258,3927
-1477,-1861,832,-2925,2136,2088,3956,-10886,-522,-1994,-12662,2908
-1475,3373,50,1140,4754,2193,3606,-11558,-38,-882,-11564,2768
-1313,-1603,-200,3600,4304,533,3716,-11396,262,-325,-12178,2682
-1223,-1635,304,273,4608,2048,-1484,-3000,382,1545,129,2081
-1449,-425,-128,-3776,40,3204,-1418,-2490,956,-4096,6146,3076
-769,4027,852,-6906,578,4739,3356,-11966,1010,-5161,-12660,4963
887,3259,78,-4096,2971,2564,-1516,2118,638,-7927,2058,4224
2617,-709,480,-6870,4648,2,3970,-10500,710,-4768,-3711,2000
3143,3899,-146,-6444,9473,36,2806,2702,-134,-6528,9512,1653
3155,-1597,814,-15322,-5760,430,3060,-3002,954,-14336,74,2
1015,-1861,1082,-7128,-1712,2048,668,-3228,1370,-7162,-879,2336
969,4685,-210,-7678,13,3207,5140,-12056,1722,-3351,-3701,3407
-385,-1861,52,-6271,272,705,3844,-12114,1024,-3674,-3203,2108
-1201,2765,-146,-8098,3816,2755,-1404,998,-132,-7680,3424,2785
835,-1857,942,-2864,328,0,-444,-3178,860,-3052,1155,2
2671,-833,-142,-8158,144,64,3886,-10720,346,-3541,-5826,748
2639,-803,734,-7102,7172,112,3418,-10588,-178,-3037,-9377,1440
-1463,-1325,-206,-7100,6174,146,-714,-3510,20,-7168,6632,130
-1031,4037,-208,-6904,6208,2048,-1072,2438,-102,-6844,6272,2048
-1223,-1813,814,-7135,16,1024,3372,-11328,784,-3031,-8104,3119
-6485,-1765,2478,-8110,2258,64,-6872,-2968,2176,-6976,2210,130
-457,2671,1202,-15160,4113,66,512,842,-3172,-14840,2195,10
-353,4293,824,-5998,224,4295,-456,2710,1026,-6137,9,4256
-1407,-1737,-206,-6748,64,531,-886,-3034,-1798,-6776,616,512
-455,-1341,-58,-8191,595,928,-1308,-2726,-60,-7872,641,901
-1475,-1813,78,-7861,258,280,-1548,-3354,74,-7900,392,268
-1481,-1797,-588,-7400,464,36,-1516,-3250,-660,-7168,1033,0
-1097,3611,-146,-6143,5184,4358,-1260,2778,86,-6079,5256,4388
-1193,3267,404,-7168,6144,4118,2756,-14280,-588,-6880,-9108,4228
-1011,3069,334,-8182,5736,2824,-524,1350,378,-7648,5496,2609
-1479,2781,-34,-5120,4384,4,-1516,1160,-66,-5088,4448,249
-453,-1829,-104,-7152,864,4,-196,-3434,-196,-7168,0,0
-193,-821,-170,-8144,756,1024,3930,-10208,-286,-5350,-7426,3270
-1223,-1821,-176,-8174,354,1152,-1508,-3514,-180,-8063,317,1040
-1369,-1811,320,-8108,64,2,-1500,-3254,-198,-11648,128,3984
-1477,-1349,-82,-11740,8321,1537,-868,-3256,250,-12222,8708,1364
-24903,-1733,302,-14328,12420,1072,-22924,-2470,70,-13494,9232,402
-20399,-1861,46,-7141,288,55,-20940,-3466,-192,-6903,1064,10496
-24909,-1477,-3520,-12288,164,1024,-26120,-3514,-4160,-11904,5,1123
-9545,-1823,-5322,-10728,10307,2821,-8714,-3190,-7486,-11627,10276,2049
-965,275,-6162,1568,-18295,4296,-892,-824,-8236,18,-20279,4367
7361,-1861,-4306,-16056,-12282,2050,7802,-3096,-4228,-15328,-10112,2048
5191,-4901,-6296,-10236,3072,18641,5012,-7474,-4806,-11963,32,18688
7767,-5949,-14730,64,4452,9472,8892,-7098,-8390,276,6272,12590
6713,-7445,-4298,10563,4992,4776,3706,-3576,-2622,-23292,5203,7952
15945,-835,10870,-3772,2065,13120,-8990,3302,14604,-1346,-1430,9808
1723,2491,2106,1067,-13951,592,5314,2302,940,5050,-1334,-2589
5687,-1561,-2130,224,-24040,8224,6010,-1978,-1776,1257,-7475,-3255
7359,571,-6346,800,-6784,8268,6812,-2930,-4210,528,272,9120
6767,-787,-914,-6012,133,131,7256,-3384,-120,-552,3032,-16353
-1445,3987,-3950,-7632,2064,12457,3946,-6362,-874,-3913,4941,-18656
-8647,-1055,-5514,-8144,4352,4425,-9430,-1466,-4278,-7647,4864,6152
-13001,445,-4050,-12280,4234,8824,-25866,-1446,-4130,-16063,4156,8224
-24513,-1861,62,6657,0,1154,-17108,-29952,6180,18094,-32768,-25213
-19599,-1795,3918,-12156,2522,10880,-6668,-3238,1850,-12078,1190,10288
-6535,4829,4912,-11160,9473,6241,-7272,3246,4222,-11108,9665,6156
-1253,-1757,3136,-7932,4400,4148,2604,-11040,3554,-2746,4942,-434
2615,-1731,64,-7872,4176,27,2582,-3386,-70,-7672,4356,288
2627,-291,-194,-4024,4145,5128,2756,-1960,-134,-3911,5148,4416
2623,-803,-210,-6080,2053,592,3380,-3000,318,-5712,2050,656
3679,-1727,-202,-12160,2433,138,3580,-3378,-66,-11856,3146,69
115,-1853,-206,-6013,768,-6636,276,-21110,4438,-824,-15398,-878
1083,-1839,50,-8171,6697,52,-1394,-3386,450,-8109,6429,86
711,4293,1366,-6850,1634,1603,4768,-12768,1708,-2556,-6366,-198
-1097,-1861,366,-10240,10272,1632,-1146,-3342,890,-10033,8579,1728
567,-1861,338,-11006,10374,0,564,-1890,320,-11132,10392,133
635,-1859,-48,-7936,8338,4,2582,-2522,60,-3261,-4824,2565
-1115,-1861,-82,-7772,1593,2115,4154,-11236,1240,-2724,-6215,2187
-1093,-1219,832,-4076,1,1344,2968,-11022,1658,-1306,-7764,1923
-1097,4283,2132,-2176,22,544,4076,-14074,2212,-6542,64,2976
-9,-1571,3942,19,-7136,264,504,-3512,-158,-2143,-6864,17
743,-829,978,-3836,-10194,2131,1780,-2106,640,-3011,-8047,3072
-1417,4863,4446,-3418,-7894,4112,-1532,3226,4384,-3327,-7135,8
2633,-1307,814,-3494,-3511,2145,2604,-2994,892,-3520,-3993,2164
-67,-1733,146,-4848,2176,2059,-396,-2474,778,-4986,2500,74
-457,-1797,-146,-5216,2085,1538,3684,-11020,1928,-4051,-5061,1887
-439,-1539,116,-7808,3352,513,-260,-3512,570,-8192,3393,267
-1459,-1557,-82,-6080,8712,482,-1466,-3376,-198,-7040,10320,532
1079,4435,958,-7678,3088,1540,2672,-14254,-770,-5387,-13276,3951
-1473,2331,110,-7136,322,2112,-1532,1098,826,-6911,38,2257
-265,-1791,258,-6975,257,322,-350,-3248,330,-7102,8,337
-329,-1093,-210,-8192,7193,2069,-524,-2530,-190,-8158,7184,2062
-1447,-1333,318,-10750,7184,256,-1352,-2870,-62,-10944,6701,177
-1145,-1157,90,-7648,48,128,-1484,-2806,-190,-7678,1283,121
-1481,-1829,-210,-6640,1188,3104,-1374,-3514,-168,-6493,1152,2434
-6857,-1325,2868,-6782,2848,640,2254,-14748,2676,-2377,-5262,2586
1289,-821,-188,-7858,3680,1560,1108,-2422,716,-7995,3090,1574
-883,-1685,-196,-7935,4608,4352,3498,-10634,1584,-3955,-9390,4427
3647,-1187,-210,-3068,1482,3235,2624,-3332,1850,1,2113,632
-313,-1861,1326,-8183,5378,640,3990,-10484,1652,-1718,-2671,1611
-329,-771,-210,-5616,272,176,-506,-2442,-174,-5632,1089,93
-405,-821,-210,-8061,4160,0,3662,-10102,1190,-2953,-3760,1337
-1447,-1285,848,-6134,3397,8,2582,-10938,930,-5121,-4384,1373
-1409,-1347,64,-8128,1099,2093,-8076,-2984,60,-15357,1033,784
-3753,2907,590,-16192,2148,8513,-1320,-15214,-2312,-8194,-9750,8995
-19657,707,-1210,-9596,66,312,-3242,-17112,-1642,-9371,551,12783
-21897,-677,-7564,-15219,1033,525,-3826,-15838,-5826,-15234,3442,17174
-9119,-1029,-7618,-22528,140,2816,-3198,-10584,-8374,-29280,1794,12544
1087,-1789,-6472,-19706,-9148,1092,7436,-3064,-4278,-18912,-15295,5
9351,-5371,-3910,1060,-7920,8864,9212,-7334,-4102,0,-6126,9729
11325,-6981,-8128,5186,7,10016,10868,-9082,-8326,5440,359,8408
6711,-4865,830,15616,25298,2348,9736,-7572,80,15548,20143,3328
-5419,-837,4590,1308,-16384,0,7318,-7012,4120,9068,-13275,-4501
6875,-437,-62,352,-12288,4,7442,90,2336,1069,-877,209
4679,-1349,1076,512,-7676,3120,5082,-1844,-1338,3039,-6510,-4844