1790,1986,-2303,2206,514,-6108,2638,-10440,-1432,3350,7466,-1553
2924,-4608,-2033,2884,512,-6524,3788,-9040,-1352,3002,4522,-221
-204,-4170,-1759,258,4176,128,4376,-10012,-718,3091,4578,2329
-270,3504,-2049,64,6657,137,4322,-9014,-1432,4717,6650,2639
4340,-4680,-671,2304,1113,0,4726,-8338,-1384,6360,7340,1220
3810,-4176,-257,2048,259,260,5012,-8360,-1630,6147,9861,335
4468,-4580,-641,1280,9288,-6142,4752,-8182,-1988,5840,11390,-1751
3818,-4432,-705,3,9217,-3904,4638,-8282,-1872,5105,11549,-3992
66,-4424,-765,68,10256,230,4332,-8968,-1886,4428,11506,-4915
2476,1712,-697,65,9220,3282,3998,-9844,-2154,4377,11289,-4883
1298,1984,-191,394,3088,1548,3890,-10344,-2214,5044,11876,-4123
-214,2552,451,4608,5069,1602,4222,-9816,-2158,5066,13361,-2103
18,-4672,-689,4448,8265,1492,4532,-8544,-1968,4441,13104,-473
3830,-3752,-2687,3200,9216,60,4678,-8318,-1586,3109,12231,36
-278,-4542,-1919,292,8260,1033,4332,-8688,-1232,2535,11332,-1004
-286,-4586,-737,545,1080,16,4252,-8536,564,3879,9934,-1674
92,-4428,-769,2,4178,0,4494,-8286,1090,4165,12467,133
-210,2868,-513,2688,2082,72,3656,-10388,36,2413,10088,992
1774,1744,-621,788,2223,519,2532,-10724,-316,5181,7080,564
3878,-4488,-641,1234,9280,1092,4652,-10698,50,7745,10149,1898
354,1488,-485,9578,548,7168,470,-9856,138,10184,18252,8466
-4382,-4680,1727,8740,12609,324,-3776,-9464,-1056,8642,13194,15922
-3356,-3396,-2269,132,1541,24,-2712,-7220,-1332,8250,5453,18362
-2878,-3664,-4753,6216,2786,5542,-746,-5274,-2686,6268,2996,22152
-7804,-206,-5761,784,1024,1088,-272,-1728,-4134,-687,9418,19739
-236,-4430,-8829,12288,8464,528,4360,-492,-4142,-2259,-5693,13064
4322,-3664,-6369,5700,-9408,484,4232,2060,-5754,-8976,-9750,10907
4100,-4448,-8685,1206,962,7425,5118,1946,-6388,-17358,955,7801
3834,-4688,-2809,8,4625,4272,4274,-3650,-2266,-23346,-810,4092
8418,440,4677,930,18436,-5934,2858,1266,16562,-3249,20328,-4734
4426,-6192,-129,11,2304,8217,4838,-2376,4102,149,3438,-7931
3970,-4680,-425,-5426,3168,5257,4762,-2086,334,-1404,2704,-11421
1784,-4044,-471,18,-1772,13920,2480,-4620,1016,1307,-2502,-18744
-30,-4620,543,5,562,9288,4750,-6578,1012,305,-4834,-22944
1262,-4530,-769,-6143,904,7168,5640,-8060,252,-5146,2744,-24951
104,-1580,-2747,-9504,8332,2341,4132,-13560,-1800,-9169,8509,-26625
-7958,4096,-677,130,17664,6784,1432,-25308,212,-3875,18747,-25224
-8476,-4688,-537,3240,11345,2176,2492,-12762,334,3336,15586,-11658
1794,-4272,-297,642,8273,16,6200,-9496,208,763,12944,976
746,-4672,-705,2049,14469,392,3060,-9204,-3066,2152,15486,3532
1862,-3920,-4737,4412,11778,34,3716,-7262,-1992,4561,12164,-32
-5854,-4546,-4353,4160,2608,-3902,2594,-8738,-1398,4359,10733,-3790
-286,-4686,-1601,835,129,-7804,2186,-7834,-864,1753,5560,-3562
770,3024,-3841,14512,1712,561,3476,-9910,-790,-781,1814,950
1828,-4352,-5535,16392,580,26,4118,-11122,-100,-2239,1296,6556
3886,3000,-769,12354,-13976,8195,4408,-9366,6,-2969,7,9422
-156,1460,-671,9796,-14336,9472,4380,-9482,74,-2364,-2241,9420
226,-4688,-769,15360,-12288,4264,5800,-9126,844,-825,-1230,6569
1506,-4620,401,2600,768,33,6028,-8830,1598,2595,2076,971
3874,994,767,5721,6992,2568,6682,-9616,1554,6386,8579,-4349
-250,1736,-1713,12,8192,305,4386,-9936,-486,8848,11593,-5802
-286,1968,-2811,2560,9479,1154,4906,-10740,-2266,10866,10446,-6797
108,1780,-4417,4161,16512,296,4800,-10628,-3732,12371,17443,-6682
2924,2100,-4865,800,18467,-6123,4012,-9320,-3542,10894,18691,-5009
226,-4176,-4609,5256,6352,-7160,4602,-8596,-3472,7107,15386,-4472
-26,-4368,-3679,4868,4100,-7104,4762,-8272,-2590,4840,12485,-4957
54,-4168,-4081,3074,3904,-6912,4936,-8244,-2472,3412,12102,-4768
2978,-4432,-2545,2048,9216,-5696,3974,-8950,-1800,2139,11278,-4631
1890,2630,-2817,640,8677,-4034,3198,-10176,-978,622,8530,-3974
1906,1472,-577,1024,1292,-3968,2998,-9790,76,1074,5278,-2284
-282,1564,-383,1104,578,320,4478,-10282,952,1266,5021,819
58,2544,-1227,548,32,256,4582,-9024,-386,1573,6299,2811
-282,3512,-697,10,384,8,3922,-8602,-560,2127,4463,1534
-158,-4296,-761,675,833,41,4528,-8770,-1844,2789,3877,1011
-246,-4318,-481,360,5520,1088,5058,-8888,-1162,2926,5684,1093
290,-4582,-623,2,801,1008,5018,-8590,-934,2361,6940,963
-122,-4040,-2231,1054,3361,-1772,4748,-8620,-1268,1859,7524,-750
616,-4670,-1593,2596,8579,1026,4998,-8846,-718,2779,8756,-2236
-158,1584,-1265,2496,8460,2194,4652,-10746,-672,4280,11374,-1777
-186,2248,-1761,2308,9264,5400,4244,-10276,-838,6484,13540,-4
-184,-4688,-2801,1696,4120,1289,5218,-9044,-1042,5766,12266,1294
792,-3744,-2791,1034,4161,897,5340,-8298,-1286,5169,12403,-144
242,-4688,-2751,72,8225,-2034,4594,-8498,-772,4956,11381,-1984
-156,-4416,-2305,1,3074,-3840,4508,-8322,-424,4810,11274,-1573
306,-4544,259,0,8214,52,4262,-8688,1086,3916,9123,485
250,1984,-417,32,480,1024,4940,-9542,662,4416,8035,1035
1266,-4646,769,4101,8448,1541,1358,-11678,1590,6749,8614,1707
-7194,48,-765,513,11264,5165,-908,-9480,2132,9753,12012,8870
-8334,-4646,87,8212,8448,0,-3374,-8490,326,10571,12198,16840
-3870,-2494,-4795,8,579,256,-2456,-5100,-2672,7959,6533,19973
-8414,-2844,-6913,128,1236,17376,258,-3242,-5514,2163,1627,21208
1762,-3410,-8865,17458,162,656,3126,-2620,-7534,-4951,699,9619
-148,-2640,-6893,3601,8198,12288,2762,-1856,-5990,-13004,-8336,13395
-284,-4560,-4685,16896,-6900,2097,-2288,-318,-5300,-14773,-8989,11591
-246,-3664,-751,2053,-3808,8225,4202,-3484,1222,-17941,-3545,8464
8034,-8612,7487,4357,32,-3862,486,2102,5822,6616,-2462,-1362
7730,-4624,-703,-2967,40,2824,7648,440,3194,-2720,4106,-4891
8426,-4554,-671,-7412,4131,4116,7926,-836,1132,-4571,4579,-9882
6116,-2638,-2241,-6035,3,1424,6344,-2746,-1588,-5305,-2385,-19957
1774,3508,-3503,4096,5,2897,6304,-9496,-3104,-13110,-2516,-30228
-7390,5076,-2805,39,2050,39,2366,-25002,-1648,-20740,7469,-29719
-7446,3764,-733,-3516,14336,2088,-2896,-20692,-520,-2518,14911,-20706
-2198,-2534,1535,-7651,4929,8336,7374,-14628,332,-5348,14070,-2980
-6426,-90,-2543,19,256,6740,1920,-9736,-1930,772,24627,-702
-8478,-2432,-641,524,20993,4131,562,-6498,-2774,2786,20402,-2387
578,-3144,-257,515,12640,8,3836,-7666,-1396,1774,13086,-3121
754,-4560,-2555,5120,9376,-5952,3090,-8746,-1716,-668,10071,-1039
98,-3650,-3577,6144,8712,2,2164,-11664,-2496,-1838,8767,2545
-54,3504,1427,6658,1537,396,3722,-9206,-1036,-1280,5606,4641
5606,1984,-353,4099,2817,794,5970,-10702,1170,-1110,3136,5067
2022,-4524,-487,1857,5163,257,6482,-10724,128,2104,5379,4345
1810,2104,-169,2240,4134,180,6666,-9260,722,3254,7120,4479
3944,-3584,-605,2048,41,4144,7136,-5720,-438,1575,11196,7553
2178,-4418,-2813,1062,2064,4108,6638,-8508,-1442,3805,10743,3960
242,-4366,-4735,4354,2241,1807,4730,-8420,-3038,4818,11354,1759
490,-4680,-3825,49,1793,144,4986,-8854,-2670,3956,10040,689
1126,2546,-2785,5140,6,-2992,5304,-9562,-2038,5378,10338,-603
382,2080,-2809,5184,9410,-1756,5030,-10236,-1672,5730,11678,-194
3108,2806,-2255,6276,8448,60,3038,-8932,-1564,6179,12425,6
2978,-3648,-2813,4740,2568,512,3598,-8156,-1570,4608,11691,866
4130,-3568,-2817,4096,384,28,4530,-8036,-802,4516,9631,382
4370,-4432,-2551,5194,8257,4,4674,-7690,-712,5536,9797,62
3812,-3440,-2411,4928,560,-3800,4820,-7984,-1180,4859,8703,-202
3876,-4160,-2729,514,7362,-3071,4696,-8472,-686,3869,7333,-274
-218,-4680,-2743,564,6145,-3050,4086,-9146,-818,2639,6714,-663
2406,-4688,-725,974,6284,-2111,3728,-11232,524,2178,6603,35
2170,1584,-1481,541,128,164,3728,-9692,-404,3983,6105,483
98,2608,-1473,4152,713,1281,4516,-9892,-892,4022,6938,1369
366,-4688,-753,4224,32,1152,4812,-8234,-1576,4133,6010,1568
230,-3518,-761,1056,256,32,4588,-8188,-2060,3965,5925,103
4002,-4646,415,3073,4197,-4072,4188,-7780,-2538,3564,4161,-1709
3300,-3088,-513,2208,416,-3424,3922,-7624,-1940,2244,1770,-2435
374,-4030,-2047,1048,2064,-2992,4632,-8256,-1352,1667,2264,-2686
66,-4160,-733,141,532,-2560,4492,-8676,-982,1753,4838,-2527
3174,-4556,-477,272,518,-3509,3998,-8698,-880,1780,6788,-2221
2786,-4688,-621,1024,2336,-2047,3496,-8902,-446,1613,7628,-1643
-286,1592,-3289,356,4622,0,4172,-9698,-268,2063,7826,-404
1898,1904,-755,2696,8808,258,4086,-10240,-640,3165,9022,918
-248,1844,-769,4160,9984,160,4762,-9808,-914,4191,10015,1208
-268,-4672,-1531,805,9281,0,4814,-8650,-860,3965,9116,1244
866,-4656,-2433,4116,8284,678,5418,-8732,-616,4344,8474,634
-22,-4560,-2765,4240,1070,0,4894,-9090,-652,4311,9339,904
872,-4682,-629,4393,313,594,5356,-8872,-6,4573,8620,604
1586,692,-97,512,8480,146,5454,-8786,774,4512,9946,1241
1270,-4172,-609,2058,8321,72,5290,-8380,-258,2284,8515,1163
2402,1624,-1793,2096,514,-1522,3616,-10626,-1086,2199,4678,-477
1926,-4240,-1271,534,88,-1340,3076,-11182,-474,4746,5422,-910
2674,1616,-703,514,522,32,3034,-9906,-868,5853,5877,480
-26,-4140,-449,1024,1185,1024,4082,-8232,-1022,5423,5577,1260
322,-4048,-751,1287,689,34,4622,-7342,-1362,5417,5099,566
3558,-2510,-763,22,5152,-3224,3892,-6900,-1860,5359,5653,-1151
2994,-3660,-629,34,4270,-2812,3442,-7480,-1966,4901,5815,-2705
2658,-4112,-767,3086,5123,-2912,2888,-7516,-2048,2982,5238,-2866
3042,-3000,-705,384,4576,-3482,3446,-7348,-1192,1317,4592,-2386
3370,-3024,47,1024,17,-4092,3600,-7510,-58,1142,4449,-1480
1770,1204,2143,2316,37,1024,2626,-9736,3022,3605,5737,1353
-23732,-2246,1791,2569,240,6145,-7860,-14650,2424,7421,6620,7985
-22782,-586,267,12374,2560,1072,-5568,-12556,7650,13723,7528,18331
-8204,-4160,2431,8192,4400,4676,-3312,-7200,2816,12524,5260,23537
868,-462,-15745,1617,133,17696,1656,-3220,-6954,1126,3496,25997
3874,-4040,-8433,17416,5120,6928,5822,-3476,-8320,-6451,4048,15731
3820,8,-8769,16640,340,9218,5662,-2548,-3240,-15656,-12212,13258
3556,-3616,-149,3136,1058,8706,4898,-3926,1420,-17347,-12809,8317
7912,-11854,16723,2,1038,-4092,7810,-5648,15040,1232,1459,-2944
5186,-5916,-525,544,24,16,5592,-1078,984,303,3013,-5102
8034,-6736,1279,-1984,2048,1481,6400,-2504,2552,-1919,3223,-9114
486,-4680,2383,0,3144,773,4094,-3646,2738,163,3341,-15925
1762,-4400,-577,-2040,-1536,12801,3032,-4830,300,-1114,-1389,-20078
-6430,-4682,-737,-4447,138,1024,2160,-7060,942,-4587,-1379,-21376
354,-458,-203,64,2336,8216,2500,-10050,1458,-6876,3997,-21408
-6042,-1352,823,2178,1054,12320,3134,-13564,1854,-5322,10193,-19322
-7838,-4432,-753,464,7172,13604,496,-14516,46,-3086,15206,-16932
-280,-592,1663,347,16416,6152,2202,-12062,2958,1163,20325,-9048
298,1730,2431,96,1381,2048,1040,-10802,-592,1405,17765,-1394
-216,-4552,-255,1024,1050,400,1390,-8202,-2698,935,8571,-1083
370,-3622,1039,530,2052,-382,3648,-8282,-600,789,7134,55
-254,-4496,1159,531,4096,516,4090,-8460,-336,687,6153,798
1258,1584,-193,277,2048,36,3828,-9620,-564,857,3402,317
-278,-4620,-1281,32,177,18,4204,-9204,-666,2064,2316,425
746,-4622,-1695,1161,3200,53,5202,-9130,-848,1680,3853,2129
762,1456,-683,2580,1169,9,5400,-8166,226,1538,6341,3385
234,-3664,-2365,1632,4,18,4626,-8242,-1006,1636,7586,961
-110,-4096,-2535,0,6264,-2982,4374,-8598,-1250,2651,6538,-1031
-134,2162,-1729,2137,37,-3452,4898,-9314,-246,3781,8497,-299
-28,1976,-1601,205,4109,-2742,4744,-10664,-908,6241,12732,7
-130,2742,-2743,38,5120,320,4316,-9800,-1480,6687,13285,436
226,-4348,-1741,5218,4169,1024,4912,-8674,-872,5626,12642,1044
802,-4160,-513,4105,8982,-2560,5218,-8310,84,4980,12087,-399
3890,-3862,-1641,5120,8736,-3328,4194,-8276,-508,5833,12839,-1156
-286,-3912,-1783,4112,10284,-1975,3942,-8304,-1066,5293,10384,-1448
2950,-4542,-1509,4,1373,-1526,3632,-8818,-740,4269,7297,-1211
2798,-4288,-757,2290,320,-1770,4068,-8786,-140,2660,5378,-728
1794,2498,-1537,0,3113,-3199,3980,-10808,-586,1962,3108,-847
2786,-4688,-713,2580,1152,24,3218,-8692,-154,2595,1099,670
-210,2100,-769,272,1088,1280,5152,-9276,-924,1346,1993,1471
-26,-4094,-769,1808,256,62,4498,-8734,-782,2028,2333,143
-156,-4026,1409,8,2052,-3768,4922,-8462,-920,1781,2226,-642
226,-4412,389,2048,2820,-3535,4316,-8562,-646,2183,3788,-2570
268,-4160,-745,5,1036,-3919,4692,-8504,-450,2266,3911,-2812
4066,-4632,-763,16,2090,-3916,5032,-8570,-498,2124,6551,-2504
-174,-4688,-769,1220,8326,-2528,4688,-8396,-896,2054,8437,-2499
66,-4688,-753,1574,9216,1128,4616,-8576,-1146,1876,9468,-2407
-158,1242,-173,1201,10275,2070,4142,-9342,-1580,1976,11184,-1537
1026,1728,-687,23,8704,3328,3382,-10808,-1972,2500,11015,-561
1602,1552,351,0,8194,161,4054,-10042,-834,3113,10329,741
98,-4672,-769,37,2304,512,5060,-8830,68,3212,10451,1557
1424,-4580,-703,3760,8704,1073,5758,-8586,196,3891,9805,1166
1378,1740,-767,516,8586,128,5896,-9500,-62,4669,10816,460
738,1328,-2047,305,8496,576,5064,-9262,-188,4417,10658,610
1762,-3914,-223,2576,9024,260,5784,-8498,596,3648,8987,878
-98,-4138,-769,2304,8204,43,4422,-8404,-282,2777,8222,757
2402,1600,-2689,2642,0,64,3666,-10818,-1816,3019,5391,351
2482,1916,-751,64,2576,529,4156,-9634,-1346,4159,3886,607
234,2416,-497,568,2568,512,4548,-9240,-950,3676,4003,1642
3822,-3648,-641,128,1,512,4828,-7600,-1016,3761,4643,408
274,-3664,-737,2312,5423,-6143,4034,-7598,-1442,3414,5391,-1833
2788,-4112,-479,2144,1920,-6504,3502,-8486,-1282,2256,3967,-2366
-270,-3900,-769,1936,164,-5120,4184,-8226,-638,1903,4515,-857
-262,-3984,-513,323,2209,-2928,4034,-8196,-734,2382,6372,-70
2918,-4548,-449,2368,768,1,3720,-8434,-320,2517,5909,167
2122,1974,431,2144,4608,102,3382,-9606,-164,2281,6975,374
-6294,1456,-681,2887,104,1024,2042,-11276,2984,3277,8878,1166
-7700,-552,-619,2212,12416,4097,-2722,-11698,4040,8300,14163,8104
-24558,0,3365,9344,10242,14340,-7998,-10460,4018,9932,11250,16527
-5876,-4624,-511,32,6215,4128,-4602,-6522,-386,10073,7146,23862
-206,-560,-15865,1089,1618,10265,1660,-2696,-7156,3090,2003,27278
3810,-412,-8449,12641,-8191,17494,4550,-5342,-9490,-5533,-8808,18718
4584,-2640,-7389,18599,269,16388,5238,-2846,-6242,-14262,-10743,16560
7962,-2512,-4801,4197,2218,10752,6796,-3250,-2140,-21064,-8226,10557
7906,-4688,23655,4620,577,1090,22304,-19408,32637,26425,-15684,14039
8962,-4682,1079,-2041,-7824,80,6230,-1380,3600,-1383,-6014,-6768
7906,-6508,1407,-5878,2080,1024,8938,-1894,2134,-2191,3772,-11441
3362,-4624,703,-3943,336,12,3192,-6456,1550,-1524,2499,-19364
418,-2480,-2497,-5116,-7808,1352,3852,-5110,-278,-5787,-1431,-23405
-8474,1594,-495,6410,33,8193,-142,-10194,2370,-9493,3339,-22476
-8086,-574,-761,141,10253,12816,3772,-11968,2110,-9624,12051,-19543
-8172,-3518,-513,520,17152,13643,284,-15474,1002,-5733,17455,-19056
-4118,-1540,-695,390,2344,850,-2270,-13248,402,1810,27507,-10869
-7406,196,-641,1540,3617,8676,1356,-9986,-1168,1231,15783,-5332
-7148,1976,327,1280,7272,2048,1976,-9084,-1724,-240,6929,-1221
-158,-4408,775,4096,5080,38,3860,-8902,-460,-408,7226,1770
242,-4428,2253,256,4653,2080,3628,-9126,-340,1451,6678,2083
-280,-4686,775,792,258,544,4176,-9060,-408,853,4209,2627
-234,-4672,-1233,800,32,2348,4436,-8974,-428,1022,2073,2298
778,-4416,-745,165,400,2126,5568,-8630,-198,1316,947,2439
1122,-4552,-1731,1249,4320,2226,5728,-8794,-584,2086,4817,2296
880,952,-2293,1028,5634,658,5426,-9190,-1420,3208,7644,560
3810,-4688,-1657,2056,514,-2014,6132,-9358,-1018,3672,9227,-440
3882,2490,-2395,4117,321,-1984,4688,-10288,-1442,4246,8509,-1443
758,1716,-765,5248,1024,-2047,4724,-10038,-150,5419,13524,-818
46,-4688,-1593,5712,6160,-3048,4512,-8992,-788,5598,15335,-412
-154,-4684,-635,4992,8288,-2863,4038,-8712,-384,4982,14351,-642
-270,-4112,-1001,4352,9222,-3352,3234,-8338,-402,5541,13899,-977
2794,-4430,-1401,17,10242,-2775,3220,-7886,-784,4460,10526,-72
3110,-4554,-865,3100,1032,42,3954,-7974,-134,3392,5652,374
2,-4688,-769,2437,4,0,4450,-8610,-462,2425,4136,202
3042,-4656,-761,768,96,1,2578,-8120,-1306,1805,942,-514
-286,1586,-745,128,-6888,36,4058,-10420,-492,342,-702,1025
2054,1520,-719,532,-6144,43,4096,-9154,1156,2146,-1312,1294
946,-4672,-217,128,0,96,5426,-8884,484,2535,2339,1448
614,-4176,-193,218,4354,32,4774,-8246,-596,3282,4566,-67
-142,-4544,-623,1122,545,-6080,4202,-8258,-1298,3193,4590,-2012
-246,-4142,275,280,4128,-4082,4626,-8640,-716,3388,4379,-3755
-150,-4398,263,2056,1288,-2815,4602,-8868,-938,2277,5473,-2601
-156,-4608,-769,2145,4109,6,4382,-9042,-1162,2394,6288,-2316
-4,-4430,-185,265,2564,1104,4496,-8880,-1284,2449,7183,-2460
-10,-4686,-769,822,8292,66,4372,-9208,-1188,2891,8657,-2807
1588,1968,-193,308,8588,1058,4090,-9698,-1416,3446,10719,-2455
1666,1536,-185,3664,8212,1672,4024,-9680,-1228,4081,11470,-2083
-286,-4684,-497,36,8203,-1532,4560,-8918,-1250,3935,12548,-1335
-286,-4586,-2009,234,8640,-2044,4582,-8420,-1182,3287,13253,-746
-28,-4556,-2551,38,8196,-3582,4326,-8094,-1278,2544,12481,-1309
3366,-4688,-2043,1864,9088,-1967,3648,-9172,-1238,1870,11001,-1540
-284,2034,1303,3266,8355,528,4156,-10636,2948,3936,13488,698
-276,-4624,1283,3364,8779,1648,4736,-8926,2038,3508,10615,1644
810,-4368,275,2112,1024,1296,5488,-8352,770,2618,7487,1747
-148,-4688,-511,2154,1041,45,4470,-8300,-1648,2224,5432,866
2084,-4688,-769,65,2048,-3064,2802,-10976,-1934,1609,2827,-141
3362,-4576,-415,2612,-6045,32,3770,-8708,-820,2504,-1872,774
3830,1808,255,1104,-5614,260,5284,-9562,-564,1183,-1256,3109
500,-4592,263,520,2593,1292,4898,-8732,-778,3693,3906,1144
-30,-3340,-241,272,2048,-3888,4450,-7826,-1060,3919,6211,-1201
3850,-4640,295,162,2328,-4032,4110,-7690,-1062,2232,6357,-2025
354,-4650,449,1536,4241,-3320,4406,-8226,-592,1772,6516,-2079
-74,-4674,-705,2320,2304,-2811,4098,-8506,-1172,2548,8027,-2154
3202,-4504,-729,144,8220,34,3784,-9294,-736,2420,8373,-1398
1764,1490,-513,2053,8355,1088,2998,-10872,-632,3031,8419,-783
1890,1552,-737,66,8576,8,3690,-9820,2160,5475,9664,1169
244,-4676,1357,6167,12844,2120,4556,-8642,3318,6962,13196,4020
-206,-4632,-573,8320,8453,411,2378,-8800,542,8383,16363,6306
-3286,-4000,-2807,8264,12720,84,-2368,-8660,-112,8283,14466,8785
-8334,-4688,-449,6166,13056,2,-3426,-8414,298,7304,13126,15851
-6174,-4654,-6831,2112,8224,1426,-5060,-7842,-1888,5912,7907,20806
-20732,-416,-8321,10,3584,1552,-9796,-2340,-6442,-3616,-6650,24387
964,-2374,-14705,16519,51,16448,3916,-2062,-6248,-1873,-8542,22134
7906,-2736,-8319,16458,5413,16640,3606,426,-6436,-7607,-9471,17881
4022,-2608,-8689,18698,4233,2729,7496,-796,-4556,-14219,-10497,15646
4004,-2600,-2817,6272,-10047,104,6952,-2764,-1796,-17954,-9970,10071
560,-4608,-32341,17576,-16320,200,10594,2726,-22948,-16783,-8498,10869
8098,-8752,639,1857,0,528,5876,-792,5214,1672,397,-5462
8164,-4686,-125,-7658,4724,3414,9160,-1750,2676,-2482,5439,-8893
3822,-3664,439,-8138,2592,16728,2776,-4220,408,-4188,4770,-14550
1010,-4550,-1123,-5619,-3992,97,2918,-4442,-738,-5650,-3605,-22034
-6134,-4518,-757,2068,-2999,3090,3688,-7336,228,-10546,-2155,-21332
-6366,-272,-481,624,1668,17,3564,-12374,736,-13374,6257,-21985
-7440,-3664,1223,320,512,3,3534,-16742,1304,-11589,16661,-20315
-2964,4464,-769,-3924,26656,13408,-154,-18500,666,-2634,26993,-16855
488,-582,-477,64,162,260,1000,-11716,-10,2974,22684,-7472
-5590,1456,1319,33,21,320,2976,-10574,-1782,112,11620,-1504
-6424,-4556,-577,2,8448,130,2532,-8784,-1546,880,10117,290
1012,-4252,1283,824,8776,264,3548,-7674,-1026,857,9644,275
2286,-4688,529,3437,1280,1152,3724,-8150,-792,-800,5637,1549
2034,-4160,-769,2480,176,2080,3244,-9874,-994,-1474,2383,2620
2786,2098,-1737,8,400,2644,4000,-9206,-96,243,404,3027
3844,-4158,-699,20,948,352,5892,-8690,-170,209,1961,4330
8112,-4684,-767,7176,420,5136,8610,-6514,84,247,8898,4347
4074,1600,-1783,2052,0,34,5498,-9318,-956,3349,10889,1389
1412,1524,-2305,4106,1345,65,5720,-9880,-588,4383,9728,545
306,2272,-2287,4,3329,-3072,4778,-10504,-1250,6429,11660,-422
228,2610,-2543,7200,4098,-3229,4652,-9572,-1846,7784,14741,-170
762,-4160,-2813,6272,6656,-2814,5086,-8678,-1832,6604,15204,-255
-222,-4168,-2753,4245,8192,-3832,3976,-8252,-2104,4889,13782,-1156
2950,-4176,-2491,4097,9472,-2239,3232,-8476,-816,4670,9747,-2212
1258,-4468,-761,784,9505,-3936,5606,-8524,666,5129,9995,-1807
3298,-4656,-1649,933,9217,-2488,3852,-8348,-164,4932,9516,-228
-202,-4556,-1473,2705,1040,-1755,4136,-8836,-596,2664,6883,-43
-284,-4592,-769,2320,408,105,4264,-9032,-148,2456,4980,143
1908,1604,-769,2128,1032,1028,2846,-10084,504,2682,5461,1568
-252,-4432,-249,2116,32,710,4244,-8770,-484,2142,3105,1632
-270,-4596,383,1041,290,801,4698,-8696,-410,1609,1306,762
546,-3504,513,1080,9,-3256,4910,-7898,-886,1369,959,-1250
234,-3904,1311,672,416,-3966,4616,-8258,-1480,973,-597,-3514
-158,-4424,-225,64,85,-6076,4848,-8760,-1280,1093,-262,-4488
-260,-4672,403,531,320,-3426,5318,-9132,-880,803,3279,-2989
-154,-4678,-2015,4864,140,96,4264,-8836,-1168,-256,5214,-1418
-270,-4444,-481,16,1472,2057,4920,-8940,-648,847,5725,-1859
-94,1536,-609,1030,9482,1097,5482,-10092,-1042,1845,9874,-874
-282,1968,-703,3597,8261,1612,4800,-10638,-1470,3840,12822,-358
786,1616,-1403,0,8193,912,5702,-9360,-688,3275,13722,1000
1762,1970,-2229,208,8200,588,6374,-9140,-394,2826,11798,478
2028,-4636,-2241,4096,8272,-1020,6420,-9110,-360,4215,12290,-894
1514,1480,-2687,4102,5152,-2012,5714,-9646,-1008,4223,13865,-801
742,1602,-2791,1544,4099,-1424,5104,-9802,-866,3658,12112,-64
818,-4004,-763,1032,2,16,6372,-9860,332,3074,8889,604
1830,2144,-769,896,7491,561,6446,-9346,214,3000,8113,487
1094,-4686,-1729,527,160,260,5368,-8878,-912,2787,7791,531
2914,2208,-2281,1155,173,88,3944,-10328,-1596,1666,4845,1033
-270,2064,-1729,530,1312,824,4150,-9350,-1032,2868,1848,950
3810,-4624,-745,0,408,1024,5602,-9176,-184,2675,2294,1408
102,-4416,81,2657,1562,0,4680,-8648,-1360,2913,6145,2010
2682,-4560,-767,2049,4129,-3264,3938,-8176,-1578,3394,6125,-146
-268,-4688,-1649,2890,2113,-5504,4210,-8226,-796,2921,6416,-1404
4084,-3632,-1275,528,2244,-3416,4606,-8088,-300,2584,7522,-1264
3954,-3648,-639,2080,9216,-3294,4330,-7950,-586,2637,9376,-1204
-214,560,773,1024,8672,-3808,5208,-10196,1654,6221,10361,79
-19998,-2622,769,10247,2194,44,-4586,-15052,1516,11651,15778,9297
-24350,-4642,3331,19072,596,4,-6062,-14662,4258,19336,12103,19184
-4198,-592,-769,11528,81,2892,-2432,-4700,-94,15982,8697,23768
1778,-4528,-8911,6657,520,9224,2226,-894,-2722,6084,1825,25988
-156,-4494,-8897,276,-7163,8452,4030,-3792,-7326,1069,-7446,15916
4878,-4512,-7553,9256,1424,8603,7200,482,-3084,-4962,-6342,13593
8546,-3640,-223,5193,4608,10241,9744,848,-138,-12110,689,10358
4074,-4432,-4833,648,2530,3061,5328,-2254,-2652,-20731,-5134,6581
9266,-4172,15051,12837,4128,4624,10140,-22870,32637,-18515,-665,10540
5218,-7996,703,-8168,-7038,1288,5486,-1888,4890,-4832,-2724,-6506
7922,-4686,1765,-3000,256,3340,8384,-4528,3902,-2204,7652,-12437
1772,-4408,1583,-5990,2918,1072,2252,-5890,3436,-1673,7685,-16728
-30,-4608,-4785,192,5458,408,1614,-6146,-1808,-3883,5304,-22615
842,-452,463,64,2178,8204,1532,-10194,1486,-6347,3213,-23654
-6314,-3632,-193,0,16,1042,2422,-14398,576,-5904,14897,-21317
-7406,-4448,-479,-2807,304,784,926,-16424,4,-2356,18011,-20402
-3486,-3340,-529,4516,902,4128,-1126,-14044,-330,5049,25570,-12080
-6174,-552,257,2338,4144,2064,2330,-10726,-930,2209,13426,-5132
-274,-4400,1439,132,3922,0,3496,-8962,-1476,-37,8104,245
-6158,1162,-631,128,203,1,3284,-9366,-1384,-583,8169,1460
804,-3612,-1309,266,320,-1944,3770,-7014,-804,1071,5214,-170
2660,-4078,-1391,4102,2817,370,3966,-8538,-526,-781,2708,1103
2818,-4678,-1537,4224,256,128,4222,-9994,-676,-527,803,2354
1006,2150,-763,523,2129,530,4878,-9268,-312,1285,1978,2481
2922,-3812,-513,6660,256,2081,7048,-9618,-16,518,4751,3378
3818,486,-1663,2048,6656,70,6920,-9716,-276,2743,7211,2361
1514,-4172,-2657,3656,4,56,6102,-9336,-1128,4096,8853,693
-150,1856,-2661,3720,2446,162,4968,-10330,-1570,3739,10829,300
-286,1464,-2241,4134,3171,4,4424,-10726,-1532,4222,11460,-1249
326,2000,-657,5188,16387,1098,4598,-9312,756,5144,16372,1135
260,-4624,-897,256,11506,7,4802,-8484,14,4475,11244,-912
802,-3664,-1537,824,8832,-2304,5062,-8256,-340,5058,11135,-2178
3050,-4462,-2815,0,8530,-1502,3250,-8682,-1542,4380,10955,-1086
-30,-4602,-1741,2664,1,-1856,4312,-8292,-990,2492,4567,-449
-270,-4170,-1793,76,326,-1775,4660,-8584,-570,1489,2975,-88
242,-4172,-1761,128,859,578,4188,-9114,-434,1241,2741,799
-284,2784,-1153,42,1128,1289,3888,-9978,-456,568,3128,1426
2804,-4656,383,3104,2369,515,3308,-8588,938,3283,3241,844
-86,-4176,-633,74,2098,520,4788,-8620,142,2099,3087,741
-14,2618,-257,1409,2564,-4543,4346,-9090,-608,1445,2746,-148
-130,-4432,-569,1540,1026,-3584,4128,-8950,-1052,1583,1898,-1164
-286,-4688,255,1312,2369,-1786,4452,-8954,-898,1885,2501,-1597
-250,-4616,1791,1988,320,-1462,4658,-8718,-562,1972,2611,-1082
742,-4028,577,2,4098,-702,5022,-8420,-748,2215,4791,-647
494,-4684,-701,2048,538,130,4768,-8450,-1126,2299,6671,-1236
-246,-4686,-621,208,93,1280,4702,-8756,-846,2521,7022,-2229
-156,-4656,-767,1,8580,1583,4484,-9176,-1178,2507,8672,-2166
1932,1570,-249,2324,8705,1572,3520,-11156,-1558,2433,8697,-2150
-254,-4688,-241,2710,8841,1120,4698,-9100,-316,2750,8974,-769
-284,-3470,-449,1190,8392,1156,5326,-7952,-412,1196,9059,1554
364,-4158,-709,296,898,584,4980,-8750,-488,1421,7003,921
-2,1456,-689,2610,8204,4,5246,-9570,-54,3013,8386,-17
60,1968,291,1044,8389,129,5434,-9544,896,3262,9373,238
756,-4414,383,49,2336,17,5490,-8540,976,2186,6307,962
898,-4620,-581,2072,4183,1026,5328,-8898,426,2007,6415,1078
270,2054,-2549,162,4128,16,4496,-11012,-700,2158,5236,469
2786,752,-1769,22,289,196,3682,-9594,-1184,4187,3266,506
-278,952,-303,1313,4,7,4880,-9482,-1060,3882,3222,1094
226,-4624,-609,288,919,384,4972,-8140,-686,3998,5083,936
490,-4176,-495,32,0,-5311,4906,-7504,-1456,3707,4106,-1330
-94,-3892,-561,400,3168,-4094,4280,-8500,-1462,2967,3308,-3844
116,-4416,255,276,260,-4076,4492,-8938,-1004,2834,5660,-4012
258,-4426,-473,652,8205,-4095,4554,-8836,-1354,2946,8515,-2822
3306,-4172,-703,690,8196,-3008,3584,-8426,-1608,2759,8289,-2801
3042,-4348,257,512,2314,66,3354,-8966,-1044,1437,8073,-2833
2402,1984,265,1350,8322,593,4000,-10662,1640,2065,8797,-1124
-22,2224,-505,2148,11024,648,5942,-10410,2484,4089,12481,851
18,522,-701,8544,2049,4104,4204,-10152,4568,9496,19317,4860
-4382,-560,17,8353,3236,1604,-2892,-11048,2892,11300,19520,12254
-7304,1712,-577,10246,10512,768,-4584,-9638,2144,10483,14413,18798
-6174,-4684,-5373,4114,8226,8204,-4744,-6814,-144,7062,9012,25405
-18622,68,-5627,514,3217,2054,136,-7382,-2470,5957,-13506,17767
-274,-2000,-7849,13781,1096,2068,630,-5560,-5668,587,-2127,19628
9458,-4672,-3697,8320,-8064,2048,12480,-1728,-2902,-3385,-6981,13822
4850,-3052,-7553,5329,8229,800,6388,282,-4874,-11214,-2736,12770
5898,-4392,-4721,4128,2068,2732,5938,-840,-1894,-17111,-4743,6227
3462,-2604,-753,2240,273,2322,7706,-3518,900,-22602,-3365,3333
5864,-12304,-493,-6566,2052,976,4608,-2230,14236,-3270,2588,-8926
4198,-4400,3969,-4040,8256,1024,5082,-1932,4056,-3738,8666,-11478
4658,-8480,-441,-4606,2048,2436,6922,-5090,1964,-4018,7601,-14131
746,-2344,-2801,-4062,9252,3150,1246,-5830,-560,-2362,8812,-21965
-7186,-4560,-749,-4096,32,7168,1774,-8434,-184,-2198,567,-25119
-6138,1284,459,-5838,36,10569,2184,-11590,1720,-5732,9166,-21225
-8220,-2434,-697,-8016,5772,12288,1282,-14566,596,-3657,14101,-18883
-1898,-4656,-319,320,14852,0,-70,-15664,1216,2498,16313,-14455
-7770,180,-219,2051,9100,2100,762,-12294,-1082,3857,9790,-8290
-6046,-4560,321,356,2417,4193,3566,-9262,-848,2776,7794,-1757
-4622,-4688,-767,1571,8200,1056,3944,-8658,-1636,1734,8470,1290
-24,-4422,-641,128,2720,1545,3822,-8346,-1866,1673,7759,1735
4,-3616,-721,966,277,658,4498,-8182,-2112,741,6003,1875
550,-3526,-2785,7304,5131,12,4912,-8106,-1758,-408,5898,2174
-26,-4528,-2497,8226,2560,258,4942,-8776,-1606,-807,6700,1415
228,1540,-1649,9,5280,-5516,4584,-9246,-804,186,7303,-195
-120,2096,-2811,1157,161,-3968,4612,-10606,-646,1446,8890,-862
42,-3872,1455,4608,16421,100,4698,-10968,1894,7021,16732,819
3836,3168,-3325,4608,5120,1282,5136,-9166,-192,5505,15909,1279
3906,-3648,-3313,4128,520,520,4844,-7650,-1164,4161,12428,327
3814,-4176,-2457,4352,186,-4032,5318,-8012,-998,4692,10300,-2046
3938,-4072,-2303,4098,2054,-4079,4226,-8380,-386,4554,11382,-1820
3362,2222,-1711,4256,1112,-2808,3734,-9066,-758,4105,9073,30
874,2520,-757,3,1065,32,5142,-9336,-30,2969,5356,532
-278,-4390,-769,178,3300,33,4604,-9150,-230,1357,3208,692
-142,-4616,-247,618,1313,155,4678,-8744,-318,603,1158,78
514,2352,-241,792,80,-2048,5052,-10372,868,1117,333,-63
-12,2292,-705,2096,406,528,4206,-9074,126,3335,4336,447
-152,1520,-677,1634,0,72,5030,-9504,96,1924,3221,1092
230,1840,-737,2056,28,34,4712,-9268,-414,2195,3377,114
226,-3662,-479,1473,258,-3828,4786,-7948,-366,1963,3475,-723
-204,-4544,-703,1285,993,-2044,4294,-8798,-782,1442,2982,-1350
-206,1474,-387,300,3168,-2040,4184,-9570,-840,3035,3342,-2016
378,-4268,-245,1616,2329,-856,5018,-8774,-574,3812,7293,-512
-286,-4392,-679,2180,9216,-888,4646,-8276,-1126,3673,9450,-355
-22,-4496,-751,464,8816,-2032,4360,-8516,-952,2986,8828,-1982
-278,-4560,-319,520,8360,132,4312,-8652,-688,2927,9162,-2866
-278,-4566,-701,560,8588,265,4146,-8842,-1004,2805,9628,-2636
-158,2000,-737,0,9380,-2271,4222,-9352,-1196,2777,9710,-2118
2538,1474,37,36,9262,-1632,3966,-9592,-1266,2761,9414,-1597
44,1464,-741,2282,9216,-1724,4432,-9334,-990,2248,9258,-1023
-270,-4176,-493,1594,8736,-924,4670,-8588,-766,1788,8700,-942
-284,-4588,-769,1072,8411,-1472,4784,-8896,-484,1535,8445,-1068
324,1480,-753,2049,8774,-883,5012,-9676,380,2150,8887,-710
838,560,799,2564,9793,151,5698,-10100,1490,2954,10272,261
1162,1522,303,1459,8840,65,5442,-9328,906,3392,8870,360
50,-4448,-737,200,5120,520,5486,-9198,340,2905,5961,-405
612,-4064,-1645,8,4384,17,4916,-8602,-954,2167,4834,-438
-276,1522,-2143,192,1,384,4614,-9836,-1418,861,3562,448
1862,1564,-511,314,204,715,3602,-10090,-1658,1590,949,718
234,-4398,-175,256,-4096,521,5820,-8912,-8,1815,-524,580
434,-4454,351,2048,3244,129,4950,-8904,-468,2131,3791,753
-270,-4510,-761,893,780,-2816,4264,-8950,-1076,2022,5966,-214
-280,-4174,273,907,1225,-2940,4126,-8296,-1040,1889,5311,-638
3942,-3408,-185,1282,5188,-1278,5028,-7854,-56,1455,5597,-127
1188,-3664,-673,5,777,288,5408,-7866,44,2462,8142,371
-182,2488,-761,112,4680,72,5474,-9994,1058,4441,7880,464
-8220,-2064,-121,8199,1099,2224,1864,-14070,1300,10253,9684,2876
-7822,-2124,3411,129,2304,1553,268,-13540,5302,18539,20342,10569
-6394,2224,-689,0,6,14464,-1318,-9140,3830,19595,18384,15416
-3140,-592,-727,12816,2240,180,-506,-5384,276,14812,18804,20593
-282,696,-6123,3616,2645,8708,7844,978,-1466,1121,20853,21100
1762,-2638,-15617,12289,-14264,16402,9452,-688,-7926,-3241,-9197,15464
3426,-5192,-14017,2817,4904,11296,4638,-1394,-8648,-11769,-11053,14902
4996,-3536,-8845,17320,0,1124,6340,46,-4282,-15459,-13105,9040
4210,-4682,-3311,4114,4231,1808,6484,-2738,-284,-19596,-10648,5823
8934,-4688,31998,22552,6216,24743,18924,21750,32637,16781,-9038,6466
7934,-2632,1431,-2103,-7416,2156,5448,1034,6228,-245,-978,-10546
1770,-3656,257,-3183,1408,520,3792,-2270,1304,-2250,5471,-10859
1918,-4684,-241,-4732,41,64,6432,-2342,1120,-4771,8101,-14777
-8214,-4012,-761,-4091,2091,1088,246,-4788,988,-2082,2204,-17589
-252,-1582,-743,-4092,2176,1116,2132,-5636,-122,-4531,2334,-21580
-7452,-194,-577,-11264,4197,13322,3516,-11308,280,-7334,8127,-18865
-5336,-2640,321,-7998,13386,10752,3214,-14698,902,-5323,13818,-20922
-1606,-4684,-609,704,2380,13877,-204,-17170,-488,2459,20075,-18392
-3718,992,-2173,902,16577,1064,-608,-11160,-1346,4568,15898,-10338
-254,1472,299,-3062,4888,6400,3442,-9280,1054,-840,6541,-706
1282,-4144,-761,-2015,4608,548,3922,-7386,-412,-1839,4712,2784
490,-4592,-481,1444,4270,1090,3740,-8802,-1106,-2154,5354,1890
126,1944,-577,16,1057,-2028,2756,-10034,-14,1227,1687,-472
-202,-4688,-765,515,-5726,1056,4984,-8396,306,391,-1172,1813
-154,1778,2827,3146,-5883,1024,4016,-11098,-464,-916,-1734,5813
1258,1768,-751,0,-7904,3158,4042,-9898,186,-95,-1566,7389
-270,976,-2305,518,1041,4114,5118,-9092,-470,2556,1314,6499
1362,-4686,-1389,1610,4706,4108,5772,-8004,-1004,3927,4695,4712
1258,-3982,-1793,4096,4108,3074,5722,-8502,-854,4618,6281,3030
-222,2498,-1777,4104,5124,2,5152,-9496,-812,5192,7802,-212
72,2672,-1791,6256,868,-3579,4942,-9766,-624,6219,9451,-3322
234,2620,-1787,6020,2185,-6136,4430,-10100,-936,6150,12269,-5101
-158,2056,-1665,4101,9218,-6647,4860,-9510,-988,7468,13866,-6674
1070,2112,-2289,2080,10760,-6891,5610,-9370,-1252,6911,15179,-6193
3842,-4672,-4321,2241,8224,-7420,4652,-8886,-1506,6594,12818,-5174
3814,-4464,-2529,1169,8304,-4080,4356,-8974,-2002,5136,10338,-3617
-284,-4040,-2561,3208,8326,-2024,4074,-8592,-1830,3396,8505,-1575
3330,-4176,-2785,1793,256,-2300,3848,-8670,-1334,1923,6370,-175
2786,2624,-1761,64,210,99,3746,-9384,-964,621,4868,480
1826,2000,-481,32,2268,0,3304,-9336,-88,1052,3290,699
740,1792,383,256,2,21,5206,-9340,1896,2335,5254,1170
562,-4488,-373,64,1281,282,5074,-8716,768,2240,5390,1397
130,-4558,351,1540,4121,400,4684,-9032,-246,2057,4927,1107
2930,-4672,1311,2096,0,-2428,4026,-8650,-1262,2380,3648,-163
302,-4296,-401,64,528,-2304,4760,-8694,-1146,2353,2882,-158
650,-4216,-753,2058,291,64,4948,-8674,-1072,2366,4552,58
3810,-4416,-2817,1363,4612,137,4814,-8908,-1178,1768,5807,-108
262,-4176,-729,0,72,6,4732,-8712,-1204,1789,5244,-1044
428,1138,-381,2661,2336,2116,5030,-9250,-748,2681,6730,-1560
418,1584,-751,3602,8616,2112,4806,-10046,-1176,3783,9270,-1853
-254,1600,-761,4225,9476,528,4912,-9630,-1264,4799,11814,-2532
-222,-3904,-1429,4096,8320,-2044,5144,-8392,-574,4234,13059,-1744
-158,-4400,-1521,3641,8192,-1148,4630,-8842,-264,3664,13355,-1096
-94,1704,-753,3586,8656,-2048,4272,-9436,-44,3942,12177,-1018
-206,-4672,-641,260,8192,-992,4646,-8904,-70,4397,12168,-20
338,-4368,-631,3364,8249,546,4786,-8768,96,3974,9344,665
8,-4676,-1601,3200,1088,-1536,5368,-8428,-564,3433,7701,-108
754,-3406,-1629,2120,784,132,4798,-7828,-898,2614,6735,287
2486,1968,-1705,1601,1250,1024,4012,-10616,-1116,1630,5518,1180
2018,1908,-497,3120,2080,705,3572,-10576,-1752,3903,3789,661
-142,-4528,-641,4152,6,520,4914,-8886,-664,4297,4660,550
-158,-4096,259,1542,2053,291,4420,-8604,-1222,3747,7140,331
3810,-4550,-641,4108,2433,-4086,4262,-8012,-1294,4096,6646,-1455
264,-3660,-581,1162,2448,-3774,4746,-8106,-956,3381,6732,-1502
-26,-4422,-757,2432,272,-2040,4402,-8860,-1108,3030,8233,-1204
4002,-4568,-253,1058,8522,-1534,4166,-9028,-1190,3218,8573,-1531
-262,-4336,-757,3,8706,-2048,3992,-8792,-796,3165,8767,-1579
-270,-4406,-735,1041,3680,-1454,4076,-8902,330,3339,7960,-1365
120,2034,259,512,8233,-1912,4472,-10816,1056,4859,9066,-215
-7578,1488,-743,8210,8250,392,1730,-11198,2488,9664,14945,3429
-7438,1496,1671,12852,16552,1043,-3144,-10106,2196,13139,17642,12276
-8350,-4368,-6241,8194,2368,2176,-6414,-7348,-672,10102,10437,18829
-4010,-3656,-8893,4244,12,7296,-3776,-5100,-4490,5775,5059,24888
298,-528,-8769,16900,1538,8195,4994,-2482,-4886,-2495,2235,24044
6282,-2604,-6389,17545,8,776,6260,-2346,-4708,-9132,-7541,15535
-28,-4176,-6875,2058,4096,17064,3174,46,-5086,-18759,-12261,17237
3810,-3240,-2553,4104,2,594,3240,-2330,-2392,-20409,-7933,11148
-12510,11952,21069,2705,16384,14209,4462,31766,32637,4074,170,28860
6986,-4608,4995,-3072,-8118,2208,7712,562,5172,-3301,-4583,-6660
7424,-4678,2897,-3931,1,582,7840,-2610,3406,-3537,4515,-11222
2372,-4368,-617,-8192,16,16466,5542,-3298,2184,-3883,11917,-16652
-6422,-2638,-687,-2772,8326,1316,2292,-5564,-212,-3036,8285,-18625
-8306,-4650,-1109,-2942,389,12341,222,-7798,-306,-3105,4273,-20873
-7390,948,-571,326,521,9874,2946,-9806,1666,-4915,9269,-20844
-6392,-4140,-735,-4092,16386,12320,1926,-14694,450,-3324,17072,-20312
-2174,-4168,-2777,192,2176,12544,-282,-15944,-1846,3262,18375,-17731
-8472,1648,-977,774,8772,2235,920,-10496,-182,3666,11518,-9417
-218,1208,-641,0,1168,4551,3448,-9512,130,-152,5464,-603
742,-4236,-443,-1012,5181,1472,3774,-8606,-696,-867,5166,3585
246,-4172,-733,147,897,8,3896,-8358,-472,214,5083,3802
-118,-3656,-761,1926,102,2109,4364,-8192,-120,-207,2112,3802
1410,2460,-757,8,96,3202,5996,-10218,1548,894,1601,3073
4082,1760,-641,1408,2146,1156,6430,-7700,1698,610,3270,3571
-262,2770,-759,4097,4,532,4436,-9354,-972,-104,3554,2645
2662,-4688,-673,768,2168,160,4090,-8778,-1532,951,2254,28
4082,-4396,-703,128,723,-5060,5592,-8310,-1264,1685,5096,-584
4194,-4128,-769,1924,48,-4024,5114,-8612,-1716,1832,6698,-684
4324,184,-513,1256,6594,-1472,4790,-9330,-1682,1818,6452,-1237
174,1720,-705,2568,96,16,4656,-9676,-1024,2601,6752,-1787
2286,2016,-723,5145,8193,776,4090,-10218,-136,5493,9418,-1191
-278,2640,-769,4421,8197,2048,4378,-10052,-1022,6035,12096,-175
246,-4494,-1343,2208,8455,32,4622,-8760,-682,6295,13993,413
740,-4494,-2425,648,8244,-511,5398,-8242,-754,4772,10817,-329
738,-4680,-761,584,8196,-1977,5132,-8696,236,4987,10699,-1319
-204,-4540,-1887,128,8320,-905,4332,-8638,-208,5292,12462,-839
2808,-4366,-751,257,10049,-480,3624,-8716,-168,4793,9806,-122
-252,-4520,-2753,3104,2256,5,4980,-8846,-1082,3301,7642,-19
1770,-4654,-2433,47,1805,-512,3788,-9456,-870,2212,5789,-30
-284,-4528,-763,437,7169,6,4162,-9302,270,3177,7359,288
3050,-4496,-641,3840,261,307,3820,-8916,-400,3753,7474,406
-284,-4588,-769,2080,564,-3578,4302,-8654,-836,2863,4909,-423
-244,-3918,-653,2304,64,-5632,4606,-8434,-994,2375,3155,-1582
-26,3312,-433,162,35,-7606,4350,-9208,-1854,2268,3331,-2540
-270,-4684,-695,514,3488,-7679,4248,-9022,-2014,2632,3496,-3269
3942,-4624,-633,2,128,-3520,4720,-8900,-1748,1827,5196,-1959
134,-4688,-433,1040,4102,-1908,4446,-8902,-1722,1104,6662,-1148
-158,-4284,-251,384,4642,150,4486,-8722,-1610,922,6874,-1432
-222,-4432,-689,1312,3222,2,4532,-8922,-920,1368,7981,-1458
1334,1750,-761,704,8740,2370,3922,-9954,-884,2903,9958,-1089
1506,1464,-765,256,9224,224,4038,-10042,-1434,3297,9644,307
-10,-4432,-765,2244,0,65,5460,-8742,8,2246,8260,895
2388,-4432,-761,2217,8208,340,6670,-8660,668,2380,8583,303
1300,1460,-735,2185,8228,-960,5336,-8996,182,3277,10278,-323
756,1744,-753,2083,8200,0,5242,-10026,-150,3146,9256,278
-4,1780,-511,2312,1032,70,7500,-8828,128,4603,9035,391
340,1712,-769,3073,52,67,5080,-9162,-14,2983,8140,1385
738,-4552,-769,2306,92,180,6050,-8844,-68,2897,7592,139
432,-3896,-1661,2052,768,-1024,4858,-8348,-980,2325,5805,-1029
2722,2006,-769,786,1585,-2464,3906,-9886,-946,869,3794,-337
2802,-4560,-639,2249,2560,162,3678,-11004,-510,2705,2789,297
4322,-4168,319,2616,297,308,4824,-8870,-162,2775,2209,1451
24,-4638,519,2627,4136,108,5008,-8772,-982,2692,4249,2380
3910,-4042,-665,3330,224,896,4342,-8276,-1122,3386,5152,888
3942,-4416,299,2368,4248,-4480,4682,-8286,-934,3319,6445,-116
12,-4552,-759,2700,4118,-3728,4604,-8260,-852,2923,6627,-642
618,-3624,-629,2608,7168,-2944,4930,-8210,134,2639,7729,-587
2182,-574,1319,69,2049,17,3922,-10620,3058,7886,11376,1123
-8094,-80,-513,11291,11264,1297,-3028,-12844,1084,12467,15811,10079
-7286,1462,-153,2048,12840,2184,-4960,-10966,162,15038,12854,16095
-3332,-4624,-6365,8736,25,17421,-2482,-5788,-290,11891,11556,19800
-7454,-464,-13281,5128,2628,16403,-582,-1726,-4476,4807,11648,23294
2156,-4152,-16059,19520,17,19456,1972,26,-9284,-4431,6738,17831
5154,-556,-8741,19120,3664,6212,8008,-3274,-6614,-9713,-12099,7684
4066,-2558,-7649,640,1058,20,5464,-1728,-4956,-20329,-11640,6183
6402,-1082,-595,1040,0,133,7630,-5834,730,-22989,-13784,1946
9864,3592,31998,260,6404,1032,20474,-7324,32637,100,9927,-3354
4962,-8716,-253,-4092,-9075,4377,4930,-4060,4442,-2251,116,-12147
742,-4408,1287,-3775,256,16896,3728,-3736,1878,-2620,4888,-13300
-3870,-4416,783,-3964,8722,1573,4004,-5254,946,-3954,11132,-17044
-7474,-4680,-2689,-3580,258,10949,402,-7884,-2098,-2841,4055,-20758
-6398,2004,-769,-8046,580,10326,2982,-11504,858,-4828,6609,-20509
-8190,-2126,303,-3264,3937,12329,1340,-14834,1162,-717,16754,-18922
-8074,-1934,-1793,4738,24610,2876,346,-14120,-1764,5332,24272,-12966
-158,1504,-1757,258,9738,256,1274,-9728,-878,3091,13093,-5597
762,-4168,-153,-4064,45,1059,3292,-8666,-326,-2017,3033,1440
-216,-4684,-705,-2808,2056,3338,4338,-8790,-60,-2088,3288,3483
100,-3900,7,784,99,2184,5556,-8378,580,41,4643,2009
1826,1456,1923,1304,1572,688,6820,-10782,3030,1489,5911,1908
-280,1456,799,18,2049,2098,4418,-11280,1538,1796,1909,3089
738,24,-593,2051,2210,4256,5022,-10564,412,2040,2755,4866
242,-4686,-1473,1412,86,3264,4606,-7874,-580,1543,1531,3893
378,-3488,-745,1,2082,2,4560,-7728,-1150,2027,2236,1612
2290,-4622,-701,1,3090,-4864,3762,-9040,-2276,2275,3218,-248
-206,-4616,1407,896,1571,-5630,4348,-8734,-1334,2913,1711,-1262
4068,-3786,277,20,3376,194,5530,-8252,-460,2018,3707,347
834,-4680,415,2048,2,0,5264,-8526,-494,2104,6983,208
258,-4592,-769,264,1280,-2494,4536,-8564,-1082,3521,7415,-2223
56,1526,-609,4527,9226,1536,4402,-10316,-868,4578,10341,-4342
-284,178,-513,5136,8236,3208,4198,-10368,-1034,5884,15836,-4327
290,-4638,-1665,18,17314,2048,4844,-9090,-786,4525,17266,-1967
2066,-4688,-721,180,8200,2304,3368,-8948,484,4430,12366,-1750
-262,-3912,-1791,912,10272,262,4044,-8182,42,5154,12130,-469
-130,-4512,-2369,16,8197,180,4148,-8358,-758,4633,10889,478
228,-4668,-1793,3328,280,0,4740,-8106,-1060,3947,7939,-30
1314,1714,-1409,3330,1280,74,1048,-6012,-2134,3217,5551,-1647
2786,2184,-1657,34,18,648,4026,-9810,-422,778,6764,656
1890,2000,-513,3081,1033,32,3234,-10680,252,3458,3757,101
2,2418,-769,4129,4608,427,4732,-9294,-96,4227,4715,428
290,-4006,-1479,1072,5186,65,4902,-8244,-830,3305,5427,1306
146,3632,-669,2564,33,-7168,4450,-7784,-2268,3676,5247,-1189
-206,-4422,-505,2817,513,-7483,4156,-7766,-1640,3765,5006,-3444
3810,-4592,-755,2384,1032,-8190,4286,-8392,-1058,2315,5333,-2837
-222,-4686,-721,49,294,-6464,4212,-9188,-838,2727,7809,-2324
3162,690,-737,0,9216,-1503,4012,-9344,-856,3354,9772,-1257
-214,-4652,-753,3136,8390,528,4090,-9252,-726,3941,9415,-416
2306,1712,-565,4480,8754,2569,3970,-10428,-1014,4659,9798,-196
-234,1490,-383,4882,8553,4152,4442,-9698,-1360,5948,11312,-38
442,-4112,-2417,1192,5156,576,5008,-8240,-910,5191,13436,550
-220,-3114,-1775,3090,8357,1124,4754,-7558,-868,3550,11503,-532
3812,-4592,-1949,2048,8449,-3581,4464,-8272,-112,3219,8395,-2481
-274,1460,-705,576,10379,-1947,4154,-9140,1302,5049,11067,-1171
-278,2032,-761,29,2592,804,4384,-9176,784,4332,10698,1046
1788,-3296,-637,2084,8905,146,5570,-8950,18,2958,9575,1647
2806,-3560,-1793,1092,1412,512,3660,-7984,-1076,1764,5783,481
-10,-3374,-1785,131,2048,-3536,2204,-12132,-1072,2005,2549,-1629
2658,-3408,257,576,320,-3312,3098,-7102,-620,4572,1420,-1133
3940,-4664,-769,772,3649,32,4948,-8622,258,2920,4100,507
3050,-4270,1311,544,2080,-3439,3288,-7698,-1632,3909,6841,-444
-286,-4544,1479,3072,4176,-5245,3422,-8266,-1244,3368,5078,-1104
2786,-4620,255,2560,4372,-4080,3286,-8276,-1062,2625,4590,-990
-284,-4368,287,1120,1,-3276,4138,-7976,-652,1782,4749,-136
-238,-3664,321,160,4805,-1952,4064,-7630,-684,2323,5913,-166
3298,-4344,515,2,4291,424,3540,-8332,1152,4288,5085,532
-1948,-3596,321,9185,8250,4386,-1840,-14138,2504,9676,12862,8657
-23822,-464,4355,14336,3181,17712,-6538,-12240,4970,14364,11124,17981
-7964,-524,-8769,4097,2820,4353,-2156,-2276,-2294,12033,3496,21889
7946,1984,-12261,2316,454,1026,5874,1380,-3396,755,11109,19997
3894,-3408,-8901,16580,-4732,136,6644,-6172,-7018,-4632,-4504,12278
4954,-528,-8927,16390,265,4864,6388,-3298,-4686,-15346,-7409,15566
7958,-80,-737,4368,6283,9284,4644,-2338,-1778,-19969,-2197,9328
5622,-4676,399,259,640,160,8008,-6166,2202,-20384,-7183,3950
2186,-4686,11647,-9184,-11872,-5851,2026,-5144,10304,-1041,-6726,-6578
10218,-6062,399,-3423,-7118,5312,7012,-2734,2750,-2700,-1832,-10885
6186,-4240,1477,-6093,2308,16480,7902,-5712,7116,-4751,5930,-15191
-8414,-4176,-769,2177,5396,2120,486,-6102,122,-1164,4901,-21131
-7702,-4152,-561,3840,128,10560,934,-8882,-2246,-4038,5564,-20400
-8478,-76,355,264,5337,11268,3370,-10848,1234,-5922,6837,-20491
-6334,-1592,511,-4032,17666,14344,2652,-13260,1280,-4056,18418,-17636
-2060,-1172,-189,28,22040,11652,-692,-13722,-1858,1865,22184,-16303
-282,-560,-365,4101,323,4242,688,-10974,-260,4213,16018,-10223
-278,-80,-193,704,17,266,2240,-9434,-446,582,7037,-3256
774,-4684,-417,678,4418,294,3234,-8898,-746,-1391,4931,2217
-5132,1586,343,1571,334,2348,3350,-9892,-978,-144,4857,3378
-284,-4080,-223,1027,1536,1540,4464,-8206,-502,1062,5966,3964
-274,-4156,-699,4611,1089,33,4694,-8372,-38,-1259,2938,4735
118,-4676,-711,78,-6656,2072,7098,-12568,526,573,-2398,2894
2186,1488,-1501,1059,1356,348,6436,-10030,-378,1751,1923,936
1314,-4620,-2305,322,2088,-4012,5414,-8854,-1742,3536,7071,-766
274,-4166,-3313,2336,8202,-3324,4894,-8722,-1808,2189,8258,-1126
378,-4556,-351,2312,5217,-2816,5058,-8944,-594,3139,7329,-2390
292,460,-639,5386,8208,141,4976,-9664,-928,5569,10435,-1634
114,2228,-735,4612,8192,12,4392,-10288,-2930,5812,12480,235
70,-4608,-2649,4256,2448,392,4476,-8956,-1826,5057,11569,920
-22,-4156,-2673,1507,8192,-512,4392,-8200,-1726,4056,11011,-286
-20,-4288,-2305,2577,10256,-3061,4382,-8952,-286,3990,11261,-2808
3170,-4494,-663,281,12293,-1214,3364,-8932,510,5532,16125,-896
2886,-4172,-2689,3712,9738,330,4012,-8584,-402,4078,11420,1429
-30,1808,31,1030,553,34,5436,-9050,626,3974,9050,1392
-260,-4688,-1789,4164,8195,641,4574,-7994,-802,4063,9405,608
3332,1560,-1793,258,72,68,4590,-9740,-440,3971,6519,1257
-286,1984,-1657,2154,389,728,4014,-10936,-724,2271,4629,1749
-286,2000,-2267,64,2627,1028,4076,-9496,-1394,2983,2628,1189
264,-4688,-1787,1552,1127,261,4588,-8636,-1126,1581,1490,756
114,3540,1359,2246,914,-5948,4544,-8098,-2066,2242,1098,-1630
70,-4376,777,128,1028,-8172,4490,-7950,-2194,2594,3349,-3532
-150,-4134,-2741,1120,4250,-3326,4282,-8362,-996,1362,4501,-2131
-12,-4432,-2751,37,536,-1016,4568,-8774,-1360,605,6159,-846
232,992,-2269,1293,9280,64,4468,-9690,-1236,1479,9608,-1307
2082,-4510,-1791,32,8210,2113,3418,-8970,-960,3063,12056,-965
2250,1744,-537,20,8961,256,3520,-9318,-1524,3671,11997,461
3306,2496,-577,1028,9601,600,4064,-9782,-2560,3651,10118,614
-10,1844,-2555,0,9274,616,5014,-9282,-1760,3289,9704,877
914,-4684,-3553,2061,8320,40,5190,-9062,-944,2753,9219,363
754,-4656,-2753,2572,75,613,5314,-8816,-978,3591,6637,-485
1762,1984,-2289,1444,7,-509,6200,-9830,4,5460,7893,130
1810,2296,-2679,4114,2196,1355,6318,-9376,-906,6479,11139,1480
-286,-4684,-2527,2344,4096,770,4868,-9242,-912,6526,11991,2025
396,-2950,-2093,72,8322,128,4888,-7290,-1554,4608,10764,759
2894,-4112,-2813,3853,176,-2880,3314,-8818,-1540,3826,7146,-902
508,-24,-2597,4284,5160,-1712,3068,-11742,-1872,4437,5719,-1129
1322,1482,-2817,258,6306,614,3764,-10436,-1500,4367,6816,755
-284,3536,-1751,3074,1600,288,4296,-9008,-700,3044,6004,1842
3842,-4590,-513,145,4098,67,4252,-8080,-1474,3831,5297,164
226,-3592,-769,4748,2562,-7740,4542,-7978,-1054,5079,7021,-1606
3684,-4464,-2689,4160,8306,-5727,4024,-8162,-1662,4614,8282,-1536
-94,-3520,-2305,1034,4098,-6136,4088,-8030,-1282,3489,7558,-1377
2406,-4648,-1,85,576,256,2360,-8976,1038,4757,7961,1283
-2310,-4432,1415,1025,6668,85,-2152,-8914,2190,7744,7707,7674
-6354,-2576,271,452,8224,7458,-5370,-10328,1146,12149,10778,16243
-8434,-4152,-495,3648,4952,16386,-3788,-6824,-164,8250,6669,21447
-8460,-2288,-10869,18,64,21696,1872,-3310,-1522,949,670,23137
-282,-526,-8833,12290,-8172,2131,4654,-1926,-4874,-3728,-5612,16182
3814,-4432,-8447,10304,8326,640,4796,-3184,-5560,-7833,-6752,10363
5922,-2640,-6869,16706,2052,9376,5956,-350,-2370,-16572,-8471,10528
5722,-2508,319,4290,2088,7,8104,-5110,1408,-20552,-5961,4059
7946,-17712,3593,-5888,-6652,17,4138,-5418,5846,-162,-6947,-7021
3944,-3456,639,-3959,7192,3146,5904,-1780,746,-4224,6975,-9972
-120,-4508,-673,-8118,4610,14692,3786,-4590,1032,-4330,5437,-17956
42,-1452,-505,323,443,8352,762,-6236,10,-3244,65,-24650
-6308,-2380,255,-7728,5168,8340,2758,-11054,900,-7848,6154,-24189
-7326,-4616,-641,-6072,20750,11028,1170,-19556,-2244,-5456,21864,-20752
-4378,-4688,-631,4898,452,2134,-1248,-13736,-2114,5071,26633,-13581
-7354,434,-257,64,36,8288,1516,-9752,-736,2071,10868,-4924
-5914,1904,-257,268,656,1024,2512,-9812,-1426,-1647,4635,1415
-266,-4044,-159,518,4176,277,3190,-8426,-1192,-295,4222,2312
-266,-4044,471,1700,4100,3480,4236,-8434,-482,-420,3992,3590
1250,2768,-665,4146,532,4096,3646,-9940,-870,-909,525,4141
738,-4682,-417,36,-7532,3328,4224,-8836,-66,-269,-1498,4258
1330,1462,-753,0,1615,36,5890,-9196,76,79,1808,5375
1282,1142,-765,530,5376,17,5562,-8824,-454,2817,6115,1724
3890,-4520,-2689,4642,644,-2000,5822,-8572,-1028,4660,8947,-531
884,2528,-2781,4138,1248,-1964,5434,-10246,-1730,5834,10191,-1563
-286,2352,-2519,6928,2085,-2774,4696,-9912,-1950,6977,11511,-2081
828,3012,-2011,6720,4736,-3500,5158,-9394,-1346,6660,14396,-2006
-282,-4068,-1951,4096,9986,-3864,4252,-8550,-1048,6176,14014,-1601
162,-4684,-2775,4753,12684,-3584,4196,-8676,-1076,6861,15502,-1141
2274,-4658,-4351,1132,8483,38,2700,-7846,-2374,5112,12186,924
-286,-4426,-2167,2688,1041,185,4478,-7930,-274,2976,5023,366
-286,-4556,-1465,48,1106,-1590,4014,-8750,-400,1635,3289,-588
-168,530,33,549,8,260,4688,-8472,946,692,550,623
-232,1600,-735,160,2560,786,4938,-10616,1822,2466,3995,1039
-218,-4612,-491,544,128,52,4778,-9062,-320,3710,5525,178
-282,-4688,-257,1096,512,-3984,4534,-8580,-1288,3206,3994,-1512
-286,-4016,-651,24,4120,-3904,4214,-8436,-1386,2646,4301,-3430
3300,-4336,431,0,1236,-4096,3920,-8676,-1110,2319,3700,-3958
-20,-4688,-641,1060,512,-3966,4318,-8570,-1000,1067,4073,-1993
-154,-4456,-639,0,1188,-1846,4538,-8684,-924,1428,5865,-1031
-62,-4426,-505,18,0,96,4382,-8792,-1000,1619,6960,-840
242,-4688,-577,224,8256,1024,4730,-8696,-882,2287,8403,-658
-284,1456,-257,272,8352,2075,4300,-10160,-1322,2399,9456,-366
-158,1488,-385,102,8755,1024,4630,-9826,-674,4026,10883,-507
226,-4688,-633,4226,8466,1048,5728,-8832,34,4174,12796,-466
34,1456,-377,522,4144,528,5292,-9496,308,3692,12340,-225
770,1456,-753,426,3104,241,5368,-9580,-78,4790,11767,-263
762,-4656,-477,647,8230,2,5788,-8900,540,4683,11391,457
-178,-4428,-2433,2208,8210,576,4322,-8584,-1248,3025,9645,854
1866,1782,-2811,2072,138,52,3576,-10462,-2064,2136,4988,309
-98,-4682,-1855,3241,2128,41,4270,-8732,-1314,3271,2112,164
3822,2562,-609,128,276,95,4696,-9398,-998,3363,4536,301
-274,-4132,15,38,1932,-3706,4098,-8576,-1538,3750,5849,-1639
-30,-4344,-769,2824,2192,-4032,3746,-8350,-1072,2947,6252,-2759
-174,-4622,-733,696,1058,-2876,4164,-8320,-888,2028,5895,-2266
3810,-4688,295,208,8224,-4096,4102,-8420,-1054,2285,8359,-1575
-278,-3904,-513,82,5195,-1472,3906,-8228,-822,2064,7980,-980
-14,1866,1031,2312,4616,581,4446,-9538,1968,2796,6905,719
-8430,-2608,-565,8449,13312,984,-3480,-14260,2410,9072,16156,8765
-7866,-336,3487,1,1030,16722,-4360,-10844,3720,12136,17377,19331
-4374,-3470,-8569,9234,0,8304,-3616,-7190,-1860,8950,9522,25066
1282,-524,-17137,16433,58,16648,-10120,3350,-14814,-2593,5401,20453
8682,-392,-12517,20993,-7570,16538,8782,-2780,-3656,-3277,-5862,19325
4330,-1232,-6847,18752,4145,16474,5930,-1114,-5606,-12926,-11888,18209
4410,-1612,-5999,16713,740,1,5884,-2672,-3684,-15563,-16141,11023
6374,-592,-3785,656,2122,4840,8706,-3426,-184,-21774,-12512,7545
8450,-590,13535,526,-3449,-1692,18872,-2068,27744,-5796,-1237,-4992
9954,-4624,1329,-7920,0,136,6914,-584,2782,-6878,804,-7607
5906,-3854,1487,-8192,7186,49,7724,-2872,2430,-5838,7426,-12633
1844,-9776,3327,-8064,8384,2064,5642,-6106,4218,-3444,9197,-18171
-7190,-2510,1313,-4044,4932,1162,1346,-5894,2364,-1696,5980,-18744
-7166,-3622,-2017,-6486,528,9220,906,-7782,-826,-4129,2925,-20940
-6430,-592,323,-5886,6288,12800,2602,-11312,1602,-5835,8221,-19694
-5838,-2640,603,-6144,15361,12688,3712,-14432,836,-4684,15919,-20125
-8210,-3660,-1793,772,17416,12608,1430,-16442,308,1641,20658,-17409
-8220,492,-767,3072,20524,4176,-5892,-11414,-1776,7561,20342,-9801
-4382,1528,-729,1156,11396,8705,4058,-9740,-200,2874,11357,-5019
-5404,1724,-609,130,4164,4100,3374,-9782,-1792,424,5086,-657
-286,-4664,-505,0,5334,331,3120,-8776,-1682,472,5382,1029
-126,-4174,-377,552,4096,72,4330,-7456,-638,859,5271,1584
746,-4620,-761,3344,2722,388,3624,-9022,-1048,-819,2521,1963
-262,-4656,-763,160,4,1028,4092,-9168,-742,345,404,872
-158,-4680,-765,0,2241,461,5560,-9082,-204,44,3504,2666
1446,-4426,-1465,1024,224,2065,5942,-9172,-828,1333,6021,1930
1350,-4536,-1791,2209,7169,0,5588,-8800,-916,3185,8128,501
748,1522,-1785,4097,1049,-1760,5530,-9972,-502,4081,9335,-617
-206,1844,-1777,4260,4,40,4140,-10898,-638,5501,11022,-1583
-286,2498,-1649,6208,50,280,4202,-9728,-416,6900,14043,-1175
2930,-4540,-2561,4101,2640,-920,3838,-8528,-614,6882,15243,-435
768,-4176,-769,1026,8192,-2044,5506,-8082,-1270,5185,13496,-967
-30,-4488,-1153,128,12304,-2040,4200,-8592,-428,5279,12370,-1852
2856,-4096,-1793,72,12816,-1531,3550,-8562,-264,5567,12811,-1030
1894,-4580,-2749,0,8243,-1628,2918,-8340,-844,4911,10043,-72
-254,-4144,-653,32,4097,-1788,4440,-8504,74,3911,6602,-81
-140,-4608,-705,22,192,11,5894,-6900,-1128,3447,5769,-1117
2414,1980,-2417,330,1025,16,3916,-9162,-460,2152,5072,253
-174,-4174,-1075,1939,134,8,4536,-8620,-88,1919,4258,102
-10,2226,-257,192,960,-4064,4198,-9338,278,1736,4203,-435
2084,2928,-753,228,16,-3664,2880,-9896,142,2127,4069,-604
-282,-4560,-765,57,1554,-4956,4332,-8722,130,2205,1835,-800
-278,-4076,287,544,2064,-4774,4598,-8840,-308,1738,2148,-678
-158,-4688,271,64,2560,-4015,4160,-8842,-1094,2763,2786,-1602
-204,-4662,337,3328,1072,-1903,4214,-8520,-886,3414,3244,-1859
14,-3914,511,574,4100,-1024,4714,-8494,-672,2862,4389,-823
-206,-4044,-705,578,4096,512,4582,-8416,-1050,2749,6186,-519
516,-4112,-1,867,1120,2088,4774,-8548,-1176,2890,7820,-1018
-278,-4634,-759,32,8204,2050,4626,-8612,-978,2421,8519,-1356
-12,-4624,-673,200,8450,2056,4464,-9046,-674,2577,9217,-2013
-198,2000,-413,140,8448,777,4136,-9344,-640,3244,9643,-2266
2028,1840,-679,52,8257,-2040,3970,-9782,-878,3682,9844,-2012
1924,1872,-481,4128,9858,-1980,3936,-9612,-682,4236,10200,-1947
-278,-4488,-1183,4099,2828,-1967,4456,-8882,-590,4143,11152,-1453
-254,-4496,-1215,1213,2884,-2998,4610,-8906,-450,3409,11108,-924
-126,-4624,-1473,2,1026,-2968,4796,-8472,-266,3163,9810,-922
748,-4432,-1663,528,8450,-2038,5150,-8920,-216,2759,9153,-307
-284,-4688,-1521,576,8216,-1535,4848,-10186,26,3080,8561,-7
740,-4680,267,3681,2112,64,5540,-9192,1634,3954,7851,495
886,-4686,265,2568,3072,176,5304,-9208,876,3733,7399,215
226,1204,-761,3138,3372,258,4836,-9380,-34,3989,8129,336
-206,1078,-1465,3206,2048,34,3968,-9312,-904,3180,6572,749
1778,1776,-599,240,266,12,3388,-10254,-976,2921,4194,553
-286,-4682,-257,3072,3144,10,4060,-9122,-250,3403,3193,296
-278,-4680,-765,4,4356,295,4688,-8508,-18,3396,4623,970
-214,-4416,385,1,4353,3,4552,-7786,-458,3626,5545,316
-258,-3636,265,3337,5272,-5607,4302,-7778,-926,3841,5524,-1471
2562,-3914,273,2624,5184,-7161,4020,-8462,-1066,3642,5459,-3013
2288,1712,-257,1856,5176,-4088,3658,-9262,652,4025,5390,-2816
-140,178,-755,5504,4105,-5888,4450,-9348,1010,6220,8388,-1066
-5276,-492,-769,8236,9232,780,3522,-10346,2652,9488,13684,2082
-8416,-2024,-761,12416,16512,6155,136,-10542,1822,14255,18042,7398
-6430,-1928,-701,4354,282,4266,-6092,-10588,-304,12786,16742,14958
-6686,-4654,-10081,10625,101,20481,-6116,-8550,-1690,10446,10332,21178
-4110,-576,-17153,112,256,19629,-3654,-4240,-5752,3438,5118,24841
4010,-4420,-15857,16386,4096,19729,5302,-1106,-7298,-7163,3739,19016
4874,1480,-7801,20609,4400,16536,7894,-1292,-4306,-12001,-11893,17170
8068,-4646,-2273,17836,0,13792,7360,-948,-1530,-14436,-12922,13435
2986,-2468,-749,5680,24,28,6734,-2166,306,-17176,-7226,7219
-24846,-4688,31998,12293,273,17937,19702,31766,32637,16836,-2705,30610
8194,-4680,1345,-1984,-7152,1208,6210,-50,6812,-1420,-3530,-4657
6010,-4684,3103,-2944,730,2256,8308,-1772,3890,-3108,7165,-9741
4450,-3944,1283,-4058,6784,2147,5890,-2402,2922,-3055,7294,-15097
2442,-3536,-113,-3584,525,130,2194,-3870,1432,-2255,1078,-20786
-5916,-4432,-657,81,2344,1040,2874,-5464,1004,-4714,-1692,-22838
-6686,-48,-719,0,12,18,1646,-9964,676,-9680,1665,-23236
-7902,-400,927,288,4592,10246,4036,-13256,1494,-11918,5146,-20915
-4118,-4602,-665,-10876,256,12374,4206,-16644,1616,-9783,16929,-17357
-8470,2130,-357,-3936,130,16,724,-18028,2518,-229,28046,-11429
-2006,642,-3175,5144,2093,1537,-1488,-10156,-2010,4984,22351,-6096
-122,182,-737,32,6168,2070,2128,-9116,-1054,1803,6945,-1567
1130,-4064,-385,2127,5035,1600,4236,-8810,-230,-734,5232,1837
2,-4688,-641,5,2468,526,4024,-8428,-156,1377,7670,1588
742,-4688,255,1088,2088,2220,3856,-8720,-604,1257,3203,2561
-282,2354,791,1043,-6638,4100,4588,-9144,-302,1000,51,4136
2482,2114,1,1225,-5584,18,4552,-9662,1356,762,40,5234
-286,2736,-1713,1074,644,276,2952,-9762,-696,1216,1670,4971
-136,-3758,-1789,7,134,2680,4660,-8452,-168,1981,1467,2725
1060,-4622,-705,1038,18,550,5628,-8232,16,3076,4507,571
738,-3600,-1201,4177,6432,-3478,5006,-8246,-290,4487,7204,-1277
-214,-4620,-601,4104,5652,-2288,4710,-8712,-816,4646,7890,-2244
98,1712,-503,5120,8,-4032,4310,-10006,-1230,5291,8461,-3508
2122,1476,-33,4122,8193,-4060,4030,-10354,-1372,5470,10428,-3738
-214,-4680,-761,5400,11009,-3770,4394,-8818,-980,5929,12198,-3669
-158,-3900,-641,5065,8706,-3832,4446,-8292,-1228,5029,13230,-3560
3110,-4560,-2489,4632,11689,-3936,3786,-8814,-1810,4639,11572,-3873
2854,1302,-2555,4098,10672,-3024,3878,-9418,-1616,4143,10726,-2904
2806,-4430,-1789,3332,8192,524,3548,-8820,-740,3335,10190,-835
-18,-4686,-749,2048,2048,160,4454,-8322,548,2331,6905,751
-218,-4680,643,2208,2208,514,5206,-9194,1596,3324,8041,729
2484,-4152,-1271,2306,2180,23,3954,-8488,-312,2674,7704,24
1974,2256,-765,1410,392,-2773,3190,-10490,-190,1337,4974,-50
2914,-3916,-481,1285,2064,33,3920,-8612,-336,1924,2186,469
-254,-4528,-639,1836,2568,1091,4566,-9058,86,1898,3120,1556
-206,-4102,267,2065,1089,264,4376,-8432,-716,2631,3808,1277
-178,-4114,255,547,2378,68,4358,-8438,-984,2767,2819,16
-152,-4494,319,512,48,-4044,4202,-8456,-992,2716,2100,-1102
-286,-3664,-625,1540,2653,-2856,4794,-8124,-852,1612,2718,-879
372,-4012,-461,1092,512,-1534,4726,-8602,-880,1708,5148,-1346
230,-4272,-679,188,323,-3068,4542,-8722,-924,2232,7219,-2106
-222,-4684,-241,0,2836,4,4492,-8650,-704,2340,8137,-1895
226,1714,-137,514,8320,35,4518,-9354,-1164,2814,9204,-1735
2,1840,-2049,82,8320,832,4504,-9884,-1436,3486,9385,-2114
402,1486,-1785,97,10240,770,4798,-9594,-960,3699,11216,-2049
514,-4688,-245,49,8229,98,5050,-9122,618,3351,11905,-842
-132,-4682,-769,3388,8208,266,4536,-8988,538,3932,11358,-632
802,-4432,-191,513,8200,115,5334,-8788,428,4621,10217,-625
1006,-4168,-1753,128,8705,72,5556,-8600,-200,4243,10017,142
482,-4240,-1793,3306,8224,6,4964,-8750,-1008,3273,8718,268
236,-4612,-2141,2592,68,17,4672,-10364,-768,2250,6014,868
1766,2288,-1723,1363,1836,24,3594,-10466,-902,1723,3772,906
-214,-4670,-761,2532,2053,1166,4142,-9154,-56,3077,2364,1249
-250,1546,-589,148,418,1032,4580,-9712,322,3789,4665,1385
-122,-4686,-223,0,113,738,4414,-7890,-598,4058,6399,744
3314,-3518,263,136,1824,-3968,3746,-8000,-974,4307,5982,-1023
2802,-4170,-707,9,4896,-3808,3566,-8214,-928,4068,5020,-1732
-218,-3664,-609,273,2568,-2928,4148,-8082,-518,3471,6717,-573
3300,-3646,-741,144,3338,-2520,3948,-7888,-1044,3319,7398,-371
3058,-3600,-511,528,4224,-1872,3844,-7784,-536,2734,6715,-560
-284,-4648,1953,1157,7952,570,4292,-9262,3744,5688,8266,760
-8474,-2544,-737,9100,9837,536,-5880,-14156,1718,11610,15892,9529
-8172,436,2335,1049,12849,608,-4638,-10340,3068,13878,12708,17459
-4254,-4112,-8417,2432,386,4098,-3640,-5872,-942,11445,9681,21167
-1266,1266,-13825,5123,6400,6213,-494,-3568,-4676,4645,5729,25147
-254,-3404,-16897,21056,1120,2596,4112,1842,-6610,-2200,-7778,13282
4322,-4620,-6209,16384,11016,8340,5984,-874,-5336,-10880,-5589,13561
9474,-576,-4525,16433,870,259,14006,-1792,884,-12867,-10171,9200
3814,-16,-3741,5924,1154,4116,6912,-3758,-594,-18849,-9135,4349
9986,-4364,3,-12288,85,-8044,3034,-7124,12370,-698,6563,-7835
7938,-4686,1361,0,2116,5136,6836,-1020,2340,-3036,2621,-9217
7012,-4416,1415,-6424,-2024,324,7438,-3690,3084,-4488,-591,-15251
1828,-4160,-761,-6136,3,0,1754,-6416,2804,-5192,802,-19935
-8442,-2508,-129,2148,2217,136,1504,-6412,1038,-6720,-1095,-20348
-4310,-1616,-729,-11966,96,8230,4736,-10420,-902,-12224,3263,-24413
-4218,-4682,527,-14036,6602,11392,6344,-16716,1960,-12336,16456,-20980
-3358,1464,-701,25,1855,1288,-2250,-18980,-538,1762,32767,-11780
-5372,444,-431,5136,16642,2058,3492,-9280,-640,5209,15671,-5469
100,-4656,-237,41,5764,4224,3146,-8484,-2996,254,4910,125
1010,-4622,-377,-1632,4166,3336,3304,-8846,-1950,-1663,4251,3720
-5370,2096,-2265,448,258,778,2392,-9306,-1574,469,4354,1684
1830,-3376,-1751,1328,65,1090,3576,-7386,-706,1715,4213,1174
1828,2258,-1281,3078,2176,529,4018,-9474,-616,-730,2008,3703
226,-588,-303,104,-7792,20,5742,-10628,1412,1818,-576,4189
1026,-4600,-705,146,2087,144,6162,-8868,762,1108,4270,4390
802,-4254,-1693,146,5184,144,6056,-8592,-366,2012,5284,2263
3810,-4104,-1529,2325,5132,129,6522,-9114,-256,3325,6018,197
1058,-4336,-1535,4138,5713,-1784,5526,-8946,-408,4761,8403,-1168
-286,-4684,-2559,4140,60,-2042,4560,-9422,-1306,5750,9166,-2012
-190,-4624,-2753,4369,2452,-3072,4360,-11200,-1518,6161,10977,-2387
226,1792,-2801,4704,4232,-3183,4622,-9744,-1018,7131,14691,-2082
248,-4302,-2815,4131,7810,-3353,4988,-8226,-1190,5717,15912,-1034
3048,-4428,-2047,1,8194,-2036,3828,-8826,-1534,4190,11957,-1533
-158,-4620,-2561,408,8192,-1900,4206,-8742,-704,5095,9836,-1784
2806,-4110,-765,1256,10274,-1261,4024,-8450,-128,5439,10585,-1147
-286,-4368,-635,4034,9293,-1920,4722,-8294,-36,3917,9385,-277
2914,-4492,-2817,192,8,-3063,3784,-8664,-892,2746,6066,-568
2932,-4688,-1793,1204,545,-3520,3978,-10416,-516,1654,4765,-435
2882,-4684,-705,1408,48,16,3840,-8764,154,3703,4955,120
-284,-4428,-705,2308,512,14,4374,-8972,-12,3031,4629,757
266,-4024,-631,2051,1088,193,4526,-8378,-746,2572,5122,64
-286,-3920,-715,1116,339,-6015,4614,-8318,-1298,3342,4942,-1970
-172,-4622,-63,660,4321,-3062,4420,-8542,-1234,3545,4816,-2927
3810,-3600,-373,2052,553,-3819,4798,-7824,-1096,2856,6085,-2225
82,-4424,-1,2260,1558,-2048,4446,-8458,-1324,2489,7814,-1754
-254,-4560,-727,5,2176,3,4126,-8518,-1504,2036,7122,-1915
2036,1760,-257,16,3648,1792,3850,-10456,-1632,2088,8058,-2176
-156,1466,-763,2049,8288,648,4302,-10128,-1202,2417,10009,-1296
-20,-4684,-577,2112,8256,16,4432,-8768,88,2653,12354,44
98,956,1309,2362,8192,132,5600,-9564,2132,3051,12314,156
578,1456,-769,6,8198,69,4962,-9362,490,4583,12501,-749
266,-4678,-1681,138,8468,64,4544,-8768,-516,4402,10235,118
626,-4688,-1793,52,320,76,5140,-8544,-208,4121,7899,339
2082,-4516,-609,2344,38,129,6992,-6184,428,1608,7754,377
-94,-4644,-1665,2080,1057,-2796,4652,-8764,-1118,2234,7019,-796
2790,2608,-1761,32,1793,-3838,3290,-9650,-1054,1072,3895,-1147
2786,-4672,-701,769,792,-2735,3420,-10682,188,1036,2889,-612
-158,1584,-747,1560,1796,-2496,4090,-9262,140,1636,1772,-155
790,-4606,-545,2560,2162,532,5142,-8868,138,2737,3400,552
3898,-4176,-731,3010,4369,546,4842,-8422,-1082,3001,5432,884
-252,-4560,-207,2048,4416,576,4260,-8578,-1368,3088,5555,600
354,-3530,-543,2840,5125,20,4702,-8042,-756,2993,5471,216
786,-4526,-191,1548,2560,9,5168,-8594,952,4020,7129,257
1282,950,1425,2048,4368,514,5464,-9732,3060,7830,7562,587
-3962,-384,-243,14100,8609,104,-652,-12772,4792,14285,15386,6852
-24844,-3086,3411,20893,64,1026,-6284,-13208,4694,20732,19843,16413
-4380,-312,-8625,1352,3114,4113,-2350,-5272,-2490,10823,11223,23781
-118,1464,-8413,2055,4100,148,7416,-2822,-4526,1473,15480,21221
4582,1624,-8799,9505,-12285,12297,7160,-2506,-4960,-6105,-10658,13853
5062,-4176,-8931,5827,656,269,4834,132,-4136,-10842,-8823,10477
5350,-4620,-4839,17152,2059,256,5708,-458,-2542,-16296,-4785,4599
4068,-4176,-511,512,-3900,2608,5930,-3562,346,-24283,-4043,2688
8036,-4528,1925,138,9892,66,19502,6108,32637,-5155,10848,-4189
8418,-4270,5387,104,84,0,6206,-826,6128,-1289,917,-11028
4226,-4688,255,-2029,137,2562,6792,-4830,5700,-2044,2558,-13199
2882,-4654,-481,-3246,256,480,2734,-4362,390,-3208,1499,-19885
-8350,-4168,-193,146,-6118,8257,790,-7526,994,-3650,-3919,-23797
-8398,-4478,-129,392,1553,11600,2234,-9260,3126,-6424,4721,-20255
-8332,240,-753,-5946,515,13474,320,-10940,938,-5165,14348,-18994
-8406,-70,-769,-4849,132,320,2130,-10978,-596,-4575,16677,-16235
-8318,-64,-717,-4095,1152,2433,456,-12700,-822,-1552,18303,-13642
-1820,-448,-417,32,560,6846,-430,-10012,-1622,787,16575,-7969
-8284,-162,-765,-3968,433,264,1424,-9274,20,-2088,8549,-1258
-4298,-398,255,128,9730,513,4808,-9802,1732,-1207,10141,2684
-216,1720,-511,6,9274,517,5444,-10524,1338,1725,9061,1886
-250,944,-513,2060,1344,242,5342,-9356,-458,2577,5238,1856
886,2800,-769,642,1164,3200,5734,-9928,-2126,749,3190,3744
494,2498,-3361,237,32,2,5502,-9318,-2674,1437,729,2386
2314,-4686,-1153,1552,1040,700,7380,-7668,-944,614,2007,2681
3862,-4656,-1343,1410,5637,528,7408,-8566,-828,1784,6280,771
1770,576,-2273,0,132,-723,6068,-8492,-1650,2385,7643,-1021
1900,1122,-2617,2184,162,-1854,6112,-9506,-1368,3944,9586,-1766
298,1574,-3329,3370,33,-1208,4434,-10916,-2320,3921,10295,-1212
-128,1584,-2817,3619,564,-1720,4376,-9698,-1908,3547,9693,-607
350,2674,-2625,2216,292,-2040,5632,-9582,-810,2535,8690,-976
930,1976,-2145,170,1536,-2048,5538,-9228,-60,2383,10469,-1375
1130,1456,-577,4192,8193,-3200,5742,-9716,148,4416,12595,-2115
952,1456,-1917,4642,9218,-2044,5382,-9370,-152,4616,14131,-1299
386,-4654,-1793,384,9937,-1728,5102,-8736,-1192,3401,12090,-616
746,-4620,-1725,2177,9472,-1536,4922,-8788,-634,2512,9245,-400
-140,-4678,-1793,2129,2120,-2044,4716,-9304,-122,2327,7685,-338
-270,2048,-1713,4,2214,64,4742,-9608,-458,1081,6983,747
-22,1474,-921,532,1325,10,4964,-9518,-312,1897,5823,661
1026,1802,-703,810,1058,192,5286,-9776,-48,2004,5080,327
146,2742,-633,48,289,-3028,5318,-8988,-998,2318,5580,-74
226,2174,-225,2571,4230,-3872,4558,-9326,-1396,2764,4967,-766
-282,-4304,135,960,4360,-4041,5292,-8682,-1194,3067,5161,-584
840,-4280,-251,2761,2080,0,5548,-8752,-1288,2695,7521,64
778,-4676,-475,2048,8322,-1535,5054,-8518,-1712,2673,8317,-580
-22,-4544,-625,1588,2569,-1342,5000,-8508,-1572,1961,7646,-1341
-218,-4552,15,83,2080,-1911,4772,-8960,-1306,1554,7135,-1856
268,1540,-721,1033,3073,141,4720,-10292,-1518,1562,7531,-1894
36,1728,-2173,336,2816,0,4536,-10132,-1386,1866,8177,-1469
290,1456,-1249,1291,8717,-896,5284,-9838,-632,1285,9207,-857
740,-4682,-667,139,8848,-926,5228,-8760,-170,1212,9209,-544
994,1300,-767,596,8464,-893,5450,-9408,52,2043,9685,-606
994,688,-433,259,8322,-640,5904,-9918,150,2878,10431,7
910,1768,-305,3075,8976,648,6252,-9938,390,3213,10048,787
2042,-4620,-641,3432,2320,8,6392,-8982,18,3426,7971,228
226,-4608,-1631,2362,2824,-509,5506,-8280,-148,2834,7414,-777
-222,-4400,-1793,2097,2048,-1455,5460,-9022,-520,2548,7018,-302
-284,-4686,-769,1510,402,20,4922,-9128,-30,1395,4432,1
-270,1728,-607,1608,160,-2816,4702,-10414,544,1794,5021,-255
230,2112,-185,1280,3608,292,4664,-9548,398,1468,3482,361
466,-4668,-509,1153,398,1033,4942,-8936,122,2019,3557,1202
610,-4040,515,2052,4390,514,4946,-8474,-784,2755,4602,842
-178,-4670,-439,2736,4136,274,4760,-8478,-1396,2758,4789,403
240,-4688,-159,832,838,-256,4788,-8664,-1568,1925,4073,-58
746,-3904,-189,176,4228,-468,5122,-8330,-1064,1244,4320,-263
42,-3904,775,902,4808,0,4750,-8550,-66,888,4865,-139
1000,-4592,-633,19,4103,78,5412,-9166,2084,2561,4959,308
-4366,496,-577,8480,2433,2089,3678,-12194,4122,9087,12377,2599
-19484,-3664,3339,15872,2411,240,-2892,-13424,4078,16375,23319,12036
-22558,1104,-381,833,2112,2196,-5848,-9046,928,12870,18487,19614
-4218,-48,-8449,258,4162,2321,-2556,-4676,-3236,4918,14897,24753
-282,1672,-15041,12356,2371,4098,8718,-2630,-3450,-2264,8539,18785
4870,3512,-8949,10244,-11859,784,7564,-4306,-4806,-6860,-7703,11485
566,-576,-15617,224,1544,12310,1664,-2144,-9440,-13115,-15786,10240
4388,-2374,-7853,3106,32,8350,5702,-3078,-3752,-21582,-11730,9470
3938,-4166,-753,36,720,2368,6810,-4194,-526,-22520,-10728,2122
8354,-12360,2155,-7934,74,64,-894,-2140,7146,-1050,-6405,-6902
6146,-4670,3547,-4094,4464,134,6526,-2274,3902,-3155,5967,-9750
5890,-6448,-673,-6072,32,16908,6240,-2648,2078,-4793,2143,-14785
-760,-4560,-673,-5792,12,1547,-668,-4810,670,-5057,863,-19442
-7966,-4270,787,-5372,-2702,11270,266,-8370,1240,-5341,-589,-20846
-7184,656,975,593,144,12833,3068,-9792,1404,-7440,10007,-20073
-8398,-3920,-455,0,16479,12618,2312,-13872,336,-4013,16585,-17972
-7772,-2566,-769,64,1668,12978,1458,-14066,-2606,317,20684,-17652
-3542,-464,287,4586,1056,1348,-2142,-11742,-970,6073,24559,-10690
-7454,-64,-673,2122,12803,340,1688,-9346,-2122,2121,12049,-5992
-5518,1528,-767,2568,4098,718,2938,-10266,-2082,-1550,5432,-1103
2,-4608,-225,1568,5380,532,2932,-8946,-1264,-70,6001,687
-30,-3426,391,3102,300,6,4344,-7822,-466,-406,4662,1916
490,-4522,-241,4160,1328,2571,4774,-8996,-730,-887,3274,2820
242,2636,-1793,4480,1088,1844,5166,-9420,-1166,87,1617,1774
1762,1696,-641,388,512,51,7876,-8028,-1016,1728,1687,36
2474,632,-1767,648,1540,440,7072,-9538,-296,1195,3943,1265
1862,1200,-2537,2240,1,-2047,6502,-9552,-1282,3430,10088,-1010
994,1522,-2539,2056,4128,-1871,6362,-9514,-1948,3139,12571,-1410
-30,2106,-3689,3106,4288,-1535,4820,-10740,-2824,3513,12626,-1196
358,2482,-2865,2082,1744,-2035,5074,-9892,-2032,3012,11955,-962
226,2742,-1745,1792,3106,1,5592,-9516,-408,2002,11717,73
876,2488,-1377,128,8260,-1710,5170,-9720,-152,3390,13809,-160
374,-4688,-769,0,8193,-2810,4964,-9120,-4,4339,12733,-696
808,-4680,-1789,3388,10659,-1824,5172,-8884,-756,3897,11044,-235
886,-4112,-1761,3092,9276,-1013,5306,-8552,-752,3353,9633,-124
754,-4480,-1433,2131,8368,11,4908,-8820,-740,2039,8209,49
226,1730,-769,16,2632,516,4480,-10578,66,1651,7012,701
930,-4654,-759,168,4370,397,5092,-9482,-1064,1316,4977,1912
232,1460,-345,2312,16,1920,5312,-9596,186,2217,3997,1989
1082,-4040,423,544,2562,326,5770,-8340,-840,1497,2595,404
3814,-4508,-769,128,71,-4064,5224,-8892,-1742,1178,2132,-1518
248,-4686,1345,69,8,-3896,4864,-9078,-1926,1241,1531,-1811
1010,-4422,-729,321,2122,-2043,5960,-8990,-1368,892,2317,-891
738,-4552,-257,16,1570,-896,5576,-8712,-1548,559,5692,-483
-30,-4584,-755,192,74,-1240,5038,-9264,-1186,256,5312,-1093
-222,1768,-725,208,2816,-1258,5304,-9998,-660,1534,8167,-1162
-62,1472,-449,2577,11264,82,4982,-10128,-806,2761,11599,176
548,1464,-641,144,10760,266,4934,-9578,-1000,2954,11786,446
920,-4160,-1277,833,8353,0,5356,-8500,-426,2865,11506,601
1458,-4664,-895,66,8324,266,5960,-9006,-120,2464,9833,298
1026,1618,-753,2657,9056,-764,6098,-9906,38,3051,10158,-255
774,1842,-769,3074,8225,24,5678,-10236,178,3715,10542,130
614,1968,-1425,2240,8960,160,4940,-9312,-152,3215,8881,648
826,-2624,-255,1400,3200,6,5946,-7446,142,1652,7609,618
-126,-4686,-1281,2632,594,-952,5206,-8934,-334,2570,6057,-36
-150,-4688,-2143,132,6,-970,5358,-9068,-884,1151,4327,-434
-268,1652,-769,3592,512,-1536,5238,-9986,-128,-78,1588,-230
-286,2000,-507,401,1078,640,5190,-10430,270,1044,1176,743
242,2104,-753,66,2212,672,5770,-10398,-148,2184,2472,864
-120,2076,305,580,2178,166,5090,-9132,-820,2809,3300,259
3846,-4240,-121,102,328,26,5778,-8312,-490,2176,4537,54
502,-4416,23,2097,4536,-2815,4796,-8832,-1464,2153,5662,-770
110,1842,-765,2184,4672,-1277,4478,-9074,-1622,2743,5751,-1251
-254,-4688,-609,172,2196,-704,5132,-8816,-998,2245,6681,-150
-16,-4550,-765,384,346,-984,4804,-8558,-786,2471,8088,-287
298,-4140,-73,2592,8320,-832,4696,-8342,-412,2725,8397,-834
254,-3660,-641,137,8192,1,4436,-8280,-466,2868,8733,-982
2422,-4680,-769,2056,8264,274,3618,-10478,-840,2401,8185,-696
2684,2568,-625,2196,1538,-334,4130,-10010,-368,2683,8095,6
3046,2904,-765,2057,8216,860,3732,-9214,1220,2072,9355,2094
3316,-4676,-767,232,3730,145,5016,-9446,2870,2585,7906,1611
742,-3532,-749,1024,1161,610,5300,-7772,2222,3118,5981,490
2478,962,1345,5190,72,8,3614,-9620,1990,5625,11061,3669
-4350,-584,-255,512,15424,4224,-3208,-10656,568,7874,16203,13554
-22430,58,-2799,1024,8288,1024,-5764,-10140,-930,5061,8419,19836
-8140,-4608,-6877,259,8720,6147,-6648,-8478,-2386,2786,-1789,23278
-2318,-4300,-16453,1088,5137,3124,-2170,-6522,-3036,128,-7146,20152
1130,-190,-14897,16516,-4086,17408,7598,-2262,-4472,-4355,-2870,17113
10210,-2616,-7935,16652,2853,6672,8836,-4600,-2116,-6859,-14283,12866
7922,-1600,-4225,17122,-12284,544,8064,-2350,-2190,-15785,-10740,12336
8418,-4672,303,4097,-3568,544,17482,4202,-24984,-17147,-12281,5474
16142,-20940,-769,1296,-13888,136,2772,-6692,5982,1666,-8310,-8773
5874,-4652,-701,-3248,44,2144,6168,-3050,2310,-1224,4940,-10319
6388,-6584,1287,-6644,2184,17728,6572,580,1570,-6747,1507,-12222
376,-4652,-1457,-5504,517,2048,620,-5090,50,-5509,425,-22442
-6106,-4622,1347,136,64,8800,2996,-8712,2244,-6784,6903,-23867
-7378,-592,403,643,1032,32,1282,-11174,1550,-4765,13909,-21459
-8022,232,-365,640,16480,13322,1982,-12788,354,-1612,16635,-18986
-2232,-2064,-663,12,18503,608,-1148,-14816,-1736,1275,19578,-15179
-2312,-334,-617,528,36,512,-820,-11922,-1922,1746,16603,-9164
-8474,880,-191,536,684,805,344,-9490,-1740,1728,9634,-4104
228,-4624,-683,2640,321,56,3288,-8106,-1626,-312,6040,12
-284,-4430,-737,3715,6152,1056,3396,-9042,-1950,-296,6153,1125
530,-4432,283,5120,1657,1295,4992,-8800,-908,-382,3650,2049
2948,1132,-769,8,2404,5,7240,-9300,388,378,2609,2120
3816,944,-639,676,4104,212,6754,-9784,-94,3111,6035,653
3900,948,-2305,4436,1162,-1792,5234,-9522,-1668,4394,9737,-586
1298,2140,-2801,4427,1,-1483,5932,-9108,-1416,4400,11295,-1273
998,1768,-3821,4230,4354,-1920,5548,-10782,-2542,4069,12877,-1287
-218,2736,-2817,2240,64,-1152,4584,-9128,-1812,3125,12347,-1100
1122,-4528,-1791,2619,4873,-3216,4916,-9126,-1208,2588,13139,-1019
4086,1792,-1567,1031,4649,-1992,4972,-9316,-36,4018,13064,-950
418,-4680,-2225,27,9504,3,4722,-8786,-380,3764,11999,-107
756,-4608,-2289,3072,9216,258,5256,-9062,-128,3186,9736,410
-286,-4624,-2299,2049,1040,-2743,4744,-9104,-642,2468,7307,-13
266,-4556,-705,1829,512,-3308,4762,-8932,-88,1865,4625,-27
258,1700,-705,709,80,544,4750,-10272,-82,1080,2709,667
802,1978,-605,305,561,194,5606,-9432,226,2497,2846,474
-278,2704,521,324,19,-4574,4688,-9452,-830,1932,2847,-265
-252,-4678,2319,132,2594,-3520,4366,-8744,-1106,1497,2773,-1129
-214,-4366,399,265,320,-1774,5238,-8424,-948,1278,2472,-1004
-94,-4416,-695,8,1296,-438,5592,-8896,-988,1037,5725,-384
484,1712,-2689,1361,0,8,4826,-9182,-1346,1261,6066,-937
562,858,-753,138,2048,65,5036,-9232,-776,714,6357,-1206
868,958,-225,274,8272,8,5264,-9586,-174,1893,8699,-732
160,1744,-713,12,10240,264,4892,-10462,-896,3843,10667,-737
742,1464,-693,1314,8202,644,5030,-9890,-1308,4023,11276,-357
290,-3994,-1537,320,2120,280,5722,-8418,-792,2834,10267,353
962,-4688,-1665,512,8352,-927,5692,-8850,-882,2810,10013,-302
786,1492,-637,2273,8272,-512,5988,-10046,56,3094,10903,11
502,-4404,-697,3098,8326,65,5030,-8846,472,3599,10740,262
746,-4518,-749,3072,1537,-1910,5016,-8922,92,3116,7598,-666
-22,-4392,-1597,2319,2082,-2988,4378,-8814,-1078,2192,6091,-987
-278,2000,-1281,196,3665,-2734,4486,-9440,-652,997,3748,-567
50,1904,-243,1038,2112,24,4928,-9836,-316,1154,2158,90
742,1744,135,1248,35,2,5596,-9598,-254,1751,2564,86