2870,-767,-449,80,1507,613,-8862,-20185,-1037,12133,-12635,16558
2884,-327,-453,2513,4725,2597,-6380,-14231,-3639,11943,-16938,16538
2210,475,-595,3251,6591,3358,-5622,-10973,-2541,8691,-15264,18017
1596,475,-653,2580,6265,3269,-2672,-11751,1543,6511,-10877,19218
1828,667,-1003,3182,7612,3511,-2936,-12251,1137,6705,-3406,19047
702,-441,-1605,4122,10157,4519,-1184,-12165,1695,11213,-3298,15587
800,361,-1665,5972,10284,6039,2952,-11183,3573,17157,-6230,12101
802,1589,-1871,6633,10762,8072,6930,-6119,925,20925,-4709,5858
-616,1489,-1733,6819,10030,8386,6898,-2255,-3805,20246,-1506,-1273
-1188,789,-785,5743,6844,6430,4944,-765,-6545,16152,1856,-6491
-848,1261,-421,3587,4501,4651,2274,9,-7873,8943,-627,-10694
218,1519,-731,2313,3858,3457,-1416,-1129,-8649,-684,1860,-13708
1690,2431,-265,4142,6129,3090,-8688,-3907,-7545,-9939,8493,-13041
692,1377,13,5381,7353,2191,-13012,-7495,-6599,-15872,5586,-8823
540,-337,61,4624,5161,265,-16018,-8355,-4641,-18779,10275,4071
836,-951,1075,1750,1323,-1074,-13456,-6363,-5773,-24937,9153,5375
826,-13,-37,-1648,-2090,-1187,-10638,-9195,-3265,-32768,6141,4689
3658,-2299,1361,-679,-147,478,-12410,-15905,997,-29770,-5501,4425
4236,-2047,1649,870,2720,1428,-9468,-17405,9823,-18520,-14537,11764
2864,-1201,425,4808,7493,3294,-3312,-16189,12135,-6872,-6814,18392
1040,-173,-285,4640,8128,3692,694,-13307,8755,5649,-5859,18722
482,227,-635,3634,6524,3861,4022,-10577,5243,12908,-3023,14911
434,77,-591,4035,6258,3973,6128,-6449,2071,16616,-3445,10246
610,609,-455,5772,6847,4486,7492,-2831,473,16865,-4224,5277
-198,1491,-223,4896,6474,4999,8188,617,-1685,16495,-4121,-3618
-884,1105,-355,2577,3883,4543,6782,911,-4741,12880,1055,-8585
-328,797,177,1273,2645,3325,2762,1181,-8407,9871,3015,-12615
-124,-753,-847,2610,5152,2408,-2842,-1295,-11011,5111,8290,-15342
580,-2217,-1137,4834,9035,3065,-9102,-4157,-10579,-6026,5895,-16259
3326,3551,-509,6986,8935,3793,-13106,-7319,-11475,-19523,2357,-7631
1978,2193,-1225,5203,7339,3863,-12568,-7795,-7161,-21576,-1342,465
1220,-183,2809,2022,1876,1227,-11658,-6963,-1211,-26339,5214,2324
5354,-4691,3247,-1720,-4939,234,-12772,-10985,1199,-22933,-243,5385
3340,-1951,733,3944,8595,3249,-8088,-11453,6423,-14852,-7799,9513
2750,-1467,1025,6469,8809,4555,-3978,-10565,8247,-9047,-3183,14763
1006,1051,-647,3953,7011,3883,-1096,-9147,8227,-667,60,14828
758,315,-5,206,1332,2219,732,-6747,7379,4866,-324,13257
1180,-995,-493,805,1934,1806,2152,-5197,4541,9016,-368,9115
824,-843,-791,3906,6249,2986,3882,-2855,1495,13710,-6699,4118
978,803,-1053,4951,6546,4116,6530,-437,-843,13095,-4672,-1546
502,1257,-1459,4215,6151,5683,4646,729,-3901,11005,5233,-5035
-756,-85,-1373,3499,4784,5530,1172,205,-5909,7331,3364,-8054
-734,-713,-1665,3448,3739,4807,-816,-1251,-7175,5274,6875,-10224
556,859,-1403,4057,3940,3875,-3994,-2183,-8629,1966,9500,-10949
2054,1089,-201,3313,4457,2922,-9756,-2803,-8669,-6205,9843,-9723
3242,1571,-545,6573,4806,2170,-13088,-4057,-9619,-15353,2575,-5730
2518,-37,2225,5643,2957,1705,-15494,-5011,-6493,-22457,3841,73
2598,-2547,2109,2374,-988,576,-13270,-6621,-3287,-29208,8007,3547
4134,-2447,2155,5735,7551,3311,-13196,-11869,2477,-29332,7,6232
1458,-1533,2407,5505,7919,2335,-9428,-15709,7861,-21384,-5383,13506
2584,261,1989,1673,2402,751,-4942,-13551,10151,-8901,-6375,16168
1520,415,59,-1271,803,-201,1088,-10909,9883,4568,-2449,16545
780,-1101,-739,-1132,747,-424,1872,-8143,6519,11085,1177,15422
490,-1411,-985,1398,3816,102,4364,-5333,2979,15910,-8587,8777
866,653,-1223,3439,5719,1129,7442,-1741,15,16416,-5371,1566
236,1211,-1149,3519,4974,1947,5848,209,-2423,13298,3114,-2689
136,55,-661,1855,2930,1635,3122,369,-5605,9366,-3729,-8702
140,-1717,-1013,2269,3955,1842,468,-1283,-7943,5571,1777,-12910
842,-2907,-1333,3248,6556,2724,-7226,-2797,-9079,-52,7479,-13222
4384,1435,15,5247,7853,3259,-11320,-4563,-9557,-10692,3244,-9666
4724,1277,-73,4826,7980,2894,-13818,-5445,-8693,-17087,-2714,-2662
2590,-39,1641,2515,2783,1156,-12954,-4867,-1751,-24549,-1858,1872
5312,-2607,1825,1268,1801,1994,-12780,-7907,1185,-29582,7551,6507
1586,-1027,307,3399,6960,2638,-12272,-12835,4617,-27472,3791,9247
986,-833,915,4769,6504,2521,-10760,-15405,9323,-14471,-5763,15970
1078,673,683,1369,4502,2058,-684,-12473,9795,-2713,-6760,18979
1364,633,119,-589,1487,1785,3328,-8385,7861,6859,1468,17603
1084,-703,-477,834,3213,1551,5124,-5409,4941,12299,-1774,12765
918,165,-1485,3762,7272,2794,6078,-3445,1719,13479,-1660,8079
246,769,-1821,4746,7749,3811,6112,97,-525,14630,-1850,-195
-86,749,-1351,3947,6112,4491,4062,1263,-2991,11990,835,-6359
28,691,-959,4019,5074,4758,1182,721,-4531,9193,-1795,-10252
-72,571,-1001,4370,5678,4729,-766,-1051,-7835,5613,2010,-13071
-446,53,-829,4737,6248,4424,-5128,-3659,-9659,1728,10354,-13165
-764,-259,-221,4490,6192,4179,-9662,-5127,-9813,-6621,7483,-12742
454,-61,187,3642,5470,3746,-15154,-8211,-10291,-19971,-604,-3858
5168,4157,577,3890,5812,3792,-12496,-7775,-6127,-26606,1750,5770
3552,2077,97,6478,8399,4132,-14638,-10547,-1801,-29996,235,4806
918,-1229,1239,2887,2893,1774,-10832,-12423,3833,-26578,-1585,11120
1728,-2073,-123,552,-426,757,-9382,-14009,6697,-21074,-1507,12259
3132,-1963,-549,2025,2095,1691,-4992,-14405,8959,-10642,-6034,15026
2498,63,899,4488,5391,2266,-444,-11703,9351,-885,-1528,17350
1588,-771,1145,2928,5067,1878,1812,-9443,8363,5992,-1431,16623
710,-317,-459,343,2839,1310,3880,-7195,6251,11146,755,12072
448,-1017,-747,1565,4376,2506,5304,-4813,3101,13748,1914,7327
854,553,-503,3513,6459,3906,5376,-2245,531,14310,2083,3906
314,1075,-609,4226,7142,4605,4922,-31,-1401,13624,4115,-743
-714,91,-747,3139,5538,3534,3964,-511,-4451,11895,4470,-4280
198,-683,-365,2197,4676,2607,2486,-1321,-8087,10049,5911,-6854
688,-1875,-863,2984,7548,3170,88,-1157,-11689,9130,10156,-9564
1776,-1121,-857,5852,9802,4431,-5138,-1321,-15179,-800,7188,-13875
3742,4593,15,4900,7860,4883,-11066,-4521,-14803,-15378,-4629,-14244
1484,2189,1537,5208,4408,4022,-11762,-6011,-9865,-21276,-3499,-11275
1570,-1447,2435,1796,-1828,1028,-13008,-10129,-4447,-28422,4718,-2697
2360,-2277,875,2321,-436,2295,-13854,-12095,-1711,-25056,-690,-2224
1942,-861,977,5296,8168,3791,-11912,-14059,3853,-21172,-7768,7618
750,-191,2471,5889,5613,3278,-8894,-13361,5489,-16408,-4636,12696
1306,789,1207,4421,5784,3091,-3674,-11177,7357,-6587,-4355,14431
-72,403,775,-1624,-855,1056,-1722,-8377,8119,-1068,887,16275
526,-1401,57,-1368,-1090,629,-1088,-7881,6573,2433,158,13826
840,-253,-137,1551,4579,1939,972,-6593,4277,8390,331,10460
278,1241,-513,2265,4700,2011,2708,-4601,4215,11444,2133,7625
338,901,-651,1419,4063,1220,2518,-2133,725,12708,-1274,4665
370,-771,-779,1904,4472,568,4412,-1317,-1975,13602,-4220,-966
726,-3549,-1623,3111,6126,1276,4044,25,-6879,11099,-1724,-5929
1540,-1595,-1091,5043,8706,3278,-190,155,-10651,8074,3712,-9449
3926,2285,-627,4273,6647,4451,-6278,-1353,-10823,-1712,1623,-15521
3868,2989,955,4242,3093,4127,-11692,-4895,-11513,-16273,-1434,-13533
2308,-1173,2939,1766,-1721,2202,-13840,-7477,-7817,-23213,-4739,-7537
2954,-1859,853,1395,-3107,2273,-13342,-9699,-2283,-24076,-6020,-57
1794,-775,369,3804,6125,3947,-13660,-12485,2321,-26709,458,8361
786,-1175,1605,2841,3794,2826,-12446,-14971,5987,-18980,-7028,13184
2210,-267,1079,2656,1888,1767,-5230,-13541,9367,-7553,-6696,18958
2084,-589,1091,1591,4037,1883,360,-10253,8421,1276,-999,19556
1922,-1493,1849,733,1921,1297,1570,-7703,6675,7477,2247,17160
1348,-1197,651,195,2468,730,3882,-4913,3179,12910,-2660,10330
760,-1207,-667,1281,4547,1265,4414,-2949,1189,14237,125,4506
716,405,-885,2125,5244,1698,3316,-663,-2069,14479,-5944,-1903
584,953,-1273,2503,5511,2566,3578,1279,-2733,11106,-5929,-6408
-112,473,-1141,2741,4586,2658,1144,1321,-6021,7695,-3203,-10687
-286,-827,-889,2566,3374,1906,-2416,-2155,-7157,2343,4696,-12206
386,-2483,-955,2635,4298,1745,-7170,-3941,-7215,-2850,4203,-12160
3406,939,-937,6029,6582,2214,-9910,-5219,-10167,-14107,741,-5989
4488,2067,-41,6315,8006,3062,-12158,-4301,-5091,-20703,3165,-2961
2070,-545,3201,3203,2644,1737,-12886,-6465,-3523,-26606,6048,-323
3812,-2479,1203,461,-997,2092,-17116,-11055,-791,-22114,6415,5401
1948,-1565,475,4110,8586,3630,-12810,-12947,3057,-20387,-955,11267
480,-1295,993,3621,6173,3342,-8764,-13513,4603,-12107,-4168,17164
1746,907,391,1966,3645,3021,-846,-9803,6629,-2207,-5693,20252
768,3,179,906,3993,2887,3896,-5685,7235,1334,5626,19041
730,-877,111,2263,3647,1308,3894,-4625,5085,6033,3293,11868
454,-707,-519,3454,6117,3049,5448,-2089,2395,9201,3621,5453
542,1291,-565,3245,4466,4024,3626,-417,-29,11926,2513,1330
62,1423,-563,3024,4337,4403,2578,1225,-3069,10380,-434,-3733
130,627,-11,3632,4776,3577,242,1549,-4763,8522,-3557,-8312
-720,-635,17,3649,5914,2739,-2018,-599,-6773,958,-283,-10899
-422,-1587,-531,3546,6073,2534,-4930,-1965,-8217,-3602,995,-11549
1468,-945,127,3883,7072,3795,-8872,-4809,-7795,-8366,987,-8353
5392,5053,-551,5005,7158,4285,-13078,-4771,-8259,-21318,-172,-2309
3150,1279,839,6002,6616,4655,-15520,-8929,-2199,-27766,1597,572
1502,-2667,2271,2656,-1641,3753,-15930,-12161,2843,-24495,479,8561
3002,-1869,247,2230,-370,5412,-11694,-13561,5725,-19309,-345,13170
2096,-1467,589,4943,5048,5029,-7638,-13611,6619,-11129,-3730,16888
1850,-55,1825,6341,6541,3427,-924,-10303,7187,2002,-3919,19648
850,189,949,3191,4198,1751,3512,-6613,6141,6126,4699,17712
1570,-653,605,2117,3793,421,4114,-4611,2987,8982,5943,12821
368,-1357,395,2271,5704,-15,3720,-2039,653,10292,6591,7429
894,93,-301,1624,4937,-115,3984,-455,-1015,10524,6318,2893
1214,455,-667,1900,6086,1369,3018,1465,-2659,10293,3243,-1681
274,-831,-1013,3150,7242,3060,3660,745,-6037,6489,6670,-5268
-148,-1051,-545,3069,6634,3296,294,321,-10057,4644,4749,-10908
-404,-3461,-57,1028,6073,2573,-3106,-779,-12567,-2620,6442,-14355
4508,2717,-543,4764,4939,3078,-9626,-6427,-16481,-11581,6422,-14782
3754,2891,765,5321,5985,4940,-15760,-10011,-9837,-17402,-11297,-14532
1400,-449,3321,3211,2661,2638,-13096,-9635,-4169,-19024,-7608,-1363
2860,-2699,691,2831,-732,2057,-13284,-12825,1251,-19054,-2931,6905
2964,-1549,3,6857,9522,4994,-10588,-13031,3265,-13696,-6585,14650
572,1181,2407,3713,4520,3787,-3180,-11219,6067,-7180,-7377,18238
918,307,1121,1907,1613,2909,538,-8689,8469,463,-4065,21601
36,-999,77,591,3284,2180,4706,-5989,7775,7916,4249,14836
-70,-835,-205,1829,2812,2431,5404,-3555,3749,9502,7396,10276
428,783,-341,3344,5882,3726,4222,-2267,1903,9458,8062,6188
-874,1275,-485,3928,5876,3670,4290,-241,-567,9614,6533,1736
-608,375,-179,2738,3975,2085,2860,-99,-3167,9143,4798,-1495
-14,-1417,-447,2256,4089,1022,2228,-1155,-5285,9268,-3065,-5392
166,-4837,-271,2355,6963,1609,724,5,-8129,6089,-2080,-9000
5788,3597,-233,7160,8176,2371,-1498,-1335,-11437,-2320,7464,-11622
4606,3169,1305,5059,7591,3155,-9470,-2941,-12445,-8629,3169,-17816
3448,-1331,2933,32,-1007,271,-13734,-5591,-13193,-16411,-2302,-11976
3814,-2361,-1121,2086,449,2693,-14842,-9609,-7727,-18810,-7738,-3292
2088,-1735,-1131,4578,8835,5796,-10856,-12331,-381,-21828,-2804,3861
870,-343,821,5945,6449,5085,-11538,-13469,4063,-18291,-2558,9440
704,1131,935,2237,1253,3864,-6386,-10853,6669,-9927,-1880,15159
1268,-251,1009,2247,1333,3316,-3692,-7971,7161,-4944,2357,15653
-46,-69,367,1100,2771,2995,-1960,-7177,6587,-2238,1659,15571
-150,-729,155,307,1021,2125,392,-5689,5901,2380,1575,13695
676,-219,-223,2371,3515,2605,1452,-4151,4377,4004,4595,11276
352,363,-163,3489,6218,3053,1374,-2433,4109,5668,5717,8539
-90,811,-149,3686,5377,2502,1754,-1395,3075,6861,2512,6605
-190,117,-501,2876,4962,1677,2380,-331,849,9381,-691,2363
126,-691,-509,2466,4656,867,3164,693,-1815,10643,-4033,-2880
1940,-1471,-1215,3316,5540,1527,3092,807,-5009,8843,-6206,-7670
2162,-2271,-1039,5206,9191,3427,28,581,-7447,5922,-3110,-11757
1942,-1143,-1051,6767,10578,4978,-4166,-2127,-8043,-70,-1659,-13521
4422,3371,-15,5457,8566,5761,-7840,-3573,-7827,-6916,121,-12907
2814,2159,579,4778,4360,4609,-13502,-7007,-8371,-17298,531,-6496
2500,-253,2441,1659,-1637,2734,-14482,-8321,-5905,-20629,4469,-101
2842,-1575,1681,1304,-2933,2020,-16112,-8979,-1005,-24886,6998,3432
3560,-1589,259,3681,1760,3990,-14982,-11387,-561,-24236,170,7538
2286,-1437,295,5786,7084,4564,-12638,-13157,4897,-18738,-1909,14826
1266,-183,1901,4365,3817,2225,-4850,-11099,8031,-8494,-3309,16850
1462,-403,1299,665,1380,110,882,-6903,7875,1263,-1371,14816
1726,-1033,397,-632,1622,-985,734,-4465,5883,4570,5011,13281
1408,-1629,-749,1444,4618,168,2260,-2953,3251,7686,4077,8235
822,383,-629,2969,7435,2063,2926,-367,1327,8985,3259,4305
-392,-105,-1197,3019,6430,3117,2472,111,-1263,9891,1,-1256
-130,-459,-1047,2905,5478,3012,1270,-725,-4377,9022,-5696,-6526
54,-433,-1149,3124,4945,2844,1076,-1285,-6049,7999,-8368,-10727
660,-1093,-1169,3655,6129,3029,-2298,-1923,-7307,3209,522,-12485
820,-1929,-507,4539,8333,3529,-6374,-3493,-5343,-2322,6472,-12518
2200,-333,225,5144,8015,4287,-13496,-5213,-7619,-11870,2031,-8469
5398,5857,849,4311,7001,5066,-14272,-4625,-7717,-16075,78,-465
3438,3453,469,5118,7801,5541,-13430,-3861,-3747,-20604,5077,2359
1192,-1641,1793,4151,6023,4246,-15038,-8927,-3427,-25970,11872,2764
1552,-1715,1357,4015,3129,3471,-15238,-12779,-2225,-19982,-6366,3749
2142,-1727,-97,3113,3654,4043,-9364,-13315,3819,-20674,-3070,10779
1754,-1205,-549,4229,5398,4733,-8510,-12691,5091,-19434,2239,14198
1420,-97,1149,4940,4068,4370,-7632,-12557,6543,-12917,-1414,14967
1354,1043,1461,3194,2768,3431,-3612,-10667,8561,-4904,-1391,16829
1002,191,571,1660,1434,2164,-1512,-8487,7675,156,1507,16315
984,-937,111,1753,1798,1425,990,-6899,6755,4155,1769,13998
610,-1471,-277,1991,3767,1686,2282,-5437,3839,5663,4653,12377
466,-617,-267,2422,4714,2090,2786,-3259,2035,8176,4690,9039
572,389,-119,2927,5005,2733,3558,-1601,1313,8756,1910,4434
178,243,-323,4460,6915,3639,4246,229,-343,8936,478,-1025
-426,555,-297,4798,6668,3484,2962,131,-3061,8434,1874,-4352
-582,-125,-1,2894,4541,2373,1292,-791,-4335,6406,4058,-7856
-272,-1509,-49,2215,4821,1507,-1288,-1299,-7097,3327,8605,-9311
676,-3387,287,2922,6986,1884,-5438,-2843,-11437,-2672,12829,-9465
5922,6551,1171,4196,7220,2430,-8200,-2393,-11647,-6092,8944,-12388
3330,2209,2357,5753,7774,2387,-11128,-3835,-12837,-14032,4950,-11536
2642,-1677,3569,1771,306,-86,-13692,-6073,-13821,-16841,5221,-8615
2628,-1455,741,-222,-1892,1458,-14116,-10031,-8481,-21433,3267,-5573
3618,-2589,1181,2707,5537,4011,-14010,-11673,-6829,-19931,-5212,-750
1688,-1949,1035,5368,6938,4418,-11426,-12313,-737,-18587,-7292,4915
1952,1353,685,3512,4752,4543,-9516,-11725,3209,-13960,-5909,9778
584,697,-403,-222,2330,3840,-7162,-10589,5091,-7954,-4067,12954
282,-767,-651,3,2068,3147,-4542,-8969,6883,-3510,-3694,15710
310,-469,-683,2886,4907,3693,678,-6907,7515,1497,-1200,17219
-236,847,-503,3712,5634,3951,1788,-4733,5395,5659,3405,13539
-640,649,-685,3169,4671,3493,3558,-2065,1965,10671,78,6204
-368,305,-63,2507,3186,2204,4582,-365,211,11270,-3033,973
-188,-985,-297,2179,3471,1448,4932,-211,-3393,10872,-7649,-5158
810,-1519,-641,3895,6076,2355,4422,711,-7477,9363,-2070,-11091
160,-2707,-171,5042,7815,3358,-2384,-2191,-9503,4048,8008,-14051
5052,5755,339,6144,6710,3745,-8324,-2347,-11621,-7078,3039,-15847
2502,1795,291,5590,6736,3455,-13226,-7277,-8633,-20032,425,-10304
1834,-623,2755,3590,1091,1687,-14290,-9355,-6899,-22384,6369,-2902
4274,-2981,2947,2901,-1202,2144,-15326,-9725,-3209,-19606,-1413,399
1344,-479,1781,4088,9311,4324,-13276,-11841,-1945,-20920,1309,7504
8,-867,2061,2671,4936,3439,-11072,-12633,1495,-17518,-2790,12920
2158,-535,925,502,-723,1492,-5726,-10399,6205,-9470,-4254,17599
1366,-1311,201,-355,1867,1335,-1924,-7635,7775,-2640,565,20260
2324,-1653,841,855,535,867,1534,-4395,6515,2713,3695,17629
1766,-1301,595,2029,4573,1480,2956,-2845,3891,6009,4537,11013
622,-1287,27,1762,3593,2181,3140,-1949,1653,9443,2231,3734
986,-335,-297,1247,2991,2595,2642,-349,-181,9758,-191,-665
1164,1023,-229,1946,4136,3245,3110,847,-1981,8385,-1189,-4497
292,417,-813,3114,5294,3235,2042,387,-4875,6790,2945,-7887
-42,-169,-567,3525,5341,2757,976,635,-8687,3494,7686,-9632
6,-551,-423,3042,4369,2099,-2864,-1285,-9799,-804,12594,-10207
604,-1309,-357,2879,4923,2429,-6416,-2601,-12179,-5658,3977,-13438
1464,-1805,87,3238,6318,3407,-10128,-4433,-12113,-14587,317,-10885
4834,4961,437,5813,6213,4038,-11752,-6371,-9651,-21085,-7798,-8594
2922,1667,455,6163,7731,4172,-13416,-9617,-3493,-23203,-6239,-5023
1468,-1501,1913,3294,1949,1873,-14636,-14463,665,-20293,-9030,6025
1656,-2675,-97,3543,131,1993,-9876,-14665,5225,-14623,-8497,11808
3298,-1701,17,5268,5004,3866,-5322,-12551,6289,-7568,-3835,17773
1468,-691,1115,6960,6735,4052,-1506,-9971,7493,237,-2676,17927
1728,-431,3179,4262,2588,2227,1088,-6557,5485,3705,4350,17115
2032,-251,2427,1202,2235,1370,1394,-5279,4611,7284,5838,12620
1624,-443,449,-976,2184,931,2528,-2529,2583,10205,4085,8275
1004,-889,-77,-1323,2532,1258,3166,-1167,123,10247,3871,4029
720,-971,-621,1787,6161,2973,2748,-709,-1667,9952,4288,743
422,965,-327,2174,7104,4112,2182,705,-3067,10542,-18,-3088
-512,573,-1159,2623,5913,4126,3434,1109,-5587,6447,1752,-7338
62,605,-723,3037,5293,3520,262,525,-9763,872,9893,-9691
-108,-191,-987,3093,4110,2866,-6068,-3307,-11169,-5756,2805,-17051
-74,-2477,-245,2409,4404,2838,-8960,-6513,-12853,-15305,5060,-15294
2942,907,-745,5181,3177,2792,-8312,-9927,-11447,-24515,7047,-11375
4918,2531,47,4423,5903,3304,-14720,-10705,-6111,-20424,-9834,-10879
2056,-5,3713,4511,3941,1712,-16344,-11495,33,-17671,-9411,668
2884,-4975,2219,1009,-3321,-559,-13748,-11603,2827,-17050,-3702,8379
3404,-4309,261,4533,6340,4997,-9346,-11919,2835,-11318,-7237,12699
432,-499,-187,4836,8820,3411,-4050,-10479,3465,-6223,-6367,15743
1324,953,2315,4614,2473,1738,-1818,-7889,5219,822,-3280,15509
2422,-945,1707,2578,4102,1308,908,-5683,6055,3978,-403,14955
1802,583,1161,1809,6291,907,2520,-3077,5781,5669,3161,10860
2198,205,409,818,4410,674,2462,-1755,3337,7530,3772,5674
1784,-1367,-751,3139,6607,2983,2052,-701,1351,8756,6745,2466
-360,-89,-703,4005,7478,5064,1124,-403,-245,8874,4298,108
-698,1143,-487,582,2475,4655,1448,-263,-2545,7875,4695,-2027
-790,1029,-663,-636,128,3059,874,-209,-5487,3111,11120,-2723
130,147,-901,1512,2586,2304,-172,673,-6595,2964,5447,-7272
30,-91,-1245,3815,4845,2034,-1532,-489,-9075,-2741,5943,-10327
316,545,-193,3959,3646,2231,-5148,-1747,-11561,-10166,6033,-13859
1220,-275,699,1848,1415,3242,-13332,-6807,-8475,-18683,605,-14329
3076,2719,487,3164,2388,4034,-14638,-11709,-5989,-19612,-8723,-1771
2122,53,141,5088,5619,3239,-13516,-10459,3125,-16007,-7091,7179
1124,391,531,5092,4806,2248,-10222,-9015,3727,-13086,-5287,11534
718,-1015,149,3535,3277,809,-6294,-8907,3807,-9734,-6554,15538
1182,-1287,-473,3946,3869,301,-2532,-7919,2867,-5328,-3350,17462
3548,-1007,3119,362,1302,7,-316,-6557,3271,-3098,1047,18119
6552,-4693,2753,-1600,-852,1252,516,-4905,4509,2075,2917,16209
4494,-2767,921,-342,-532,1327,1880,-2313,4275,6320,5108,12245
3834,-783,-531,7031,10842,3265,2672,-1111,2205,7384,5506,6731
1180,223,-2719,8500,17543,5012,2174,-803,1147,9716,2445,2126
-1468,699,-809,2889,6329,2974,3482,1269,455,11124,-1468,-2435
106,-419,-549,-1255,-639,2143,2438,1207,-3017,10656,2094,-6922
786,855,-401,-476,299,3576,1970,227,-4035,8108,4172,-8813
626,993,-403,1023,1061,3755,-8,-345,-6285,4741,623,-11098
-64,-45,-399,2858,4395,3727,-988,-1657,-7997,775,8620,-12838
-218,-803,-573,3927,6671,3524,-3740,-4665,-10481,-2760,8791,-12839
-80,-629,-759,4381,7689,3810,-5072,-5731,-12233,-4986,4194,-12644
640,-831,-903,5534,9230,4341,-8224,-6727,-15581,-12822,796,-12224
2470,231,-61,6405,9529,5091,-11712,-9583,-17935,-21565,-16015,-11340
4672,4959,-113,6563,9281,6852,-10592,-17573,-8153,-26625,-14929,-3279
1498,931,1999,7358,6303,6385,-14860,-19177,3641,-22282,-10207,8439
294,-2299,3063,3923,-1751,4049,-9828,-15629,5997,-17046,-7306,14269
1788,-2051,1453,3519,-873,4918,-7702,-12083,5519,-9872,-3914,14521
2246,-1013,487,4052,2554,4781,-4360,-9797,5449,-5113,-4638,15649
1174,-383,2323,4902,1831,2667,-1580,-7533,5835,567,-2793,14756
1450,-499,2085,4075,2834,1379,626,-5757,5143,3376,-495,13138
1458,-367,1989,2555,2582,779,1786,-4297,4305,6857,2286,9248
1544,-311,931,1619,3186,657,2604,-2841,3093,8999,2733,4034
916,-305,387,-61,2899,-408,1730,-1713,1245,8875,4577,1401
1204,-633,69,1228,3774,-807,1626,-775,-279,8980,3245,-1049
1314,505,-625,1196,4963,-193,426,639,-2575,10834,1290,-4329
248,87,-1289,106,4353,85,216,539,-5435,7953,-3012,-7759
158,-1227,-1251,-138,3694,86,-1650,-1875,-8335,1610,5309,-9062
-120,-1659,-1321,-766,3410,-147,-6530,-2343,-11661,-6124,1190,-12084
604,-1879,-2229,1094,4533,-94,-10100,-6993,-11067,-14397,-1781,-9781
4440,5383,771,1302,5882,1485,-15448,-10059,-7133,-20203,-8023,-3152
2598,387,2385,3334,1064,6,-14328,-10753,371,-19609,-4421,5390
3812,-215,2837,876,-1213,-1526,-14354,-11495,5415,-20009,581,12024
8394,-6969,4235,-226,-1732,2098,-10974,-11693,4111,-14582,-384,14808
3170,-2647,947,6572,11337,4739,-5584,-12075,5191,-10987,-1814,16904
1796,-1109,997,9292,15243,6300,-3140,-10951,5805,-5942,-258,17535
-106,1453,-1529,5716,9697,4355,492,-9043,6925,627,-61,18284
-164,1137,-1023,950,5185,3168,2242,-5551,6601,6335,1569,15412
-152,589,23,407,1892,2426,2956,-2971,4253,8957,4611,10777
-186,-523,-649,2472,4505,3414,3904,-1713,2343,10742,3719,6203
-386,785,-817,3798,6305,4684,3880,-357,-109,13064,-64,1579
-1112,1293,-837,2077,4025,5246,4516,1291,-2447,12029,-3185,-4308
-1126,625,-815,912,2550,4729,2760,627,-5019,8447,4635,-7551
-1128,-251,-327,787,2339,3589,466,-445,-6901,5724,1648,-10505
-722,-1417,-651,1559,3893,2625,-1996,-3051,-8413,-774,6051,-11871
-220,-3565,-529,3187,7217,2429,-6538,-4889,-9819,-4451,4059,-11572
5912,5879,-489,7033,6797,1982,-8396,-5329,-11701,-8701,-3866,-5404
3532,2505,543,4595,5522,2624,-11272,-1105,-7295,-13105,-5593,-6509
2798,-5,3277,888,-1829,430,-12356,-5493,-5045,-18585,1114,-2632
3268,-1635,-43,1199,-607,2095,-13080,-9097,-2181,-20379,1232,1445
2610,-2359,1273,2723,7726,4341,-12280,-10987,1593,-18682,2002,7707
1674,-1475,1543,3922,6957,3647,-10216,-10197,2915,-14259,784,11058
1850,761,693,3619,4155,2665,-8272,-8833,4263,-11572,1750,11845
682,1023,-485,834,3374,2773,-5632,-9245,5267,-8207,1335,12464
324,-69,-359,-224,2061,2624,-4150,-8459,7265,-4594,-332,15189
520,-509,-697,2118,3375,3052,16,-6787,7021,112,410,15874
662,741,-283,3681,6652,3492,1428,-5107,5329,6292,1775,11407
-332,613,-1177,3851,5711,3464,3870,-1735,2597,10613,3764,7578
-510,111,-1089,3001,4647,3086,3158,-1515,5,11480,2971,5083
-392,183,-729,2815,3676,2864,5146,-1739,-3229,14477,-4138,454
-68,-165,-823,2804,4454,2735,6272,1173,-8937,11727,2796,-5954
254,-2121,-537,3813,6457,2776,830,-1021,-11727,7338,6698,-11837
2394,-507,-39,5004,8088,3869,-4238,-1623,-13461,569,3635,-17538
3760,5519,-199,5034,8357,4820,-9744,-6339,-13731,-14916,-4563,-15272
1206,61,1161,5406,6154,4338,-11738,-9051,-10071,-21434,-2282,-10858
966,-1149,3203,2853,-1614,1418,-15552,-12103,-4791,-24930,3419,-4920
4618,-2665,2103,1664,-1847,2593,-14512,-12209,-1875,-21999,-5025,782
1392,-827,853,2358,7838,2432,-12818,-13437,1141,-19497,-3416,9246
2402,-1207,2907,3268,3951,1522,-7946,-12657,4173,-13034,-10320,12833
1456,-339,279,2108,6451,2207,-2472,-10705,7131,-4912,-6692,15067
908,-521,405,578,4739,2223,-4,-8447,7731,-843,-2545,15088
480,-921,-237,302,1884,1696,1474,-7139,6529,2756,-637,13874
662,-1207,-283,1664,4420,2580,3480,-5045,4867,5159,-927,10625
466,389,-189,2343,4822,3241,4506,-3361,4039,7852,1840,6997
208,1017,-595,1978,3552,3419,3798,-1271,1913,10475,-459,2684
-120,527,-845,2670,4657,3618,3384,-625,-85,10986,-6153,-1431
-148,509,-527,3431,4362,3036,3246,109,-1839,8214,499,-5177
-554,-111,-845,3468,4666,2553,1798,-987,-4149,5347,5709,-6630
-188,-1169,-143,2908,5122,2138,-276,59,-7317,2445,12940,-8099
432,-3113,1165,1748,5431,2288,-5686,-995,-9833,-3169,20951,-9208
7212,8601,-143,6086,6593,2855,-7900,-2241,-13405,-9996,13780,-12677
3514,3063,1667,6765,9073,3267,-11774,-2079,-12263,-17219,4303,-12731
1712,-2445,2999,3094,2559,1632,-12036,-5835,-10753,-20001,3781,-8794
3092,-3131,411,3515,1492,4257,-13852,-10555,-6879,-20409,-2037,-3310
248,-1289,1267,269,7965,4856,-12340,-11721,-3125,-19741,-5077,4606
746,-1279,1739,3007,114,3514,-9668,-11991,2909,-13418,-9719,9801
1642,443,547,1937,3051,3396,-5714,-10019,5861,-6861,-4575,15503
820,401,325,41,765,1578,-1912,-7523,7153,-2060,-1627,17059
1496,-883,713,939,1114,595,122,-6553,6655,1083,1097,14582
874,-1927,-287,3652,6866,1697,2350,-4635,4829,7886,2821,9274
-68,-393,-219,3517,5564,2714,3064,-2329,2845,10221,5296,5650
260,617,-447,2263,3438,3183,4012,-1063,1447,10118,4690,2320
400,1139,-179,2048,3668,3961,3410,-969,-613,10770,4016,-551
418,1255,319,2320,3915,3840,2542,123,-3427,13610,-929,-5618
132,459,161,2437,4472,2991,2670,1417,-7579,9610,977,-10376
406,-1565,21,2689,6259,2278,-1196,-1631,-9931,3428,8021,-12501
500,-3871,-159,3527,8613,2808,-4626,-4691,-10803,-2504,5456,-17432
3048,2677,-943,6269,9015,3535,-8186,-7493,-15195,-14015,4078,-12616
2696,3865,-177,4189,8097,4008,-12618,-4859,-12381,-16863,-717,-11377
1190,-2123,2087,2578,2192,2522,-15976,-11367,-10923,-21785,-3850,-6809
1766,-1893,-1007,5317,1427,3953,-15638,-16305,-2985,-19395,-10332,3948
1846,-725,-1897,5934,5703,6579,-10652,-15757,1151,-17850,-9283,11368
1034,225,1091,7517,3659,6782,-5346,-14517,5153,-11041,-8638,14887
2074,239,4623,10421,8923,6823,-484,-10621,8357,-2712,-6040,16607
-1214,911,1355,1690,20,3242,754,-8255,6381,2273,164,13717
368,995,743,-2599,-2977,1095,3534,-5995,4897,8040,-1358,9480
802,-541,1541,-2835,-2015,-548,3260,-3913,1857,10323,2952,6092
1174,-1415,1023,32,2190,-988,3222,-1935,169,11677,1551,2555
1618,433,-65,2375,7272,-172,3738,743,-1915,12474,-1043,-2030
678,1041,-1507,1442,7575,32,2490,3335,-5433,8481,1562,-6155
598,-187,-945,665,5886,-274,-240,817,-7607,303,8839,-8553
1070,-1497,-1301,1945,6292,505,-4918,-601,-9001,-2082,4518,-11510
-260,-4173,-491,1762,8336,1715,-7078,-3195,-10297,-9869,6003,-8914
5322,4769,7,2258,3796,2315,-10860,-2793,-12329,-13850,3291,-7477
4654,2245,817,3264,3931,2558,-13588,-6751,-6905,-20490,-1238,-8272
4204,-1933,2855,2410,3281,2327,-14994,-10527,-5243,-20966,-1799,476
2584,-2853,667,4434,2990,5325,-12312,-12433,-1415,-20419,-4749,5770
64,-499,211,5346,8972,7217,-9200,-14777,2075,-15476,-6771,10695
-234,209,1109,4887,3614,6722,-4636,-12289,6155,-7009,-6209,15179
278,783,973,1680,-361,4657,-334,-9127,7185,562,-3382,16422
1398,409,821,1112,-1539,2109,2560,-4951,6265,5671,1408,13991
984,-851,59,2931,2907,1432,3120,-3013,3747,8619,2166,10165
582,-865,535,3327,4933,1154,3838,-1079,1217,10138,5885,4805
698,341,225,3054,4984,1274,2626,177,-11,9796,3159,-543
606,681,-355,2230,5427,1651,2090,1349,-1279,7535,4663,-3628
534,281,-453,1885,4451,1653,1796,757,-4915,1377,21595,-3792
154,-709,-721,1861,4846,1649,-1626,-1291,-7897,1841,13248,-5891
64,-1279,-895,2791,6308,1878,-1136,-613,-9525,880,5954,-9347
-716,-3913,-319,2408,6642,2047,-5818,-3951,-14673,-7822,4300,-12948
6594,6745,1463,3182,5535,2243,-11618,-4809,-14179,-15593,-9123,-13682
3746,2619,1917,3639,4307,1988,-12816,-7857,-7047,-20933,-7382,-6135
4260,-2503,2157,2705,2187,1620,-14446,-10437,447,-21118,-4862,3630
2890,-1437,41,3337,4739,4505,-11996,-11739,1887,-15295,-3207,8450
1714,-1867,883,5999,10649,5519,-7684,-11301,2619,-11590,-4185,12312
1162,-951,1045,4081,4091,4282,-4692,-9261,3329,-5187,-4824,12788
508,-129,209,1343,1931,3727,-2546,-7027,5027,-1263,-3870,10742
1430,-17,525,197,-34,2621,-728,-5535,5973,2976,-1594,9173
718,-787,507,1184,3244,2475,826,-4299,4599,5297,1388,7739
108,-1027,-579,3585,6468,2648,2144,-3287,2953,6203,4883,6120
208,1151,-407,3608,5739,2753,2116,-1251,2229,7421,1005,2304
4,1335,-487,2375,4790,2730,1238,379,931,6894,2971,-725
-20,307,-559,2426,4583,2072,544,-183,-371,6536,4562,-2665
470,-297,-511,3403,4723,1724,2,-649,-3699,8191,2879,-3621
996,-1067,-281,3497,6931,2354,234,191,-8147,3623,12443,-5003
134,-3959,-595,3286,8795,4035,-3892,-873,-10879,-1916,13872,-8849
4522,6629,19,5969,8925,5575,-7158,-3065,-12519,-7774,8915,-11896
2204,4055,2289,4070,3035,4109,-12856,-4329,-14375,-12800,5294,-11060
2088,-2151,2849,1232,-709,649,-13952,-7629,-13021,-19320,-3857,-7339
4174,-2783,189,4920,5376,3890,-14838,-13247,-7339,-21290,-2896,883
1250,-1329,-437,7296,15233,6144,-11856,-14297,-531,-19936,-7349,9977
46,279,1561,4661,5890,5283,-6758,-11131,4609,-12702,-8610,13393
1074,583,1005,2347,1946,5270,-2948,-8319,8395,-5249,-2094,14495
194,769,1351,-962,-1779,3417,-300,-5829,8265,725,-832,13806
1182,-515,685,-1100,-1552,1482,1650,-5205,4975,3933,2591,11360
952,-1303,-563,3436,7280,3042,2886,-4585,2911,6465,6507,7660
-126,205,-573,5611,9492,2999,3490,-2603,1603,7659,5603,4599
-616,1069,-349,4722,6318,2027,3622,-1087,379,8518,4714,1321
-946,903,-347,1911,3296,1249,2700,441,-1461,8532,4903,-2726
-706,-1,-597,-267,22,472,1208,-603,-4045,8602,3101,-4902
-68,-33,55,-1199,-1097,-302,1206,49,-6635,9221,1669,-7747
646,-897,-209,-349,944,-183,-334,-1909,-10565,4035,11823,-9022
278,-2593,285,656,5608,177,-6734,-1317,-12623,48,4050,-14039
1436,-1705,-1595,4271,8143,557,-8074,-4625,-14445,-10993,2499,-11596
6280,7819,1739,2975,9288,1075,-11104,-4177,-13233,-15496,-832,-11761
524,-899,2973,3478,5364,994,-13362,-6875,-8425,-21547,-3832,-10208
3384,-3003,1955,2699,1568,2014,-15596,-11503,-4083,-20398,-277,-23
3046,-2723,5023,5986,8609,5381,-12608,-12463,-1747,-20465,-5698,3247
78,-177,385,2080,10458,5979,-9890,-13271,413,-18741,-7478,8326
222,47,1069,1791,2415,5019,-7530,-12347,3035,-13046,-8655,9729
1740,455,1139,1754,-173,4530,-4224,-11211,7291,-7233,-7958,11317
1060,449,19,-177,1677,4447,-1944,-9547,7833,-3315,-3118,13159
1148,1161,691,741,1044,3761,-1162,-7613,7943,1286,-914,10982
490,-179,-207,1609,2584,3281,262,-6439,6433,4396,-453,9186
-316,-953,-961,3014,5219,3360,130,-5721,4595,7243,289,7611
-226,403,-257,3727,4113,3334,1440,-3517,4305,9328,808,5995
-478,1251,-191,2737,2385,3559,2316,-2057,2535,9673,2456,4311
-1032,1157,-351,1343,1232,3436,2774,-195,1003,10775,1561,532
-606,873,325,687,16,1669,2152,387,-1141,10575,727,-2676
300,-141,387,1316,904,616,1068,175,-3465,10626,-5637,-7202
390,-1235,-407,2153,3843,92,1240,-909,-5229,5814,2438,-9043
884,-2929,-431,3184,7510,759,-3210,-2399,-8425,1465,8831,-9287
3634,1983,-485,7420,8634,1835,-5996,-2959,-11153,-4482,93,-9182
3510,1693,199,5123,8946,2429,-8982,-4161,-9237,-11649,3505,-8795
1842,-1077,3083,2280,2982,179,-11628,-5825,-9851,-15381,8114,-6942
4362,-1913,2183,193,-2710,-27,-15974,-7119,-10623,-17129,3001,-4556
5952,-4035,2557,4753,4488,4588,-16430,-10471,-6267,-20647,-4713,-281
1080,-1441,459,2190,10802,5078,-15486,-13329,-2145,-20669,-8655,6283
662,-1329,727,3723,5757,4944,-11610,-13877,2397,-18890,-10903,11679
1594,-259,-63,3210,1940,4368,-6422,-12475,6411,-13170,-8099,15568
706,39,-203,1045,2555,3888,-2768,-10675,7687,-6535,-3616,17301
852,281,1001,1003,264,2203,500,-8345,8017,391,-999,15783
1806,-53,1723,1598,1414,1087,2286,-6395,6631,3503,2669,13970
1830,-181,1525,2418,4915,1089,2206,-5137,5097,6563,4042,10397
252,-1053,-155,1759,4440,828,2044,-3593,3541,8235,6087,6693
-56,-1223,-811,1972,3872,1658,1678,-1965,2157,7934,4441,4215
274,225,-169,1965,3779,2852,2378,-365,973,7620,4196,892
94,789,-3,2677,3714,3958,1642,575,-351,7123,4808,-1953
-202,929,-221,2855,4201,3833,692,283,-1961,5185,4546,-4489
-342,529,-373,2764,4159,2748,-502,-703,-2907,4366,3963,-5977
96,-573,-417,2146,2725,912,-140,-2245,-4257,1871,2603,-7469
1066,-879,-101,2656,5185,1178,-3010,-2049,-6421,-1841,10645,-6744
1642,-2319,-625,4269,8276,2821,-6512,-2509,-10183,-6350,8392,-6096
4238,4659,629,4619,8938,3732,-8660,-949,-12753,-11355,6628,-6943
1608,361,1727,4093,5813,2895,-10620,-3603,-13271,-19421,4102,-8408
1602,-2155,1409,2625,2009,1679,-14458,-7207,-10715,-22120,3151,-6419
2562,-1243,469,2456,1010,2368,-15024,-9895,-7971,-22893,-2455,-2339
3002,-611,-69,1413,3505,3391,-13886,-12779,-3727,-23249,-3519,3229
2220,-1783,939,5814,8712,4328,-12522,-13281,279,-18106,-7126,6456
1886,-785,1501,4191,5742,3488,-9378,-12511,4047,-12406,-8411,10038
1400,-13,691,2987,3215,3434,-5766,-11233,6083,-5713,-5005,12224
1762,343,461,1401,2735,3370,-3362,-9033,5893,-1157,-1519,12146
1076,-303,427,861,2869,3384,-2274,-6875,5141,3409,-1798,9984
278,-939,-129,1991,3904,3322,-874,-5297,4567,6484,-862,7494
-208,-307,-351,2639,4976,4003,-392,-3377,3023,7945,110,5949
104,1261,-301,3147,5041,4526,1194,-1481,1939,8532,-168,4580
-1306,795,-795,3916,5877,4036,1854,-439,-37,10895,-4942,1163
-1138,275,-411,3813,4977,2463,3478,55,-2929,11403,-10365,-4379
-1046,-95,-411,3395,3840,923,3732,-1057,-4451,6311,-539,-8248
-370,-2075,165,2208,4484,103,-666,-1783,-8343,-599,4983,-11028
2108,-2191,731,2805,5365,219,-10682,-4541,-11535,-9328,15366,-10374
6690,6605,1273,1775,6838,1431,-15670,-3589,-15551,-18704,1992,-4781
4478,3179,2693,2812,5088,433,-15256,-2837,-5981,-25110,6197,-3530
4466,-1843,2601,556,-20,-942,-16206,-9049,-1601,-23685,4909,3171
3386,-3605,81,3657,3786,2770,-13734,-9687,845,-18754,-226,5703
3998,-4229,603,4941,10305,6441,-10932,-10583,1027,-16527,-486,9877
1490,-619,837,6213,8837,5503,-6584,-10067,2447,-10207,-4391,10788
1656,657,-167,3773,5300,5046,-4458,-8397,4409,-4495,-3412,11323
1130,337,285,513,172,3646,-2774,-6873,6663,-180,-1124,11865
1506,457,345,934,1585,3839,-1756,-5927,6353,3774,163,10752
692,-431,-285,2308,4189,3852,-172,-5585,4457,6881,-362,8971
-554,-459,-807,3785,4719,4180,2378,-4281,2903,8530,3929,8380
-258,1373,89,2861,2652,4330,3554,-2467,991,11043,-842,5939
-1142,1303,-421,1849,1807,3665,5296,-119,-1281,14048,-5862,-234
-748,643,-69,1323,2048,1768,6252,1355,-4177,11081,-1360,-6252
262,-285,69,2528,3350,538,2926,-265,-7785,4080,9218,-9401
-120,-3191,-731,3496,7896,969,-1424,-2177,-11053,780,13105,-12516
1056,-791,-233,5721,10765,1795,-6640,-1697,-14787,-2123,11111,-13716
4778,4741,961,3241,10468,1782,-11360,-4953,-13695,-12513,2968,-14426
2222,-361,3419,2472,3215,-989,-16144,-8415,-13707,-16934,2758,-7397
4176,-1407,2427,748,-800,-958,-15750,-6869,-10509,-19756,-3673,-3390
3228,-689,-111,-568,-2009,1339,-13804,-9489,-7251,-22763,-3076,600
3222,-3039,1381,719,4948,3687,-11430,-12423,-4413,-22805,-7317,4882
1332,-2331,1609,4507,5035,4567,-6286,-12615,-2823,-21504,-10527,6893
950,-521,463,4991,5666,5263,-5404,-14177,2335,-18530,-8973,8322
1294,1071,325,1909,3367,4124,-3694,-14297,8913,-10766,-6680,14615
770,605,681,723,1126,2827,-410,-11841,10817,-2308,-2861,15153
622,-561,109,1079,3297,2472,1180,-10335,8943,3712,-374,15305
384,-453,-671,2913,5655,2782,2298,-8347,6377,11034,2604,13216
-76,587,-647,3886,5951,3793,4292,-4933,4203,14775,-867,10007
-682,77,-791,3635,5117,4364,4992,-1415,2001,13575,4259,5103
-884,-13,-599,3302,4596,4202,3544,-989,-1731,13053,2336,398
-914,-217,-695,1978,2969,3246,3552,-1443,-4179,10929,2874,-3189
70,-1483,-625,2185,3402,2566,1350,539,-8881,6384,7452,-6097
1268,-1613,-457,4977,6154,2768,-1578,515,-10277,923,8663,-10889
5138,4307,1755,2835,8050,1891,-4230,2279,-8081,-4323,4821,-15321
2478,-179,2087,3222,4073,-1228,-9520,-3241,-11217,-11634,8232,-12868
6806,-293,787,1507,2354,-442,-16538,-6791,-13901,-15765,5524,-8627
4236,-1359,-1225,3339,6070,3111,-13208,-7647,-9589,-21085,-919,-2080
2174,-2697,-115,4509,10975,5060,-11722,-10143,-6005,-25592,397,1573
1652,-1513,-91,5091,6545,4804,-10706,-13253,-773,-23734,-3458,3896
1408,-131,-497,2057,4090,4644,-10268,-14739,4985,-16014,-5638,9494
1670,-25,-473,2214,2917,4329,-6858,-12535,8165,-7943,-2420,15029
1854,1631,163,2856,4491,4865,-3524,-9365,9465,-555,-1046,16491
564,-449,-703,4135,6852,5482,124,-6819,6687,5386,1240,15614
-50,77,-971,5831,7509,5950,2800,-4235,3861,8367,788,11803
-242,1031,-953,5225,5971,6220,4318,-1619,1479,8472,3873,6819
-1082,1401,-749,4365,4376,5675,2794,-451,-509,8427,2805,699
-628,1191,-415,3625,3549,3748,2512,447,-1515,6174,2610,-3688
326,655,-325,4048,3677,2229,1118,-987,-3169,3456,7845,-5739
586,-811,-715,5270,7027,2124,1338,445,-5813,2166,12230,-8594
300,-2447,-165,5400,8854,3194,-3762,-1403,-10665,-4382,15862,-11799
2076,-583,-657,6208,7997,4544,-9338,-6081,-16527,-12009,7908,-13105
3946,4331,1061,3955,4978,3673,-14556,-4409,-12043,-16528,-7178,-8379
1494,-765,2781,1737,-478,265,-14238,-5877,-5449,-21018,-2085,-1757
4296,-4125,687,3777,1844,1268,-15982,-11259,-2191,-21706,-1346,3290
3742,-2053,-905,6652,9095,4326,-13052,-12785,421,-17536,-2983,9432
1782,-1263,207,7246,10855,5123,-8802,-11493,1945,-13904,-4545,12171
1710,-691,1841,4639,3761,3696,-5854,-10143,4323,-7541,-4956,13014
1578,-183,1075,1889,1541,3329,-2990,-7925,5787,-2000,-1758,13384
1674,-725,495,1198,1068,2228,-1522,-7047,5987,2188,777,12888
1382,-539,-73,2184,4945,2050,60,-5695,4643,5341,422,11057
528,-821,-665,3100,7221,2135,1444,-4085,3317,8997,2371,8721
542,893,-857,3278,6821,2482,3200,-1633,1623,10583,4871,5762
234,785,-1139,3731,6504,3172,2786,-605,-1063,11984,1306,2616
-492,125,-949,4647,6180,3824,3974,111,-4263,10452,-151,-2685
-570,259,-567,4439,4611,3584,4376,1013,-8171,8154,7054,-7550
-610,-49,-733,2581,2973,2934,1572,1347,-11617,4183,3541,-15593
-112,-2005,-739,2709,3696,3050,-6126,-6815,-10433,-6058,3454,-22088
3268,1819,-403,7118,4836,3935,-15868,-15379,-17027,-23149,-1717,-9531
4002,2195,1205,6029,6571,2898,-15988,-10489,-1453,-19128,-11983,-432
3268,-1619,3677,-822,-4310,-1583,-13732,-5891,1891,-21327,2362,7027
8210,-4643,841,4241,2951,2152,-11164,-8719,1911,-20125,-989,7435
3198,-1975,-645,5453,13157,4150,-10002,-10195,2417,-17225,1179,10165
1072,-1637,389,2906,9716,4329,-7496,-10669,3551,-13028,-2820,12611
1960,-1137,-343,3267,101,2153,-4530,-9689,4733,-6572,-396,13147
1172,-773,-171,1784,4608,2682,-3632,-7907,6261,499,-243,13118
1006,-83,491,1560,627,1342,-794,-6195,4669,5041,1076,12451
2396,-447,1183,1990,2644,1094,2156,-3371,3365,8665,541,9899
980,-209,235,1131,4455,1079,3796,-1449,547,9344,3091,7394
216,-879,-641,1392,2808,907,3890,-663,-1207,10849,1275,2071
840,-269,-47,1787,4049,1736,3180,847,-2747,9943,1148,-4246
300,207,-363,2272,4236,2762,780,1069,-4709,6504,5168,-6747
404,685,-837,2691,4936,3524,294,53,-7201,3678,4410,-8796
770,1319,-605,2779,5535,3349,-1596,-751,-9103,-2840,15466,-10057
938,231,-1225,4361,7235,2976,-5326,-2813,-12767,-5096,10944,-11364
424,-1389,-1217,5306,8937,3437,-7406,-5123,-12965,-10625,5565,-10896
1034,-89,-781,5041,7095,4367,-11642,-7143,-13713,-17715,1515,-9709
2926,4011,-9,3433,5723,5444,-13208,-11911,-7613,-20857,-3600,-5799
1360,981,1247,3949,3463,3855,-14012,-11985,-2603,-19455,-5193,335
2154,-2149,1795,3691,2184,1922,-11696,-11547,-561,-16746,-5460,4699
2510,-1373,317,5021,4702,3092,-9300,-11243,1359,-14098,-5494,7731
2242,-855,-453,5211,8071,4549,-7788,-10661,2243,-12152,-3509,10332
804,-123,1079,5517,7256,3963,-6434,-9691,3149,-9690,-3654,11113
1350,897,899,4093,5406,3472,-5046,-9421,4601,-7681,-3922,12095
1274,1223,445,2483,4736,3608,-3968,-8841,6375,-4261,-3646,12309
174,-623,-437,2328,4156,3380,-1832,-8593,7401,-369,-1861,12480
370,-329,-441,2542,4471,3304,634,-7545,6731,3742,-394,12331
534,757,-449,2490,4011,3084,3132,-4795,4661,8452,-78,9946
104,505,-737,3242,5206,3450,5032,-1499,2833,10730,2529,5876
-200,289,-491,3956,5502,3237,3944,-701,61,10987,1642,1905
-214,575,-397,3138,4253,2150,3380,-527,-1875,8933,720,-3358
262,-571,-1005,2877,5176,1590,2406,-1913,-4095,7178,4672,-5718
804,-1709,-493,3815,6320,1716,892,-837,-6421,4109,8572,-7369
1250,-2005,-191,4823,7131,3012,-3898,-673,-12847,-2618,18732,-5985
5782,6215,1169,3723,6634,4022,-7960,2057,-14701,-6440,9736,-9417
2614,699,1253,4644,6635,3242,-8654,731,-13435,-15117,7523,-9941
2696,-2403,2603,3204,2170,2025,-11398,-4297,-12661,-20069,7221,-12440
2690,-1629,767,2975,2087,3856,-13842,-10537,-8567,-23365,1435,-7518
1756,-745,-161,2802,5244,4885,-14148,-12499,-1939,-19469,-7492,1920
1076,-957,1805,5599,6640,4507,-10790,-11557,2837,-16626,-7407,7950
1190,325,1379,4104,5357,3281,-7634,-11007,6551,-9356,-6830,13391
858,447,1045,581,868,1286,-2878,-7951,8519,-1035,-2387,15362
1884,-1157,445,801,1920,893,-156,-5257,6331,3683,-631,13738
1122,-1989,-69,3493,7896,2335,1282,-4689,3745,5892,2877,9629
746,-769,-339,3648,7787,2788,552,-4605,2877,6703,3168,6480
744,719,-567,2561,5380,3256,1224,-3525,3385,6587,5523,7144
790,707,-239,2050,4082,3755,2380,-1513,1421,11156,1515,6944
124,509,-561,2155,3744,3510,4972,59,-1261,14270,-2409,1031
-220,205,-849,1492,3748,2544,5598,-935,-5579,10713,864,-4154
-468,-2699,-973,1628,5529,1636,3440,-1173,-10845,5458,10119,-9676
410,-2231,-841,3953,7815,1673,-1946,-2649,-15577,-2080,10551,-14816
5002,5615,659,4399,8442,2966,-7336,-3577,-15793,-8368,3927,-14793
2678,3347,663,7960,8594,4013,-9846,-3821,-13085,-12767,3233,-14083
2180,17,4585,2244,-1563,1544,-13784,-4157,-10859,-17698,2811,-13146
2012,-2869,1059,1673,-4947,1709,-15358,-9247,-9791,-24484,6464,-8409
2202,-863,1623,6760,9648,5726,-17148,-15221,-6749,-19686,-8576,-1072
38,-705,2131,6219,12969,6185,-10678,-14701,2769,-15939,-13706,9520
1028,1425,959,4182,3641,4290,-5772,-11233,4695,-10605,-6820,14974
208,1581,61,-306,2311,3712,-2252,-9345,5667,-5884,-4611,15120
338,167,755,-1404,-1706,2172,-160,-7813,6291,-687,-4069,15395
716,-1227,187,642,2210,1563,3186,-7251,6633,6613,-6313,15589
466,-799,-567,3178,6045,2254,9190,-4435,4311,10574,3823,11980
92,1005,-403,3375,5968,2605,7854,-1801,1045,12798,13274,5774
-280,1061,-475,1903,4470,1909,5326,-413,-1751,11901,8266,-178
-50,-83,-489,1177,3285,507,1692,-535,-4765,12945,233,-5872
1236,-1485,-397,2166,4526,362,1262,151,-6881,7197,-5397,-10404
1404,-3453,-267,2411,8702,2379,-2938,125,-9679,1754,-886,-11744
4338,3937,-879,6835,9499,3610,-6826,-3251,-12801,-8051,3181,-9802
2718,2237,771,5103,7234,3826,-11414,-4097,-9841,-7997,1373,-11961
1684,191,3209,2363,3055,2681,-13116,-4545,-10585,-12668,-3040,-9482
3098,-2537,2165,1509,166,2117,-14390,-8049,-5845,-15170,3553,-4349
3004,-1681,5,4118,3136,5262,-13996,-9713,-4849,-19931,-315,856
1396,-801,-23,5258,9354,7629,-13494,-13221,-1549,-18519,-6858,5471
78,627,1449,4655,5905,6509,-8978,-13067,2013,-18148,-7806,10742
440,1643,1003,2859,3440,4974,-7150,-14015,5749,-14883,-6715,15100
672,703,953,2168,3234,3606,-3596,-11553,8991,-6989,-8002,17879
488,-443,535,3141,4619,2965,1210,-9349,9075,-4830,-1666,19979
170,-723,145,3242,5870,2699,2118,-8757,8617,1200,2891,15696
162,367,-215,2365,4598,2429,4478,-7619,7783,7179,1924,12064
274,1073,-305,1427,4160,2343,4524,-5937,6071,10055,3857,10011
-18,265,-611,2135,4727,2223,6286,-3447,2759,12173,5325,5875
44,-627,-613,2955,4897,1818,5028,-2741,-81,11137,10386,2996
-62,-1395,-719,2707,5204,1332,3290,-3339,-3817,12941,254,-1734
836,-3675,103,1138,5664,1587,3626,-405,-7793,12297,-4539,-8670
6218,6105,-629,5956,6011,2110,-406,863,-12159,3555,10917,-11842
3938,2705,2143,5198,6364,3971,-10862,-1051,-13159,-4818,2800,-18282
2200,-2587,2891,2828,1149,2798,-15452,-4423,-11527,-10998,4842,-10873
1864,-1961,813,3436,874,4867,-14012,-6385,-9249,-14745,2617,-4849
1934,-1227,-35,2401,2912,6857,-12108,-7535,-7051,-17348,4219,-587
706,-1067,751,4800,6357,7060,-10298,-7867,-6731,-20779,6348,1472
372,479,1823,5105,5566,5433,-9980,-10225,-4975,-20445,531,-541
260,807,1151,4526,5474,3892,-9148,-10421,-771,-20755,417,2785
594,1027,1029,2929,4156,1814,-10562,-11747,3651,-16974,-3072,7460
1072,465,395,2022,4400,767,-8586,-12761,6735,-12583,-3199,14520
1100,-721,-121,3290,6822,1060,-2340,-9829,8443,-4997,-2275,17517
612,187,-253,3962,7094,1494,498,-6591,7729,1122,1472,16480
348,771,-403,3346,5645,2035,2662,-4215,7293,4362,3158,13400
-202,77,-409,2358,3812,2314,3302,-2219,4691,7483,3676,7807
280,-193,-451,2188,2843,2246,2508,-1041,1009,8602,5075,3487
530,285,-375,2521,3862,2771,1998,-955,-1355,8920,1496,-523
208,-799,-579,2845,5599,3171,2534,-1307,-2781,8040,-3078,-3498
262,-1615,-123,3464,6913,3545,3094,-801,-6915,5287,8216,-6151
1414,475,425,3617,6554,3810,-2918,-59,-11309,1943,12243,-8391
3430,3439,941,1684,5705,3712,-6130,-261,-10789,-4460,9846,-13988
2952,1227,1981,3417,5803,2526,-11254,-2867,-13633,-12519,6864,-13518
2858,-2371,2603,2485,3439,1593,-12674,-4869,-12461,-16578,196,-8301
1910,-2401,753,2771,3854,3976,-11864,-7293,-10107,-18557,-2349,-3901
1904,-1781,589,1673,6196,5282,-11018,-10533,-4141,-22419,-2483,-112
1674,-1223,1089,3275,4680,4635,-11246,-12147,-1371,-20186,-2668,4228
1614,-283,905,3344,5838,3896,-10202,-12373,4447,-14384,-3138,9568
1486,-541,733,2463,3728,2831,-7820,-10023,6191,-8461,619,13913
1808,-537,343,2244,3137,2779,-4940,-7423,6249,-4174,1107,14582
1634,-725,373,2855,4961,3527,-2596,-5965,5697,-128,1113,12921
720,-1129,-159,3703,6052,4254,-1114,-4569,5109,2900,1819,10802
412,259,-349,3581,5410,4800,602,-3057,3533,4742,3512,8446
788,1461,-315,3021,4293,4833,390,-935,1353,6328,1833,5217
344,1445,-741,3707,5013,4653,1236,143,635,4703,2993,1263
-258,863,-879,4009,4787,3586,1004,-319,-1227,7000,-645,-2034
-290,551,-689,3564,3776,2789,2000,-135,-4821,8297,-4510,-4501
-156,-149,-897,3472,3847,2359,2182,-1407,-6065,4720,2467,-6415
-294,-1141,-711,4053,5183,2593,-1034,-1905,-8889,-1458,12530,-9797
80,-1537,-1,3996,6093,3238,-6896,-2643,-10833,-5911,11249,-11896
3648,4875,221,6287,6461,3568,-10822,-5165,-15053,-13972,7261,-9922
2130,1685,641,6845,7392,3059,-15514,-6227,-10811,-19484,3003,-9387
1640,-121,3951,3866,2505,1129,-16524,-10403,-7127,-21335,-4387,-2661
4694,-3413,2513,4680,3161,3028,-15232,-11823,-1081,-19328,-2899,4070
1178,-699,689,4834,11246,4765,-12288,-13197,-191,-19684,51,10086
-162,-1293,1399,2592,6810,4250,-9360,-13085,2121,-15210,-3495,12547
1666,-913,419,2955,2749,3083,-5384,-12055,4667,-8955,-4375,15744
1106,337,277,1790,5614,3194,-1568,-8507,5975,-2779,-1789,17011
654,47,799,1190,1181,1693,1842,-5229,6417,2386,-733,14813
1412,-205,691,676,2536,1246,3804,-2201,4547,5486,4144,11912
616,-1131,-243,1917,5819,1908,2874,-1493,1919,7115,6035,7513
828,221,-425,2820,6066,3092,3548,-739,637,9921,3554,3752
638,1171,-553,3315,7125,4820,4940,1513,-1831,10614,3259,-832
422,1191,-593,4025,7660,5399,4512,2115,-6443,6019,16665,-2594
230,811,-561,3396,6259,4605,2592,-1,-7011,2768,14115,-8345
-60,185,-1229,2726,6105,3939,1178,-1973,-9943,2340,8602,-13470
-386,-1489,-1373,2293,6562,3701,-1836,-4205,-11499,-736,7111,-16215
-1428,-3137,-1829,3976,6735,3566,-3846,-6823,-15105,-7110,6890,-16865
2764,3995,-443,5700,5592,4876,-5316,-7099,-16957,-9643,-1901,-18627
2308,2843,485,5661,3884,4644,-13600,-10107,-9929,-16348,-7615,-18814
792,1183,3821,3191,-552,2904,-16486,-12603,-10301,-18330,-8435,-6110
2336,-2741,2463,3094,-1377,1803,-17058,-13483,-3045,-17572,-5906,2409
3334,-2787,1487,4817,3667,3798,-12816,-12563,-3527,-18048,-7599,8019
420,-687,1473,6427,11645,4331,-7904,-12211,-605,-14129,-10105,10017
-428,221,2519,2620,4034,1915,-5082,-10247,2167,-8603,-12507,11255
1424,-497,1255,-339,618,937,-2660,-10399,4651,-7036,-9147,13065
1846,-825,575,-337,1761,939,-1604,-10273,7093,-1252,-5196,12913
1492,-493,191,1530,4814,1606,1140,-8311,7229,4281,-5230,11786
840,-285,-163,2734,6727,2474,3424,-5729,5923,8358,1519,10738
392,719,-387,2986,5698,3024,4032,-3199,2953,10947,4191,8607
14,1159,-531,2056,4083,3288,4316,-941,255,11892,6694,4902
-90,863,-435,1034,2188,2326,3720,547,-1539,10674,6928,897
8,171,-647,679,1718,917,1844,901,-3553,8136,6750,-3179
202,-727,-899,1398,3460,164,56,141,-5033,6074,2738,-6099
344,-855,-725,2352,5408,37,-318,3,-6187,3233,-2052,-9666
446,-1193,-55,2525,7643,780,-2820,-51,-7623,-2891,3112,-12101
2562,1589,81,4000,7624,1925,-7610,-3329,-9697,-10994,7198,-11706
3322,1971,639,3605,6966,3845,-14440,-4535,-10569,-12179,-215,-10112
2048,503,2267,4337,7188,4269,-11792,-6225,-9525,-16888,-5504,-5517
2090,-1983,2043,2691,3762,3552,-13412,-9957,-4253,-21616,312,2189
2630,-1255,71,2388,5453,5828,-11832,-12975,-1783,-23085,-39,6262
1624,-717,163,4340,9766,6859,-11228,-14729,1265,-19801,-1978,9353
1062,695,859,4935,7986,5667,-8680,-13261,5613,-11433,-5890,12625
470,851,185,1966,5207,4568,-4662,-10583,7561,-4304,1048,15736
802,29,103,1452,3571,4107,-3260,-8501,6459,274,1695,15665
200,-963,-425,2870,6512,4487,-826,-6537,3941,4313,1710,13820
18,425,-813,4646,7589,5344,924,-3905,3181,5530,3136,10775
-716,1545,-1193,4006,6599,5759,928,-1781,1689,5926,631,7032
-1208,1371,-805,2684,3644,4218,2030,-341,793,6676,1518,2488
-440,499,-381,2241,1612,2224,794,-37,-1141,8929,-3610,-1647
-490,-771,-607,3093,3316,1606,1448,-711,-3919,5915,-7337,-5425
-404,-1281,1017,2940,4664,1679,26,-201,-5273,1994,1812,-8295
1984,-3081,675,2613,5383,2106,-4978,-2689,-6821,-5099,7163,-6764
4374,3055,1147,2811,9480,4244,-10292,-2653,-7167,-5796,8430,-9941
1954,1159,3891,2551,4601,1832,-13294,-4257,-8537,-14365,1828,-7086
3542,-2167,1513,1485,517,407,-16742,-8337,-5213,-18470,1794,-3033
3660,-1707,253,2459,4806,3472,-14180,-10701,-1541,-20294,3413,4829
1648,-1691,819,5156,9544,5300,-12462,-13145,1957,-18797,2291,10201
1072,-69,923,3481,5532,4171,-10402,-12107,3685,-13850,251,13908
650,-365,255,376,1916,3287,-4730,-9243,5549,-7436,-1619,15240
912,77,117,717,1885,3198,-1626,-7839,6421,-2508,1743,15965
582,-331,-207,1957,4254,3263,294,-5625,4929,1822,2030,14349
134,-563,-801,3609,5476,3711,3094,-2689,4179,5695,4821,10086
382,967,-629,4466,5225,4716,3480,-653,2299,6480,4468,4779
-298,1371,-879,4075,4902,5409,2292,547,-149,8190,4526,-128
-498,1089,-409,3769,3547,4251,802,1689,-2665,6931,2581,-3726
-128,721,-55,3249,2110,2653,-2,-57,-3969,4561,186,-6669
-254,-441,-437,3302,3732,1956,-1752,-1523,-6275,2697,-4296,-9298
434,-2001,147,3270,4315,1972,-5590,-1901,-6485,-4048,-256,-9056
2158,1099,-273,5934,6785,3023,-8146,-3775,-7451,-10593,877,-5029
3228,1943,601,4009,8771,3684,-11716,-3825,-4655,-12951,4732,-3921
1814,-1101,2733,3455,4917,780,-12040,-6331,-3237,-16048,555,-2342
2808,-2451,1799,2661,3313,1499,-12952,-8005,-1735,-15824,3742,2149
2798,-1445,243,1794,5441,3711,-11800,-9763,659,-16324,-1000,6264
1664,-1407,1531,2548,5749,3749,-10646,-10095,1601,-15129,1324,9867
1980,-155,1167,2122,5357,2875,-9460,-9489,2473,-12064,-448,11064
2052,-535,627,1277,4089,2528,-6046,-8449,4049,-10624,-1577,12416
2114,-117,-85,1610,5457,3318,-4848,-9167,6357,-7471,-3962,14387
798,-865,-753,2588,7392,3973,286,-7979,8135,1169,-6045,13681
370,-55,-875,3125,6365,4275,3196,-6189,6731,7624,2750,11867
700,843,-1259,3036,5011,4890,5090,-4213,3721,11939,299,7499
76,987,-1247,3828,5025,5651,5178,-1959,-19,13164,5278,2864
44,919,-843,4282,3485,5546,4558,-871,-3185,11219,5480,-2285
-56,1011,-437,3667,2556,4966,2448,-603,-5541,7774,9379,-6072
0,-193,-157,3619,3477,4430,74,-1247,-8251,3630,8075,-9350
146,-2169,635,3620,4753,4222,-4588,-1583,-11427,-2151,9273,-12358
4356,4695,273,6200,6477,4392,-10008,-2483,-14267,-8286,4348,-13306
1666,963,151,5705,9047,4462,-14206,-4415,-11627,-15026,-909,-10855
920,-461,1675,5952,7253,2881,-14548,-8817,-9737,-20261,-797,-5876
1844,-2241,2421,4422,3825,1329,-16470,-11043,-4107,-20164,-3174,-2092
2134,-1849,1105,3832,3891,2240,-13122,-10899,-693,-20404,-4091,3574
2468,-1695,453,3459,4791,3233,-11734,-12271,447,-20695,-1279,7715
1744,-1523,1229,4440,5075,3373,-11250,-14283,2341,-17725,-3484,10153
1736,-1175,1127,4566,5703,3450,-6402,-11841,5005,-9921,-7202,13074
942,-547,923,3767,4216,3486,-2416,-9875,5901,-4279,-1681,14579
1396,397,561,3171,3562,3188,700,-7597,6269,1307,-2576,14435
778,267,611,2923,3693,2773,3364,-4303,5371,5926,2782,11789
466,-653,567,2585,3127,2204,3412,-2719,3237,7665,4485,8421
876,-347,283,2725,3347,2182,3522,-1627,1789,8553,5747,5533
1422,777,221,2647,4226,2674,2790,-165,673,8345,6222,2389
1174,915,-223,2760,5614,3124,2386,543,-625,7632,6932,-948
890,675,-655,3026,6342,3027,1680,643,-1923,7014,7544,-3409
586,469,-823,3295,6281,2753,714,71,-3657,5098,9904,-5609
100,-307,-919,3071,5767,2525,-86,-491,-5865,4245,10695,-7637
162,-589,-997,2874,5419,2630,-550,-1165,-8299,483,11974,-9073
382,-637,-657,2822,5371,2721,-2978,-1739,-11481,-2152,11254,-11342
586,-1573,235,1845,5338,3023,-6790,-3429,-15431,-7948,9456,-11832
2460,2025,-269,3797,5073,3447,-9782,-4505,-17769,-12155,509,-10893
3550,2829,695,2732,6400,4162,-11966,-4039,-14067,-17486,-3252,-9899
2142,339,613,5260,7831,3620,-14988,-11873,-9785,-20838,-6738,-6503
1528,-1505,1825,5198,6133,2759,-14562,-13297,-3501,-19141,-7295,701
1656,-1515,1449,4099,4829,3443,-11922,-12311,-765,-19051,-6370,5480
1772,-1387,373,2812,4164,4270,-9540,-13291,699,-16462,-4949,9845
1570,-1187,1257,3840,4936,4449,-6456,-11719,3265,-12234,-1666,13548
1664,-439,1073,4007,5496,4120,-3946,-9423,5681,-8404,-152,15021
1286,-391,879,3483,4511,3704,-3220,-6959,5935,-3784,675,15307
1336,-637,759,2627,3198,3166,-2092,-6357,5153,295,414,14043
1348,-709,299,2571,4467,3272,292,-4731,4291,3288,3969,12106
1396,-233,383,2630,5270,3237,1368,-3217,3219,5249,5780,11023
1018,-193,-119,2931,6081,3596,1918,-2213,2089,7263,6117,8523
476,-445,-549,3752,6891,4159,2558,-1299,1337,9244,4119,4137
100,283,-483,4031,5962,4646,4090,-637,359,8668,6808,564
194,1881,-221,3219,3998,4739,2238,-719,-1837,8853,10279,-1859
194,2153,-381,1959,2116,4236,974,-837,-4357,9468,7042,-4540
54,1327,-435,2170,2041,3134,1260,-1373,-6935,9059,3487,-7598
-104,-565,-135,3172,3510,2257,-50,-2123,-10565,6007,992,-11459
-24,-1319,-19,3240,3531,1789,-3844,-3063,-13831,-409,1198,-12997
-214,-2881,225,2621,4430,2296,-9534,-3679,-15801,-7251,903,-13206
464,-2457,209,2988,5651,3288,-11642,-4529,-18207,-14195,-7349,-10673
5512,6519,873,2733,6516,2700,-13626,-10645,-7503,-22179,-5465,-6614
1988,213,2411,4249,4899,765,-15280,-15713,-2239,-21432,-10768,1158
2640,-2537,2719,2590,1377,-372,-14352,-15169,1903,-20726,-5199,8491
3006,-3115,597,4148,3677,1763,-10282,-14545,3987,-15982,-5745,12978
3512,-3037,119,4813,7130,4025,-5812,-13337,4439,-12087,-5104,15935
1410,-1033,1067,5645,8444,4702,-3680,-11493,4911,-5860,-2302,15456
1048,239,2173,3016,2547,3368,-1932,-8963,5975,519,-2677,14882
1200,-155,1609,1196,420,2818,292,-6789,5845,3486,-570,14320
1676,-405,657,901,1142,2245,2744,-4045,4867,7089,2610,12094
2026,579,447,1357,2683,2438,3208,-1033,2885,8423,3147,8603
1228,137,281,2348,5212,2620,3446,-261,977,9126,5662,5007
-154,-1121,-317,3021,7392,2386,2726,-531,-1025,9207,6584,2697
294,301,-555,3198,5976,2652,2300,-437,-2947,10164,2725,-63
184,775,-769,2283,4938,3051,2260,849,-4955,9724,5092,-3729
-70,1017,-781,2037,4813,3185,564,569,-6665,5047,7995,-5738
396,659,-411,2245,4119,2614,-1206,-203,-8649,1837,6576,-9094
226,-301,-699,2423,5125,2512,-3128,-1323,-11281,-2358,9446,-10492
260,-2467,-209,2058,7271,2681,-6790,-3837,-14649,-7034,7459,-11514
3600,25,-1477,6247,7220,4177,-9456,-8261,-17539,-14495,1431,-11039
2420,1903,-591,7861,12177,6315,-13772,-9135,-5929,-23428,-4228,-9272
-18,-881,3905,3079,3543,2951,-12914,-11699,-4017,-24525,-5138,1502
2864,-2153,1157,1605,-2852,1614,-11256,-11523,2705,-19309,-1255,5784
3898,-1713,-459,3488,2966,4220,-10464,-12585,863,-18563,-534,9980
2490,-1521,317,6438,10340,6720,-7766,-12533,3439,-13982,-2895,12306
1040,757,1653,5952,8350,6189,-5266,-10367,5495,-8692,-2932,14187
488,1369,1495,2697,3045,4654,-2004,-7351,7799,-2897,-1883,14949
1154,-531,1001,1010,1230,3488,-1360,-5725,6955,389,1585,13634
696,-1047,27,2020,3269,3356,350,-4857,6021,5048,1974,10709
664,-775,-119,2342,4788,3295,1442,-3863,3201,7732,4167,8639
482,103,-353,2718,5888,2904,2014,-1983,1879,9469,3908,6279
828,1195,-575,3033,5952,2561,3190,303,223,10827,-1659,2422
360,707,-959,3535,6694,2471,3846,441,-1577,9016,3587,-1096
314,395,-761,3635,5108,1937,1408,-33,-3913,10511,1122,-5341
374,-333,-785,3540,4546,2047,880,237,-7253,8196,-3151,-9547
366,-1025,-541,3147,4712,2405,-1990,-1319,-9723,549,237,-12212
434,-1777,33,3230,4678,3046,-6878,-3013,-10693,-7867,4275,-12639
2908,3007,21,5044,3856,3643,-11068,-6123,-11571,-14389,1017,-9526
2546,1815,1427,3655,4822,3965,-14208,-7133,-8133,-16128,-1140,-5020
1690,-873,2443,3544,4535,2290,-13434,-11243,-2931,-20679,932,-912
2734,-2891,1689,4073,5060,2204,-13070,-10179,-755,-19535,4532,3975
2328,-1669,-35,4557,8495,4334,-10976,-10979,-595,-20393,3643,6537
1638,-889,207,4185,7775,4764,-10730,-12199,197,-17333,574,8830
1532,-507,1405,3852,5499,4688,-7312,-10723,3577,-11550,-4247,10810
858,-737,913,2815,3556,4643,-4938,-8135,5027,-7439,-977,12715
842,-673,1205,1693,154,3604,-3756,-6313,5623,-3521,325,12172
1716,1,751,1027,-258,2784,-2022,-4311,6151,701,325,11781
1884,83,743,1187,2467,2761,-460,-3279,4175,3225,701,10950
1084,-1103,-79,2453,5887,2604,1432,-3029,2635,6674,4180,7607
978,-305,-327,3550,7045,2747,2008,-1999,885,8857,1340,6075
758,807,-383,3217,6705,3353,3868,825,-639,9680,-370,2281
50,863,-799,2789,6309,4171,2958,971,-2819,7908,4077,-2453
-226,403,-709,2948,4879,3418,1308,-1081,-5603,6081,6269,-5552
-66,-37,-209,2047,3604,2038,-182,-1257,-10267,5368,9845,-9286
160,-1921,367,1587,4673,1818,-3688,-2673,-11545,3224,9880,-14470
1344,-2475,1185,2817,6991,2939,-10488,-5297,-13543,-8595,3521,-17817
4594,4545,-469,7192,8415,3447,-13648,-9657,-16199,-20750,-3193,-10071
1790,801,351,7441,11609,4757,-15914,-11483,-4659,-21825,-7298,-1810
-170,-675,2261,4680,6088,3973,-13086,-10861,1821,-23717,-5755,4582
1210,-2169,1869,1846,-701,3733,-12308,-10989,1779,-22921,578,7920
1880,-1435,219,1987,16,5459,-9576,-12769,2955,-20904,-978,11363
1838,-1165,655,5187,4047,6745,-6896,-13845,5197,-12606,-6587,14254
996,155,1945,6602,4940,6014,-1244,-9609,7497,-2299,-4137,16190
142,233,1641,5082,4001,4497,2054,-5599,6241,3859,-538,14144
528,35,1731,2837,129,2285,1662,-3835,4525,5649,3128,11077
1256,-155,1371,1933,1696,1544,2134,-2085,3117,7105,3891,7719
1200,-107,1547,1458,2513,1094,680,-1181,1749,6438,5564,5183
1000,-963,1091,1299,3214,749,598,-661,825,7243,4776,2990
956,-595,621,1297,3803,958,772,319,5,6878,4390,1470
922,275,89,582,3773,1379,866,1245,-843,7259,2201,-660
980,677,-151,51,3439,1444,972,1361,-2627,7720,-989,-3090
818,447,-529,762,4412,1130,920,-251,-3993,7431,-49,-5461
428,-153,-701,1368,5304,632,-768,-1343,-7433,5632,1131,-7787
388,-807,-1031,1697,5383,33,-2352,-2545,-9389,-390,3880,-9910
1062,-821,-93,1369,5295,303,-6466,-1467,-11331,-6823,6340,-10235
614,-2593,209,560,5014,1583,-10444,-3655,-10629,-14970,-529,-8764
5764,5329,1045,3017,5528,3590,-13300,-6113,-11433,-20716,-5970,-6116
2708,763,993,5995,8550,4929,-12876,-11119,-2797,-25866,-12151,-2730
884,-1965,2003,3966,2872,4265,-13732,-17077,4509,-23194,-7974,9638
1316,-1701,1111,2972,1431,5238,-8980,-15645,7629,-15522,-3859,15354
2062,-1253,41,2772,1695,5988,-4852,-12763,6327,-9152,-617,18657
2030,-739,1271,5545,4302,6565,-1914,-9961,6323,-2466,1282,17545
1350,191,2151,5788,4653,5804,268,-6691,6311,3704,94,15475
248,-15,1107,3780,2612,4312,1558,-3779,5047,4979,3067,11654
574,-219,1215,1686,161,2218,1286,-2883,2805,7092,3495,7471
676,-195,1207,862,483,1171,1646,-1733,2339,8491,2955,4776
814,-193,1203,926,1327,675,1712,-839,1005,8929,5246,2767
476,-1047,973,1595,3728,287,1276,89,-809,8223,4461,244
986,-159,621,2302,5367,345,556,1059,-2355,9230,94,-3262
978,1225,215,1477,5603,327,516,2017,-3413,6282,-1596,-5823
322,713,-99,880,4819,-60,-308,757,-4651,2820,-439,-8267
126,-627,-29,540,3916,-751,-1612,-463,-7339,-1640,6239,-9596
228,-1541,-163,631,4257,-729,-4626,-3367,-8205,-7628,8962,-9783
580,-2077,-85,508,6149,-37,-8584,-4013,-9263,-10592,3573,-9240
1274,-1711,-665,1937,6946,848,-9598,-6565,-9313,-16649,458,-4117
5422,5563,1081,1735,6638,2511,-11730,-5339,-4733,-18538,-1589,-925
2856,2431,1865,3911,7428,3582,-12294,-6367,-1599,-18631,2053,1526
2072,-2955,2125,2853,5368,3211,-12550,-8183,145,-17660,390,4645
2114,-1975,827,3653,3863,5076,-10862,-9583,609,-14818,1091,7137
646,1337,67,3662,8091,7341,-8512,-9789,1719,-11750,1069,9753
1018,-169,1247,4867,6582,8001,-7132,-7405,4187,-7160,-221,10537
544,529,351,2733,3731,7031,-5852,-6453,3943,-4618,5321,12215
558,1153,65,1436,213,5381,-4824,-5789,3405,-1170,2930,10986
614,507,71,1638,1895,4773,-1912,-4731,3309,2406,-155,10200
104,-531,-421,3475,4965,4058,-444,-2831,2615,3911,1929,8131
-336,-369,-185,4382,5834,3170,-70,-2205,1859,3781,4397,6305
-162,893,-265,3828,4446,2244,344,-1255,1693,6802,702,4254
170,1753,-331,2231,3523,1929,1588,757,225,8749,-3813,823
136,981,-323,1903,3449,1537,2276,175,-1183,7643,-960,-3139
562,301,-237,2579,3773,879,804,363,-3577,6507,1529,-6104
604,-643,-339,3413,5731,411,-828,-1279,-5617,579,5374,-7893
154,-1493,-399,3678,7588,302,-4096,-2137,-6877,-1429,6463,-9348
828,-859,71,2477,6061,795,-5844,-1635,-9425,-6060,4565,-9121
2906,3065,1141,1618,3293,2091,-9106,-3781,-9411,-13313,7768,-9728
1728,811,1937,3159,4672,2995,-13146,-6129,-12609,-15330,3152,-8005
2092,-1215,3585,1951,1575,1152,-15262,-7671,-7391,-16298,-3147,-3916
2338,-1837,1717,1873,1923,1589,-12824,-9719,-4017,-18539,-1675,2099
2310,-1851,681,2456,6221,3311,-11600,-11671,-1173,-18121,-758,5949
1278,-409,1755,4127,6278,3858,-9168,-10825,2669,-12059,-4285,9876
564,-27,1391,1102,2379,3055,-5118,-8585,4969,-7081,-2504,12866
1450,-247,723,47,250,2399,-3692,-6637,5729,-2857,2115,13215
1248,-187,653,1085,3839,3277,-2026,-4127,5715,1377,1546,12090
150,-697,-547,2656,6609,3493,30,-2745,3729,4111,2847,9254
326,753,-281,3014,6464,3733,440,-1651,2171,4544,3856,6456
346,931,-733,2870,6306,4133,528,-529,845,6155,-440,3402
-316,587,-1113,2977,6680,4554,1500,235,859,5931,-2742,48
-616,111,-977,2812,5387,4055,1570,-113,-495,3997,2919,-1871
-186,337,-823,2493,4021,3490,1396,-1113,-2181,4818,4090,-3201
-420,-229,-1001,2327,4602,2985,1628,-1389,-4823,6535,519,-5244
-110,-477,-5,1484,4702,2389,1734,-237,-8837,4532,4245,-8189
1842,-195,-171,2877,5290,2823,-4404,-3495,-11977,-6001,14505,-10988
3488,3255,-257,6300,8805,4706,-9614,-5107,-14989,-12457,10244,-13718
1044,1273,3011,5744,5940,4931,-15290,-6891,-13223,-16397,3177,-9574
432,-2373,3255,2485,-1191,2571,-17126,-8793,-9087,-19618,-498,-5124
4210,-3537,3081,3198,543,3993,-16122,-11217,-4135,-21240,-2070,2720
452,-535,1373,5469,11608,5381,-12486,-12461,-415,-19719,-5661,8414
-1424,171,2345,3529,5860,3981,-8438,-11715,4725,-14424,-5840,12395
470,-67,1359,474,-845,2073,-4832,-10041,6995,-6619,-3308,14708
1326,-401,1183,1356,1863,1892,-840,-7687,6965,155,372,16647
1674,-103,2469,2081,3735,1457,1598,-4439,4633,4842,758,15017
728,307,1183,-1812,539,-170,4178,-1311,3843,7054,2572,10276
620,-819,225,-1517,939,-795,3020,-623,1021,9122,3337,5071
1108,-785,-385,1141,4958,499,3266,-337,-417,9543,1171,1510
618,419,-533,2680,6499,2038,3762,973,-2143,9032,1837,-1688
-102,795,-585,2616,5528,2953,1852,1451,-5025,8618,3711,-5128
-232,611,-445,1876,4134,2786,96,1477,-6975,5584,1310,-8583
-116,91,-429,1146,2593,1828,-2410,-347,-8141,653,3837,-10913
278,-1319,-595,1409,4039,1573,-4650,-2325,-9345,-4061,3769,-10118
1446,-1957,-13,2569,7259,2346,-7814,-3121,-10109,-8031,153,-7097
4028,2761,-525,5760,9088,3978,-7910,-3589,-10283,-12071,-4582,-5739
2176,1605,-73,6397,10075,6463,-9776,-4775,-7281,-16801,-4747,-5421
778,-211,2109,5502,6384,6176,-9948,-7433,-3503,-23174,-4092,-3800
752,-861,2461,1817,-1382,4684,-11112,-12989,-735,-22564,-1557,1058
2432,-1061,343,1155,-1335,5266,-11906,-15101,4319,-17559,-1977,8940
2512,-1153,567,4423,5817,5993,-8820,-13467,5549,-10817,-1976,14485
1118,177,1253,6612,8623,4929,-4646,-9833,5441,-4656,1194,18219
94,1177,447,3090,5093,3047,-828,-7193,6129,1668,2075,19252
788,399,393,51,995,1710,2442,-3841,5877,5031,3092,16979
712,-845,229,1039,3051,1538,2642,-1705,2815,8524,3450,11062
576,-451,-189,2744,5040,1718,3382,-319,729,9136,4534,5142
492,439,-325,2863,5309,2182,2626,1007,-691,9962,257,153
78,565,-571,2679,5053,2737,3018,2217,-2845,7718,-882,-3846
18,387,-421,2628,4429,2653,1910,989,-3811,5203,4242,-5855
-166,-481,-401,2717,4452,2220,168,-663,-5301,4537,3703,-8393
-28,-639,-181,2704,4667,1584,-606,-223,-8207,1194,2012,-10283
72,-1029,-119,2196,5303,1311,-3396,-1711,-9259,-5839,4598,-12022
-278,-3173,227,1452,6452,1494,-8982,-5077,-10383,-11577,9112,-11227
6090,6677,815,5191,5130,2624,-13378,-5913,-13475,-15079,-5239,-7557
2386,1637,263,6084,9439,4753,-14094,-9209,-6027,-24162,-2043,-3853
260,-1457,2569,3804,5230,2899,-14434,-14153,657,-24019,1089,6215
2392,-2297,1193,3303,2691,2485,-12574,-13389,4087,-17493,-1627,11036
3576,-1677,353,2570,4662,4116,-7916,-11641,5071,-12426,849,16348
1804,-953,651,5182,9620,5175,-4514,-9541,5367,-5427,2166,16756
1512,-83,1567,4397,6004,4540,-1756,-6237,5907,152,3972,15930
1194,379,411,1317,2811,3796,-8,-3413,3647,2853,4167,13903
1964,187,369,1200,2645,3936,1644,-501,1941,5156,6016,9375
904,-143,317,2776,5869,4768,1742,77,-165,4487,5277,5180
-140,-439,-513,3526,7437,4980,1646,235,-1265,4793,5576,1724
-8,801,-733,2791,6049,5045,1526,767,-2041,5400,3174,-964
-232,1083,-883,2696,5470,4951,1282,1613,-3077,5097,5219,-3289
-190,1165,-807,2914,5308,4125,484,1483,-4297,2966,7051,-5834
62,1167,-699,3234,5251,3077,-1118,739,-5323,1874,8753,-8403
-34,501,-949,3593,5084,2020,-1616,-943,-6161,710,6430,-11400
18,-137,-625,3776,5751,1487,-3692,-2657,-9203,-1382,4457,-12654
228,-1267,35,3874,5797,1590,-6074,-4035,-12775,-8255,3111,-12951
626,-1543,593,3774,7234,2963,-10486,-8025,-12311,-18421,2863,-11579
2504,2443,209,4294,6841,4482,-14264,-11213,-11057,-19340,-7007,-5280
1988,1801,793,4818,6283,5475,-15006,-11765,-2329,-20589,-6642,3443
1578,313,3031,4813,4760,4552,-12626,-11847,1375,-18923,-5552,8672
1426,-1883,2835,3924,3806,3444,-8076,-10301,5249,-11850,-6938,11636
1882,-2127,823,3307,3885,3771,-5406,-9181,5501,-8410,-666,14860
2338,-1257,713,4263,6489,4947,-3412,-8449,4701,-3417,-1,15052
1392,-285,1857,4296,6578,5312,-1880,-6983,4773,1113,1534,15045
706,175,2255,2119,3432,4293,1798,-3151,3399,6650,2294,12125
1424,-181,1407,1063,1694,3395,3666,155,1429,7455,3538,7141
672,-655,291,1455,3959,3376,2674,823,-91,5902,8117,2964
-114,-1269,-157,1889,4810,2857,1048,175,-759,5229,5147,-1113
-60,-219,-265,1629,4184,2202,906,305,-749,5637,4897,-3604
482,1311,-13,983,2875,1875,-498,631,-2601,6235,4497,-4659
218,867,-311,1397,3869,2096,-716,289,-3401,3613,8264,-5385
126,499,-485,2200,4309,1648,-1454,-451,-5455,2856,7803,-5619
82,-169,-427,2475,3961,769,-1688,-2033,-7829,-87,7122,-7219
-500,-1729,-163,1889,4671,275,-3500,-2335,-9281,-1105,7914,-8970
-1220,-4149,211,1002,5679,-167,-6862,-3287,-12727,-6467,5947,-10390
6894,5535,257,5199,3887,547,-9592,-5327,-15809,-14015,-3987,-10537
2918,1041,459,7209,8263,4143,-11366,-8857,-11081,-20064,-11359,-9779
788,69,4959,3764,1564,3903,-14604,-10473,-3897,-19194,-1124,1218
2204,-2497,2887,1916,-2929,3632,-13894,-9865,-1151,-19193,-842,5367
2462,-1831,1773,8422,9543,6262,-10350,-10859,-739,-18231,-1420,8249
-438,41,1447,3812,12774,6435,-8220,-11893,1353,-13697,-5580,10545
334,381,1297,2219,-1498,3817,-5424,-9975,5021,-6985,-5252,12968
980,1863,207,-1569,-764,2324,-2578,-7933,6647,-2802,-1732,15443
986,693,393,-1586,-1328,782,-1810,-5871,6089,1269,-586,14288
924,-469,247,-219,-793,-350,564,-4319,6017,4557,-1495,12847
1050,-783,-261,2177,4384,536,1940,-2569,3919,7786,163,10193
388,-125,-243,3452,5023,1836,2746,-1681,1837,11794,-5046,5338
-436,-65,-393,3216,4081,2732,5566,471,183,10493,-470,-38
40,27,149,2162,2728,2490,2924,861,-2919,8494,-875,-5673
282,-91,59,1453,1973,1858,2278,-35,-4283,5384,247,-9272
646,-701,-373,1565,3805,1519,-424,-1735,-5763,555,7827,-9659
350,-1587,-805,2502,6130,1447,-4012,-1425,-8205,-2284,9690,-10056
2956,2701,-377,4093,5530,1855,-6664,-1215,-9817,-4950,1800,-10412
3186,1935,409,3655,4731,2002,-10290,-2483,-9017,-12338,2778,-9820
1856,-1743,2555,1930,1076,-425,-12466,-5461,-8777,-16924,3524,-5857
8708,-5203,3965,12,1000,2162,-13544,-7405,-6033,-18957,1743,-871
3214,-1837,573,2659,7536,4045,-11682,-9593,-3581,-21025,690,2709
2904,-1317,-453,6897,11744,5207,-10734,-13087,1597,-18190,-4571,8448
1526,-245,-1189,5236,9469,5289,-7270,-11495,6205,-9592,-5444,14015
778,21,-45,2586,3754,4769,-2278,-8297,7447,-3286,-667,16521
1392,619,137,2066,1144,4655,-352,-5629,6571,1300,102,14702
462,473,827,1563,-95,4292,866,-3993,5705,6287,1161,10635
216,-425,405,1231,-653,3428,1666,-2829,4203,8484,130,6680
544,107,179,1651,404,3342,2528,-1481,2667,8341,1546,4489
892,1009,113,2366,2494,3583,2632,605,707,9109,354,1854
6,1023,-89,3168,4488,3446,2296,1411,-1351,8853,1419,-2104
-646,361,-321,3625,5513,2363,1786,133,-2999,7023,3106,-4543
-914,-531,-255,3147,4400,799,1024,27,-4995,4897,5010,-6256
-60,-973,-375,2913,4640,-301,-686,-7,-6475,779,8876,-7705
676,-2369,-221,2998,7626,-106,-3950,-1247,-8875,-4264,7063,-8258
4048,1143,-391,6652,8204,1049,-8376,-4429,-10349,-8749,1993,-6603
3666,2571,301,6024,10251,1697,-11100,-2535,-7151,-13881,-2769,-6795
1204,-659,3803,2393,2995,-1190,-12328,-3895,-4525,-18196,2169,-3142
5272,-1885,1379,626,-2415,-1466,-12940,-6345,-3291,-21220,5003,239
6298,-3189,-751,1235,2525,3692,-11732,-9623,-2267,-21942,1679,2722
3272,-1461,91,7328,15271,6000,-11412,-12531,553,-19678,676,7311
1844,547,325,6615,13388,6119,-9256,-12567,4387,-12680,-3686,10437
412,295,-409,1430,3816,5141,-5662,-10859,6021,-5666,-3222,14620
1102,-327,-241,-1356,289,4751,-3762,-9075,6593,-54,-883,15070
1514,375,-13,212,1618,5573,-1238,-7189,6257,4340,454,14504
980,-55,-531,2543,4816,6331,1364,-5047,4241,8787,1668,13283
130,617,-969,4491,7350,6817,3164,-1879,2359,9749,3775,8636
-726,1237,-791,4008,5729,5831,2504,-479,77,9680,4638,3995
-996,1289,-889,3056,3348,3892,2184,907,-1997,11210,-683,-1374
-482,721,-757,2625,2821,2380,1936,841,-4089,7240,634,-4821
-174,423,-541,3772,3219,1414,574,925,-6769,3884,7500,-6797
56,557,-111,4307,4620,1059,-1722,-111,-7889,-19,11149,-8399
46,-1475,167,4202,5216,976,-3630,-2133,-8735,-4845,9488,-10485
186,-3431,681,4178,5828,1598,-7476,-3545,-10997,-8553,10047,-9910
6018,5873,445,7588,6290,2023,-8050,-4381,-12117,-11946,51,-9439
3386,1645,755,6197,8805,2857,-11650,-5155,-6375,-16898,-4182,-8144
1022,-2595,3433,2892,3341,1460,-12976,-6953,-5523,-17899,1451,-2129
2964,-2217,1047,4259,4605,4203,-12058,-9133,-2155,-18036,-2002,1411
2802,-25,-181,3625,6981,5582,-10250,-10365,-1011,-16667,-894,5542
812,-333,1837,3976,5175,3871,-8776,-10187,1269,-12617,-1492,8263
1628,249,1255,2671,3939,2722,-7206,-8727,4243,-6400,-4162,10306
854,101,617,700,1285,1321,-5384,-7709,5885,-1770,-2899,12146
560,-693,103,-381,190,990,-3682,-6727,6433,1693,-1395,12588
984,-1057,35,-414,941,1404,-608,-5065,5249,3920,304,12822
816,-1343,-5,978,3090,2248,2094,-2965,3437,6928,1860,10916
792,29,-207,2424,5161,3320,3928,-1609,2069,8179,3151,8492
516,281,-939,4195,7641,4630,4268,-381,185,8746,2905,5037
-234,959,-1023,5583,9085,5240,3868,-313,-2297,12676,-3708,-172
-818,1275,-695,4663,6977,4165,5032,1181,-5469,9702,-1575,-6307
-874,661,-637,2694,3527,2515,1906,-51,-8591,2301,9075,-9381
-754,-1041,-423,1679,3369,1569,-2454,-1037,-9877,-2853,7873,-12591
-368,-3123,285,2043,4226,1562,-5724,-2921,-10679,-8798,5067,-14074
5458,5641,1327,4006,5407,2243,-10238,-6063,-12099,-14824,5911,-11937
2554,2219,855,5356,7295,2752,-12724,-8117,-9121,-18490,58,-7649
2540,-113,4355,1327,1404,-163,-15120,-8093,-2695,-17315,-2832,-1787
4392,-2853,1471,2184,2250,1230,-13266,-7863,-391,-17614,2375,3232
2762,-1559,-701,2380,8485,4683,-11880,-9667,-1031,-15724,850,5965
1064,-175,1037,5867,8334,5377,-9056,-9963,549,-13082,-534,8815
60,-357,577,3103,4480,4892,-6572,-9379,2735,-10135,1916,10260
386,-657,757,181,-475,3490,-6852,-7989,3627,-7290,-909,10136
1654,-779,487,-184,-2307,2784,-4322,-7077,5181,-4156,-1527,11008
1934,-1097,-175,1410,1373,3710,-2364,-6165,5879,584,-473,11493
1134,-871,69,2831,5340,4568,-888,-4581,4515,4663,-1100,11045
164,375,-305,3329,5694,4958,2398,-2611,2851,8361,783,8735
436,1691,-251,3218,5174,4870,3790,-161,1163,7389,4605,5151
-672,1193,-699,3359,5320,3964,1420,855,-1495,8412,2816,511
-648,511,-765,3053,4284,2144,3004,785,-1899,5669,4018,-3581
-538,89,-557,3050,3078,778,-182,341,-5067,4310,4947,-6184
-472,-889,-451,2880,3529,159,-1046,-245,-6949,-265,7951,-8525
264,-2315,563,3153,4451,489,-3620,-257,-8023,-8320,15462,-10842
4616,4557,1301,4695,3360,334,-9816,-4559,-13399,-10126,5601,-12778
2960,303,1029,4239,7833,925,-12816,-6705,-10657,-13192,-2380,-8372
3710,-1267,3601,3045,4107,-978,-11784,-5365,-6267,-14718,-838,-1136
4024,-1941,1333,2809,4977,1313,-11034,-6863,-6457,-19366,3582,1702
3722,-2933,1495,1255,7088,4730,-11902,-9105,-3739,-20379,1549,2441
1614,-655,1243,3813,7284,4756,-12152,-11597,-467,-18415,-1419,7351
1056,-799,-155,2826,6803,4816,-8258,-11741,2439,-12747,-4812,12405
968,-101,313,989,1910,3405,-4926,-8947,4443,-5878,-4239,13872
796,1027,97,-428,113,2824,-2746,-8071,4507,-2103,-2465,14994
118,11,253,-1651,-1089,2960,292,-5771,5559,2409,-3208,14068
166,-1165,-255,141,-175,2924,2464,-4063,4815,4531,402,12612
1024,-449,-361,3262,3655,3605,2662,-1941,3741,6828,2072,8990
890,1115,-289,5460,7274,4717,2752,-455,2457,6877,4586,5698
86,1121,-629,5807,8346,4955,1746,677,809,6652,5292,3015
-320,717,-667,5568,7008,4439,1288,495,-839,6363,3497,-172
-478,643,-463,4192,4365,3580,1952,-677,-2597,8728,-122,-3678
-158,399,-151,3322,3150,3209,1150,191,-7073,6947,1591,-6976
-482,-897,527,2786,3503,2815,-2054,1021,-8751,4570,7244,-9447
-230,-1289,649,1955,3914,2356,-6442,-1143,-10907,-7414,10284,-10596
3972,4075,269,4331,5331,2842,-8166,-1773,-14517,-17315,8730,-10758
2002,2115,983,5787,7351,2616,-11654,-5349,-8907,-22428,5682,-11858
1646,-1387,3095,5144,6180,931,-15840,-10487,-6659,-21572,35,-3951
3336,-2377,2737,-2069,73,1100,-12472,-10127,2159,-17239,-4319,7944
5126,-3485,473,3483,6348,4254,-7560,-9183,3533,-11457,-2020,12806
2780,-987,281,8869,14647,6203,-5502,-8381,3783,-5056,-617,13325
486,1387,-199,5107,10346,5943,-2968,-7227,5367,-398,112,13621
392,977,99,-1643,-444,3549,-708,-5265,5465,4405,-210,13063
634,-329,159,-1809,-1908,2966,2564,-2815,4525,7581,186,10785
832,-1011,-263,603,1524,3382,3388,-1443,2287,10004,242,7916
550,-505,-689,3174,4659,4277,4608,-1113,-179,12931,305,4325
66,909,-745,4143,5480,5322,5118,77,-2993,14419,-2980,747
-578,1215,-1003,4040,5312,5514,5832,2171,-7507,12788,-1737,-4196
-854,1255,-519,3648,3852,4213,3862,1215,-7791,8847,6299,-8260
-838,709,-65,2544,2352,2231,1240,571,-9259,4496,5464,-13100
-310,-845,-423,2168,2932,788,-1378,-2057,-10863,-3161,6647,-16106
336,-3029,23,2860,6055,1206,-5994,-4749,-11927,-7458,7976,-17002
5220,5737,483,7677,6564,2116,-9078,-6833,-15347,-11873,3943,-14055
2394,1195,733,7109,10586,3367,-12710,-5943,-9217,-14820,-7336,-9989
554,-2683,3557,3861,5506,1696,-11012,-8685,-7081,-19831,-4505,-3773
3298,-3037,1651,3361,1582,2441,-12836,-10089,-3581,-18986,464,2035
3562,-1017,-71,3060,5166,5007,-10464,-10575,-2385,-19443,1077,5841
1974,-1499,977,4903,7620,5986,-9444,-10923,201,-16614,-2097,7001
1714,-177,1579,4969,5039,5338,-7802,-9843,1841,-13457,-4377,9910
792,-435,695,2835,3930,4939,-6820,-9445,4713,-9955,-1755,14972
1310,-695,947,1716,27,3443,-3634,-7357,5933,-2865,-376,15813
1926,-405,859,1722,1491,2876,460,-4497,6011,670,643,15448
1496,-447,387,2762,4564,2999,1518,-3093,4693,4556,3109,12768
706,-1125,7,3321,5344,2761,2528,-2091,2741,8178,1169,7097
444,-513,-175,3245,5286,2695,2592,-1571,533,9366,955,4357
900,943,-189,2361,3735,2463,4022,-341,-825,10668,-1065,1256
822,1279,-465,2079,4061,2589,4358,793,-3403,9166,5373,-2491
424,725,-587,3049,4937,2315,2092,1189,-6493,7637,9176,-4919
-28,-145,-277,3567,4582,1722,320,1571,-8733,5423,5838,-9027
-368,-915,-125,3112,4250,1563,-2566,-1013,-9777,-1345,5678,-12649
-372,-1919,-69,2674,4265,1978,-6172,-3075,-11095,-7476,6238,-13674
1124,-517,465,2723,3649,2148,-8824,-5271,-12035,-14296,606,-10347
3118,55,325,4410,7678,1964,-12986,-6781,-6213,-19170,-5876,-7206
3722,149,2965,4632,5792,-26,-12188,-6999,-3887,-20750,-1349,-113
4496,-2379,1851,3467,4536,939,-13370,-8101,403,-19233,26,3760
3644,-2761,395,3281,6217,3922,-12108,-10947,1115,-16056,-1772,8735
2862,-2661,517,3594,8178,5286,-9016,-11283,3547,-11101,-2552,13181
2550,-1051,449,5139,7751,5759,-6116,-9801,4421,-5316,-385,15410
2014,471,43,3987,7513,6328,-2084,-7137,5059,-822,1520,15017
1316,329,247,1950,3064,5663,-1108,-4633,5175,1901,3341,13451
1136,431,-127,1278,2548,5273,194,-2813,4325,5152,1830,12003
840,-279,-851,1973,4046,5461,2674,-2455,2501,7648,3001,9198
104,-145,-995,3709,5202,5566,3082,-1377,453,9916,4638,4914
6,1109,-899,4205,5159,5336,4036,-453,-1565,13080,-2179,299
-368,1525,-857,4336,4524,4403,5530,2865,-7103,10485,85,-5302
0,1477,-695,3536,2970,2833,2866,2365,-8829,3785,10176,-9993
-100,551,-421,3279,2932,1813,-170,-419,-10051,-1289,8334,-14195
-34,-229,-241,3496,3157,1333,-1726,-3089,-9995,-3631,7575,-15991
142,-453,237,3794,4047,1400,-6092,-6509,-11407,-9531,9372,-15766
242,-1363,1157,3170,4962,1471,-11624,-9489,-13393,-13966,215,-11934