-3587,-5740,311,-5503,-415,-14507,-3442,-5616,378,-5112,-439,-14191
-3609,-7046,123,-3456,1076,-13648,-3506,-6768,8,-3580,1138,-13839
-3123,-16166,211,-3544,128,32,-2928,-16588,150,-3468,88,32
-1803,-17788,-73,-3023,-1792,136,654,-18224,-118,-2560,-2032,68
471,-19334,-163,-1968,-2912,3,654,-19106,376,-1852,-2872,-8864
463,-20318,317,-1255,10,-6272,594,-21164,390,-1535,18,-6007
461,-20734,189,-878,226,49,598,-21124,158,-827,72,28
2637,-21246,-75,-480,144,-3024,2766,-21770,294,-448,2,-2808
2509,-22406,271,1084,138,513,2670,-22324,144,1024,549,580
753,-22370,83,546,1409,4,850,-22132,-66,33,1540,1
797,-14980,-197,400,3604,0,976,-14896,-114,512,136,73
-3633,-23172,-189,741,2373,520,-2738,-23088,-102,751,2608,312
-5487,-21382,343,257,2050,3074,-5762,-21234,504,540,1536,2328
-9435,-19330,565,330,2336,-5116,-7602,-19252,-70,134,3110,-5631
-5471,-15174,3637,2048,7086,161,-5544,-14978,3574,2128,7169,720
-1331,-16466,5947,2122,4648,457,-1370,-16106,6166,2209,4650,132
5077,-16254,7219,3292,4656,-19456,4800,-15860,7120,3344,4162,-19456
10815,-18818,3941,777,0,-19421,12878,-19252,4088,261,36,-15959
12893,-20742,-2125,192,181,-7693,12942,-20782,-2150,49,5,-6909
9165,-20094,-7947,145,8213,2180,9262,-20266,-8322,521,9168,2816
5901,-15140,-10341,1546,17,12290,5974,-14772,-10250,2083,2,12352
-6301,-14214,-9373,2072,8515,9217,-7026,-14132,-8062,2208,8576,9265
-17647,-7046,-5309,144,9736,-1484,-17694,-6308,-5250,265,8476,-2039
-11567,-22900,1925,1544,4354,36,2572,-20156,-2036,3485,12636,1
-10759,-15206,6003,2049,8320,-8172,-10666,-15140,6874,2123,8274,-8187
-10671,-6018,1911,20546,4352,-12148,-7574,-14132,2454,20544,4128,-12095
-7667,-15140,995,13376,896,-13807,-6990,-15024,-68,12326,5,-13213
-3123,-17262,8919,3,5344,-14336,-3506,-18954,8628,193,4883,-16192
-1535,-19076,-75,129,8192,-16363,-1178,-18932,58,104,8485,-16334
2125,-19844,-173,6210,5376,-14326,2290,-19764,-82,6145,5132,-14270
5757,-19842,5943,2,12800,-15097,6510,-20012,6198,64,12470,-14318
9693,-21116,3927,6021,7784,-8190,9806,-21280,5750,5632,7192,-8010
8669,-19234,63,264,4115,-7642,9246,-19232,-70,160,4100,-8020
10317,-14166,-2125,132,3267,4353,10318,-13968,-3614,419,3152,4610
4645,-14466,-11401,8,2304,26,4690,-13068,-11902,-6904,1336,1
-7089,-6120,-77,8656,4636,34,-6954,-6676,-104,8972,4650,0
-14873,-22098,-205,19208,2056,1760,2176,-20990,-12,-83,7688,4022
-11307,-18134,819,25636,8246,2561,-11346,-19248,-94,25872,9253,2148
-11761,-6978,883,24613,0,28,-11138,-6916,1278,24768,6661,64
-10459,-6398,-173,20524,514,2624,-10610,-6900,-82,20493,64,2085
-4521,-17204,4453,2056,4129,1544,-4910,-17124,4008,257,8192,1329
469,-14706,439,4672,1609,-18416,662,-14510,-104,4360,8224,-19904
2765,-14534,4919,4096,8548,-22474,2758,-14514,5024,4096,8449,-22272
6743,-15994,5981,1,2,-20348,6814,-16948,3958,144,290,-20223
10743,-18238,835,7174,8307,-15096,11022,-18224,1206,6144,8227,-14162
12961,-17924,-3657,4161,2312,-8191,13074,-15138,-3434,4265,14,-7680
8809,-14206,-10315,514,2059,4106,8782,-13566,-11624,1045,1289,4880
479,-13886,-16589,9,6151,12484,606,-13612,-16514,600,6568,12368
-9775,-5254,-15533,912,4096,12288,2480,-23270,-1046,1632,8146,-834
-15777,-5902,-8393,3414,9556,6272,1716,-17344,-1228,3387,9792,-2101
-15885,-5764,1939,16,8969,-6528,-15730,-6932,3014,31876,9252,-6811
-15283,-6778,-61,20921,6,256,-15282,-6832,2182,20482,5861,17
-7679,-6914,15795,8194,8,-16080,-6490,-6196,15222,8272,0,-16128
-2107,-16244,-173,578,1600,-19966,-1518,-17202,-118,69,1540,-20096
1937,-18042,827,2240,7216,-22428,2262,-17652,1142,2768,6961,-22016
4817,-15228,5731,2152,32,-18239,4950,-15154,5502,2061,0,-18303
6101,-20198,2477,777,5632,-16240,9168,-20268,2488,523,6274,-14327
11249,-20838,-1721,3078,1152,-12084,11492,-20250,-1642,2928,0,-12284
10781,-14852,-2077,2193,2560,1166,8790,-15058,-6026,769,650,72
8657,-14722,-7885,2048,521,8320,6798,-14642,-8060,8,18,9346
461,-14080,-73,384,518,13064,-1968,-14608,-100,340,69,13313
-3623,-6908,-11437,20544,3330,13515,-5552,-6718,-11848,136,5120,13312
-15571,-7038,-4011,260,1159,4353,2054,-19642,-1756,2853,9476,-1343
-15919,-6982,1891,550,1058,-1648,1156,-14808,2452,198,9418,-989
-15883,-5510,845,21120,2065,1666,-15282,-5684,886,20565,2403,1312
-10761,-6514,71,12288,16,580,-9904,-6452,-120,14086,0,544
-1313,-17650,-71,1156,544,544,-1074,-17636,-132,594,544,557
481,-15204,147,513,0,24,692,-17788,254,177,83,268
4629,-15108,-189,20,1192,136,4850,-15088,5494,8,96,84
8655,-19732,1847,4428,9376,-13815,6888,-15136,2062,5123,9283,-12288
11245,-15174,-167,897,4100,-8192,11348,-15078,-1492,967,3616,-7644
12777,-15214,-5891,768,1029,17,12878,-15116,-5246,1152,260,1024
9495,-13698,-8397,3200,1575,9792,6670,-15026,-14298,256,1030,10305
-3571,-13188,-12677,531,4224,16612,-3442,-13076,-134,2211,4320,16388
-9455,-6980,-11991,32,4102,12433,-11654,-6964,-12550,801,5104,9856
-15779,-3842,2357,2208,2122,-2015,-15266,-3828,4248,2112,260,-1814
-15407,-6562,3139,28492,1939,-5824,-15142,-5934,-8,27945,56,-6142
-15787,-4994,-201,18698,4352,436,-15402,-6324,-66,17941,4144,976
-6609,-6646,57,9856,1,1156,-5910,-6578,-114,9568,530,1160
-1071,-15620,-77,5,3332,264,-1458,-15648,376,1813,2584,170
2529,-16774,307,768,128,-22518,2734,-16880,374,272,148,-22400
6423,-14724,-5,2306,60,-20424,5966,-14348,-58,2448,32,-20304
9435,-14630,4419,1304,34,-16379,9566,-14484,4214,1152,6724,-16319
12877,-15222,2867,3090,4858,-10734,13006,-15120,3208,3073,4868,-11666
12797,-15220,-1681,2,128,1824,12926,-14960,-2130,144,4824,5121
9191,-14974,-7883,516,256,18464,8910,-14628,-8644,1536,5238,18832
-5537,-4996,627,16449,6180,1025,-5554,-6708,-64,16896,0,1032
-20011,-6982,-8837,75,8204,5,-19360,-6196,-7818,264,8203,1226
-11315,-6566,-185,2304,8196,550,-11186,-6900,918,2886,8513,0
-15903,-7014,2871,16,66,-6858,-19082,-6410,2974,32,8,-7157
-20003,-5766,2875,17973,48,1029,-19594,-6252,2718,17414,2048,640
-4387,-4846,915,12320,3716,2,-3954,-6914,886,11782,24,1952
1053,-16742,10835,4130,596,-22504,1118,-16516,9846,4122,586,-22460
6605,-18532,9043,4802,68,-21968,6766,-18444,8606,4770,56,-21957
8781,-19190,5173,5128,70,-18426,8922,-18992,4990,4755,2,-18400
8695,-15174,-2087,1985,6144,-15272,8782,-19242,-2154,1458,4100,-15342
13007,-15158,-2085,4390,2053,-3902,13142,-14964,-2036,4098,2220,-3966
8973,-15232,-6339,1704,2060,12673,8958,-15100,-5732,2086,1029,12808
5145,-14166,-12347,8,7248,14468,5198,-13940,-13318,2193,6424,14608
-5295,-7042,-11597,24640,64,15616,-3472,-3804,-11892,24912,268,15376
-18415,-4466,-11917,216,7,8266,2106,-20294,-1304,1581,9956,-484
-14867,-2910,-57,1888,8897,1,1480,-16494,268,1833,10990,-4213
-19639,-6996,1867,26648,0,-12176,-19632,-6962,2110,24704,136,-12287
-11507,-2934,283,14273,2120,-20144,-10544,-3760,-10,14400,544,-20445
-1537,-6530,-173,1634,2688,-24576,-1458,-5858,-2,1280,2965,-24528
2085,-16258,-45,8,6672,-24414,638,-15652,538,165,6236,-24062
1897,-15230,-205,64,21,69,2266,-14988,-126,468,32,60
6621,-17154,7221,594,320,819,8846,-17156,7034,1068,380,131
10989,-15204,1859,2291,4,-16064,11086,-15092,1928,2496,0,-15360
13281,-15144,-2237,3097,333,4,13006,-15126,-2184,3089,0,34
10769,-15190,-4295,2354,9216,8608,8916,-14580,-4474,2336,9225,8726
4941,-6884,-13479,898,512,16433,4910,-6900,-14074,1984,1610,16425
-3311,-5906,-43,18708,8736,21528,3134,-16882,-164,-1767,10767,-410
-10459,-6014,-12477,2865,12319,336,1976,-21404,-1574,2802,13091,665
-15923,-390,891,3893,9216,8450,-19884,-6956,118,3697,8484,6429
-18987,-4998,-163,20993,10248,62,-18754,-5698,-26,20544,8739,11
-11815,-7044,-167,14856,1233,-13276,-11634,-3856,78,14336,1169,-13791
-7709,-6400,4407,513,6241,-19862,-7346,-5748,4544,579,6224,-19934
-3247,-6966,371,4681,2194,-24191,-2300,-6830,390,6153,2345,-24308
2543,-15210,83,0,72,-24220,2678,-15088,118,65,41,-24431
5235,-16964,4761,1472,2244,-23460,5896,-16948,4600,32,1414,-22496
12789,-14974,2423,2864,2632,-15804,14032,-14964,2552,2685,2624,-15872
12753,-15142,-1165,1292,1265,-7924,12878,-14900,-2184,608,1280,-8188
12787,-15042,-4285,976,4232,8195,12886,-15028,-6276,1412,4129,10320
6613,-15074,-10113,2066,5124,20516,6750,-15104,-9722,1600,5122,22017
-5683,-12916,-185,256,144,14402,-6674,-12852,-122,224,512,14736
-15795,-2886,-10411,25088,522,6408,-16786,-2868,-10486,24644,265,4098
-11819,-22902,1879,29026,3585,-3568,2122,-20684,-788,-403,8068,-1671
-15901,-15798,2109,67,8490,-7535,-15088,-15636,2422,586,8387,-7646
-15711,-5236,3123,16408,6548,-11198,-15258,-5428,-102,18581,6184,18
-7713,-16550,11071,8450,3344,1025,-7600,-16372,10780,8284,3592,542
-1423,-17014,-203,3328,11345,3,-1934,-16820,-2,3176,10240,-21758
5111,-15526,-173,2185,2064,-24175,5774,-15556,-38,1544,2161,-24190
11213,-15002,4931,96,11683,-20968,11342,-14960,4534,3080,10305,-20990
14797,-19814,-2077,4632,256,-12206,14990,-19752,-2110,4867,34,-10240
14669,-14850,-8253,1,8550,4401,14746,-14832,-8296,20,8228,4872
10013,-14214,-12019,4704,6543,13340,9966,-13962,-12394,4240,6156,13984
717,-12932,-199,310,532,20488,590,-12836,-58,1281,643,20996
-7183,-2462,-16585,1029,1025,16641,-7552,-2660,-16522,35,1152,68
-10641,-2750,-2205,2692,2131,10520,-10658,-5732,126,2712,3085,10386
-14863,-4998,1843,24578,8776,2624,-14736,-4580,1930,21648,8448,904
-15403,-6606,275,19522,1024,97,-15702,-6836,-74,18688,672,65
-5035,-6974,5939,514,0,-16283,-4530,-6956,6074,280,672,-16184
-1069,-5998,65,16,6664,-24560,-1104,-5868,126,0,6688,-22976
5649,-16240,10561,2693,2368,-24540,5730,-16052,10642,2224,2310,-24575
9805,-17726,8503,4616,8611,-24064,10320,-17666,8066,4674,8192,-24282
14305,-18822,-173,464,6696,-14544,13042,-18996,-122,356,7168,-13816
14541,-14842,-6285,2560,33,4104,14320,-14580,-6282,3217,0,4288
8865,-14548,-13481,2321,782,18440,9086,-14450,-13706,321,402,18952
-3443,-6774,-107,17512,10248,64,-3506,-6836,-130,19014,8215,0
-19747,-4334,-14529,76,3218,2180,2460,-19926,-1850,2513,11882,2287
-14889,-7046,825,4,10282,1954,-14818,-6674,-90,12,10758,1416
-14899,-4968,2123,22017,8354,256,-14386,-4916,2422,21912,8208,137
-7083,-6018,-201,12306,0,69,-6818,-5808,118,10244,10,1
-1067,-16774,9035,1252,2176,-20189,-706,-16422,8678,1170,2244,-20432
541,-15238,315,512,10433,-23792,1168,-15154,-104,264,10304,-24016
4621,-15108,-197,3107,131,-22736,4898,-15152,-134,2562,754,-22732
9765,-18660,2507,2592,4356,-16240,10414,-18676,2566,2432,4641,-16041
13141,-20324,-4187,524,1921,-8160,13142,-20268,-3844,544,80,-7680
12917,-14434,-5929,4096,4100,8520,10448,-14256,-7300,2050,4113,9603
6629,-15226,-13261,162,265,18512,4718,-12996,-13362,1026,264,19012
-6163,-13566,53,432,1057,0,-5938,-6802,-122,104,1856,293
-17961,-6918,-9385,16,1456,67,2566,-22156,-870,1424,8349,1226
-15055,-6994,-201,130,8200,1048,-15262,-6864,518,50,9216,849
-14887,-13166,-185,16685,6664,-7836,-15024,-14732,-74,16992,6664,-7672
-7507,-15234,-193,11588,517,306,-6798,-16244,902,11922,448,26
-1195,-17012,821,592,696,352,-1170,-16820,1014,544,836,26
1007,-17286,435,4,6708,-17280,1214,-18188,634,137,6664,-17392
4707,-15106,179,4224,513,-18286,6878,-15138,10,4612,641,-18160
10573,-14790,4031,5650,1160,-11837,10582,-15150,4758,5632,768,-11712
9949,-15166,1923,320,2612,-12274,10336,-15146,378,48,2566,-12029
13469,-19062,-2219,12,4204,192,13506,-19104,-3720,32,4224,5
8849,-15238,-7813,1170,322,8704,9016,-14252,-8318,1152,6472,8208
2319,-15226,-16589,293,2320,14353,1902,-14988,-16004,2,4096,16465
-7731,-6402,-15493,16386,266,16480,2356,-21202,-548,-2494,5082,-780
-14771,-6972,-4287,27140,1809,2584,-11666,-19230,-1802,27348,1648,2562
-15155,-7046,3991,28720,5696,-2784,-15174,-6802,3990,27216,4418,-3534
-10527,-7038,2867,17070,370,2304,-7602,-6898,-98,16944,0,2112
-2431,-7006,579,4097,544,0,-3442,-16692,398,4241,130,2048
2543,-18598,-109,12,17,740,2912,-19236,1470,1664,8,768
1997,-18284,1139,25,8192,-18047,2254,-18224,1158,24,8260,-17916
4635,-15202,331,1058,8411,-18101,4702,-15154,40,1093,8850,-18048
10701,-15124,3895,4126,0,-16176,10894,-14976,3286,1032,7220,-16366
12781,-20418,-57,5344,8518,-8128,12974,-20332,-128,5369,9240,-8024
12751,-15238,-4301,1104,8464,4160,12878,-15132,-3642,1048,8196,4224
10863,-13830,-12069,144,2054,8977,10974,-14132,-12152,13,66,12483
2289,-15238,-18719,896,6153,16528,1234,-15156,-18648,2833,0,16657
-1311,-2944,-18393,21281,80,20544,-2982,-5908,-18536,22208,35,17920
-14099,-6994,-7621,64,385,10845,2624,-18890,-2330,650,39,10320
-11827,-7046,-165,24600,4354,6403,-11698,-16692,888,24576,4353,6310
-11647,-15222,-29,21520,4690,2696,-9710,-14800,10,21504,5264,3081
-11821,-6022,1863,20546,4100,342,-13994,-6610,1014,20496,2113,404
-11827,-7046,101,17432,8,20,-11634,-6532,120,17429,18,1561
-8719,-4534,851,134,6208,796,-8370,-4274,966,326,4690,772
909,-7036,51,161,8968,-23936,1614,-6954,470,15,10280,-23932
4559,-14466,-171,260,8302,-22367,4866,-14388,122,16,8593,-22208
8713,-14708,6981,512,266,-20040,8782,-15016,6826,514,17,-20223
10957,-18054,1971,4649,384,-15836,11118,-18064,1912,4119,73,-16384
13517,-19260,-4299,480,10240,34,13774,-19248,-4218,716,10304,54
8733,-14678,-11963,4131,9860,12473,10320,-14100,-11770,4228,8705,12680
4687,-12418,-14477,2560,4108,21780,2608,-13100,-15416,2716,4162,22665
-3627,-6022,-189,28672,7433,128,-5262,-6708,-17930,29617,7298,4
-17971,-3906,-7861,1643,48,1028,-17810,-3842,-6210,1697,456,294
-23345,-320,1927,28170,8192,-160,-23974,-6928,2194,27648,8712,-1484
-15155,-5510,-195,16898,6252,1420,-15024,-5672,-102,16450,4641,1312
-5675,-3974,5555,384,829,8,-5552,-3826,5526,643,666,-21879
-1459,-7028,5239,3744,2418,-22492,-1458,-6922,5280,3584,2336,-24059
973,-6998,859,4352,9745,-22912,1678,-6614,838,272,10281,-24576
6157,-17862,8439,1096,1112,-23482,6240,-17612,8358,1225,576,-23216
10005,-19928,3893,112,8193,-16383,10004,-19888,3958,803,7856,-12379
12877,-15238,-2253,1094,4225,-4056,13134,-15102,-1566,2,3152,-3712
9107,-13954,-7835,1552,7176,12833,10830,-13996,-8316,2053,6208,13376
2669,-14150,-12485,2080,1168,19474,726,-14028,-12382,92,2112,19584
-6707,-2822,-14491,25364,7752,15185,-9650,-2852,-14446,24704,48,14208
-14365,-5028,-7821,1188,8346,272,2376,-19306,-1632,1016,10002,337
-19975,-7014,1349,128,2,634,-19888,-6964,130,709,3,4
-19571,-7022,1847,21122,8192,129,-18834,-6836,2010,20489,16,144
-7539,-6304,-205,10880,3073,-22524,-7330,-6492,-126,10432,2688,-22528
477,-16506,7291,2561,2048,-24439,592,-16688,7350,2227,2540,-23520
1101,-17278,311,5384,11520,-20076,1634,-17062,-104,5314,11268,-19999
5849,-17030,5955,1920,11296,-16124,5118,-17204,4734,1324,10624,-14804
8911,-18310,2131,4610,77,-11776,10064,-18194,2046,4104,1130,-11583
10077,-19008,-2221,4356,34,8246,9808,-18866,-1658,4226,16,12320
4569,-15238,-6345,82,72,12608,4880,-14862,-7796,1080,322,12306
1997,-13886,-12487,152,538,10345,1382,-13732,-12422,2059,1584,10392
-11699,-6580,-131,768,1152,12960,-14502,-6962,-122,181,1634,12304
-15391,-5758,-13,22642,5261,200,-15650,-6318,442,23136,2,16
-15915,-20870,59,22528,4128,-2733,-17970,-20640,910,23072,4096,-3066
-14891,-14972,3939,18433,132,640,-14766,-14124,4536,18432,133,1064
-7731,-15228,1867,8192,595,1552,-7602,-15220,2466,11456,34,1630
-1443,-16908,-201,3584,3137,450,-934,-16730,-130,36,3361,264
2637,-15230,-133,0,2288,1036,982,-14898,-116,72,2560,816
725,-14966,-205,82,2234,-14295,1198,-14660,574,32,2589,-14078
4569,-14726,5939,4231,8712,-14280,4690,-14592,6264,4896,8612,-13967
9197,-19824,2371,113,5536,-7264,8914,-20116,2238,412,9,-7912
10701,-19406,-2229,6403,2816,-6116,9430,-19092,-4166,6440,2376,-5180
9463,-15134,-5829,6147,8192,10758,9336,-14982,-6274,5210,8226,10248
5629,-14438,-13869,4246,145,17155,4758,-13092,-13786,4178,1280,16416
-7327,-6004,-10957,22000,1572,16405,-10466,-6960,-10952,20998,1416,13349
-11235,-7042,-6191,67,2088,9731,-11402,-6880,-6084,32,2592,9248
-15587,-3972,901,28685,1409,1537,-15630,-3604,1958,28752,4757,1038
-19443,-6018,3995,17792,5319,3074,-18530,-6780,4106,17668,4432,2625
-11651,-2176,1219,18500,1545,2832,-11692,-2068,1302,17984,1601,2209
-3503,-5238,1107,1104,522,1028,-3506,-5420,134,1057,440,778
1233,-16002,-205,32,9756,-20436,1490,-16148,1046,10,9760,-20336
2509,-13958,-121,3090,131,-17388,2768,-14088,486,3009,256,-17245
8653,-18278,6291,4100,3364,-10232,6222,-17040,4986,4369,3433,-10836
8909,-22148,1975,6656,338,-7104,9104,-22228,1918,264,1282,-7162
8721,-15238,259,4366,1538,12417,6894,-15076,406,4209,1024,12294
4591,-14188,-6205,4248,4628,8800,6532,-14120,-4214,32,4114,8704
2549,-12890,-10385,744,4104,8194,2640,-13068,-9478,2069,4481,8490
-11731,-6458,-10365,13312,4134,10304,-11686,-3528,-10206,12824,293,10248
-15665,-21798,-8125,0,4354,129,-15762,-21684,-7048,20252,5137,2792
-15851,-5986,1651,29604,4097,-4948,-15762,-5706,-132,28676,5122,-5624
-19441,-3830,3923,24608,337,2049,-18782,-6964,4032,24736,72,2264
-18479,-4374,759,20992,2048,1412,-15794,-4052,1018,21504,1072,1112
4589,-6530,1075,256,1282,41,6050,-6696,952,256,400,770
795,-16004,311,2090,3232,-20976,1298,-15916,-112,2050,4356,-21070
4573,-15234,-197,64,128,-21823,4686,-15652,-70,0,84,-21878
6669,-6278,4581,4292,9225,-22592,7038,-6152,4608,4545,9218,-20460
10191,-18068,3909,5254,7264,-16118,12882,-18894,3064,5128,7448,-15104
13421,-20342,-1997,2824,4101,-7928,13902,-20012,-1918,2057,4105,-7672
12765,-20358,-6189,6146,288,7,12896,-20250,-5890,6371,2368,80
9245,-14652,-8839,4248,2384,8480,9038,-14354,-9286,4416,2065,12674
5105,-6694,-14019,4173,128,13857,6416,-6832,-14410,5272,0,13856
857,-6006,-16325,1537,4018,17664,-1554,-5940,-17542,3129,4636,17841
-6507,-1412,-15561,22937,3104,14344,-6962,-2740,-15242,23552,3202,13376
-11775,-2910,-9677,610,7304,0,-10352,-2516,-8330,1088,3,18
-14577,-2942,-181,106,269,4163,-14770,-2866,268,177,35,4096
-15843,-6534,2889,23296,9226,-1532,-15792,-5936,2952,23045,9248,-1882
-15267,-5504,563,16977,1030,-7103,-11674,-5876,438,16704,216,-8188
-7219,-4998,451,14444,967,-14176,-6826,-4852,514,14352,576,-14256
-3087,-4738,-197,208,3592,-20176,-2994,-4652,58,268,3348,-19705
1233,-7044,-109,32,1537,-22516,598,-6960,-138,3171,1920,-22140
4753,-15092,821,1057,16,-22978,5198,-14884,886,268,630,-22873
8657,-14946,-195,2560,2446,-23806,9454,-14382,520,2177,2146,-20192
13473,-21378,2099,3338,5636,-8044,12878,-21172,902,3136,5121,-7140
8653,-19302,-4285,4098,1092,524,8814,-18708,-6116,4128,1058,27
10269,-15218,-8397,2608,512,8193,10190,-15028,-7524,3232,1044,9281
5093,-14044,-10249,1554,4112,10562,5230,-14516,-11306,1448,2562,10272
1557,-13158,-12749,2305,4680,1,1106,-13096,-138,2288,4257,33
-7171,-11974,-197,0,2304,576,-7586,-6708,480,17424,4096,57
-13823,-7046,19,21828,2178,64,-13738,-3754,186,23042,2208,1028
-11747,-6014,-201,29321,834,64,-11438,-6876,126,29184,1824,64
-11537,-16934,3487,24680,256,-3520,-11630,-17028,-102,23826,1042,-3455
-11311,-13888,-201,16912,329,257,-10866,-13792,1174,16498,4,0
-14857,-7044,-11,16411,1026,2573,-14498,-6644,1398,16968,33,2116
-6387,-15490,1845,2,1420,2048,-5010,-5426,2422,332,1572,261
-3595,-15708,-169,1152,5122,388,-1326,-15592,126,285,5168,96
597,-17022,-205,1024,2570,-18366,638,-17044,-138,0,2560,-18360
5653,-15238,9557,138,243,-16308,5778,-13868,9654,28,616,-16375
4659,-14974,5579,5520,3105,-12246,4686,-15092,5064,5133,2368,-11254
5713,-20034,1909,160,1028,-8056,6014,-20192,886,128,1048,-7904
9677,-21124,-5,384,49,-3448,9842,-21300,86,128,11,129
9685,-15170,-3789,56,2276,916,9872,-15120,-3722,1025,2073,4274
5591,-14434,-8375,4114,2192,9352,5774,-15138,-9798,3267,1028,9498
1055,-13158,-12481,354,1809,12293,1198,-13008,-13186,2141,2000,12834
-5601,-6706,-12457,12288,2432,12290,-5458,-5044,-12810,12292,2049,12832
-11763,-7042,-10441,19473,770,1,-11634,-5614,-9864,20738,35,560
-11019,-4942,347,27120,4,2724,-11438,-4916,890,27057,4,2628
-14635,-6494,2899,28704,8960,897,-14482,-6316,3274,25801,8256,354
-19979,-1830,1075,20784,6,1032,-18366,-2332,1142,18432,0,896
-6515,-7046,2299,196,8202,-21496,-6698,-6948,-136,11,8261,-21496
761,-16246,851,5302,3748,-24280,622,-16078,886,5249,3792,-24204
5583,-14532,9029,4401,2113,-19927,5972,-14388,8630,4134,1282,-20448
8689,-18694,4999,4356,8328,-15819,8816,-18730,5080,4114,5121,-16264
9939,-19318,1851,128,4098,-8088,10130,-18932,1914,34,5829,-6099
10893,-14982,-1705,4108,4164,2060,10992,-14594,-1602,4500,4233,2566
8663,-13954,-8125,68,6756,10256,9426,-13620,-9610,48,6789,10246
2797,-11078,-12401,1282,4144,64,2982,-6660,-12314,21,4099,40
-6515,-6790,-16285,18,6980,9,1594,-24082,-1450,1725,7071,1034
-7169,-18872,195,18616,3616,11658,-7584,-16820,630,18752,4098,11264
-11825,-5828,2391,24739,40,0,-11614,-5268,4130,24816,256,32
-16685,194,179,21760,2944,265,-16818,-100,-126,21536,2330,34
-14819,-902,1879,2308,386,64,-14506,-724,126,2055,0,2
-3115,-4982,51,258,0,-22526,-2474,-4050,-22,130,2,-22527
2261,-14210,12091,2818,4608,-24511,4838,-13876,12150,2112,4392,-24575
9193,-15070,6459,2625,54,-20472,9306,-15148,6584,2056,3078,-20476
10709,-21382,2995,581,68,-12000,10966,-21198,2936,1170,272,-11504
10769,-20310,437,2321,194,-3578,10882,-20078,376,2060,82,9
10773,-14660,-1181,36,8737,8194,10830,-14428,-1146,0,9358,8451
4575,-12156,-7789,519,8845,10256,4686,-11570,-94,384,8480,9857
3547,-6022,-15805,-5696,2726,11584,2702,-6516,-16484,528,4096,11620
-7635,-5510,-18573,336,2820,14404,-6544,-6658,-18570,596,2432,14369
-7699,-15206,377,21716,8257,11872,-11698,-15154,800,22533,8321,11968
-10725,-6532,2233,24649,2568,8834,426,-14968,2138,-6039,3229,-963
-10505,-7046,-29,24712,52,2048,2126,-16242,100,-2145,-887,-899
-11811,-6534,371,576,2184,-10112,1732,-16448,1568,1926,7258,-1650
-7347,-7046,985,153,4745,-17397,1112,-14994,1290,2076,7666,-803
653,-5966,327,1280,4410,-26096,2702,-14030,526,1503,4513,-279
4753,-6918,9043,3073,4225,-26352,2860,-15828,-1068,3691,4321,-765
6957,-16494,6295,5025,5376,-22015,3030,-15224,-1796,5025,5690,-1445
10709,-15110,2103,1032,2256,-19504,3236,-14102,-1294,3818,7644,-959
14961,-13182,-5831,2081,2112,37,2910,-12518,-342,2285,7313,479
10705,-17774,-13389,-14736,2112,304,3810,-16322,-476,-2832,7322,746
2189,-7038,-13853,1296,10434,0,2262,-20686,-14402,280,10501,103
-7393,-3814,851,266,1259,22129,1330,-15350,1640,1310,13577,-2411
-6707,-5878,-205,20568,8208,64,1544,-13830,2436,-3932,8915,162
-9713,-898,643,1,246,40,52,-16956,1344,1996,11566,1721
-11635,-894,4447,4344,44,3,1422,-15858,-2290,4614,4981,-23
-11827,-2680,9195,1,2376,-9600,1792,-15366,-720,4679,8284,-1334
-6675,-6798,9027,612,400,-17348,2352,-14568,-774,2632,7939,-626
-3633,-6484,6013,112,0,-23008,1834,-14290,-1910,2222,4066,-463
-2315,-7046,8067,4172,328,-25984,1968,-14926,-1776,4366,2345,-1483
1745,-6708,8019,352,11,-26875,2012,-15192,-1722,6122,2386,-2093
6621,-14554,9029,5761,156,-24492,3034,-14148,-532,5801,3766,-1593
10197,-14692,-121,4257,1472,-20336,2462,-13330,170,4696,6134,80
13023,-14158,107,66,6240,2185,2836,-12092,34,2833,6420,2329
14861,-22274,-5165,-22368,1056,1548,14934,-22450,-5674,-21956,801,521
12781,-21326,-10077,40,1949,0,2242,-20254,-1774,1742,10253,924
9037,-19670,-145,514,3336,16385,8814,-19220,-130,0,3840,17283
653,-13442,1857,136,9092,20656,1968,-12994,2276,-2089,9784,-1425
749,-15056,971,8192,2177,20504,1294,-14620,1344,-3741,5926,-835
-7713,-4958,-10301,11324,3014,16404,1370,-15718,-1544,-439,3072,-2777
-9459,-2904,-7227,397,0,14336,-960,-15532,-956,2940,7058,-1506
-7155,-6854,83,426,2824,5008,2212,-14826,1248,4437,8439,-3086
-11275,-6422,3123,2575,1024,-3835,1260,-14454,-860,2901,4996,-2307
-7651,-4998,4073,4106,192,-15840,1280,-15680,-1756,4278,2086,-2417
-2611,-6534,6611,256,400,-22528,2212,-15660,-1358,4575,2084,-1913
465,-15204,7987,2081,419,-23534,2600,-14282,-408,3864,5243,-905
5887,-13698,-139,132,6474,139,2614,-13224,68,2394,6521,636
10835,-12782,-185,39,1112,200,2864,-12686,618,1146,7378,2708
13773,-21892,563,-20383,6218,280,3870,-18338,-386,-3339,7781,2862
14797,-20868,-6029,1568,10282,352,14980,-20724,-6272,138,10243,2136
12763,-23270,-10105,1088,12296,21,10402,-23264,-10122,1537,12296,73
10029,-14210,-157,514,1449,513,2436,-13268,1812,311,13546,663
2309,-13956,619,-7932,2152,128,2348,-13830,1512,-2677,10206,1054
-1931,-5874,-15041,26,7328,18756,2752,-15580,-650,1259,7474,-1930
-9249,-6018,-16077,66,1216,16594,-868,-16200,-3464,5072,9210,-1896
-7191,-6790,-8397,6440,288,8704,1804,-14782,-1732,7643,9310,-4746
-6897,-7014,-2125,4356,10614,2186,1352,-15226,-606,5712,10997,-4786
-11227,-4898,2355,1030,6221,2061,1190,-15172,-1662,5690,5925,-4688
-7647,-5956,3987,6178,3458,-8093,1120,-16140,-2670,6286,3361,-4988
-6563,-5984,3943,4096,40,-13552,1788,-15512,-2572,6111,2053,-4178
-3631,-14848,2359,4164,1304,-15350,1910,-14592,-1124,4386,1430,-2408
-1587,-14890,2295,4,4098,-17147,2802,-14022,-690,3138,4588,-695
469,-13946,8083,132,4264,20,2636,-13268,-288,1382,7136,895
8653,-21254,-65,-2814,6272,1570,2710,-17516,274,-3006,7267,1603
14817,-19252,1847,-18296,9330,1536,17006,-19124,422,-20440,8320,128
13909,-16758,-205,-18430,10249,4740,13138,-16104,2678,-18302,10308,5408
9181,-15238,2675,-13088,5571,65,8946,-15118,2294,-16288,5120,48
4829,-17030,-9413,-3999,2816,82,6734,-16388,-9352,-4092,27,582
-2923,178,975,152,1548,86,-3310,238,-138,392,49,70
-9715,706,-16577,2977,4129,16459,-11690,-276,-15498,2564,3121,13572
-11011,-6532,-7467,576,4704,8340,-7214,-6452,-7258,102,5204,5193
-7603,-6724,-1919,2760,2146,-4095,-6828,-6960,-70,2049,2170,-7517
-3239,-6918,-195,3076,320,-7990,-3340,-6834,-70,3364,2092,-7672
-7203,-6902,1913,272,1600,-8192,-6770,-6800,1936,4561,1536,-10236
-3635,-6774,4935,4608,2608,-16260,-3336,-6932,6010,4420,258,-16316
-3603,-7038,-167,4806,2508,908,1516,-13754,-94,4572,3390,1181
1325,-13178,8515,576,560,2048,2506,-12770,-432,3463,5034,2829
4831,-13694,-77,1090,230,34,3124,-13774,-130,679,6505,4414
11485,-23426,8187,10,128,1812,10836,-23344,7286,1092,580,2153
14547,-21368,2355,384,0,8,12880,-20528,1922,2,80,33
13019,-23422,-205,1024,12820,-892,13286,-23076,134,1416,12440,-704
12749,-22148,-141,-8746,4224,8470,8982,-22050,2038,-8124,4201,9216
5133,-15110,3893,336,4137,18574,6830,-14810,4482,384,4792,18752
511,-18374,-10381,9,2052,21533,-92,-17126,-10170,7,2310,21637
-2995,-6370,-12341,5120,8471,20614,624,-6196,-12136,5638,8480,20546
-9777,-1406,-9917,77,4641,19104,-11682,-1308,-10344,146,4528,17216
-15883,-902,951,4136,1952,-1815,-15786,-788,886,2244,2560,-3948
-11811,-4998,4453,1041,4114,-15486,-11176,-5106,4536,1036,4226,-16112
-6895,-7014,5939,6208,4768,-20432,-6434,-6932,7076,4656,5006,-19407
-1511,-6852,8259,546,0,-22976,-944,-6818,8202,266,177,-23418
461,-6970,8371,2048,7256,-22524,1108,-6932,8738,1548,7440,-22428
5069,-12676,-185,20,6144,756,5750,-12468,-134,784,6341,913
9679,-22374,8027,-8084,4737,-17519,9934,-23060,8058,-12202,4100,235
12753,-22886,1843,-16128,0,-9472,10014,-22544,1918,-15904,6,-9072
8141,-23410,309,392,8322,-3703,352,-15938,1886,1501,11574,-3761
8909,-14054,2899,-15856,228,4100,1466,-11752,3050,-3941,7761,-2173
4721,-20306,115,-8192,24,14576,1386,-15722,172,-3697,1370,-1059
-667,-16710,-141,322,1160,18432,3504,-16616,602,1742,4679,-1429
-3347,-4870,-11789,292,2048,13321,1198,-15828,-266,4501,6698,-2758
-6705,-6278,-205,964,8193,12296,1706,-14392,160,2981,8166,-1726
-11759,-3562,-1229,153,36,4402,1886,-15708,-1046,3680,5040,-1637
-15917,-3718,2227,5284,1026,-6905,2150,-15190,-1786,5593,3064,-2353
-7599,-6774,7043,4224,4,-15839,2548,-15234,-982,4167,4756,-2402
-3361,-14982,9083,561,64,-18095,2278,-14598,-1154,2562,6305,-984
781,-15236,8701,129,6154,-18392,2432,-14098,-598,1121,6205,-74
4633,-14982,91,705,6145,1035,2250,-13748,416,696,6674,1335
8861,-19334,307,-16316,2068,2278,3190,-18048,240,-3470,7001,2327
12765,-23430,-8909,-10225,296,3088,12912,-21172,-9070,-9984,288,642
463,-20358,2803,6152,1024,0,1680,-19164,2062,6572,1058,202
-7219,-7012,1011,16979,3586,1288,-6578,-6500,1546,16984,3648,8
-9523,-6438,1923,100,8713,128,-9394,-6194,3138,459,8530,526
-18927,-6774,9163,5028,321,-4096,-18546,-6356,10294,4162,64,-3392
-18099,-16242,10035,4146,9236,-16331,-17546,-16036,10102,4098,8817,-16367
-3621,-15990,8199,4,4132,-20408,-3442,-15924,8062,129,4156,-20414
461,-17006,5975,2401,65,-20446,626,-16946,6150,2051,32,-20220
4705,-15102,6969,5508,2304,-14776,4718,-15020,7166,5121,2434,-15208
8689,-14726,5123,3113,36,-14319,8814,-15156,5024,2178,132,-13708
8689,-13916,2423,16,2308,418,8782,-13868,2358,0,2113,516
8909,-14988,-169,1056,1741,64,8914,-15108,134,132,1098,6
2509,-18618,-197,2048,1129,8,1682,-6820,-14716,3072,2704,15145
-10671,-21378,-17329,14608,2854,15668,-10664,-21292,-16384,14352,2601,15360
-7337,-15150,1925,23041,128,9377,-7558,-15060,2334,23048,73,9728
-15921,-6500,-205,27776,4568,8721,-16950,-6676,-70,27648,4096,7942
-18961,-1918,253,22536,645,260,-18862,-788,128,22561,456,200
-11697,-2822,1333,1800,4234,524,-10674,-4340,1288,2072,4114,640
-2483,-7044,393,4610,2220,-24074,-1970,-6256,518,4113,2385,34
4561,-7030,9205,4096,2048,-22912,4786,-6964,9224,4144,2453,-22974
5069,-17030,6275,0,1093,-17591,5198,-17170,6262,800,1089,-18428
8661,-15230,2123,4168,5538,-14336,9362,-15092,2356,4096,4570,-14300
10711,-13922,-1061,1156,144,-8176,12882,-15156,120,36,280,-8107
8973,-13700,-8781,514,4913,10469,8782,-15148,-9342,1216,4620,11328
2517,-17446,-73,6918,1322,652,734,-17184,-134,8469,2310,192
-6547,-7034,-19629,2306,1552,39,-7314,-2868,-19670,2088,1028,129
-15055,-16774,-157,385,8355,8710,-15178,-16680,968,128,8192,8370
-15379,-7046,-185,544,8200,120,-15602,-6416,-114,56,8769,90
-15601,-2886,2691,2,1034,-7411,-14956,-3050,3466,402,512,-7916
-10761,-4742,3923,1088,5416,-16283,-10388,-4780,4088,1419,5120,-15806
-3635,-7046,6995,2666,1368,-16368,-3122,-6880,7298,2082,18,-21902
-3629,-7036,7879,3986,0,-22491,-3372,-14692,8314,3596,20,-22702
749,-16676,6283,772,4625,-19200,846,-16176,6270,513,4128,-19072
7005,-17752,5943,2058,1800,-17532,7086,-17714,4744,516,8,-16188
11025,-15110,1211,1027,6960,-11116,11150,-15044,1046,152,6855,-9944
12761,-15074,-3783,-15012,8200,892,13008,-15152,-4136,-14592,8209,906
6655,-13318,307,256,71,517,4696,-12272,872,0,132,216
721,-6982,-17581,10241,10596,24076,726,-6710,-17538,12355,11268,24192
-17555,-6900,-13645,22035,10580,20565,-19246,-2732,-13444,22128,10308,18496
-17753,-7038,-75,21514,8705,4752,-17806,-6832,254,21504,8192,4736
-17437,-7042,1715,17496,259,-2907,-16726,-6900,1978,17057,531,-3051
-11747,-1818,1595,17216,2281,1352,-11186,-2636,470,18057,3405,672
-7651,-2790,2907,18,1033,1796,-7272,-2802,2278,52,2,1552
-2599,-2586,3895,4105,9755,128,-1952,-6946,4934,4116,10296,424
677,-4150,8053,156,9352,160,594,-4388,8310,144,8583,19
461,-7030,8003,1174,4173,552,624,-6932,9420,159,4100,1
465,-16870,8019,288,1092,-20910,2622,-16756,8072,68,1094,-21146
4813,-17798,5947,77,2435,-19952,4942,-17776,6078,0,2832,-19924
4817,-17742,4469,5188,4238,-19904,5330,-17706,4486,4226,4227,-18368
9679,-14974,4213,4104,73,-12256,10074,-14900,4024,4250,179,-10950
12751,-15236,83,232,8332,-1942,13072,-14056,-2182,160,9223,0
13325,-14726,-3745,2256,8582,65,13422,-14338,-3706,2048,8450,0
9741,-14010,-10185,896,8228,834,8814,-13546,-11018,1432,8208,0
5837,-17138,-16395,113,8196,193,5730,-17194,-16496,0,8849,260
-3353,-7046,-18867,2048,8288,23873,-3490,-6738,-19334,2057,8464,23559
-8729,-16518,-197,68,4422,16449,-8714,-15028,2,641,4120,13316
-15667,-6744,1593,22036,1058,8200,-15730,-6870,-26,22043,1293,7168
-13747,-682,91,1,823,261,-13732,-716,904,306,513,1556
-10067,-2594,3989,4609,1429,1040,-10162,-6904,4054,4160,512,16
-2289,-6438,10193,2561,3,100,-2464,-6386,10150,2069,196,196
527,-6838,12211,265,4121,7,980,-6964,12672,1233,4234,154
1085,-7010,8505,2368,4619,-19888,1438,-6916,8606,2114,4174,-19446
6615,-16610,8021,1075,4238,-19900,6734,-16684,5502,66,4480,-19368
8755,-19698,3911,4394,33,-15989,8848,-19124,4472,4096,272,-15944
9295,-15238,2499,4098,8,-12016,9558,-14900,2438,4930,66,-11735
8663,-14198,117,4203,9220,-3839,8820,-13976,30,4096,8520,-3056
8991,-15206,-5529,2582,5632,4832,10726,-15016,-5958,2179,5156,5120
8655,-15238,-11433,579,656,9457,8782,-17044,-11170,1,129,9223
5777,-23430,-16521,2320,8330,18464,4990,-22948,-16354,154,8256,19848
461,-7030,-15441,2088,9216,25352,614,-5970,-14210,2501,9220,25346
-7387,-6790,2887,9728,512,24836,-7306,-6896,2968,9424,36,24578
-7537,-6534,3,16440,73,1122,-7018,-6320,152,16392,326,1055
-11827,-2816,-8349,20537,2065,1024,-11056,-1844,-7670,20578,2304,513
-14221,-2678,-181,2560,9289,1444,-14860,-2004,-2,2578,9740,32
-15141,-2518,179,1338,10244,12,-15216,-2580,-136,1061,10348,131
-11379,-6960,2677,1049,8360,1288,-10590,-6868,1926,1073,17,1068
-9613,-1214,2871,5,1039,2069,-7602,-964,2854,774,320,1896
-3595,-3458,5947,80,3264,4,-3306,-3508,6008,3584,3096,331
623,-7046,6197,4106,40,-20188,850,-6224,6264,4096,256,-20447
2791,-6658,6099,4101,2562,-19830,2894,-6636,6262,4628,2305,-19904
5089,-6276,2389,4096,40,-22378,5230,-6372,2598,4120,48,-22142
9757,-13094,-1995,1009,22,-13790,10322,-12848,-3016,4100,6162,-13735
13009,-15206,-9539,2114,6202,1816,13168,-14956,-10312,1447,6178,3116
9685,-29254,-14493,256,1024,1024,1870,-24390,-954,2590,10180,1152
465,-16052,31,1120,10856,23606,-3394,-15392,222,569,11393,23077
-15401,-6530,-73,21002,3072,17120,1270,-12202,1952,-2572,6997,-1065
-19995,-14978,-141,16433,1090,1152,1754,-14742,-862,-4690,774,1002
-14899,-5938,-131,545,4132,834,1548,-17402,268,3017,7344,780
-10287,-5620,5941,5248,4352,-12272,2180,-15778,-2008,5342,6728,-2764
-7729,-7046,10115,1056,7179,-19431,2206,-14372,-922,3368,7519,-2703
-2227,-7046,11101,324,4224,-20414,-3176,-6704,10250,720,2628,-20475
561,-6022,8547,1131,19,-19452,1246,-5920,8574,656,16,-19157
4573,-7006,6717,2176,4096,-18159,4726,-6962,7034,2048,576,-16342
7117,-15108,6491,2636,416,-14832,6838,-15088,6586,2340,177,-12186
6605,-15110,2581,2296,2125,-7608,6742,-15028,2778,2732,336,-8179
6639,-14726,-1805,2176,368,17,6742,-14580,-1712,2145,1090,520
6617,-23422,-11661,-15616,4649,6408,6814,-23310,-12006,-16251,4996,7472
-3635,-23332,-14273,1090,4100,18693,-3336,-22034,-13270,1392,5120,18498
-11569,-14214,831,72,9244,0,-10154,-14116,1206,96,8526,457
-10795,-13190,3895,17538,8817,704,-11178,-14040,54,17546,8770,1792
-11683,-16632,1941,192,8387,2048,-11010,-16992,886,227,8322,2050
-11379,-16966,261,512,8320,256,-11668,-6738,904,34,8224,64
-7675,-4986,5945,770,7169,-14144,-7468,-6322,6038,768,7329,-14048
-3123,-6486,13159,648,3099,35,-3506,-6324,14646,72,3704,1130
1999,-7014,12347,2080,4610,68,2194,-6864,12386,744,4288,5
501,-6654,10101,200,273,-18431,610,-6892,8090,0,384,-18272
2049,-15206,6451,2324,257,-17629,2256,-15154,7090,2185,1028,-17624
4559,-15078,4147,3344,9218,-18172,4686,-15060,3960,2474,9296,-18219
5287,-14358,4425,2176,8244,-13951,5718,-14324,4502,2849,8232,-14080
5837,-15174,67,98,2104,-9887,6308,-14908,-74,2892,138,-9964
9165,-15228,-5149,-17917,13,-2038,9294,-14628,-5896,-18408,17,-1768
8733,-22790,-11977,580,2112,8418,5722,-23346,-12298,1536,1825,8961
-3631,-15094,371,2644,8198,16900,-2944,-14898,118,425,9227,16391
-18855,-7036,851,18688,8362,260,-18738,-6820,1336,19099,8776,532
-10669,-7046,501,27648,0,1132,-11698,-6900,118,28832,10708,1024
-10801,-3958,4403,456,5824,-7680,-10546,-3878,6010,528,5632,-8064
-6675,-7046,-197,4262,1184,-12773,-6550,-6954,-110,4096,1076,-12800
-5263,-6790,14163,2321,8240,80,-5250,-6708,14350,276,8544,1222
-3113,-5842,12347,2048,16,1041,-2658,-5900,12150,1032,1688,720
511,-5954,7987,548,1091,-17854,722,-5874,8070,64,1024,-17936
2777,-6918,7987,4098,1088,-19898,3154,-6952,6902,4612,1089,-19888
6877,-15206,5941,180,8711,-18424,6768,-15006,6040,133,8775,-18293
6727,-15228,3891,547,0,-16380,6814,-13700,4482,257,78,-16366
10735,-14702,951,2052,8259,-9854,10976,-14868,298,2064,8192,-9828
12765,-21270,-7589,-22259,3329,-1758,13394,-22324,-8296,-22528,3074,12
9693,-21018,-12471,1024,288,14401,1916,-20914,-2532,1242,8506,-1733
1053,-14726,655,2,8206,20688,1328,-13984,1124,1873,10160,-3723
-5075,-4470,569,12432,6661,18050,3446,-12772,2858,-3414,7880,-2061
-17635,-2438,-11085,25186,68,12,-562,-16694,-898,-2020,5120,43
-11793,-306,-1933,2344,8242,203,-11422,-660,-874,2416,8514,32
-15907,-4968,891,1648,8452,712,1424,-16986,1206,1779,11741,1075
-14771,-7046,9541,96,9,1555,1828,-13952,-738,288,8987,1476
-3635,-15070,7987,721,4352,4,2134,-14466,-1648,870,4097,416
-1507,-15652,6325,1282,2396,-17502,-1458,-15662,6294,4096,2082,-17658
2781,-15238,6195,4160,82,-19962,3028,-15154,6264,5824,544,-19966
4685,-15192,6535,4,20,-18101,4948,-15132,6648,4,52,-17978
6415,-15182,3893,2496,1024,-13564,6542,-14606,3194,2101,64,-13151
12769,-15236,-2123,64,2179,1185,13006,-15152,-2162,64,2305,265
13563,-23414,-11969,-16248,512,1,13106,-22708,-13658,-14060,258,291
1489,-7028,-12421,128,1025,31573,750,-6708,-12330,264,1037,30884
-7203,-4150,1613,1120,4370,25097,1474,-14992,1852,1539,12725,-3012
-15085,-6878,-49,18720,672,14932,-15598,-6856,1276,18688,296,14592
-15249,-3366,1971,576,5408,-1664,-14624,-3380,702,788,1029,-1982
-16299,-3954,819,68,284,-10224,-15978,-4004,886,13,772,-10240
-7043,-4866,-203,2066,4197,-11880,-6674,-4532,-138,2049,4224,-12271
-5659,-7014,2615,1,4160,4,-5456,-6836,2488,134,489,52
-3603,-7038,5985,10,2082,773,-3360,-6896,6520,289,2080,568
-3047,-6966,8021,4096,3107,260,-2858,-6928,8182,4694,3202,8
3149,-6910,9077,64,2050,-19452,4782,-14636,9258,516,2432,-19168
6637,-6918,4915,914,8201,-17768,7310,-6790,4984,16,8198,-18041
13133,-13158,-5757,2146,9488,-7156,14950,-12850,-5992,292,9484,-5742
7357,-15222,-189,-1764,8884,17184,5458,-19236,-10,0,8196,17931
1501,-21270,-12231,2592,531,24838,2218,-20748,-1916,2634,11234,-449
-19859,-3974,-203,3648,3170,16472,702,-15760,410,3634,11748,-3045
-18985,-7044,835,25605,740,4676,736,-13490,2984,-737,8498,-2053
-15791,-7044,651,22418,0,516,1266,-15324,498,-1961,2150,523
-14763,-1134,3893,2080,1936,74,2812,-17200,-1072,2795,2191,876
-7147,-7046,-181,4320,4098,45,3146,-15020,4,4613,8105,210
-2013,-6946,403,172,2568,128,2238,-14642,522,2187,10718,1307
463,-14982,8259,2576,5284,721,2122,-14884,-1344,2961,7128,607
4581,-15238,6135,2118,3330,-16192,3278,-15268,-1544,3925,4389,-1556
6607,-19646,4275,4176,1152,-8064,3308,-15128,-1198,5049,7950,-2888
6739,-14848,2359,3620,8704,-8112,2980,-14726,-1416,3672,8715,-2576
8687,-14598,-4173,1,7180,4133,2866,-14182,-1762,3068,7835,-2613
5205,-14406,-10373,2112,569,12288,2400,-14398,-1074,2788,5711,-3080
-5937,-15612,-11437,2153,454,20560,2330,-15958,-614,1979,5676,-3000
-19947,-21342,-5317,2224,72,6149,2404,-20024,-1148,2391,8753,-1947
-20011,-16966,-173,515,10384,-6117,1434,-16172,758,1388,11517,-1990
-15881,-6882,2875,22352,48,8,1082,-13470,2998,-2387,10552,157
-11567,-4486,-37,16660,2111,1152,1430,-15440,172,-2110,6062,1558
-3631,-6526,-59,582,2120,2322,2730,-16334,-44,756,6458,2372
-2471,-7014,-205,2084,8595,2132,2226,-16696,410,2218,8884,2119
1165,-15238,-171,65,1148,0,2348,-14994,-12,3131,11708,2328
4827,-15238,7987,2224,1706,1600,2016,-14628,-908,2792,9635,1515
6357,-14918,3917,277,6400,-13147,2560,-14816,-1336,4473,6359,-660
8799,-15142,-141,529,6148,-11888,3024,-15060,-1976,6006,7290,-2768
8789,-15232,-4277,32,230,576,2746,-15042,-2308,6192,8452,-3498
4607,-15166,-10829,1801,7174,12362,1636,-14522,-2310,5953,7515,-3738
-3635,-15110,-18381,129,5761,13320,2200,-12786,-1722,5483,5892,-2431
-15903,-2942,-13965,23322,1384,8968,2812,-19560,-1568,-1318,5823,-2185
-15901,-7046,-189,66,4244,-3736,1146,-19792,-2130,720,7384,-1261
-16933,-6196,571,24856,3333,-7637,376,-14074,2040,-540,7318,-2065
-11821,-13446,1861,16500,2112,1312,1594,-13474,2902,-6128,3524,1532
-7697,-6982,57,12430,337,2080,2540,-16180,168,-3308,1474,2108
-5123,-5382,819,2852,128,912,3354,-15438,1392,2977,6804,1733
1749,-4742,61,4352,4098,276,2582,-15212,508,4816,12698,345
9805,-15214,10549,2592,560,-17918,2606,-14780,-1612,3938,10822,-508
9295,-20054,4147,4145,2435,-11248,1576,-15680,-2340,5484,6288,-3151
10701,-17654,-75,5378,400,-7936,2790,-15368,-2554,5528,9207,-3233
12749,-15106,-8093,1057,8258,8465,2678,-13908,-2780,3510,9798,-1681
10285,-14950,-8389,2,8826,18574,2460,-12482,-2766,2432,8710,-820
4687,-6566,-12189,768,5456,23593,2750,-13858,-2368,646,7445,-984
-8369,-5766,-14541,9520,6280,20560,414,-20458,-1438,-441,6659,-1668
-19469,-5254,-20517,1236,528,16548,1276,-19126,-1308,1483,6820,-1938
-20005,-7014,1103,27149,4672,6656,162,-14924,3456,-1902,6710,-1191
-19507,-6914,1971,26696,1,432,1508,-14060,2808,-4035,3887,1016
-15603,-3910,2671,2121,8884,14,3168,-16086,2304,2440,8903,1091
-10031,-6454,6071,4104,1674,4,2308,-17522,-1284,4364,7927,687
-3363,-6678,7243,3140,256,796,2128,-15704,-702,3780,9186,1031
571,-15198,8275,256,1024,4,2550,-14326,-724,1303,7707,1748
4591,-15156,8499,520,37,1152,2964,-14858,-1284,2166,3236,1176
6621,-16516,5971,4610,4101,-10174,3520,-15318,-1934,5089,4406,-713
9237,-7046,327,936,6337,-7130,3486,-14812,-1460,6084,8165,-2098
11053,-14468,-1659,5140,9,1552,3100,-14172,-1232,5501,10742,-2533
10933,-14214,-6317,153,4,12292,2890,-13500,-1350,4742,10172,-1982
553,-6750,-12429,2130,642,20491,2752,-14644,-1252,2711,8872,-1469
-10801,-5606,-18589,0,8192,20490,-11676,-5552,-19210,66,8472,20896
-15655,-6374,-12235,68,523,11857,-15630,-6836,-11390,1792,560,11296
-17651,-6788,311,26880,6304,1348,-572,-14214,2792,-863,6558,-4460
-18373,-7030,-59,20497,6,318,136,-14606,648,-3612,581,-1531
-15923,-260,51,22304,2208,634,2028,-16236,266,-1914,-1733,933
-7699,-2690,309,80,2304,1024,3028,-16848,2726,474,3812,1759
-5683,-2438,547,20,26,1569,3718,-17328,1028,1375,4319,1696
-1587,-6654,855,86,5888,2180,2520,-14626,836,2096,7967,2435
2607,-5958,9651,530,11,8,2682,-15338,-620,2740,7047,1753
6621,-16710,6379,2306,4296,859,3314,-15406,-1756,3460,7484,693
7181,-6514,4215,4128,8320,-18327,3570,-14246,-1736,5084,8639,-1546
14873,-13632,-3275,4164,8197,-10077,3316,-13624,-922,4338,10286,-1808
12763,-15130,-11965,3344,1760,16529,3080,-12948,-1324,3458,9856,-1013
-1567,-5942,-16481,180,8192,26021,2596,-16656,-1082,-47,8420,-2337
-23343,-4900,-12357,268,65,16418,-23698,-4786,-12106,513,193,12308
-17965,-15234,-131,2120,8386,2570,-358,-14798,1198,1707,8684,-4226
-15907,-6976,115,20771,1037,56,1646,-14224,2248,-3470,3149,368
-11763,-3430,5107,18081,0,1672,2072,-15688,-958,-1717,1165,1760
-5679,-6066,-205,32,1545,0,2978,-16152,-8,2525,6280,1390
-3579,-6836,51,324,8968,116,2266,-16426,84,4490,9276,291
-2601,-7040,7475,3592,3026,584,2420,-14834,-354,3714,11217,920
1543,-6548,10163,2080,1188,25,2258,-15054,-838,3310,7787,478
10335,-17286,7995,1104,4873,-19904,2464,-15440,-2024,4034,6974,-1362
8661,-15046,-1669,4360,7200,-12223,2698,-14932,-1536,4974,7872,-3332
12897,-14662,-5831,4352,9472,2,2566,-14238,-1496,4487,9573,-3796
5709,-13180,-10445,2645,8192,12802,1776,-13070,-1708,4024,9102,-3235
-6705,-13062,-12487,272,4532,18453,1844,-12482,-1078,2741,5908,-1534
-18251,-6406,-14541,26624,4113,8201,2446,-21980,-1170,-1289,4635,-1
-15827,-6526,-3277,526,2688,194,-15746,-5644,-3146,681,4106,32
-19843,-6886,4003,30723,256,512,2444,-14872,4424,-2343,9550,2982
-15387,-2948,409,24928,149,4224,2300,-15562,686,-2907,7383,4180
-11683,-1772,7001,1026,5192,545,3340,-15310,-890,3290,5615,1411
-5667,-4738,-53,97,0,-19922,2782,-15720,818,5953,11084,-1483
-2739,-14726,7247,4198,4100,-20352,1430,-14558,-640,5271,14117,-1883
-3183,-6652,4411,36,3596,-20191,974,-14738,-2312,4438,7408,-3390
461,-6750,8095,4161,4104,-21472,908,-15000,-2314,5906,4098,-4816
4733,-5980,5939,4160,2320,-21982,1544,-16192,-2024,5741,2520,-4123
12769,-15236,4469,1042,2,-7075,2250,-15074,-1244,5261,4644,-2803
13777,-15036,-2223,4365,133,4106,2110,-13810,-1754,4481,7555,-2463
8661,-14336,-12219,2056,2049,12355,2178,-13338,-1286,2405,6103,-1823
4721,-13188,-13701,970,4512,26652,2182,-12824,-202,571,4613,-323
-13659,-4800,-18117,130,3203,32,2676,-20856,-668,0,0,0
-15795,-2918,-69,65,2574,13956,-18354,-2740,6,64,35,12866
-23145,-6790,-201,24906,8288,375,1618,-14576,4618,-1968,12294,1131
-18931,-6462,-189,21008,5,2176,1894,-14576,2286,-3494,8042,2781
-10267,-2170,5175,64,25,2065,2240,-16292,-1058,458,4905,2193
-2607,-4934,-75,4096,274,-17807,2402,-16962,596,4710,8664,-570
1813,-14498,8295,1792,12738,-18144,1956,-14240,-392,5882,13159,-660
4567,-15038,5947,4649,8256,-14846,2044,-14766,-1136,4726,8957,-2551
6109,-17182,6115,4256,2069,-16319,2284,-15984,-2034,6738,6190,-4637
9713,-16742,1307,5261,920,-6140,2196,-15116,-2132,7280,5984,-4825
13877,-15174,-3901,5642,4258,4097,1900,-13952,-1580,5570,4388,-2912
9429,-14982,-10357,1605,5400,15011,2372,-12598,-994,3701,5412,-853
-2467,-6740,-13501,37,4120,81,2678,-14002,-622,-371,4494,1232
-15667,-6514,-16061,20586,2194,1344,-17778,-6628,-15370,20492,544,6
-15685,-18560,-5285,180,6720,323,-15530,-17204,-4232,80,7424,80
-15887,-6950,515,26123,2176,-3133,720,-13080,2656,-2689,7263,-2030
-15411,-6814,61,17990,2178,113,1280,-15468,2408,-6354,2352,354
-11523,-2934,253,19208,1,320,3120,-16864,440,-708,1899,340
-9707,-2166,319,264,3073,-18174,2304,-15162,430,3065,7610,-902
-3599,-3710,55,2307,7168,-20352,1740,-15718,656,2855,7826,-1533
591,-7036,9011,2084,4,-20472,2164,-15872,-820,2809,5834,-1451
4559,-18294,8307,128,136,-15083,2052,-15406,-1428,5267,5106,-2882
8671,-14982,6323,3861,4225,-11261,2772,-14954,-728,3974,6387,-2311
8657,-14714,3171,3080,168,-5085,8894,-14612,3040,2049,0,-3926
9573,-14178,-901,208,549,125,2620,-14054,-734,3319,9768,148
4845,-15110,-10441,1798,10240,328,2594,-13614,-648,3857,10232,545
-6611,-17940,-12491,256,1,592,2636,-17752,-782,104,9454,565
-11683,-23166,-12477,128,2048,132,-11498,-19452,-11912,281,2336,8
-15921,-15014,1079,173,10436,2050,-16112,-14836,1956,1040,10304,2100
-19121,-6846,2005,29194,4112,-2775,-18846,-6770,2040,28999,4612,8
-19883,-2420,11219,21329,2,1024,2144,-16680,-602,-1006,4131,1240
-9583,-2374,10419,2,4689,1048,2906,-16178,-1112,2802,5095,1045
-3123,-7046,-87,434,8256,-21372,-2482,-6688,294,3,8488,-21234
1629,-14140,8055,2880,36,-21984,664,-6964,8598,2352,2,-22000
1485,-15236,6199,5032,545,-20340,1058,-15602,6006,4137,312,-20219
9261,-17278,6195,5644,4154,-20608,2240,-15746,-1746,6017,5973,-4258
8749,-16966,1875,0,528,-16384,2678,-15690,-1698,5311,6923,-3979
13275,-15068,-2217,1867,7984,4224,2232,-14830,-2088,3756,8067,-2790
9773,-14978,-6061,32,4097,18433,2172,-13952,-1612,1650,6203,-1886
-2147,-14174,-12965,1067,4355,13121,1990,-13506,-512,1010,4450,-1148
-15923,-7014,-12457,34,1041,10243,-15794,-6960,-12426,1,1537,9632
-15081,-18038,-5837,256,103,68,-14766,-17972,-4914,809,0,-991
-14887,-7042,2099,28742,10310,-4571,-15794,-6432,3000,28672,10888,-4601
-15731,-7030,-205,24724,66,104,-15378,-6960,182,24580,520,1446
-14743,-2422,371,23168,163,1865,-15780,-2346,150,22968,346,1544
-7591,-3702,-135,68,4448,139,-6962,-3500,198,3088,2689,256
-2607,-5926,-35,5271,104,-19456,-2290,-5932,-138,5152,272,-19390
1485,-14726,10037,5120,481,-18160,2006,-14864,10366,5158,4138,-17152
1833,-14782,5939,156,210,-16208,2030,-6932,6136,4632,10308,-16336
5615,-14886,885,4960,274,-15335,9970,-6684,378,4644,256,-12016
8661,-15238,379,4114,6144,1580,8846,-15148,-138,4642,6152,1
9173,-15206,-5901,129,6177,8961,9310,-14872,-6086,66,32,8454
5201,-12406,-7373,67,6280,32,5238,-12554,-7144,256,4114,2
-2473,-2946,-205,8833,1,1156,-3474,-2244,-11764,9088,1153,32
-19491,-6902,-12333,14,40,2403,-23442,-4464,-10330,22024,8323,2114
-26535,-5890,35,704,1,4225,-26346,-5908,-100,81,192,2122
-18723,-4716,1875,24578,4227,644,-18290,-4596,1926,24646,5600,565
-11825,674,-117,23200,1292,-5871,910,-15558,1692,-606,2242,-253
-10515,-366,-173,1317,560,-12008,1974,-16580,-238,3686,5000,-1853
-6703,-902,9043,2081,16,-20399,2028,-15842,-838,6357,7311,-3853
545,-6852,12347,1120,20,-16247,2734,-14530,-960,5544,8868,-3894
1549,-7044,8003,641,576,-15615,1990,-15232,-1366,4788,5588,-3200
4685,-17120,5939,39,2054,-12030,1846,-15894,-2128,5717,3563,-3138
6605,-17518,2777,657,2776,-7905,3098,-15222,-1338,5033,7404,-2745
6621,-14470,-7885,3793,8356,-8120,2888,-14264,-1454,3954,10689,-1601
6605,-13410,-10177,640,371,5380,2868,-13094,-1818,2730,10450,-673
469,-15110,-8917,898,9238,713,2612,-14692,-592,834,9173,832
-9773,-6918,-5773,132,416,532,2722,-19744,-1674,949,9749,802
-20019,-17278,-197,1076,2060,3353,-19822,-17116,904,1024,2088,2306
-20019,-15214,693,16792,10817,-7672,-15794,-15156,3986,16585,8349,-7424
-15907,-13958,115,16576,183,-11735,706,-14088,2324,-2904,6230,-402
-10731,-4478,3131,20584,2052,-12030,1834,-16644,-1250,-1222,1961,-1178
-6195,-1894,323,2342,392,-15872,2096,-17202,708,2594,3807,-1032
677,-6526,571,3585,0,44,2766,-14462,516,3693,8934,487
753,-15238,11191,3668,8273,-14782,2508,-14876,-1030,4059,8629,-261
4589,-16610,6755,912,4352,-13800,3096,-15096,-1484,5117,7096,-1605
8653,-17062,-153,5126,9026,-11712,3020,-15172,-2106,5030,9117,-2569
10701,-15238,-6247,1040,8368,768,2656,-14920,-2110,5275,9238,-3180
8659,-15142,-10373,4909,3458,12296,2728,-13558,-1836,4772,7402,-3145
533,-14070,-9901,386,4098,16568,2634,-13180,-1186,2902,5771,-2555
-10639,-15230,-9385,4,4096,14336,2100,-15466,-362,-258,4432,-2090
-19357,-22398,-8125,280,1024,4482,-18862,-23046,-7114,85,1032,4104
-15601,-7030,51,268,3088,-2048,-15522,-6900,394,512,3072,-3552
-15919,-5974,4179,26800,176,64,-15682,-5876,4246,24714,16,397
-15375,-6726,1715,16390,6469,2101,1486,-15020,1566,-3983,7342,2794
-6675,-2640,-195,12416,0,2050,2224,-16644,-10,-277,5088,2169
-2475,-5506,115,815,8,256,2368,-15302,322,2978,6745,335
793,-7024,-121,11,1568,-19968,2054,-14868,954,4071,9875,-468
5837,-15222,7531,1569,130,-16864,2454,-15140,-274,3935,9265,-495
4569,-18014,3891,4672,265,-14328,2672,-15814,-1604,5880,8480,-1990
9189,-20084,1855,339,584,-12279,3234,-15688,-1940,6448,9249,-2489
12781,-14934,-2093,0,8517,2060,3036,-14784,-2068,5332,8987,-1985
8797,-15182,-10397,4360,3584,9088,2884,-12940,-1996,4830,7649,-2172
6641,-15106,-14155,3072,6400,13480,2944,-12844,-1748,3177,7637,-2057
-6447,-7030,-14189,1,8456,16645,-7474,-4592,-14394,259,8582,16776
-19807,-2946,-16189,585,2312,8200,-19696,-2866,-15972,518,3140,8244
-16625,-2422,-11,30455,6682,2497,-19884,-1812,552,30252,6401,34
-19953,1694,2043,27667,2198,-8096,-19760,1364,1718,26624,2056,-9004
-14123,-2860,-187,13576,1106,-18416,2772,-17254,168,-2351,1661,-349
-2995,-4934,-197,2,9248,642,2140,-16848,1588,2874,10273,563
749,-6534,851,6,1168,512,1110,-6432,1216,656,1088,515
5105,-14202,-133,1062,4368,769,2380,-14138,106,1345,5813,685
6867,-14902,6195,972,5632,-15328,3028,-14984,-792,3165,5664,-326
6861,-18822,-75,1028,256,-14032,3030,-15608,-2148,5352,6732,-1778
10997,-15108,-195,5523,276,-2927,3068,-14954,-2032,5496,8606,-2361
10719,-14950,-1979,785,584,10752,2656,-14128,-1844,4767,8926,-1435
6609,-13190,-9419,1301,137,11557,2888,-13088,-1128,1629,7493,-53
-3043,-16382,-15381,6150,6401,8,2268,-16834,-250,-2057,6511,1202
-11699,-6528,-20413,128,6660,36,-11166,-6900,-22090,166,6464,0
-15407,-5990,819,29809,1556,688,-15274,-6756,1662,29891,104,2
-19743,-6454,2103,24722,39,74,-19624,-6420,1990,25092,0,1544
-13835,-4598,-131,835,1568,256,-13738,-2868,396,1335,274,1817
-11681,-764,-205,4744,1176,65,-11608,-6322,120,4640,1323,544
-3049,-6150,12475,325,2116,-19832,922,-6956,10878,0,2072,-19968
929,-14390,8301,4232,5272,-17855,974,-6766,6646,5123,4864,-17744
5327,-14982,4423,1024,648,-16376,5422,-15112,4474,114,544,-16096
5857,-18814,1939,4162,6278,-12260,2440,-16180,-2084,6522,6885,-1617
9681,-19714,1023,408,1096,-8183,2476,-15196,-2336,7069,9361,-2050
10637,-14198,-6349,208,1494,6150,2542,-13996,-2006,5480,9654,-1840
1617,-14300,-12461,3143,7184,14436,2218,-13010,-1706,3227,7598,-1390
-2353,-16388,-13485,16522,4112,14549,1822,-17028,-672,-1098,6149,-1674
-14895,-19334,-8275,48,2512,10726,-14702,-19248,-7780,22357,2050,10380
-15593,-18102,2491,22272,321,2240,-15538,-18226,442,22054,104,576
-15775,-16228,1335,16400,38,-5115,-15642,-16128,1046,16640,28,-5020
-10739,-3870,-77,680,3344,-13286,-11682,-3634,586,545,3456,-14043
-7183,-2914,-181,1,844,-18148,-7370,-2868,-132,3073,152,-18362
1357,-6850,-7,72,147,66,1934,-6836,410,145,208,251
5069,-15030,9557,2,8740,-16382,2134,-15028,-442,4213,8775,-207
8653,-17286,4331,1424,2048,-9940,3022,-16364,-1734,6174,8203,-1157
6871,-17770,-141,514,10253,-6112,2958,-15234,-1764,7140,10595,-1732
8757,-15222,-3467,4163,260,72,2784,-13574,-1330,5283,10966,-1143
5733,-15222,-13499,2560,8345,49,2558,-12736,-728,2333,8419,133
-3625,-21380,-18613,67,4101,14992,2872,-20056,-1786,820,6421,-1469
-11663,-18310,-12493,652,43,12356,-11552,-17652,-12352,800,0,9736
-16941,-14166,1173,25350,8344,2620,-16242,-14068,1986,25672,8200,2176
-11553,-4614,-201,24592,129,3113,-11698,-4532,886,25089,11,2344
-10547,-4694,6195,22923,354,-1270,-10514,-4676,7354,23122,330,-1519
-10547,-3322,327,512,257,-9984,-10416,-3332,1014,536,32,-9948
-6451,-6502,85,0,4224,40,-6250,-6386,390,580,4105,40
717,-6566,10099,640,0,-21340,1842,-6704,9738,56,66,-21360
6621,-16260,7047,210,4160,-18864,8782,-16180,7070,4608,5314,-18684
10729,-15104,3059,100,2436,-14300,10846,-15152,2190,13,3081,-14204
10737,-15038,-1081,748,8320,-2521,10842,-14900,-1038,3,8208,-1996
9053,-14902,-205,682,6165,72,9380,-15020,-74,281,6146,1058
717,-21126,-16333,551,3,281,918,-21012,-16490,50,260,153
-14827,-15426,-16469,3852,8712,13824,-15138,-6836,-16250,195,8192,12738
-15651,-14770,1911,24899,10436,5673,-15026,-15038,1910,24640,10240,5666
-11553,-7046,891,23299,2182,128,-11312,-6834,-106,23304,2566,8
-10647,-4996,-205,2060,4560,-3070,-10542,-6700,6662,2208,4097,-4088
-10803,-6790,307,5338,8192,-11005,-10396,-6692,442,4672,9728,-12256
-2603,-14192,6965,3592,300,-18108,-2382,-13876,7038,3088,2,-18422
5167,-15170,8803,2048,268,-19584,5206,-15084,8566,396,1425,-18416
9677,-19934,3987,1292,1537,-16207,10168,-19828,4086,1037,1570,-14188
8751,-14976,-189,32,5130,-10450,8998,-14868,-1672,905,5122,-8118
12753,-15124,-6157,2480,18,164,10100,-15154,-6266,2090,644,2512
9677,-13690,-12085,784,2176,11280,8910,-13620,-138,516,2049,11776
573,-15030,-193,324,2948,145,2134,-15154,-6,224,0,264
-7601,-2900,-15045,17493,160,1028,-7602,-6922,-14922,17747,320,1155
-14387,-6918,-9541,23328,4193,2336,-14706,-5904,-104,23682,5440,2069
-11811,-16582,969,24579,4616,640,-10794,-16170,1162,24608,32,130
-11619,-6898,2109,25090,2233,80,-11690,-6580,1202,25088,2304,155
-14769,-6950,53,20570,660,1029,-14766,-6784,142,20648,626,16
-11031,-4990,309,17038,3081,97,-11666,-4916,390,64,2573,1568
-7331,-4388,1891,776,3266,192,-6244,-4452,126,512,1,72
-3375,-4738,-203,1032,168,-19384,-3434,-4836,-104,642,704,-19328
1533,-5982,8915,1024,320,-22424,1774,-5874,8982,41,0,-22524
4685,-15104,8075,4096,129,-23480,4702,-15140,8058,513,131,-23295
4687,-16262,8059,144,74,-19930,8782,-20256,6138,5689,5224,-16255
9597,-19130,1075,7310,5385,-11136,12880,-20268,902,6200,5168,-11960
14033,-15076,-3757,642,2057,2105,14158,-15130,-4234,2496,2608,4172
8733,-15110,-9293,512,66,17417,5774,-14836,-9340,72,6656,17545
-3119,-6222,-12353,544,601,16545,-1966,-6946,-11866,459,1044,16384
-10899,-6780,-14273,256,48,12562,-11178,-6660,-14082,1296,16,12432
-15155,-4996,1203,26,2080,4897,-11698,-5396,118,260,2572,4504
-11219,-7046,-93,29472,2062,4128,-11154,-6892,384,30722,2066,4096
-15791,-6110,2371,25608,1028,798,-15650,-6960,2508,24618,1066,256
-15663,-2950,8663,20614,4896,-6868,-15750,-2850,9226,20296,4614,-7376
-7603,-4996,6023,2051,4128,-13952,-7430,-4146,6006,1041,4098,-14335
-3187,-5878,-173,128,4224,-19040,-3218,-5678,-106,417,4160,-19194
-3571,-6020,-173,3048,6306,-20223,-3458,-6004,134,2312,6210,-20380
1805,-15094,-173,2176,198,-18424,4688,-14764,8952,2117,136,-18429
4597,-17148,6587,11,48,-15868,6030,-18600,6010,0,3392,-16358
9217,-20806,4467,4160,4608,-10172,9552,-20644,4534,641,4692,-9728
10705,-14980,2387,224,8547,-2029,10870,-13812,840,128,8576,-2048
10317,-13100,-2213,80,2056,2208,9934,-13078,-2166,256,1093,3280
5069,-15102,-205,1320,6168,2,1702,-14128,86,160,6208,64
-9779,-6782,-13517,538,66,21504,-10290,-5564,-12426,1032,1024,20482
-15827,-7044,-91,784,84,9284,-15794,-5936,418,1304,198,9325
-19887,-4694,87,28680,6290,194,-19618,-6832,922,26257,6786,608
-15791,-2308,531,17187,1026,-7312,-15282,-676,386,20624,128,16
-7731,-2426,4469,272,2308,49,-7602,-2260,4488,536,0,5
-5611,-3198,437,4312,21,-18427,-5522,-6956,670,4184,710,-18400
-2611,-6854,179,4641,10513,-19391,-2198,-6952,204,4105,11088,-19448
4943,-18164,8259,5760,4352,-14314,4734,-18196,8190,5169,4224,-13824
4557,-19846,3893,54,8392,-11228,6320,-19252,4358,0,8448,-11263
8717,-14974,1855,786,256,-7136,8802,-15108,406,528,356,-4096
8705,-14194,-2243,1682,288,10160,6494,-14132,-2186,1792,324,8704
1573,-13822,-9165,2049,544,16900,880,-13860,-10098,2144,1,16900
-14543,-4218,-12491,928,1792,14352,2016,-19442,-1086,1221,6207,-1178
-14849,-17268,-173,544,5808,4164,-14994,-16692,118,780,145,4130
-15859,-6982,885,24660,8450,-2984,-15682,-6926,1176,24576,8320,-3070
-15795,-1398,885,17156,76,36,640,-15902,798,-4307,4124,1214
-9779,-438,-187,19553,1616,296,2744,-16616,618,-205,4272,1905
-6707,-2782,1119,2052,336,512,1742,-16538,1370,2457,8759,778
1035,-6366,243,2,8280,200,1536,-14144,248,3139,9809,907
4845,-14724,-109,2608,4100,-18431,1416,-14526,144,3638,5767,-879
9197,-18492,4019,4096,73,-16088,1432,-15370,-1272,5461,4511,-2301
8821,-19302,-1645,6162,1568,-8192,1814,-15528,-1518,6255,6012,-2514
9755,-14980,-8353,5164,270,8720,1858,-14714,-2134,5518,6500,-1451
677,-15090,-14047,2324,129,16640,2172,-13718,-1584,3258,5206,-729
-10801,-15218,-10379,1028,530,12874,1972,-15160,-506,1810,4906,-407
-11827,-6758,-8869,1156,6162,3354,-11186,-6952,-8298,1801,6178,4104
-14887,-1926,-205,720,289,5386,-15794,-1196,886,603,36,5120
-20017,-774,2891,22770,9480,20,-19274,-1168,2806,22800,9728,1046
-14771,-2902,381,14600,6624,1048,-14626,-2356,394,14728,6404,132
-7201,-7046,179,2048,0,260,-7216,-5832,166,2145,944,161
-3635,-4998,-75,647,8712,-24444,-2690,-4768,-74,4868,9216,-24573
4561,-14942,5205,5699,8193,-24189,1414,-13770,-792,5666,9605,-1680
8915,-14886,1971,128,5120,-15838,908,-14774,-1090,4722,7090,-2218
12781,-20358,-2685,1616,5772,-6224,1240,-16074,-2644,5847,6011,-2140
9807,-15238,-4169,1873,512,8389,1794,-14904,-2302,5972,5868,-2371
5709,-15172,-6299,20,7365,13348,1666,-13746,-2014,5017,7841,-2656
-7215,-13182,-8387,2881,1792,13472,1160,-12830,-990,2868,5877,-1951
-15915,-7010,-189,24576,4108,-1398,1790,-15640,266,-666,5101,-1508
-15905,-6918,2869,1120,2092,-3296,-15774,-6888,3458,1087,2152,-3326
-15407,-4418,2009,23808,129,-10099,-15218,-4912,1930,22561,344,-10237
-15923,-6918,1875,16400,4298,2160,-15792,-6964,2078,16416,4354,2057
-10275,-6998,5941,10336,97,619,-9538,-5940,6008,10758,0,528
4557,-5764,4471,3104,4264,1040,-2994,-5844,4470,2119,1604,1282
591,-16708,1115,16,296,400,878,-16174,1014,544,2094,352
5519,-17284,6971,256,10658,40,5006,-17476,7030,6,10376,74
4829,-15158,4153,4354,8576,-13306,1904,-13800,-684,5336,9371,-1132
5371,-15014,1091,1040,6304,-9979,1408,-14914,-1048,5382,6096,-1800
9055,-20288,-4141,6160,4609,1569,1480,-15860,-2826,6946,5725,-2170
5151,-14086,-4301,260,4128,10272,2262,-13558,-1670,6001,7389,-2008
5657,-12806,-6157,535,68,14342,2012,-12574,-1956,4500,8439,-1333
-6323,-6790,-12299,2082,4728,18443,1964,-12854,-2348,3183,5864,-1983
-19763,-5348,-12445,0,4354,8592,1564,-20124,-1586,550,4476,-3642
-19227,-5620,-6253,1194,6224,4128,-19366,-2734,-5700,257,6160,5122
-20017,-2680,-29,28938,8224,-2672,-19750,-1200,-126,28672,8330,-3026
-19371,-6914,883,25600,5476,13,-19882,1228,886,24946,5121,5
-11819,122,3939,18688,256,2080,-11628,412,4600,18465,832,2304
-7343,-850,55,66,512,2056,-7010,-818,-74,1841,1032,2064
-3633,-3968,563,775,257,-18412,-3474,-4398,486,552,544,-18688
909,-6486,6523,5124,2071,-18528,1626,-6832,6860,4109,2098,-18685
2509,-15222,6483,4,2117,-19352,2756,-15044,6362,65,514,-19453
4847,-16854,5939,1088,288,-18662,4694,-16668,6008,1028,1,-16352
4649,-17788,3909,4610,6400,-16256,4828,-17556,4342,4224,6432,-15870
6177,-15218,2099,1,5024,-7600,6222,-15156,1914,148,8192,-8032
9041,-15238,-1741,4376,8706,-3517,9822,-14844,-2182,4352,9856,-4089
8871,-15222,-5941,526,8321,4650,9038,-14324,-6166,0,8214,4736
5197,-15234,-11909,4106,8258,13650,4700,-15156,-12106,4102,6318,16400
-3627,-15238,-12163,0,10,19720,-6514,-14900,-13194,160,212,18744
-14825,-7030,-12189,2096,1088,1024,-14754,-20720,-10330,3128,1153,1568
-11339,-6662,307,64,8194,1312,-11486,-6802,-132,1298,8192,1030
-13875,-7016,2873,24696,8962,32,-13710,-6644,2360,27907,8832,4
-18163,-3972,-187,18048,4240,128,-15794,-3892,-38,17932,2632,2
-11683,-4902,3923,50,2052,3534,-11658,-4598,2810,361,2088,3092
-7667,-4738,4023,1024,8579,83,-7082,-4636,4058,480,8321,2
-6691,-4656,5043,5122,144,-19456,-6954,-4628,5256,5147,264,-20287
-3087,-6274,6987,770,6,-22520,-3350,-6320,7286,272,45,-22526
589,-14950,7987,28,1346,-23008,1104,-15112,8126,0,1056,-23148
6609,-15174,5221,4141,72,-20400,6736,-14900,4478,4352,10,-20479
7125,-15138,4923,6208,4336,-16047,7510,-15128,5046,6226,4162,-16367
8973,-14724,995,1569,1060,-8063,8782,-14500,388,1480,32,-7416
8689,-14532,51,353,6732,4096,8886,-14120,-2674,272,6752,4868
4813,-13566,-6147,3680,5392,12296,1112,-13472,-1766,3752,6036,-757
527,-13430,-8901,968,802,9,1300,-13234,-340,2858,5114,755
-2995,-18950,-173,552,2184,8,2308,-17272,-112,478,6508,1729
-11563,-22078,-14413,12,8448,2768,-11698,-21808,-13960,2309,8897,2818
-14873,-17810,827,162,39,31,-14606,-15072,1678,192,151,1348
-13801,-14718,1875,26048,8849,3233,-13678,-14820,662,24585,8736,3074
-11691,-6788,859,56,3345,580,-11554,-6824,902,128,3107,5
-10775,-7014,1847,4218,8912,-12528,-10414,-6960,1914,4097,8720,-13005
-7715,-6998,6501,7812,136,-16376,690,-15988,-1556,8035,10591,-2183
-3411,-6662,8307,8328,1028,-16350,1074,-13978,-1248,8393,11607,-2634
1037,-14726,8937,85,3,-20477,1316,-14710,-1226,6316,8110,-3035
461,-16258,6011,2456,1544,-16220,700,-15736,-1968,6693,5754,-4154
5223,-17286,4939,6144,4688,-12768,1380,-15894,-2874,7172,4679,-4209
9679,-19310,4147,728,5664,-11771,1756,-15848,-2214,6797,5983,-3301
9687,-19970,51,5504,8212,-1984,1882,-15102,-1968,6093,8353,-1924
8653,-14950,-8389,4320,0,7184,1908,-13792,-2202,4902,8381,-887
2029,-15102,-12347,784,4128,288,2334,-12888,-1216,2721,7306,395
-6179,-15230,-13597,12944,1028,1056,2280,-15570,-238,-1428,7541,1017
-15845,-5746,-12401,264,544,24,-15754,-5940,-12422,384,672,642
-11183,-7030,-6797,512,8384,4120,-11186,-6708,22,48,8239,4618
-19489,-6958,107,28680,8816,-1470,-19226,-6708,896,26432,8322,-1883
-15889,-4466,871,21120,2088,4,1368,-15542,1086,-3276,6101,1157
-10227,-2630,8021,65,649,64,2288,-15734,-894,1812,4853,516
-7583,-3794,51,1216,4100,-17408,1058,-15618,182,3914,7054,-1030
465,-6646,309,4136,1048,-22495,842,-16114,450,6353,11786,-1248
4829,-7030,9269,553,8884,-20445,1082,-14158,-940,5605,9615,-1022
5679,-15204,9143,1280,4746,-15672,1700,-15048,-968,5635,7018,-1370
5875,-16964,5969,6148,2116,-12287,2022,-15890,-2148,6801,7261,-1371
6609,-18306,4079,1096,9217,-11758,2592,-15474,-2298,7228,9419,-1447
9165,-14914,-1859,6937,1040,-4091,2368,-14824,-1842,7116,11798,-1573
9213,-15170,-8355,4136,2064,8225,1562,-14560,-2252,6826,11362,-1591
5615,-13854,-10437,5322,8477,13314,2102,-13648,-1902,5686,8864,-873
1629,-15234,-10381,1026,1284,16487,2242,-15006,-1582,3057,8056,-373
-11435,-5412,-8141,544,4416,13592,-10674,-5428,-8074,544,5384,12738
-23347,-7042,-7373,0,2565,6288,-23154,-16788,-6056,4,2816,6146
-20015,-17030,327,22565,8272,-3056,-19824,-16612,398,22737,8200,-4030
-15249,-7030,-37,21260,4785,-7407,-11660,-6964,160,22548,5130,-7423
-11819,-3462,1853,1,1537,-7520,1448,-15718,-644,223,4028,-3180
-6643,-3612,4023,3090,68,-12219,1736,-15754,-694,3424,6141,-4070
-7143,-7046,4923,2084,8224,-12584,1200,-15148,-574,3506,8366,-4343
-7725,-5316,7223,0,7171,-16092,1076,-15280,-336,2089,7453,-3539
-3123,-6724,7995,640,4608,-20088,-2962,-6656,8088,408,4373,-20195
-2605,-16390,8531,1728,0,-18682,-1954,-16434,8638,1284,1668,-18802
1997,-17206,6223,524,33,-18432,2128,-17588,6156,8,6,-17912
5271,-14918,5183,1024,14,-16348,5966,-14998,5048,192,7184,-16376
8721,-15110,1859,257,2891,-7662,9038,-15104,1948,292,2320,-6511
10317,-14086,-8961,1096,6168,160,10110,-13966,-9078,536,4272,0
4597,-14724,-195,1218,2312,2,6350,-14956,-138,1157,4096,1025
861,-19190,-10437,344,4097,1088,590,-18340,-10378,849,6185,128
-18403,-4964,-10183,1047,1701,323,-18854,-4784,-9098,776,769,372
-15789,-19078,-137,21504,8840,532,-15714,-15156,8,21792,9216,0
-15913,-15202,-203,20528,6664,417,1230,-14984,2454,-3353,6591,2526
-11313,-5876,2871,129,2051,2411,4356,-17128,3304,2932,8573,2597
-11179,-6942,327,4640,12300,2152,2058,-16686,340,4938,12314,2075
-3587,-15046,8547,3733,11040,1448,1612,-14830,-1600,3932,11139,1413
2519,-14146,6821,152,130,293,2656,-13874,-1242,2456,8555,250
5105,-18566,5821,2,4160,-14316,2176,-15204,-2290,4356,4107,-1560
6621,-20062,955,4312,1056,-12284,2742,-15350,-2930,6496,4143,-2821
10335,-20346,-2761,2688,800,-7946,2516,-15922,-2748,6945,5879,-3589
10701,-15138,-4229,5184,8450,4096,2438,-14940,-1890,5555,8736,-2984
8673,-13878,-7805,1059,840,17001,2240,-13588,-2170,3373,6793,-2262
1713,-14436,-9209,1028,448,14464,1912,-14288,-1028,957,3868,-1499
-6703,-4606,-8257,17200,2304,12810,-7282,-3892,-8052,19456,4112,12928
-23553,-17926,-95,20006,6508,1296,-19888,-17138,-86,19856,6281,257
-15907,-14954,823,21616,5152,-6655,-15600,-14996,2042,21537,5892,28
-10947,-15238,67,20499,140,1554,-11554,-15442,406,20624,224,1301
-9447,-6012,333,145,4096,2304,-8610,-6708,-94,113,4934,2080
-5623,-5728,307,4356,8273,2049,-5038,-5642,-138,4546,8337,410
-2603,-15592,10053,4640,260,77,-2258,-15668,10392,4173,520,1600
1613,-14644,8611,3232,2817,576,2286,-14524,-1120,3953,10831,828
5709,-19126,3903,5122,4608,-11776,2674,-16032,-2102,5454,6907,-355
10205,-20112,55,2053,8833,-5829,2444,-15888,-2946,6535,9232,-1123
8991,-20350,-3765,2574,11538,200,2046,-15152,-2330,6821,11622,-1877
8975,-13878,-3981,2560,9256,4743,1942,-13498,-2742,6912,11362,-2349
5597,-15222,-7723,1027,2,8329,1846,-13146,-2376,5051,8533,-2365
1677,-14214,-11659,3110,4102,16384,1842,-14316,-1286,3219,6635,-1969
-11819,-6884,-14419,1034,1216,17798,1696,-19596,-1780,1676,6254,-2606
-15411,-18998,-7725,6,6936,8192,-15538,-19042,-8072,8,6400,9472
-15539,-15156,1843,23810,5730,-2292,-15338,-15012,3018,23713,5800,-2720
-15875,-6972,435,20592,6144,-6720,1526,-14372,1440,-1899,6655,-543
-10779,-3878,3895,33,449,-13564,1954,-15778,-534,428,5065,-1309
-3563,-4844,-205,2064,6405,-18935,2300,-16038,144,3089,7261,-2220
469,-16234,187,1092,1288,-18432,1088,-15428,694,3591,10195,-1936
1453,-14198,619,1536,32,-15326,1626,-14054,836,1826,8156,-908
5105,-17664,5253,8,1792,-10167,2198,-15662,-386,2828,5955,-988
6637,-18558,1843,4160,4185,-5996,2796,-16404,-2028,5977,6784,-1613
8705,-15622,-2239,6541,18,-3007,2986,-15142,-1884,6506,9575,-2088
5021,-15036,-8389,1042,8248,6216,2586,-13290,-1264,5196,11263,-1433
-6131,-15100,-9225,129,7940,12832,2146,-12756,-748,1969,7971,-363
-10803,-19074,-7773,16640,2119,5264,2334,-17788,-1492,-1392,6172,-669
-11183,-23062,-4179,130,1600,4364,-11696,-19250,-3682,4,4128,4096
-16895,-15238,181,21506,4144,-1775,-16794,-15078,630,20498,4165,-2036
-14827,-17526,67,17244,2060,256,-14768,-16868,2750,17166,2112,440
-11311,-6838,-169,17419,12340,266,-11698,-6820,-70,17024,11728,4
4557,-7014,4027,4128,22,72,5358,-6932,4538,4103,32,0
-7725,-6530,-171,132,1084,133,-7598,-16596,-134,4108,1032,56
527,-6974,4243,537,4152,1046,846,-6836,6016,536,4227,192
5615,-16766,4427,4112,4640,-22528,5966,-16970,4248,2048,3657,-22443
10709,-21334,1143,529,2590,-11240,10882,-20274,1148,193,2690,-11182
10981,-19282,-2441,88,11048,63,10928,-19244,-2394,147,11332,33
7125,-15204,-3771,6178,4104,8320,6990,-14822,-7278,4865,2069,8194
609,-14790,-11213,4422,12384,9064,1616,-14900,-11274,595,9481,9414
-10663,-18302,-11949,1536,6470,9600,-11120,-19188,-11978,1834,7458,9122
-14643,-19318,-7815,2272,4128,4366,-14722,-18804,-6232,2626,5256,4169
-19891,-7036,-197,272,1556,-3035,-19494,-6890,54,130,16,-3054
-19505,-6918,835,16384,8200,-11632,-15754,-6964,702,15368,8192,-12252
-7725,-16206,6067,16,4640,-18432,-7082,-16404,5016,129,4096,-19240
1549,-16454,-199,1037,98,-20096,1954,-16240,6134,496,200,-20192
8781,-14330,6069,704,10264,-16096,8782,-14364,6086,132,10384,-15807
9277,-15204,2259,1096,3104,-12284,9678,-14900,2102,1040,3096,-12272
9747,-20294,-189,3076,1424,-4095,9938,-20266,-2050,3136,1206,-3072
10213,-15110,-3659,42,6161,4238,9966,-15092,-3698,293,6152,5264
4561,-15222,-6285,1189,658,12424,4690,-14132,-5994,1064,522,12456
-3563,-14550,-10947,4486,4096,15556,-6574,-14508,-10362,5379,4096,15688
-15663,-2420,-77,21505,4897,32,-15504,-2804,-134,21649,4657,32
-11825,-5742,-201,30916,5638,8,-10786,-6886,-122,30880,6161,8226
-15545,-6916,307,28378,2688,1,-15618,-6916,-74,28163,3104,164
-17951,-1788,-69,25223,5317,521,-17704,-1840,-106,24708,4874,874
-9639,-3782,1587,394,8224,576,-8482,-3602,1528,2,8488,1
-7571,-4732,2099,515,3104,1473,-7584,-4882,2998,96,3112,1044
-3547,-5858,6485,1312,7234,2052,-3462,-5874,6810,260,6185,1283
2643,-14170,8583,544,2212,2052,2822,-14032,8630,10,2048,2055
7181,-14726,8531,2130,2339,1044,8846,-14704,6528,1324,2048,101
8973,-19330,-171,4128,4298,-8000,9082,-19250,-72,4155,4104,-7160
6617,-15230,-6341,2148,9760,4272,6734,-15156,-5994,2184,10312,4096
4737,-13816,-8373,3624,1056,16412,1618,-14002,-8042,432,8208,16900
-9251,-2694,-12485,72,145,12672,-9138,-2018,-12378,16644,2,12548
-15341,-19324,-7373,3392,662,16,-15152,-18356,-7748,3720,4,66
-18403,-6016,2131,934,8193,-3038,-18736,-6436,-130,705,8337,-3583
-18961,-4740,823,23692,8264,13,-15246,-6962,498,22608,7178,2
-7727,-6956,575,1284,9,48,-7538,-6868,374,1024,547,256
-3427,-4934,6491,0,512,-17471,-3346,-4796,6326,544,2818,-17623
469,-7046,8499,4356,8196,-16378,734,-15792,8062,4120,8457,-16359
4561,-14454,4787,2080,2176,-12248,4750,-14388,4502,2049,2176,-12027
5623,-17542,-129,1120,1032,-8048,5712,-17610,390,1041,100,-8176
9185,-21088,-4293,1216,5120,-4030,9400,-20980,-4040,4362,5378,32
2005,-15230,-8397,4624,9250,8512,2126,-15116,-8264,5416,9415,8200
-2603,-13956,-8265,2312,8198,12420,-2306,-13866,-7818,2820,3984,12294
-11565,-13698,-6237,48,4225,65,-11538,-13920,-6272,19488,4098,4
-13835,-4982,-3277,25122,3106,163,-13746,-4562,-2660,25346,3672,524
-14635,-4086,329,27936,340,-5118,-14706,-2732,1018,27668,2,-5078
-15839,-7046,819,24577,6788,90,-15724,-6384,952,24736,6240,259
-9603,-2812,313,16672,6418,38,3114,-17014,-52,-1828,6631,1919
-5647,-7036,3899,64,1034,1040,3026,-16912,-1136,1063,7326,1661
-3119,-6780,-197,2592,2098,0,2400,-15986,320,3989,10393,451
-2059,-7014,4789,4098,52,260,2528,-15094,-204,4136,10861,296
4559,-17222,6483,1044,10757,1,2422,-15520,-1728,5885,11054,62
8653,-18814,4917,1600,8193,-16207,2502,-15412,-2858,7866,10069,-924
8781,-19318,867,4130,1672,-10142,2236,-15188,-3124,8088,10207,-1757
9357,-15170,-3149,516,10433,-3840,2414,-15024,-3150,6934,11843,-1775
8671,-15076,-7309,16,2689,8204,1792,-14134,-3150,6116,12100,-1974
4637,-13604,-11467,2,20,14396,1884,-13316,-2554,4467,10776,-1941
-7475,-7008,-9365,1,8386,15488,1488,-13700,-1068,1939,8511,-524
-19059,-21250,-6317,2096,8308,3396,-15388,-21300,-5874,2496,8256,3114
-19987,-18050,-573,2596,520,-2047,-19730,-16868,120,2048,8,-3752
-19251,-6982,507,38,16,-8960,-19048,-6644,378,24841,268,-9726
-15771,-7038,307,22528,8896,0,-14738,-6964,256,20808,8193,1088
-11745,-4438,5947,20,2179,512,-10650,-4276,6006,1062,2177,392
-5639,-6950,6195,3354,5765,-14294,-5740,-6946,6078,3080,8208,-14207
-3597,-16314,5939,2145,8449,-14720,-3378,-16034,5406,96,8512,-14815
-2483,-14982,5951,4096,520,-14768,-2478,-14770,6030,4100,214,-15212
-3613,-14860,4403,160,553,-19328,1374,-14662,-1348,5287,8642,-3009
995,-16226,4671,4264,6656,-19824,1234,-16024,-2296,5361,6669,-3417
5639,-18310,4051,5592,2124,-19428,1814,-16040,-2822,5543,7357,-2874
10007,-15066,-173,4113,1,-14176,2086,-14830,-2044,4010,8834,-1487
10061,-14202,-2253,2320,1135,-2384,2052,-13850,-2040,2360,9528,-202
10221,-15234,-6857,1667,520,0,2536,-14134,-2370,1723,8923,36
6115,-15232,-12469,198,389,17999,2330,-14190,-1898,2091,8612,-300
-3091,-15232,-13641,1442,576,18504,2302,-15112,-1220,1368,8752,-507
-18993,-2918,-10397,2820,2137,10248,-19358,-1180,-10026,2628,3143,8352
-15855,-4818,-1913,160,3990,-3584,-15730,-4852,186,974,8728,-3711
-16595,-3702,1831,25251,1380,-7278,-11690,-3730,-134,24833,1273,-7087
-11699,-4102,467,27136,529,-6132,-11696,-2772,376,27168,512,-5968
-10611,-2662,3995,520,4161,-6460,2738,-16358,-486,1012,5429,37
-9747,-3718,-13,2304,11271,548,2396,-16008,532,3482,11756,665
-7315,-4214,6043,1328,3105,389,1036,-15152,-1026,3321,11171,512
-3107,-6018,6179,92,1064,259,1472,-14050,-958,3185,9238,216
-3367,-6406,8243,2570,2064,-18420,2036,-14532,-868,3875,7646,-1010
1909,-17094,7987,4142,6514,-18080,2104,-15602,-2040,5267,6647,-1725
4557,-19814,3931,6400,2344,-14720,2462,-15654,-2904,6498,7162,-2132
6167,-20340,55,136,7,-8080,2428,-15310,-2442,5755,8524,-1888
10193,-15236,-1741,4259,16,-1385,2148,-14258,-1472,4137,8671,-1339
9689,-15222,-6221,192,6668,8260,2526,-13836,-1076,1806,7978,-178
4695,-13622,-11021,2,3136,964,2570,-13604,-612,175,8009,1041
-2867,-16726,-14253,6464,4872,1472,2444,-17200,-454,-1861,8094,1493
-11283,-4886,-16483,1029,1152,1848,-10578,-6666,-16262,1605,1324,1280
-11715,-16262,563,1037,3329,5319,1990,-15836,868,1331,11664,-68
-15923,-6790,-193,26625,10368,-1919,1632,-14824,1484,-263,10254,-199
-15887,-3262,3395,516,5205,-5376,1516,-15492,-580,1781,7347,-1336
-9891,-4930,4375,272,2,-12240,2602,-16344,-1216,4048,6773,-2578
-7473,-4950,7195,658,513,-16092,1760,-16626,-594,5895,9205,-3615
-3631,-5510,7035,2064,142,-19199,1660,-15138,-1118,6062,10692,-2726
-3103,-6762,6171,4384,16,-19632,2178,-14906,-1494,4560,9481,-2213
465,-6886,4467,401,18,-19288,2136,-16034,-2186,4623,8342,-2052
5619,-17026,4317,1045,2116,-18928,2470,-15700,-2834,5761,7614,-2101
8669,-15226,1363,459,1217,-14623,2900,-14610,-2432,4988,7972,-2060
10865,-15204,-2253,270,384,-5482,2992,-13880,-1538,3275,9737,-1296
10723,-13090,-3969,2048,8752,12556,2656,-12956,-1310,2237,9726,-710
-2611,-14214,-9733,27,524,21336,2158,-13976,-442,586,8710,18
-14283,-6968,-8395,13376,13,13505,-14446,-6692,-8328,14176,353,13348
-19995,-19300,-5773,1410,128,705,-19502,-18028,-5254,1,556,32
-11489,-14660,2419,24132,262,-3382,-11370,-15156,3018,24707,132,-1918
-15859,-6918,-197,25089,1608,5,1364,-15164,998,-2389,5508,104
-11825,-2944,7123,544,256,707,2682,-16608,-446,1002,4979,750
-7667,-4998,-205,906,6656,268,2292,-16872,140,3150,7252,286
-3603,-6982,-201,658,9864,132,2164,-15232,470,3767,10312,710
-3567,-14716,7219,3097,812,260,2564,-14646,-426,3515,9892,822
-1561,-17798,6019,24,5736,-14832,2622,-15536,-2084,4680,7693,-376
525,-17134,5973,4400,0,-18359,3214,-15466,-2056,5567,8665,-2069
6997,-19060,6217,82,10388,-15784,2990,-15358,-1630,5130,10515,-3340
10445,-20230,2039,4,521,-7670,2454,-15404,-1774,4627,10901,-3269
10189,-14916,-4035,3757,1248,4288,2234,-14662,-2256,3957,9240,-2850
5603,-15110,-7323,2068,2308,12333,2276,-13980,-958,2766,6462,-1914
461,-16746,-8909,1154,4152,16386,2862,-15680,-692,1015,6581,-1249
-14355,-6994,-12203,592,197,10755,-14446,-5876,-12014,512,0,10248
-15643,-19072,699,1042,8541,4118,-15538,-18210,-138,810,8704,4212
-15785,-7034,443,25832,4225,-4030,858,-13346,2576,-2194,6303,-1666
-14883,-7028,51,22025,1315,-4838,1740,-15318,666,-2515,3463,-132
-11697,-4994,-75,526,21,96,2876,-16792,206,1084,5389,1192
-9779,-7046,6195,2662,8760,5,2688,-17056,-342,2731,9416,1057
-6415,-7002,6245,2630,0,720,1908,-15028,-422,2751,10671,936
-3631,-14726,5175,2192,2338,-17984,1758,-14662,-736,2764,7445,-734
477,-15196,4915,1088,5136,-18364,2860,-15218,-660,3191,5669,-1960
4565,-17698,5941,2304,6144,-18904,2760,-15416,-1766,3819,7381,-2261
8917,-15230,8179,1540,9244,-14334,2872,-14872,-1482,3542,9693,-2000
12765,-15172,2355,2452,9542,336,1972,-13956,-1688,2956,9364,-1583
9945,-13444,-8389,2472,212,10829,1888,-13394,-680,2346,6194,-1154
2525,-19236,-13031,4,5120,19200,2608,-17754,-728,259,5770,-1163
-10803,-6492,-14525,1105,3648,18688,-10642,-6064,-14762,48,3200,17608
-15795,-17284,-205,21777,516,8516,802,-15500,2626,-873,8559,-497
-14971,-7014,-205,21650,2,4,1704,-15190,2620,-2691,6315,1890
-15919,-4350,55,22290,1282,384,2732,-16514,206,229,5777,1972
-9507,-4726,535,260,8252,0,3056,-16296,680,2977,9437,1375
-7211,-5508,-205,1072,2092,200,2294,-15246,-52,3134,10400,1779
-2577,-7014,5463,3602,1539,256,2146,-14230,-662,4073,9814,651
4827,-16254,6227,58,7184,-20448,2518,-15790,-1906,5669,7950,-1193
8721,-19168,4927,1123,9345,-16096,1788,-15836,-3180,7769,9427,-2099
8663,-15174,-205,404,2450,-10159,2294,-14832,-2230,7010,10791,-1944
8661,-15226,-2219,32,8474,2116,1928,-13416,-1994,5643,10438,-1449
5589,-13140,-10307,256,8212,10978,1914,-13102,-1946,3782,8077,-1281
845,-14758,-13963,2576,4393,16658,2010,-14360,-1376,2602,6625,-1163
-11681,-5958,-18637,2124,338,18977,1884,-20244,-1606,2527,6725,-1275
-14867,-17222,-9163,2048,9121,10240,-14194,-18690,-8254,2082,9248,8708
-15535,-15100,55,24960,8673,5466,1516,-14826,1794,-1343,9565,-506
-11759,-16228,827,22538,2592,64,1674,-15400,236,-1256,6554,-82
-10443,-4934,4459,2050,897,-9604,2744,-16062,-1184,2602,6246,-1472
-5603,-4900,5123,4940,2048,-16303,2738,-15404,-908,6204,10706,-2649
573,-5484,6579,4519,16,-19360,1430,-15538,-1474,6089,13350,-2389
5105,-15660,8515,4480,11272,-20224,1550,-15488,-2514,5542,11771,-2279
4625,-17778,4031,4130,8289,-16320,1508,-15336,-2576,5083,9039,-2867
9933,-15108,345,1280,0,-6880,1936,-14618,-2262,3971,8804,-2521
8659,-14684,-6333,2560,67,6277,1516,-14194,-1616,2714,9036,-1529
1167,-14982,-13195,250,232,15552,1390,-13882,-828,2503,8338,60
-11107,-16734,-15177,576,1281,5,2284,-15872,-726,338,7535,640
-15139,-19190,-11207,2059,8320,146,-11666,-18186,-11018,2065,9218,144
-11795,-6974,5,1286,8722,4364,-11626,-6580,258,1281,8775,4160
-15387,-6948,-9,29000,10241,4,1196,-14394,2042,-810,10369,-759
-15667,-806,435,26240,8216,8,1370,-15328,588,-1966,7811,-57
-10731,-2918,8395,9,296,-10880,1784,-16582,-782,1036,5569,-130
-6707,-6658,5971,2054,13,-15849,2226,-14694,-334,3327,7596,-478
485,-5798,6357,19,802,-18912,2184,-15152,-296,3211,9123,-239
1265,-15202,8091,0,7969,-20476,1514,-15192,-1954,4541,8095,-1118
5467,-19068,5211,592,546,-15072,1576,-15194,-2744,6823,6817,-2641
8921,-15156,4227,1380,4490,-11884,2406,-14768,-1828,5354,7240,-2059
9689,-15222,-1549,32,8210,-3199,2208,-14098,-1174,4173,8285,-1079
8655,-14660,-8111,2768,8308,6689,2186,-13458,-514,2606,8744,-24