-1932,2717,-3261,-6256,-12003,-6367,1204,-14428,-5991,-553,11357,2754
154,3227,-2861,-6328,-13167,-7343,1424,-14246,-5617,-1318,13191,2756
-166,2243,-2017,-5524,-13483,-7687,952,-13816,-6299,-2200,14693,1164
-1266,85,-2221,-2908,-9009,-6571,-268,-14140,-6479,-2188,14563,96
-2748,597,-2285,-500,-8194,-5430,-530,-14798,-5825,-1714,13743,-979
-2956,1193,-1305,-1622,-12271,-4458,-512,-14712,-6403,-1320,14964,-85
-2566,1581,-1877,-4442,-15256,-3709,-312,-14896,-5773,-1445,15477,1348
-1908,1427,-2319,-5328,-16754,-3445,-468,-14986,-6047,-147,16092,1670
-2390,1903,-1459,-7131,-15438,-4902,62,-15294,-6239,880,17090,3031
-3264,3283,-1623,-3560,-10413,-4838,420,-15432,-7519,1380,19207,4880
-3854,5083,-3087,-6002,-11783,-4867,-150,-15340,-6589,874,18655,4918
-3208,4127,-3837,-6872,-13929,-6064,-728,-14100,-5721,1625,14949,3339
-2774,3431,-4011,-5539,-10023,-7599,-1720,-14392,-4569,2083,11805,2163
-2876,3833,-3935,-1867,-6886,-8820,-2514,-15822,-3887,3932,8682,1083
-4422,3375,-3641,830,-3682,-10022,-2380,-16152,-3423,5525,8183,2825
-5732,3551,-4135,2791,-3606,-11323,-2728,-16714,-2397,5691,8646,5890
-6910,3583,-4465,2715,-6033,-12936,-3076,-15394,-3189,8815,7548,6158
-7436,4095,-4535,3300,-7148,-14899,-2838,-14138,-1689,10607,7664,7329
-8082,4659,-3743,4282,-6380,-17794,-4194,-14334,-713,12550,6600,9290
-9912,4545,-3123,3982,-5566,-20860,-6594,-13760,-1211,15073,8813,12090
-10966,3321,-1785,4457,-4256,-21648,-8328,-10486,-3599,18408,5663,12450
-10288,795,-1425,3482,-3404,-20085,-6742,-6756,-3973,18045,-816,10314
-8692,-2725,-1347,872,-2664,-17997,-5218,-4110,-4293,13088,-554,9601
-7592,-4887,-1639,1880,-1633,-15517,-4802,-2670,-4675,7011,-1435,8399
-7586,-5929,-1193,2782,-989,-10503,-4340,-2588,-3701,1766,-2252,6622
-7678,-7345,-1297,3597,1057,-7473,-3928,-1978,-2839,445,-2542,5232
-8358,-8429,-1557,4438,2388,-4209,-3596,-1534,-2085,-862,-2710,2124
-8600,-8777,-1707,7298,2387,-457,-3626,-1624,-1333,-3452,-1637,-325
-9460,-7579,-1103,10794,2110,1005,-3944,-2902,-987,-5963,-2079,-2073
498,-8433,21789,20951,18473,4414,-1766,-15192,11213,4191,7653,-4028
-13516,-4981,-2197,-3082,-618,6618,1360,-5190,887,-449,529,-11524
-5986,-8721,-1773,4338,-9315,11891,-2904,-7840,-335,-681,5389,-16096
-3214,-5879,-1235,7568,-12575,17510,-2420,-10584,-87,-3738,-170,-22339
-10030,2895,2779,4614,-9641,19933,-2706,-13104,-1625,-4658,4570,-26384
-5366,-521,-1223,13044,-12924,18039,-2908,-18196,-5741,-5299,4291,-24039
-9538,6331,3393,10663,-16168,11220,-1750,-20302,-3435,-3948,7412,-20772
-4704,3719,4427,5033,-15321,8484,-952,-21060,-3917,-3460,11304,-18192
-1112,1157,3655,5217,-8395,6735,386,-18620,-5239,-5291,18681,-11392
-8456,7285,3965,4591,8891,6181,-694,-17246,-7075,-4026,21139,-5390
-4416,3007,-953,-6340,-12511,-173,-982,-16002,-6781,-2211,13196,-3808
-2224,2127,-1899,-7338,-8766,-1250,-482,-15994,-6179,-1852,9976,-3164
-2272,2787,-2131,-6467,-9214,-2234,616,-15126,-4905,-2689,8624,-129
-1848,3097,-2247,-8515,-10225,-3507,876,-14722,-4675,-2987,9545,2177
-1422,2027,-2815,-9220,-11031,-5328,1252,-14072,-5493,-3024,10284,3018
-70,2243,-3419,-8091,-8975,-5421,1086,-15078,-5327,-3340,11607,2494
78,2797,-3013,-6621,-8116,-5231,888,-15698,-5521,-3155,11936,747
-320,2633,-2641,-6465,-8381,-5951,540,-15226,-5383,-2705,11759,-243
-342,1875,-2949,-5856,-9017,-6789,344,-14724,-5053,-2677,9694,-50
-498,877,-3213,-5106,-9676,-7409,966,-14610,-4539,-2578,9241,210
-684,523,-2923,-4621,-11179,-6956,812,-14618,-5023,-2063,10660,-24
-764,575,-2439,-5147,-13115,-5740,656,-14322,-4995,-963,10675,-482
-642,1105,-1831,-4177,-12718,-4371,1112,-14778,-5281,-431,10321,-571
-354,1155,-1583,-5860,-14006,-4227,1486,-15226,-5549,-579,11726,356
2342,1075,-639,-5058,-13404,-2832,1932,-16112,-5635,-1051,12947,1135
-974,2053,-633,-5451,-9257,-2329,1202,-14296,-5511,-975,13049,803
-1046,1399,-1961,-4686,-8095,-1620,1528,-12806,-4029,-2822,12156,1535
-1090,2391,-2329,-4661,-5311,226,1508,-13520,-3545,-4238,11367,-615
-2056,2357,-2101,-4408,-5896,73,1300,-15910,-2847,-2273,17059,-1796
-1564,2385,-2047,-5306,-6773,-1885,-528,-15590,-3915,-1292,15265,-745
-2336,1599,-2771,-4552,-7147,-3431,-476,-14524,-3809,-1275,9178,-184
-2470,1611,-2367,-4566,-8407,-4698,786,-14200,-4137,-407,2195,-1778
-1824,1911,-1869,-5009,-9426,-5287,1592,-14344,-3723,-1369,3090,-1119
-2026,1693,-1777,-5612,-8887,-5212,1520,-14388,-2931,-2058,4759,-26
-1012,3053,-1615,-7098,-10028,-5567,2222,-15398,-2763,-2792,7687,1997
-1280,2991,-1507,-8894,-10843,-8061,856,-16022,-2771,-1390,9783,4245
1420,3105,-649,-1887,-2604,-10745,508,-17578,-3753,69,13990,7973
-2566,7307,-353,-184,2198,-13996,-2200,-19380,-2791,2618,14261,11203
-3808,6515,-1013,-3838,-788,-17128,-3980,-18326,-2755,5981,8914,11497
-3452,4279,-943,-3031,1922,-19377,-3768,-16306,-1141,8478,6626,12590
-6046,3147,-1379,-716,5945,-20536,-5544,-15696,-1197,10334,6289,15173
-8938,1909,-1931,-892,4392,-22750,-6118,-13946,-2469,13967,4030,17397
-9768,-889,-2413,-512,2290,-24067,-4758,-10294,-3673,16647,1430,18792
-8200,-4421,-2961,-177,381,-22012,-3790,-7556,-4081,16712,-2676,16668
-7198,-7085,-3123,1604,-1128,-15963,-2716,-4114,-4999,14020,-3990,12149
-8534,-7579,-1785,4422,17,-9368,-2812,-1746,-4423,6760,-643,8132
-8052,-8023,-1091,6605,1329,-5810,-3352,-1036,-3139,-2458,-1050,4555
-8510,-8039,-441,6078,1739,-2953,-3206,-1564,-2167,-5454,-2253,1882
-8672,-8001,-1457,8570,362,502,-2326,-1828,-2231,-6750,-960,-798
-7562,-7801,-1671,12486,2344,3670,-1902,-4144,-385,-10329,-2408,-6061
-6658,-1373,4427,1481,13069,9385,-2834,-2534,3431,-934,4759,-11834
-6938,-6159,-653,-245,-3892,15714,-446,-8000,17,40,1055,-17419
-8178,-3961,-1651,3745,-10505,16781,-3182,-10738,109,-3190,4145,-22361
-8198,-2307,-663,8991,-10687,21025,-3296,-14138,-1819,-4218,5437,-26923
-9084,1395,19,9114,-11649,18017,-2948,-18182,-4935,-4585,5162,-21530
-4182,3575,1,9998,-20543,15760,-4382,-19556,-3537,-2728,9268,-20708
-2590,6617,2503,7588,-17219,11938,-1234,-19974,-4467,-1659,8486,-20793
156,4047,2837,3207,-9100,11237,1482,-19928,-4859,-4022,13969,-17313
-5394,5683,4787,4542,3212,7506,1494,-19482,-5791,-5785,19902,-11198
-3502,3879,1255,-5259,-4949,1647,-408,-17094,-6623,-4222,17720,-7013
-3014,2503,-505,-13299,-14357,-2611,-746,-15266,-5733,-3400,12673,-3726
-678,701,-1815,-15240,-16360,-3115,-680,-14636,-5369,-3370,9364,-1195
960,1915,-1445,-12409,-13207,-605,138,-15306,-4729,-2888,6322,1082
-344,1613,-583,-10007,-9188,222,1370,-14870,-4515,-2402,5052,3283
-110,2047,-1431,-8134,-5714,-1345,2234,-14920,-4637,-3251,7439,4652
138,2341,-2199,-6539,-3274,-3013,1896,-15224,-4833,-3856,8467,3061
312,1587,-2775,-5469,-2988,-4794,1056,-14890,-4223,-3967,5458,-699
22,1207,-2287,-3600,-2538,-6111,1728,-14412,-2881,-3528,1782,-2525
-1070,485,-2297,-3633,-4295,-7194,2318,-14376,-3849,-3377,5341,-2546
-1448,35,-3841,-4292,-7831,-8012,1900,-15438,-4755,-3415,9854,-235
-90,361,-3481,-4808,-9740,-6820,2062,-15126,-4145,-2742,11312,2417
-48,1095,-2043,-3943,-10550,-4573,2618,-15234,-5193,-2590,13238,3400
1196,1959,-185,-10324,-16727,-3049,2418,-15220,-6129,-2373,15563,3565
2726,2053,-1375,-5547,-12060,-1128,1950,-14920,-5791,-2513,16392,2921
-972,1565,-2697,-4507,-6102,-2033,1328,-13562,-5063,-789,13265,73
-82,945,-3623,-5726,-9764,-3665,2086,-13214,-4279,-2822,11283,336
-1088,1529,-2797,-5906,-10736,-2660,2622,-15446,-3817,-2188,10659,-1719
-1092,2307,-1237,-7255,-11366,-2165,2956,-15054,-4543,-1144,11648,-2846
-1538,1723,-1809,-6210,-9906,-1708,1848,-14184,-3935,-1629,12827,-1018
-2664,2373,-1071,-8525,-10669,-2581,1456,-13308,-4601,-2508,13270,589
-1614,2087,-2025,-9900,-12412,-3696,1454,-14356,-5869,-3310,11997,430
666,-347,391,-9354,-9718,-3857,754,-14630,-5291,-2774,8723,-1698
-614,1963,-509,-8145,-7053,-2628,1216,-15362,-4377,-3600,7744,-1112
-1754,2593,-1729,-9358,-8137,-3270,1580,-17010,-3305,-3417,5918,-35
-984,1987,-2835,-8688,-6986,-4309,1978,-15614,-4685,-924,5781,1127
498,3645,-3305,-6666,-5786,-5256,1690,-15120,-3633,-2062,11191,4133
300,3065,-2543,-5376,-2750,-6014,916,-15252,-4219,-887,16021,4701
-532,2221,-2261,-4303,-1831,-8580,-222,-14718,-4543,-891,17614,6641
502,2541,-851,1038,2738,-11758,-1618,-16118,-4239,-78,15387,8455
-2568,4881,-435,496,4600,-14024,-2432,-16386,-3525,1381,13642,10893
-4940,4555,69,-1038,390,-17157,-4314,-16596,-2021,1784,12234,13326
-5998,2731,765,193,1932,-18614,-6178,-16580,-2215,4725,8904,15598
-9114,2599,507,2370,4141,-21540,-8148,-14718,-3197,7622,6892,19931
-10310,1903,307,4989,5535,-22697,-8258,-12352,-4895,12451,8782,23842
-11168,-105,-1241,1184,3194,-22903,-7596,-9638,-3719,12281,-3901,21898
-8220,-3265,-2759,-2005,-1389,-21277,-3142,-7150,-5219,9011,-8696,17757
-6904,-5795,-4573,-159,-3173,-14990,-1960,-4356,-6859,4672,-8176,13460
-7562,-7707,-4241,2307,-1393,-9614,-2074,-3224,-5545,-258,-5010,8275
-7984,-7869,-2913,4270,1154,-5174,-1732,-2988,-3069,-4318,-1639,3787
-8248,-8863,-3477,6379,2374,-990,-1922,-2436,-2753,-4979,-382,-1093
-8472,-8027,-3535,10911,567,1209,-2986,-2980,-265,-8200,-2335,-4921
-6642,-3693,27083,14837,10804,3156,948,32280,30030,2777,7901,5061
-8900,-9871,-1755,2819,-487,12023,-4670,-7206,-1355,-1530,3369,-12886
-9872,-5569,-1061,2993,-7120,15010,-2654,-9336,319,2283,2594,-16583
-10814,-3517,-405,4781,-14392,16873,-2310,-11092,-399,691,4869,-22881
-13072,-529,2143,9933,-9090,14758,-4174,-15698,-3237,1146,9852,-22886
-12194,907,-55,8166,-8936,12116,-6464,-17158,-5677,2696,9673,-21899
-9550,-961,-1709,6521,-19156,5906,-4272,-17442,-5373,3593,8099,-21975
-7120,2487,3625,7249,-14922,1727,-1796,-17290,-4991,3226,8910,-18021
-5082,367,2211,3267,-13435,2885,-528,-18350,-4665,-799,7276,-15254
-4264,2123,1889,967,-9813,3297,434,-18308,-5235,-1359,10225,-12467
-3436,2973,2933,-4407,-14508,-1000,-158,-16628,-4959,-2392,5650,-9027
-160,-113,3143,-3433,-10726,-3355,812,-15626,-4821,-3282,6878,-4251
-2298,1179,425,-3852,-6774,-1298,1418,-16370,-4567,-3426,7694,451
-1748,651,977,-3884,-7707,-783,1346,-15104,-5455,-2460,8723,2142
-642,1487,117,-1950,-7445,778,1528,-15428,-5547,-2888,10497,3032
10,2219,-87,-1967,-5095,1183,1010,-14756,-5263,-1976,9294,1148
-658,1395,-497,-2393,-4950,-856,1138,-14006,-4857,-3214,9089,457
-966,887,-1533,-3771,-4749,-2295,1076,-14290,-4527,-3945,9265,561
-886,185,-1253,-4897,-9712,-3708,1132,-14956,-4803,-3758,9412,482
-680,-23,-639,-4793,-10217,-3260,1076,-14958,-4771,-3205,8460,17
-652,219,-97,-3517,-9134,-3168,1310,-15038,-4179,-3052,8818,-335
-1324,687,-401,-4512,-8235,-3718,1168,-14294,-3939,-2453,9734,-628
-504,1291,-985,-7562,-10899,-4874,1502,-14836,-4365,-1819,10009,-383
1302,2685,-861,-10035,-13232,-5263,2080,-16108,-5261,-1498,11850,-161
1154,1985,-317,-8685,-8534,-3867,1806,-14828,-5467,-2183,14045,594
-272,749,-1411,-6968,-5645,-4122,1578,-13606,-5091,-3852,15636,1932
-742,69,-2201,-5086,-3889,-3395,1012,-13104,-4741,-4621,13353,1050
-678,1129,-2151,-4067,-4525,-1874,1080,-14334,-4601,-3553,8090,-1914
-970,1835,-1685,-4349,-5742,-249,1832,-16006,-3871,-3143,4551,-3664
-1006,1753,-1653,-4708,-7297,-133,3888,-15442,-2161,-3139,11395,-2284
-1442,1361,-1639,-5238,-8207,-1467,1334,-14564,-3171,-4465,13731,1793
-1082,1769,-1543,-6650,-10172,-3233,786,-14894,-4381,-2416,10829,2619
-656,1505,-1219,-7613,-10520,-4499,1092,-14560,-4941,-969,7124,1829
-10,1217,-861,-7773,-9687,-5387,1662,-13868,-4471,-1509,6534,1608
134,1723,-797,-7933,-9772,-5676,1750,-15050,-4135,-3045,8755,1470
162,1163,-931,-9595,-9972,-5892,1338,-15634,-3949,-2264,8624,1286
340,377,-1869,-10277,-9551,-5638,1878,-14912,-3783,-1648,8203,2477
1582,1001,-2369,-11059,-8971,-4632,1684,-15434,-4063,-1510,11783,3656
1274,1131,-3161,-7714,-6296,-3012,796,-14848,-4967,-1462,14633,3902
624,1617,-2799,-1731,1569,-2781,-414,-14404,-5467,-609,16108,3558
-850,2683,-2617,1121,5043,-5468,-1560,-14574,-4949,-1326,12234,3689
-1314,3533,-1869,177,1041,-9332,-2682,-15938,-4873,-886,9418,4021
-2356,2809,-1771,-1430,-2384,-11439,-3416,-16384,-4751,763,5572,5055
-3024,2269,-907,-1620,-5597,-12975,-3638,-15454,-2809,1658,2542,6883
-3398,2661,-115,-142,-3513,-14683,-3816,-15834,-1651,2394,-1393,8802
-5862,5005,387,548,-940,-16712,-3464,-16778,-2043,5085,1910,14084
-8096,4455,1105,-122,-363,-16010,-6324,-17018,-1213,9233,6557,18870
-8600,2067,973,2113,4429,-17471,-7974,-14248,-881,12213,-2110,15737
-10304,689,-1663,-573,5986,-20058,-3754,-10464,-2405,11342,-8281,14062
-8286,-3193,-1943,-3057,-293,-20536,-2360,-6106,-2081,11171,-411,15368
-6924,-6833,-3461,-3957,-6156,-14104,-2614,-3460,-3945,9159,-1438,11846
-7594,-8115,-3427,-372,-4953,-7793,-2798,-2464,-3973,2334,-2394,6302
-8080,-8821,-2787,3437,-2190,-3010,-2450,-2376,-3803,-3624,894,1432
-8840,-7997,-3651,10504,1303,571,-3784,-3010,-3579,-6630,1797,-3349
-5678,-5207,19773,18702,9051,3793,-1134,26924,30030,2419,9099,1605
-9380,-7069,-2013,3489,-1685,12945,-1074,-5958,1637,-1591,-3261,-13724
-6396,-5151,-571,6829,-3954,15948,-2338,-9058,1309,-1157,3313,-20302
-8046,-647,961,2033,-6837,22240,-3564,-12644,-703,-3197,4326,-23792
-10502,2467,35,2719,-21698,16253,-3232,-17480,-5489,-3695,-5564,-24954
-1198,5255,379,12627,-13883,15799,-2410,-18472,-2397,-6082,1422,-19409
-3314,6977,5443,359,-11479,11057,-368,-20488,-2155,-4636,12046,-16286
-462,3475,1913,-797,-13890,5994,-520,-19632,-1963,-4077,12007,-10757
-944,1233,2619,669,-2471,3733,-3460,-15422,-5669,-157,18148,-126
-1912,1607,3535,7711,8739,3105,-48,-13270,-3697,527,9964,-5541
-5348,3595,439,-5973,-7145,-1876,488,-14164,-4213,-2774,8289,-6051
-2234,1909,-1263,-18250,-18976,-4623,650,-15204,-4895,-4700,7285,-4988
994,1663,-583,-16712,-17120,-3888,240,-17468,-4173,-3951,4487,-5083
914,403,-743,-10004,-7129,-2719,1306,-15690,-3935,-1609,-424,-2258
282,1567,-1631,-4866,872,-2237,3024,-14788,-3539,-1944,2773,2452
-116,2371,-1429,-3364,1258,-4289,2610,-14792,-3845,-1743,10627,3657
-894,1909,-1833,-3188,644,-5964,1550,-13844,-4737,-2571,14217,2925
-642,1325,-2291,-2447,-2010,-7031,1058,-14302,-4645,-2670,12215,1147
-1274,471,-2461,-2863,-5828,-7443,1004,-14166,-4489,-2183,7472,-834
-1168,279,-2127,-4703,-11170,-7901,1898,-14482,-4005,-1843,6751,-831
-554,793,-2009,-5762,-13792,-7324,2374,-14784,-4133,-2044,10211,-247
592,2495,-1285,-6642,-15505,-6227,2608,-16052,-4847,-2282,13038,-123
82,1911,-823,-8172,-15910,-5760,2212,-15218,-4959,-2839,14961,-555
62,573,-1497,-7087,-13051,-5176,1368,-13866,-4455,-3853,14747,-223
-110,-49,-1171,-4378,-8241,-3535,1142,-13938,-4055,-3471,11077,-1337
-458,333,-435,-1751,-5789,-2231,1284,-14882,-4021,-2465,7664,-3412
-1254,849,-357,-435,-4751,-1466,1776,-15098,-3427,-2340,6023,-3087
-1732,1483,-251,-1983,-6435,-1476,2960,-14312,-2741,-3180,8765,-594
-1590,1881,381,-4561,-8594,-2368,1990,-14510,-3451,-3391,12975,1102
750,-677,2195,-2076,-3002,-919,1374,-14278,-3881,-2733,10875,1497
-2166,1303,417,-3153,-820,-887,1726,-14688,-3673,-2497,8688,1255
-1484,3479,-671,-7389,-7982,-1824,2518,-17292,-3329,-2613,7957,687
-1700,1977,-1381,-8561,-8002,-2792,1552,-15258,-3875,-434,7406,439
-564,2269,-2911,-7459,-6750,-4624,1812,-14768,-3671,-1528,11359,4533
268,2845,-3877,-5418,-4854,-5834,744,-15392,-4673,-1849,16485,5517
-138,1543,-3571,-3128,-3627,-7309,-1906,-14078,-5209,-597,15401,3799
-786,1595,-2167,-487,-3317,-8705,-1608,-14122,-3937,-734,11873,5288
-1970,2041,1223,394,-2080,-9385,-1616,-14938,-1645,-1256,11863,6339
-4844,3941,-837,-3785,-10223,-12068,-2424,-16592,-2137,1526,10038,7647
-2870,3591,315,-1979,-7289,-15310,-4184,-18014,-3273,4912,11944,14012
-6906,6503,863,1176,2518,-17999,-6780,-18322,-4183,9356,10377,18659
-9878,6493,-1647,776,2362,-21026,-7262,-14364,-3683,10663,5944,19826
-8326,2581,-2349,-1422,149,-24333,-6226,-9460,-3711,11610,-3866,16526
-7346,-755,-3149,-2286,558,-22791,-3180,-5502,-4079,11563,-7281,13969
-5768,-5795,-4287,-3883,-3094,-17595,-1008,-3306,-4737,8646,-4550,11612
-6608,-7787,-4803,3330,-428,-10199,-2672,-2712,-5361,2416,-2939,5277
-8036,-6889,-4513,9606,2222,-3173,-2618,-3432,-4195,-4326,-610,-998
-9114,-4637,-2767,13071,2642,868,-3734,-4686,-2649,-7080,-712,-4882
-6804,-5449,-4495,15003,1327,5485,-1108,-6352,177,-5438,-638,-6248
-10898,-6651,-493,-3385,11260,12391,-5542,-1206,1009,-3095,1803,-13726
-6844,-2803,-159,-4666,-8218,18423,-2440,-11200,-67,-4306,-1021,-18880
-8732,-3241,-49,4238,-9993,15613,-3572,-12440,-1647,-5010,3408,-19860
-10800,-157,291,3980,-9738,19687,-4146,-14892,-3491,-2190,1058,-22205
-7158,891,-195,4277,-15743,18131,-2800,-16378,-4021,-2067,-6258,-24811
-7332,5911,2049,5042,-23924,15535,1484,-16596,-3333,-3940,-3616,-27024
-800,5259,3385,3175,-26373,6314,2250,-22576,-4185,-9557,5575,-22324
6674,-493,7083,10621,-6191,6779,2450,-24338,-2165,-11834,31287,-10184
-6476,5955,909,10753,24053,10039,-2522,-17776,-7013,-5007,16132,-4117
-6022,3699,433,-2957,-7610,3691,-686,-17200,-6309,-1274,9360,-1605
-3404,2405,357,-11212,-11967,1264,-1512,-14246,-5683,-1504,1175,-3818
-2108,837,-955,-14566,-18996,-1097,-252,-13736,-4505,-1969,777,-1819
-326,1021,-343,-12502,-17568,-1264,162,-14376,-3727,-2618,1035,459
-48,919,23,-11010,-12470,-1491,708,-14948,-3195,-3793,1282,2719
1680,2271,-65,-8638,-8411,-842,1540,-16890,-2575,-3396,433,3648
582,1299,-295,-7239,-3148,-1130,3052,-17324,-2461,-484,-2349,4551
-334,481,-1047,-5579,244,-2241,6220,-13012,-3781,4653,-10763,-654
-320,1001,-1659,-4023,646,-3493,4588,-13648,-2631,2663,1798,-703
166,2521,-1733,-3673,-427,-4641,4542,-14728,-3163,-2162,16035,1226
-630,2107,-1687,-5013,-1804,-5324,2684,-14264,-4871,-2764,23121,2999
-734,1411,-2257,-5585,-4363,-6155,1292,-13758,-6671,-4051,22612,3255
-128,803,-2657,-5171,-5973,-6631,208,-14548,-5909,-3841,16244,2518
-504,501,-2495,-4676,-6494,-6246,14,-14722,-5461,-1680,5189,-161
-860,463,-2393,-4543,-8400,-5824,1010,-14382,-4657,-504,-574,-1951
-1022,321,-2217,-4718,-9857,-5201,2018,-13882,-3453,-931,1630,-3261
-174,1765,-2041,-5291,-11627,-5141,2494,-14818,-4133,-2384,8449,-2625
968,3087,-1767,-6223,-12833,-5250,2462,-16680,-4993,-2864,12398,-2299
850,2245,-1047,-7986,-13554,-5397,1894,-16224,-4971,-2998,13989,-1651
1244,-455,-1429,-8747,-13649,-5400,1826,-14428,-4373,-3619,13531,779
-184,-611,-1691,-4940,-9134,-3500,1566,-13164,-4429,-3653,13067,1913
-748,141,-1363,-2983,-6474,-1790,1318,-13234,-4539,-3535,12051,1278
-976,1381,-811,-3183,-7956,-772,2086,-14588,-4045,-2847,11055,-711
-586,2111,-201,-1756,-5456,142,3132,-15658,-3389,-2489,13362,-1183
-1832,2255,-817,-820,-1423,206,2078,-14746,-3471,-2078,13901,-598
-2528,2023,-1377,-2259,-2239,-1213,1206,-13818,-3679,-2705,11354,611
-2380,1691,-1699,-4097,-4807,-2611,1084,-13440,-3793,-2670,9938,584
-1956,2075,-1551,-5493,-5850,-3472,808,-13688,-4773,-2527,7112,-248
-1694,1835,-1447,-6086,-6326,-4079,988,-14018,-4567,-2414,4524,-1309
-898,2507,-1475,-5919,-7147,-4145,1470,-15904,-4337,-3605,3067,-1640
-694,2643,-991,-7836,-8703,-4630,2256,-18180,-2319,-3040,4034,-1208
-1144,1429,-1495,-8558,-9481,-5374,2694,-14914,-3395,-2169,7594,1690
-340,1365,-2161,-8300,-9028,-5603,2374,-15080,-3967,-1728,5300,3396
152,1739,-2205,-6398,-6462,-5021,1896,-14694,-4065,-546,8251,1960
-408,1315,-2045,-4599,-4218,-4685,1310,-14080,-4957,-1261,13201,1805
-888,1339,-2197,-1816,-2785,-5330,688,-14746,-5065,-1633,13152,2909
-1744,1715,-2089,-293,-3710,-6228,674,-14556,-5203,-1680,11924,3169
-2666,3377,-1873,522,-5139,-8000,70,-15264,-4643,-1884,11377,3501
-3014,3761,-2037,-366,-7520,-10217,-78,-15620,-3037,-1195,12191,3681
-3756,3299,-2285,-1134,-9787,-12707,-714,-17372,-1157,-651,13892,5807
-4724,4723,-1729,-1980,-11214,-15387,-2898,-20306,-2631,1868,11931,10072
-4946,5631,-505,-1042,-8647,-17213,-2718,-21918,-3501,7800,15559,15487
-7448,6285,167,432,-4231,-18854,-4110,-19762,-3391,11758,14060,20088
-8660,5501,-213,733,-1423,-21286,-4278,-15492,-3397,14282,11665,22747
-9240,3833,227,-352,-52,-25458,-4146,-11654,-4751,15005,10838,24769
-8166,689,-987,-1336,443,-26645,-5338,-7132,-6977,13213,-3046,22814
-7132,-3107,-2463,-3161,-1027,-24728,-1552,-5130,-6381,14640,-12992,16943
-6638,-6511,-3129,-1566,-911,-17543,-1504,-2666,-5099,10766,-6001,11698
-7108,-7185,-3145,-424,-1198,-10214,-2608,-1936,-4757,777,124,6736
-7164,-7559,-2797,2707,-471,-4776,-2208,-2166,-3345,-6031,767,1296
-7892,-7523,-2225,6210,1528,492,-3516,-3004,-1793,-7700,-828,-2655
-8374,-7265,-1285,10121,3513,5407,-3830,-3934,-741,-9644,745,-5028
-10428,-7267,-1177,-5696,9514,9469,-4752,-498,4637,-3943,4353,-9916
-6568,-7483,-1245,1663,-5906,15008,-1736,-6996,155,-3137,2765,-13363
-8470,-4231,405,4364,-9744,15569,-1526,-10200,617,-3305,5686,-18547
-7138,-3547,291,5271,-8305,21291,-4400,-14462,-2173,-1279,12076,-21726
-8430,427,-259,6971,-8453,16375,-4172,-16794,-6639,534,14002,-20250
-8642,4389,1367,7721,-11786,11418,-4620,-17594,-4959,5211,549,-21829
-6036,3737,4243,5410,-11853,7594,-2186,-18068,-5357,3393,-11470,-24216
-4162,1813,2913,4195,-8584,6592,2228,-18926,-3283,-3492,-4640,-20437
-3326,1203,2193,3478,-7363,5973,4584,-21516,-877,-9032,14809,-9663
1098,923,6351,18540,16190,8778,-2030,-16250,-7203,-6049,16748,-1795
-9096,5093,-389,-690,23,5023,-32,-15744,-4703,-109,6876,1616
-3142,2921,-875,-13975,-16670,1811,582,-15190,-3953,-1432,-344,343
114,2671,-1705,-15981,-20515,30,1758,-14990,-3205,-1157,1696,1073
354,1187,-1181,-11028,-13791,-797,2386,-14306,-2903,-1819,6024,1583
414,879,-901,-6364,-5618,-1443,2010,-14516,-4027,-2313,9510,2401
-208,521,-897,-3205,-1170,-2652,2348,-15016,-4031,-2258,9479,3033
-206,1395,-785,-3785,-1893,-3447,2310,-14902,-4701,-1535,7528,1398
230,1403,-789,-6448,-6166,-4439,1892,-14750,-4183,-1867,7771,-595
-28,197,-1017,-6596,-7264,-4769,1528,-14100,-4349,-2248,8374,-1723
-366,377,-1875,-6099,-7107,-5379,1696,-14488,-4475,-2709,9070,-1557
-558,517,-1699,-5318,-6908,-5215,1648,-14968,-4771,-2905,10159,-1433
-604,559,-1547,-5300,-7500,-4980,1560,-15180,-4979,-3042,11351,-1068
-648,771,-1421,-5368,-8147,-4829,1390,-15062,-4871,-2490,11587,-736
-210,1507,-1425,-6629,-10047,-5387,1484,-14770,-5071,-2130,11518,-166
836,2121,-1325,-7330,-11101,-5615,1956,-15428,-5299,-2359,12603,272
368,1065,-969,-7198,-10124,-5064,1730,-14562,-5453,-2660,14175,436
-550,85,-1757,-6752,-9536,-4108,1404,-13530,-5313,-3898,14151,1415
-330,777,-1617,-6816,-9418,-2321,1294,-14248,-4599,-4077,12927,522
-532,1233,-1277,-6692,-9538,-641,1316,-14522,-4073,-4077,9553,-1994
-504,1671,-1155,-5433,-7995,-352,2864,-16166,-1329,-4948,9638,-2069
-882,1459,-1111,-4867,-5676,-1587,1764,-15098,-3309,-4563,17996,500
-1226,1305,-1303,-5841,-5885,-3446,154,-14698,-4255,-1265,11029,1598
-682,1277,-835,-6625,-6921,-4715,482,-14086,-4485,437,4122,591
-554,1039,-375,-5981,-5461,-4453,1212,-13950,-3901,-119,2423,125
-944,1027,-373,-5535,-4987,-4323,1862,-13764,-3309,-1797,5178,278
-966,1221,-895,-6425,-6580,-4695,2486,-14796,-2887,-3205,8283,961
136,2303,-541,-7514,-8434,-4633,2430,-17768,-2491,-3928,12672,3140
-724,1085,-1169,-7364,-8314,-4919,2166,-15008,-4407,842,944,854
70,707,-1299,-8124,-8199,-5219,2522,-14554,-3749,1190,6011,590
1506,929,-1355,-8223,-8548,-4356,2790,-14680,-4353,-1641,14022,2284
76,1429,-1479,-5348,-5195,-3860,1232,-14384,-5971,-2128,21815,3596
-462,1085,-1903,-3762,-4332,-4424,-174,-14466,-6353,-1996,21776,4004
-614,1009,-2065,-3150,-4440,-5238,-1260,-14716,-6119,-1114,17325,3716
-1222,943,-1865,-3128,-5226,-6048,-1884,-14512,-5797,-169,10765,2239
-1368,1565,-1463,-3056,-6539,-7085,-1958,-15324,-4805,323,7952,1721
-1680,2743,-839,-2568,-5210,-8548,-3324,-17178,-3651,513,6961,3575
-2566,4525,-499,-1370,-3295,-12252,-3842,-18358,-3319,3429,5548,8592
-3250,6259,-11,119,-765,-16590,-4068,-17706,-2039,5380,7922,13710
-5056,7077,169,425,-1793,-20438,-5496,-16060,-2157,7928,6762,14581
-6614,6187,165,19,1077,-23401,-5938,-12470,-1929,10870,3684,13935
-7604,3133,-1381,-154,2229,-24746,-5614,-10318,-1475,11124,643,15140
-7430,-97,-1491,-2054,1069,-23636,-4940,-7790,-2703,11170,-131,16463
-7214,-3751,-2345,-4049,-969,-19048,-4716,-6082,-3389,11539,-6331,13258
-6756,-6193,-2739,-3832,-1862,-12574,-3308,-4008,-3007,8810,-5958,9241
-7662,-6953,-3051,46,454,-6188,-3516,-3568,-2575,1802,-806,5987
-7446,-8185,-3357,4761,3224,-1375,-3118,-3530,-1921,-3599,-850,2428
-9450,-6927,-2835,8094,2684,1751,-2394,-3578,-1151,-6632,-1960,-1624
-8450,-7447,-4199,10696,557,4500,-1748,-4654,-1995,-8953,-901,-5021
-11500,-3835,-477,1098,11512,8930,-5932,-4984,2325,-4866,2283,-9605
-9182,-5903,-1591,-2588,-766,13665,-2506,-8060,-495,-523,6023,-13969
-7810,-5761,-1701,200,-13431,14774,-4946,-10496,517,-3363,1694,-17669
-9790,-937,-711,3324,-10892,16087,-3708,-12854,-729,-3571,2745,-20809
-8970,991,-1263,6229,-7877,16459,-2962,-15372,-4183,-2287,9322,-18707
-6694,3683,1259,6543,-10983,13652,-3088,-17162,-2959,70,5440,-18790
-5070,3789,1417,2735,-13942,10406,-948,-17164,-3891,-761,3110,-19464
-2370,3059,1225,1527,-12685,9181,1354,-18364,-4255,-3330,2404,-18976
-960,2951,2063,1323,-9368,8155,2324,-19562,-4149,-5191,4714,-15536
1204,1523,3973,6999,1832,6043,-206,-17776,-4871,-4583,8661,-8874
-3232,2471,1011,3715,8376,4226,1058,-15682,-3927,-3079,2848,-3750
-3686,2985,617,-5874,-8087,-474,1740,-15124,-3683,-3805,5059,1299
-1878,2093,-859,-13858,-14872,-1525,1638,-14838,-4065,-4107,7251,4137
268,1255,-541,-13864,-16750,-859,1094,-14738,-3721,-3368,7086,3608
46,295,-267,-9056,-9425,-769,1476,-14388,-3753,-2716,3782,2598
350,793,-803,-5803,-3430,-1392,2304,-15106,-3365,-2253,3774,3341
-188,1413,-1397,-4562,-1373,-2465,2942,-15360,-3885,-1864,3111,3779
186,1697,-1371,-3782,-1018,-3955,3190,-15172,-4141,-537,4496,2181
-592,1005,-1569,-2082,85,-5036,3116,-14276,-3371,-1654,6293,1797
-984,879,-1875,-1832,-1461,-6236,2552,-13944,-4113,-2264,9086,608
-1034,1037,-2161,-3276,-5537,-6982,2066,-14260,-4535,-2437,11061,-224
-868,635,-2139,-5129,-9955,-7196,1686,-14556,-5007,-2324,11207,-1002
-304,713,-1809,-6064,-11737,-6846,1580,-15092,-5103,-2006,10337,-1493
46,1327,-1741,-6303,-12456,-6190,1714,-15558,-5277,-1705,9070,-1704
1082,1609,-1365,-7580,-13276,-5388,2100,-16012,-5527,-1811,9950,-1032
654,655,-1103,-6698,-12095,-4629,1764,-14908,-5209,-2490,11931,360
186,-283,-1371,-3852,-7815,-2856,1466,-14032,-4719,-3173,11579,1895
-778,31,-1271,-2963,-6753,-718,1536,-13510,-4211,-3088,9713,2455
-686,1211,-645,-2826,-7277,1024,2030,-13908,-3733,-2995,8063,1947
-818,2025,-333,-2943,-6363,1693,6292,-14952,-699,-2480,13864,635
-1496,1509,-623,-4185,-6506,199,1312,-13916,-4461,-1677,14334,-869
-1100,1679,-413,-6401,-8093,-1711,1072,-14336,-4091,-759,8763,-1250
-610,1159,-189,-6940,-7649,-2649,1334,-13846,-4935,-2125,7951,-868
-482,707,-45,-6325,-6225,-2941,1326,-14096,-4695,-3094,7383,-862
-510,405,-21,-5829,-5196,-2967,1376,-14522,-4129,-3379,6376,-1492
24,1205,-111,-5542,-4670,-2348,1680,-15842,-3863,-3901,5501,-1506
-288,1427,127,-6452,-4151,-1750,2336,-16186,-2689,-3616,7108,-439
-742,1593,-467,-7299,-4893,-2562,2340,-15060,-3413,-3021,8292,1748
-12,1563,-1339,-8509,-5256,-4117,1810,-14982,-4253,-1061,8529,2127
-38,1473,-1867,-8230,-5588,-5416,1772,-14510,-4913,-392,9282,1857
346,1311,-1857,-7245,-5145,-5960,1882,-14672,-5199,-1217,10874,2188
-30,1257,-2081,-5338,-4381,-6361,1556,-14104,-5333,-2324,12004,1629
-196,1061,-1995,-4238,-4845,-6809,1664,-14260,-5411,-3399,12470,1212
-402,967,-2111,-2741,-5076,-7106,1052,-14642,-5301,-4281,15474,1864
-1022,1347,-1953,-1570,-4698,-7768,88,-15380,-5391,-4694,16490,3208
-1206,2401,-1607,-429,-4342,-9711,-1350,-16354,-4581,-2354,10993,3672
-1870,3713,-961,1557,-2187,-12267,-1938,-16978,-3699,1530,8974,6928
-3328,5533,-667,3277,115,-15108,-2820,-18694,-3231,2602,12602,14130
-5524,5261,-723,3459,-939,-17341,-4918,-17156,-3449,4134,13512,17557
-6876,3233,-1451,2542,-1583,-19635,-5678,-14536,-3497,6160,7256,18757
-8308,1135,-2763,2648,-2674,-20106,-6018,-10880,-3653,6010,115,17971
-9466,-1405,-3303,1046,-2564,-17179,-4338,-8744,-4151,7313,-7745,13676
-9382,-3215,-3643,-93,-3208,-14351,-3700,-7342,-4199,6441,-6970,11188
-8982,-4347,-3391,1283,-2864,-11718,-3224,-6602,-3711,3578,-4888,8220
-9024,-5385,-3885,3813,-1253,-9103,-3498,-6046,-3675,-1504,-688,5897
-8866,-5911,-4501,6618,-1759,-6004,-3480,-5580,-3589,-4968,1141,2539
-7728,-6519,-4571,10102,-3302,-2143,-1254,-4200,-9365,-6708,-2838,-1493
-3780,-14831,-2717,2784,1884,3613,-9660,-5512,-2145,-401,11172,-5159
-4472,-6509,-1303,8519,5986,13206,-1350,-6970,-609,1890,-12616,-17055
-6150,-4301,-1939,1891,-189,18241,-2038,-10170,-85,301,-3819,-19557
-10376,2173,-249,-2211,-3558,23816,-384,-13284,-3773,-2030,-3236,-23484
-6366,889,-1367,1674,-14872,20866,-1148,-17678,-4641,-4163,-1323,-21850
-2182,7813,-4713,9223,-8321,23073,1344,-18798,-4847,-4889,9702,-20252
-2710,11595,2841,-417,-19005,15349,658,-20970,-4325,-6157,10470,-17923
-290,4205,883,-5564,-20535,2298,1286,-20272,-4385,-6641,7397,-15297
170,1649,1405,10937,10346,4748,408,-18682,-4377,-4879,2780,-11880
-5362,4013,2445,5386,6691,2195,858,-15900,-4073,-2577,1520,-6355
-3740,769,-733,-4583,-58,1464,1562,-14582,-3265,-3036,3302,58
-3918,1681,-1489,-9191,-7659,1560,1628,-14738,-3017,-3460,4936,2786
-2350,2849,-1631,-13592,-15889,372,1928,-15686,-3101,-3937,6475,4072
-1206,3381,-1757,-16463,-19591,-2501,2250,-15332,-3303,-2494,7019,4486
228,2193,-2539,-16235,-18593,-5776,2610,-14930,-2751,-2177,6859,7014
1854,435,-2303,-10462,-8843,-4585,6160,-14060,-3105,1270,-4382,4957
1384,809,-1383,-4680,1569,-2565,3160,-14208,-4267,123,4694,2487
732,1441,-1955,-5949,-2619,-4109,2802,-14292,-4497,-1975,10831,976
724,77,-1431,-3177,-2859,-3222,1610,-13950,-4689,-2325,11357,152
180,-341,-2331,-1261,-1018,-2260,1506,-14366,-4625,-2979,4940,-320
-932,-73,-1475,-2159,-5581,-2662,2704,-15194,-3853,-2220,1813,-775
-98,-585,-615,-3599,-8841,-2772,3538,-14592,-4065,-2299,6887,-353
-354,773,-973,-3423,-7764,-2398,2816,-14348,-4685,-2706,12577,122
-66,2471,-229,-5741,-11512,-3186,2064,-14918,-5557,-1822,14759,-894
822,2063,-565,-7782,-10600,-3323,1528,-14990,-4985,-2838,12229,-774
-296,231,-1369,-5883,-6255,-2296,2040,-14238,-3387,-3635,8026,-382
-690,-125,-1515,-4011,-4983,-1953,2314,-13608,-3901,-3950,8655,42
-686,473,-1175,-2212,-4115,-865,3584,-14900,-3219,-4361,13286,1157
-1816,1057,-923,-2181,-4633,-71,2504,-15112,-3775,-3250,14093,590
-2326,1917,-595,-4849,-7425,-645,1720,-14116,-3819,-1319,9511,-1268
-1684,2161,-1111,-7113,-8899,-1852,2184,-14222,-3493,-1826,8447,-1173
-1016,1961,-1025,-7716,-8387,-2937,1602,-13888,-4417,-2345,8823,-540
-114,1907,-765,-7045,-6041,-3236,1586,-14374,-4353,-2978,7821,-665
-862,1767,-995,-6022,-4423,-3114,1600,-14764,-3699,-3098,6548,-871
-940,2145,-971,-6800,-6079,-3835,2484,-15566,-3141,-3135,6286,63
-1382,1357,-1377,-7979,-7772,-4649,3154,-15362,-3121,-3157,9695,1962
-548,1889,-1603,-8276,-8221,-4773,2772,-15536,-3559,-2955,12289,3548
-718,1579,-2067,-7568,-6704,-4658,1586,-14714,-4507,-1742,13225,3420
-250,1973,-2429,-6106,-5327,-4888,834,-14170,-4973,-1426,12155,3434
-226,2079,-2463,-4617,-3985,-5253,734,-15096,-4839,-966,11714,2128
-682,1137,-2627,-4191,-5712,-6499,278,-14366,-4987,-1184,9779,1189
-762,731,-2681,-3224,-6724,-6651,242,-14344,-4559,-1463,9986,1511
-984,837,-2023,-3185,-9240,-6140,260,-14138,-4689,-1734,10803,1359
-882,1197,-1681,-3721,-10626,-5874,-46,-14650,-4147,-1827,10951,449
-644,2069,-1471,-3932,-10748,-6216,-506,-15874,-4187,-945,10764,90
-872,3121,-501,-3160,-8045,-7890,-828,-17218,-3557,459,11752,2477
-2502,5489,1009,-2930,-3849,-13295,-2032,-20428,-3429,3156,12073,8980
-5210,7109,2085,-1502,1794,-17905,-2036,-19768,-2393,5367,16196,16733
-7278,5991,879,-1576,5432,-20396,-5190,-16398,-3633,5980,18424,22954
-8404,3421,-937,-32,5465,-23211,-7524,-12820,-3707,9030,10900,22127
-8204,451,-2461,-1201,2896,-22933,-6570,-9700,-3319,11488,-6027,17530
-8222,-1291,-3665,-1861,384,-21058,-2726,-7290,-2991,11393,-10282,15338
-7632,-3733,-4607,7,-1231,-16585,-2492,-5974,-3119,10235,-6112,12891
-7768,-4523,-4927,2576,-1062,-11766,-2908,-5170,-3359,5663,96,9660
-7806,-4969,-4597,6318,-1252,-6974,-3048,-4806,-3683,-811,2610,5397
-8132,-4707,-3617,9483,-2098,-2218,-3658,-4736,-4089,-4859,2178,-78
-7546,-4109,-2535,12555,-3165,1129,-4182,-11812,-1595,-5728,1186,-972
-14596,-7101,-2961,3334,2865,8905,-5862,-5318,245,-6645,564,-11987
-8574,-4705,-967,4845,2087,13309,-1786,-8406,-1175,-1094,1000,-15150
-8174,-3379,379,2176,-10962,15571,-2728,-11370,-857,1011,1406,-16389
-7410,-1297,1141,2710,-15686,15758,-2588,-13502,-2407,1093,2689,-20892
-7628,1919,-595,2052,-15323,15013,-3290,-16314,-5887,-85,7886,-17871
-2224,3207,-517,7561,-16807,11465,-3066,-17414,-4341,2428,2941,-18935
-16,5311,2427,3779,-11916,11863,-50,-17576,-2861,-1978,6513,-14913
-148,2679,2221,-3690,-15324,5958,232,-17826,-4365,-4900,11743,-11208
1322,1631,2155,7097,6994,6907,-586,-17020,-5115,-4353,7559,-10154
448,597,1063,8437,15959,5922,-680,-17172,-4797,-2980,-691,-8697
-3552,3785,2061,5398,9286,2634,1164,-17002,-4379,-2530,-3641,-5094
-2514,3269,33,-5223,-1706,-1172,2270,-16434,-4021,-2454,901,124
-1566,1529,-1709,-11407,-11020,-3831,1774,-14494,-3807,-2928,8078,5403
-156,471,-2205,-11621,-13145,-4788,1872,-14896,-4471,-3511,8872,7888
1070,817,-2071,-10139,-10834,-4767,2368,-15092,-5159,-1975,7310,6918
558,675,-1677,-6422,-6043,-3945,2224,-14558,-4365,-587,3848,4462
-82,609,-2071,-1875,-735,-3399,4142,-13680,-4113,891,-3570,784
-952,445,-2273,-1338,-1307,-3994,4430,-13558,-3829,403,3457,-2266
-968,1111,-2103,-2803,-5608,-4849,2870,-13610,-4947,-2237,12676,-1752
-552,1011,-1529,-6025,-10122,-5637,1968,-14118,-5081,-2430,16083,-1017
1236,681,-1387,-9302,-14748,-5512,1662,-14828,-6169,-2299,13777,-677
1618,1677,-1129,-9141,-14462,-4281,1728,-16074,-5939,-1751,11240,-1340
372,223,-961,-5664,-9231,-3060,1538,-14698,-4949,-2028,9068,-1836
-510,-269,-2145,-3221,-5446,-1494,1774,-13354,-3381,-3534,7805,60
-954,717,-1677,-1921,-4296,-333,2130,-13868,-3611,-4139,8175,431
-836,1853,-755,-1476,-3990,463,2706,-15694,-2641,-3592,8037,-866
-1324,1583,-911,-1530,-3512,98,3308,-14546,-2929,-1806,8569,-2171
-1648,2025,-919,-3332,-5676,-1426,2346,-14468,-3061,-2617,7995,-482
-1340,1897,-1125,-5820,-8812,-3098,2366,-14290,-3893,-2360,9668,801
-642,1341,-685,-7258,-10312,-4020,1564,-14358,-4691,-2547,8440,664
-328,585,-355,-6657,-8337,-3655,1784,-14424,-3931,-2685,7195,442
-306,1733,-451,-6673,-7128,-2445,2478,-15204,-2881,-3205,7283,1340
-872,1757,-1401,-8998,-8385,-2340,2360,-15158,-3115,-2336,8094,2207
-14,2309,-1533,-9151,-8455,-2836,2892,-14990,-4317,-1597,7113,2499
-140,1417,-2257,-9255,-6630,-3227,1878,-14310,-4137,-1103,9897,1511
206,1005,-2913,-7959,-6101,-4069,1966,-13768,-4763,-2472,12052,1815
864,1189,-2529,-4504,-2773,-3767,1140,-14746,-5121,-2860,12086,982
-378,1129,-2393,-1170,-843,-3981,650,-14688,-5315,-2569,10557,179
-532,1091,-2203,-1723,-3464,-4710,714,-14870,-4981,-2475,8654,296
-570,537,-1607,-2016,-5516,-4820,772,-14464,-4629,-2597,8427,219
-498,357,-201,-1513,-5067,-4281,982,-14202,-4377,-2746,9493,310
-1074,885,-593,-2065,-5255,-3813,894,-14718,-4395,-2731,10645,328
-534,81,-533,-6770,-11202,-3647,730,-15434,-4521,-1484,9253,-145
-940,1065,-1701,-5298,-10227,-2887,1656,-15574,-4843,-1188,10314,1524
-1036,1755,-1595,-4351,-10178,-2646,1760,-15654,-4971,-1455,13109,2930
-1686,2047,-1601,-5011,-9727,-3211,1050,-14812,-4875,-1161,14235,2984
-1938,2467,-2311,-4718,-9088,-4510,526,-14414,-4943,-242,12974,2704
-1630,4265,-2207,-6001,-8589,-6197,-586,-15956,-3647,166,12459,3028
-2340,3673,-1811,-6716,-9173,-9020,-890,-16010,-3419,1448,10665,4827
-2746,3439,-1669,-5521,-7448,-11611,-1926,-16952,-2589,1396,10795,8650
-3700,4031,-983,-3050,-2404,-13357,-3364,-16850,-2321,3435,9774,11205
-4740,3827,-833,-903,1886,-15002,-4154,-15200,-1583,5150,7384,13298
-7154,3567,-1161,1266,6358,-16200,-5818,-14346,-1085,6954,3844,15213
-9858,2963,-1599,1549,6268,-18782,-5986,-12304,-749,10361,1059,15874
-9792,869,-2455,1257,4164,-20884,-5644,-10368,-1415,11025,-2481,16092
-10408,-901,-2321,1733,3002,-21244,-5696,-8392,-1555,11832,-2633,13879
-9754,-3541,-3195,1043,249,-18150,-5766,-6940,-2401,9852,-4094,10855
-8544,-4827,-2913,2108,-2870,-15578,-4408,-5546,-3023,6800,-3501,8634
-8578,-5993,-2749,3457,-2766,-10108,-3982,-4448,-2815,4557,-4290,6065
-8336,-7123,-1837,5076,-1673,-6748,-3810,-3506,-2589,2931,-2609,2791
-8266,-7751,-2129,6724,-9,-1552,-3584,-2384,-2067,318,-317,-152
-9546,-6983,-2203,8255,381,1991,-3954,-2168,-2315,-2835,0,-3906
-8340,-7035,-2927,12342,765,5146,-3716,-3734,-2521,-8041,-673,-6845
-9302,-4457,-5275,15867,786,5247,382,-17394,7713,-7495,4200,-3583
-11022,-3955,1775,640,7930,11341,-5614,-7796,-113,-556,3243,-12699
-8210,-5819,-151,-4740,-9243,13378,-3942,-9006,-585,1867,1698,-16608
-6640,-3619,331,-963,-16574,16614,-4216,-9178,-1677,-2030,3359,-19209
-7594,1689,1409,3680,-13110,15991,-4502,-13576,-3905,-4413,5484,-19666
-3486,3597,2497,8964,-6121,17170,-4004,-16268,-5883,-2107,8397,-17202
-3510,3657,1231,5252,-3140,14826,-2208,-16358,-5159,334,2202,-16742
-1212,2605,429,3957,-8627,11182,-170,-17944,-4947,-2318,893,-15545
-2472,3481,3787,2900,-814,6318,988,-18772,-4821,-3635,1828,-13984
-3008,4777,3253,4692,8411,4115,1408,-18576,-5407,-3962,3771,-8138
-3752,3659,641,-5591,-10395,-1572,1366,-16716,-4467,-3325,5337,-2147
-1748,1617,-1465,-13217,-17240,-4355,1976,-14906,-3465,-3987,6614,2995
-818,327,-1667,-12338,-15228,-3649,2196,-14048,-3097,-4174,8959,5633
-92,49,-1351,-8620,-11186,-1616,2186,-13706,-3473,-3771,10900,5922
-168,879,-647,-4209,-5677,360,2758,-14388,-3181,-1250,6112,3760
-870,1697,-723,-2484,-2370,927,6958,-14810,-1861,1438,2110,-705
-1678,2617,-1315,-3294,-2570,-214,3042,-13870,-3793,-396,6376,-971
-1824,2861,-1933,-5663,-4568,-2352,3368,-13596,-3359,-2391,10648,194
-1038,2195,-1911,-6856,-6477,-4542,2814,-13360,-4129,-3454,14151,866
-606,1493,-1771,-5737,-5622,-5436,1568,-13578,-5299,-4362,14823,660
-876,1201,-1793,-5131,-5284,-5946,970,-14780,-4045,-3878,9281,-1365
-1346,767,-1923,-5698,-6907,-6147,1178,-15034,-2811,-2775,2284,-2271
-186,1563,-1581,-6588,-8835,-4926,3188,-16084,-3085,-2723,3283,133
-232,2139,-1085,-7050,-9306,-3683,3028,-15940,-4349,-736,5597,1621
-756,1117,-1381,-7423,-8325,-4555,2552,-13958,-3847,-675,10806,3055
336,1747,-2221,-6839,-7744,-5923,2458,-13954,-4581,-1777,13205,3541
2052,1061,-1263,-7406,-7449,-5871,1532,-14992,-5213,-1666,13659,1191
600,989,-1237,-5100,-5495,-5694,654,-14172,-5531,-1379,11613,-1061
-334,569,-1519,-2839,-3792,-5761,714,-14082,-4987,-2271,9303,-1007
-530,521,-1845,-1764,-3840,-5366,698,-14578,-4721,-2766,7074,-1297
-908,189,-1709,-3053,-7660,-4853,958,-14804,-4727,-2833,5620,-1674
-742,-225,-1311,-3741,-10303,-4163,1356,-14626,-4181,-2999,6706,-1479
-536,425,-961,-3098,-10429,-3536,1376,-15036,-4075,-2955,7754,-1118
528,1137,309,-4997,-12126,-3133,1698,-15578,-4547,-2758,7816,-518
2518,687,1741,-4456,-10273,-1981,2134,-15912,-4563,-2843,9251,169
-190,359,91,-4064,-6749,-1299,1694,-14396,-3807,-3375,9877,962
-732,115,-569,-3078,-5488,-1064,1596,-14130,-3563,-3065,7777,1220
-1096,369,-839,-2700,-4661,-108,2020,-14208,-3807,-1361,4880,354
-1226,1363,-545,-2580,-4460,994,5066,-15286,-2393,-668,2792,70
-1644,1927,-487,-2547,-4046,1314,5170,-14280,-3287,-438,8289,-1266
-2314,2313,-679,-4555,-5033,-762,3248,-13520,-3549,-2788,13953,-214
-1798,1827,-1111,-6575,-7009,-3337,1868,-13264,-4543,-4280,17354,1129
-924,1579,-1117,-6315,-5594,-4370,554,-14002,-5561,-3427,12216,-490
-888,1423,-1063,-5489,-4532,-4490,574,-14646,-4589,-2950,6589,-2021
-816,1671,-987,-5379,-4951,-4530,958,-15562,-3251,-3391,5085,-1691
-308,2477,-961,-5743,-6464,-4565,2026,-16680,-3075,-3473,5388,404
-760,1503,-1287,-7213,-8108,-5250,2370,-15128,-3347,-2030,6014,3339
-70,1699,-1775,-8355,-9808,-6317,3030,-14702,-3747,-1721,9612,5170
752,1415,-2221,-8417,-8274,-6467,1236,-14690,-4749,-1765,15166,5174
1176,1613,-2093,-6299,-5355,-5881,10,-15048,-5517,-1597,14097,4116
696,1137,-1987,-3367,-2088,-5185,-858,-14844,-4933,-1292,9024,2530
-398,969,-1283,-1435,-1216,-6151,-1924,-15276,-3823,-1139,5290,2646
-706,1823,-971,-74,-492,-8376,-1888,-16918,-3445,358,2064,4985
-2660,3305,-267,1648,2026,-11957,-2794,-17550,-1623,1727,5073,11473
-4246,4395,879,1140,2266,-15828,-5168,-17216,-1249,2945,9321,15114
-6084,3875,1395,2572,3354,-18432,-6752,-16334,-2267,5939,5017,16932
-8688,3851,1017,3644,5360,-18918,-6798,-15154,-2453,8504,849,17815
-10502,3007,219,481,1195,-19924,-6384,-12530,-2521,10702,-1272,18026
-8500,-141,-1255,-908,-1854,-20883,-3294,-8960,-1787,9348,-4293,17064
-7206,-3321,-2719,-2865,-2521,-17941,-3752,-6064,-2189,6000,-3848,13723
-6556,-6499,-3411,-2397,-2749,-12269,-3154,-4068,-2793,4202,-3252,9214
-7014,-7807,-3285,226,-1527,-4971,-3520,-3712,-3293,-244,-603,5103
-7702,-8287,-2961,2971,463,-1187,-3018,-3862,-3893,-3364,-84,1341
-8578,-8485,-3583,6316,1360,2399,-3270,-3870,-3377,-6270,-890,-2566
-9448,-7053,-2591,11044,1257,4659,-2572,-4382,-2291,-9257,-999,-6155
-6720,3339,12615,575,10409,7763,-2610,-1102,5935,497,7132,-10193
-8870,-5139,1423,-346,-613,14863,-2504,-7110,993,-360,7356,-13060
-8870,-4689,-475,-2820,-12160,14712,-4268,-9376,-857,326,10015,-14393
-9304,-1271,845,-517,-19778,16472,-3838,-11558,-2515,700,10178,-19120
-8190,1143,117,6641,-13231,14626,-2428,-14594,-6385,2173,6278,-21410
-4042,1277,-173,8646,-14734,12982,-4406,-17726,-6077,3895,4198,-19946
-2386,4313,365,11917,-8839,14205,-1524,-18474,-4951,3148,2419,-20402
-1696,6495,2813,5116,-11134,12476,-470,-19832,-3851,653,-531,-19047
-2878,5683,2667,-8033,-26008,2712,1672,-19050,-3267,-1721,2936,-13963
3158,-725,1741,-2919,-12338,1918,-568,-16122,-5391,-3207,15352,-3425
4048,-1899,3229,4346,4138,3970,574,-15322,-5651,-730,7224,-2535
-1648,1341,2235,1460,4793,2512,676,-14528,-4573,-2517,6689,-921
-1956,1913,787,-7163,-3454,-1352,1038,-13646,-4107,-3133,6364,-457
-628,1421,-169,-10432,-4902,-1472,938,-14258,-4145,-3849,5322,-678
296,2447,-1101,-10146,-5519,-1364,1058,-15510,-3485,-3061,3286,-1315
-970,1935,-2149,-8696,-3941,-2489,1658,-14802,-3803,-2438,2590,154
8,2271,-2829,-7649,-4231,-4361,3222,-15798,-2783,-2973,5094,4238
-190,1859,-2739,-6245,-4094,-6119,3660,-15204,-3923,-1698,6436,4531
330,2261,-2305,-5106,-4345,-7492,2210,-14760,-4741,-1590,11312,3539
-8,1265,-2183,-3819,-4380,-7509,1896,-14148,-4491,-1182,11897,2353
1216,-389,-1157,-5731,-7242,-6486,1702,-14264,-4799,-1038,9898,1312
880,-451,-1037,-5444,-7747,-4875,2048,-14484,-4979,-1415,10023,651
-390,327,-1257,-4758,-8360,-4744,2146,-14768,-5063,-1745,10629,291
-970,1251,-1955,-6098,-9319,-4566,1800,-14296,-4715,-1724,10566,-653
-658,1005,-2235,-7613,-12678,-4945,1902,-14554,-4927,-1688,10728,-1703
170,555,-1435,-7087,-11430,-4026,1774,-14772,-5277,-1359,11443,-2938
400,1167,-673,-4967,-8872,-2733,1828,-15634,-5667,-2303,12567,-3491
312,1529,135,-7300,-10440,-3705,1128,-15124,-5409,-2902,12901,-3115
26,849,-895,-6348,-8261,-3893,914,-14474,-4793,-3514,10821,-1666
-28,365,-1321,-5615,-5890,-3469,1122,-14198,-4487,-3480,8457,-166
-182,921,-1219,-4910,-5436,-2507,1382,-14384,-3913,-3543,6825,818
-638,1131,-621,-4279,-4841,-1454,1784,-14564,-3333,-3253,4914,468
-1062,1385,-805,-3977,-4373,-1305,3160,-14758,-1263,-2825,3270,362
-1672,1391,-1417,-4420,-4064,-2033,4416,-13546,-1857,-1686,3786,-2227
-1520,1529,-1725,-6011,-6018,-3381,3370,-14068,-2637,-1143,5921,-2331
-534,1641,-1261,-6297,-6550,-4084,2412,-14332,-3231,-1537,6419,-405
-618,1109,-697,-4968,-5445,-4130,2380,-14430,-3287,-2673,7707,1961
-512,1325,-877,-4181,-6035,-4281,2480,-14614,-2997,-3597,9040,3890
-532,929,-519,-4576,-6586,-4626,3216,-15166,-2905,-1819,6884,2837
276,441,515,-6390,-8480,-4805,2940,-14594,-3529,-859,6058,2367
3226,-607,1645,-8078,-7133,-2720,2556,-14536,-3933,-1030,9821,1824
890,567,575,-4709,-2863,-1329,1600,-14422,-4789,-1680,11843,1671
332,1445,-605,-4005,-958,-2249,802,-14794,-4909,-2088,10323,1406
-598,1397,-2081,-3079,-323,-3117,916,-14814,-4587,-2300,7609,736
-1104,373,-2183,-2856,-2334,-3865,1160,-14478,-4563,-2143,7294,695
-1298,157,-2013,-2004,-4854,-4002,1330,-14426,-4261,-2547,8970,820
-1486,761,-1187,-2097,-7295,-3944,810,-14504,-4089,-2938,11044,-132
-1210,1129,-987,-3156,-9394,-4861,-298,-15128,-3809,-2022,8130,-957
982,-403,1317,-2745,-6553,-4761,-314,-15342,-3517,-1333,7150,-77
-638,475,1187,-7201,-7643,-4997,160,-16152,-2643,-913,9146,2476
424,2801,1233,-5556,-8106,-7889,6,-17968,-2433,-219,12876,7703
-660,4549,1555,-192,5030,-10697,-4734,-20234,-2665,2203,13495,16149
-5088,6789,1123,1179,9684,-16858,-6862,-19874,-2419,6972,9271,19912
-6244,6375,1079,-568,6834,-22987,-6826,-15428,-2489,8662,5239,21081
-8026,3549,-897,-1135,6135,-25402,-6390,-11858,-3407,8233,-565,20963
-8058,919,-1791,-973,1587,-25867,-3876,-9148,-3603,9075,-4894,18764
-7160,-2557,-3399,-1542,-854,-22572,-2688,-6852,-3893,6348,-6353,16666
-6764,-5711,-4499,-778,-2284,-16887,-2110,-4886,-4427,3058,-5720,12673
-7872,-6285,-4447,3936,-316,-10171,-1740,-4312,-3449,-2975,-1396,7922
-7418,-6203,-3871,8602,99,-3372,-2922,-5786,-2909,-9054,1514,614
-5370,-13013,-5093,-3049,6534,2880,-8962,-2934,405,-3997,2535,-6649
-7456,-6581,-3103,6046,1706,10883,-432,-9180,-503,-2552,85,-16806
-7206,-4855,-725,5331,-4137,16078,-2050,-10082,191,-2595,3760,-19922
-10402,-1453,-215,3681,-6948,18716,-2366,-13218,-1255,-1222,10377,-22406
-9156,-1561,-1079,7926,-8990,17118,-3674,-14978,-6363,-314,7365,-23548
-9958,4257,883,10740,-8356,15884,-3402,-17298,-4799,431,3562,-21509
-7526,3839,669,4581,-11590,13604,-4014,-19464,-3867,326,6512,-20689
-5620,5203,1423,4342,-12253,9472,-1132,-20236,-2637,-1179,6326,-19112
-3146,2509,2073,2888,-12123,7370,326,-17892,-3633,-3024,8498,-12835
-8048,6965,4783,5359,9665,6283,404,-16752,-4439,-2555,5173,-8473
-4300,1401,-1437,-10745,-10875,2574,448,-16340,-4049,-2012,2429,-6383
-1884,1233,-301,-10927,-14671,2014,1342,-15326,-3521,-3432,3848,-2200
334,1567,-291,-8275,-11306,3368,1972,-15684,-3125,-4345,6415,2363
-260,2301,-65,-3776,-4864,3807,1820,-15346,-3323,-3375,6222,3953
-1584,1391,-283,-3719,-3096,477,1934,-14254,-3437,-2014,5715,4405
-1522,819,-761,-4882,-4606,-2964,2558,-14136,-3335,-1596,5889,4930
-730,1309,-1441,-5825,-5335,-4914,2856,-14260,-3941,-1197,5450,3498
288,2333,-1091,-5558,-5383,-5785,1956,-14868,-4149,-1338,7222,6
262,1629,-593,-5350,-4856,-6784,1504,-14434,-4159,-1865,8155,-2356
442,303,-1373,-6588,-6750,-8157,1596,-14404,-4571,-2661,7723,-2266
1172,-247,-1953,-5738,-6802,-8046,1548,-14866,-4269,-3167,7185,-1928
348,-425,-1493,-681,-2124,-6396,1368,-14792,-4113,-3139,6675,-2036
-868,247,-1423,-96,-3427,-4639,1488,-14850,-3953,-2690,6666,-1848
-1016,1253,-1243,-2007,-8340,-3509,1734,-15372,-4215,-2173,7040,-1412
-78,2213,-835,-4898,-12098,-3402,2100,-15540,-4617,-2197,9352,-50
534,1527,-9,-7291,-13670,-4485,1892,-14822,-4321,-3120,11087,1892
1610,-1475,-495,-3215,-8138,-2118,1518,-13906,-3685,-3281,9104,2561
-976,-391,-1099,-1795,-3741,-466,1846,-14036,-3161,-2358,4862,2148
-1416,605,-425,-192,-4316,968,5798,-14890,-1461,-249,1775,108
-1630,1899,-525,-834,-2972,2256,5426,-14562,-2329,-638,8572,74
-2530,2453,-741,-2590,-4988,1137,2726,-13922,-3707,-1651,11226,-223
-2286,2103,-671,-5228,-7588,-1199,2136,-13684,-3751,-2198,9914,-294
-1278,1181,-637,-5984,-7740,-2970,1608,-13254,-4215,-2859,8566,-288
-924,1235,-201,-4962,-5432,-3236,1552,-14230,-3385,-3378,5795,-1430
-740,1339,-317,-4269,-4562,-2969,2188,-15574,-2613,-3569,4632,-1439
-514,1761,-387,-4650,-4668,-2789,2640,-16804,-2531,-3485,6533,200
-1392,823,-765,-5521,-5847,-3248,1606,-15316,-3785,-1232,4971,1175
-536,1339,-1047,-6579,-7503,-4107,2780,-14598,-3961,-355,4101,2352
556,1295,-1149,-7907,-7842,-3921,2618,-14836,-3747,-1240,10343,2745
1508,1039,-883,-7002,-6383,-3504,1532,-14574,-5177,-2572,15201,2999
376,813,-1533,-4017,-2689,-3706,194,-14354,-5543,-2386,12377,1802
-286,643,-1625,-2176,-2216,-4511,146,-14494,-5081,-1905,6775,104
-726,473,-1941,-2749,-3384,-5076,900,-14572,-4311,-1431,3964,-1011
-1002,111,-1747,-3680,-7161,-5284,1482,-14522,-3853,-1490,5159,-1075
-862,-91,-1231,-4141,-8837,-4648,1892,-14328,-3543,-1443,7912,-650
-464,851,-1005,-3422,-9191,-3875,1852,-14832,-4189,-1147,10372,-394
202,2123,-615,-3890,-10194,-3831,2142,-15848,-5313,-1229,11992,-353
178,1679,-379,-5649,-11004,-4231,1662,-15348,-5129,-1252,13001,-106
-460,499,-1063,-5699,-10077,-4177,1434,-13758,-4839,-2007,11308,955
-568,5,-1181,-5284,-8801,-3125,1468,-13450,-4771,-2314,9178,1192
-556,587,-891,-4105,-7313,-1233,1760,-14090,-4545,-2125,8129,-104
-604,1309,-1011,-2494,-5249,761,2444,-15126,-4119,-2267,6968,-1294
-1148,1637,-1153,-1742,-3911,1334,4046,-16160,-657,-3620,13839,220
-1876,1987,-1423,-3280,-4664,267,2532,-15012,-2745,-1998,20972,3783
-1674,2225,-1405,-5576,-7590,-2012,-696,-15232,-4683,-1292,18282,5370
-442,1653,-927,-6181,-7203,-3511,-1482,-15528,-4833,415,13194,5295
-346,1893,-221,-4084,-2646,-5124,-3402,-15614,-4289,-188,8803,7372
-106,3991,79,580,5732,-8049,-4716,-17046,-2975,-315,5840,9308
-3412,6947,1491,1218,5528,-15041,-6110,-16972,-2607,1184,3249,13159
-3188,6353,481,-1512,4884,-21136,-6762,-15436,-2309,1822,2873,17946
-4186,5063,41,-66,8225,-24998,-7748,-14064,-3781,2849,-78,19708
-6772,3223,-575,-623,7861,-25126,-6766,-11178,-5759,5694,-6225,17854
-7892,329,-1905,953,2367,-23275,-4582,-8306,-5093,7040,-9443,17226
-7484,-2133,-1199,-436,-102,-17862,-2334,-5770,-2865,6433,-9510,13940
-7032,-5311,-2577,784,-2011,-13315,-3194,-3746,-3533,1544,-1699,10520
-7498,-6289,-2809,3068,-2568,-8471,-3086,-3452,-3587,-3866,-624,5180
-7280,-7091,-2961,6793,-1448,-3854,-3062,-4168,-3259,-7691,887,988
-6940,-7383,-2529,9081,-1597,1157,-3690,-5708,-1547,-11292,377,-3281
-6228,-11627,183,-888,5575,8836,-7534,-2182,1545,-587,4507,-9031
-5446,-5699,-311,2453,-3353,16651,-202,-8324,-507,-576,-490,-19056
-5392,-3551,-517,4618,-7660,20286,-2606,-10670,-1115,-4284,6469,-22261
-9950,757,549,3556,-5609,21504,-1642,-14604,-4685,-5807,12790,-22463
-7176,3843,-2425,6755,-8536,20014,-7164,-19430,-7129,-2004,14443,-17748
-7004,6115,2061,5777,-16358,13787,-3402,-18174,-4799,1976,1802,-20115
-4454,3937,1967,2020,-15608,9625,-986,-17900,-4819,143,1675,-18319
-2466,3405,925,2251,-14372,7262,534,-18226,-4785,-2397,4618,-17066
-3022,7043,7443,14150,10614,6384,1628,-18854,-4363,-5165,9915,-12902
-6634,4017,-273,-5826,-9259,1291,150,-17498,-4695,-5043,7964,-7752
-2582,1885,-1119,-15016,-19685,-2573,638,-15456,-4431,-3273,3744,-2737
-412,1131,-1631,-13415,-17196,-2203,1748,-15044,-3737,-3173,4063,1582
642,1073,-1053,-9465,-11941,247,2108,-14820,-3681,-3162,8387,4270
-676,585,-683,-5125,-4977,1678,1544,-13664,-3849,-2885,9002,4415
-872,1287,-221,-3527,-3899,517,2068,-14302,-3457,-2210,6555,3140
-830,2543,-465,-4244,-4293,-1087,3712,-16306,-2177,-1478,6601,2932
-1994,883,-1403,-6624,-5821,-3457,3626,-13118,-3193,371,5836,1858
-276,2359,-1475,-8846,-8401,-5157,3004,-14360,-4337,-235,11436,1989
430,2059,-1153,-9792,-8084,-5781,2474,-15338,-4383,-1087,15627,451
852,1549,-1679,-11966,-9869,-6384,1284,-14884,-5649,-1936,16863,-518
1200,-243,-1975,-9464,-7624,-6070,700,-14400,-5059,-2932,15206,225
948,-135,-1867,-3868,-1484,-4792,258,-14714,-4757,-2421,9534,-612
-272,803,-1733,-272,2195,-4529,670,-14626,-4875,-1281,4226,-2087
-1258,1635,-1721,-2046,-2633,-5453,1534,-14616,-4227,-1232,4807,-2523
-1006,697,-1797,-4844,-7410,-5921,1460,-14042,-3933,-2155,7718,-2245
-166,1097,-2005,-4940,-9327,-5544,1518,-15172,-4389,-2841,9049,-1608
416,2111,-1071,-4694,-9982,-4876,1810,-16084,-4759,-2851,9390,-995
-314,749,-975,-5690,-10927,-5491,1742,-14282,-4025,-3341,9262,289
-188,-107,-1609,-5106,-9845,-4961,1762,-13566,-3199,-4282,9257,1451
-234,-9,-1041,-4046,-8030,-3339,1938,-13924,-2981,-4026,7647,431
-148,523,-491,-2613,-6537,-1279,2010,-15108,-2751,-3386,5766,-1581
-710,903,-511,-700,-4962,526,4016,-15522,-1219,-2377,9417,-1697
-1738,1453,-39,-1695,-5740,-147,2066,-14400,-2695,-1560,7497,-875
-2200,1743,-589,-4883,-9607,-1817,2334,-14118,-2977,-821,6656,-105
-1834,1371,-129,-7757,-13062,-3298,2276,-13968,-3855,-1422,7301,611
532,-1101,2119,-4724,-7456,-2125,1872,-14304,-3767,-2519,8926,1630
-470,1077,1935,-2923,-742,-602,1408,-14878,-3603,-2414,5482,1143
-2324,3213,-1125,-7905,-8122,-2623,2122,-15674,-3341,-1217,1273,138
-844,1165,-1755,-10716,-10037,-4468,2780,-14218,-3559,91,2294,479
638,1191,-1995,-9856,-9260,-4907,3114,-14438,-3927,-1164,8987,2041
978,1189,-1453,-8789,-8062,-4368,2232,-15012,-4633,-2092,13867,1405
1474,817,-1311,-6085,-4460,-3496,898,-14626,-5599,-2938,15450,969
192,341,-1907,-1084,393,-2473,462,-14662,-4811,-3245,12542,837
-1042,733,-2037,670,774,-2871,266,-14448,-4453,-2601,8945,-302
-1804,1063,-2285,-1890,-4622,-4361,510,-14498,-4523,-2263,8395,-694
-766,1137,-1777,-4935,-10736,-5534,670,-15368,-4359,-2520,10515,33
-120,867,-1349,-5793,-11638,-5667,158,-15628,-4151,-2599,11396,982
1094,333,803,-4745,-7717,-4278,-132,-15874,-3633,-1515,10773,2254
172,1317,1031,-3823,-5581,-5199,-978,-16612,-3251,223,12036,4117
738,3569,1679,1821,6994,-9544,-1854,-20164,-2291,2639,8025,8851
-3282,7265,-281,5208,17277,-14833,-2924,-20122,-1337,5373,10937,16090
-8756,7851,-1457,1425,5438,-21897,-5782,-16950,-2295,7505,11473,22362
-7430,4133,-1499,-2239,5151,-24357,-7552,-12478,-2945,9923,7282,23849
-8284,679,-3625,-1856,2879,-24390,-4102,-9084,-3089,10666,-6250,19316
-7422,-2199,-5641,-1050,-1774,-20607,-1754,-6712,-3759,7848,-5818,16164
-7516,-3473,-5473,2012,-3526,-15162,-2782,-5964,-3813,2008,-1791,11760
-6722,-5315,-4701,6199,-3007,-10707,-2454,-5780,-3441,-4852,-358,7100
-6812,-6151,-3603,11806,-1690,-4122,-3094,-7306,-113,-8430,-4425,-34
-9358,-13499,-2593,529,5166,4927,-4664,-3712,2123,-2946,314,-7490
-5412,-7749,-1701,2046,-1765,13036,-184,-8562,1341,169,-2649,-17446
-7028,-5707,-1099,3919,-7557,15882,-1870,-11718,23,-1133,6196,-19403
-11808,-183,-189,158,-11858,17754,-1302,-13110,-1421,-591,9125,-23605
-9972,-1413,-1967,4527,-21678,13953,-764,-14688,-6533,546,415,-25925
-5396,3725,-3035,4291,-32768,5249,-1440,-17996,-5733,-2801,1080,-26306
3112,4677,-113,10396,-30287,1459,578,-21168,-4229,-5978,4218,-24437
4350,5909,4101,3564,-22189,1832,2898,-20888,-4045,-9230,9217,-16524
15860,-9393,9127,16588,17540,12102,-486,-20984,-4803,-8079,13219,-7910
-3370,3073,-2027,14819,21855,9588,-856,-17782,-5763,-3295,3832,-4293
-4128,3953,2247,-250,-754,1370,1070,-15896,-3991,-2212,3814,-802
-2198,1015,679,-7168,-5402,-2054,1656,-14294,-3641,-2736,8495,2586
-1862,1715,-395,-11700,-11127,-3653,1126,-14208,-4433,-4192,14391,3787
-1578,2627,-923,-18596,-19433,-5431,446,-15322,-5567,-3632,13053,2366
1352,2111,-913,-20204,-19161,-6421,772,-15012,-5059,-2842,8965,1808
1926,-389,-1235,-11830,-7767,-3462,1348,-14306,-4355,-3652,8238,3436
866,-531,-1415,-3030,5138,-377,1526,-14406,-4271,-4531,7708,3628
-606,321,-1521,617,8107,-1077,1280,-14516,-4369,-3930,5037,1602
-1880,1195,-1731,833,5345,-3176,2196,-15200,-2425,-3499,2772,-450
-2030,1601,-2013,-1646,-40,-5029,3920,-15538,-1269,-3705,7732,-962
-1302,1925,-2445,-4178,-6949,-6766,2056,-14896,-5037,-2137,15457,409
-16,2583,-2405,-5234,-11078,-8435,1840,-15408,-5889,1023,11905,-539
892,3001,-1889,-5927,-13152,-9785,1686,-15798,-5155,663,13406,-682
556,1565,-2007,-6282,-12970,-10454,1566,-13666,-4767,-2073,16830,583
382,631,-2257,-5266,-10874,-9716,1416,-13200,-4605,-3908,15778,1510
460,721,-2097,-3450,-9677,-7700,1090,-14034,-4515,-3154,9606,-243
-40,873,-1541,-2769,-10022,-4881,1614,-14788,-4495,-2071,5071,-2300
-642,649,-1229,-3187,-11020,-3109,3422,-15548,-77,-2624,6437,-1905
-652,611,-1201,-4346,-11777,-2627,3208,-14130,-2321,-3122,14199,415
-308,985,-825,-5227,-12811,-2541,798,-14986,-3643,-1788,12822,1136
1650,-391,1551,-4145,-10398,-1760,806,-14360,-3931,-180,4328,-1335
32,399,1649,2800,4651,2110,1716,-13472,-3321,-981,4365,-1180
-3206,2999,-93,-3978,-3688,764,1962,-15008,-3733,-2151,5726,-243
-1594,2953,-905,-13474,-15422,-2463,2170,-15994,-3875,-1672,6720,-529
-444,705,-1457,-12157,-13408,-3149,2032,-14786,-3829,-2148,8275,855
22,319,-1681,-9082,-9189,-3392,1820,-14258,-3137,-2131,7841,2078
292,635,-1173,-6631,-4705,-3006,1740,-14732,-3647,-2116,8951,1313
282,1487,-1277,-6581,-4733,-3405,1230,-15564,-4009,-1632,10600,425
384,1151,-1193,-5145,-3654,-3654,548,-15100,-4249,-1771,12563,1286
-476,849,-1943,-4061,-2609,-4758,344,-14420,-4173,-2825,14292,2520
-408,1081,-2427,-4924,-5759,-6285,-738,-14060,-4733,-2510,13344,2449
386,915,-1629,-4544,-6899,-6371,-788,-14706,-4513,-2157,10650,2142
-34,1651,-697,-2235,-3323,-6067,-1002,-15590,-3943,-1436,8329,2177
-540,2089,281,-740,126,-7722,-1064,-17434,-1715,-800,5095,4645
-2040,4161,613,1370,4435,-12131,-2092,-17936,-1813,1215,7279,8027
-4202,6409,329,4649,9292,-16370,-3850,-19120,-2435,3421,12587,15416
-7410,7443,-81,2827,4598,-19996,-7440,-17932,-4025,6457,9416,19536
-8022,4835,-1065,637,3268,-23496,-7764,-14280,-2697,9798,3906,20784
-8018,819,-2529,418,88,-24993,-5542,-10642,-2831,10026,-6166,19815
-7444,-2299,-3055,-1730,-4691,-21600,-2806,-7666,-3557,8656,-8669,16686
-6812,-5199,-3341,-1580,-5142,-16052,-1228,-4612,-3113,6121,-6503,12076
-7536,-6729,-3101,2171,-1659,-9010,-2572,-4212,-2265,304,-2260,6872
-7800,-8149,-2847,5010,1409,-3102,-2508,-3780,-2401,-2490,1554,2721
-7952,-8767,-3441,9430,2772,1702,-2510,-2968,-2389,-4344,1216,-1738
-7516,-8355,-3831,12058,1437,3938,-3678,-10480,2071,-5628,-459,-4159
-11294,-10989,-1015,1756,6836,8554,-6320,-5342,205,-1217,2864,-11110
-8762,-7779,-1559,3059,-1070,14026,-3348,-8018,-287,-80,900,-15949
-6940,-5451,-1325,4548,-7125,15365,-2646,-9168,233,-1582,4516,-17715
-8524,-1907,75,1776,-10557,18833,-3954,-12114,-335,-2316,5743,-19859
-8946,-235,-1251,5487,-12317,18128,-3186,-13708,-3861,-2938,4867,-23900
-5214,4511,-1395,12450,-9274,17261,-2936,-17906,-5123,-1294,-1596,-22274
-6424,7573,2975,9241,-3786,15526,-374,-18926,-2831,-3367,182,-21439
-5570,5141,1411,664,-12310,11355,1690,-21476,-2385,-6070,7706,-18758
-1464,1857,3861,227,-11668,6102,2716,-18584,-5047,-5222,15424,-11024
-6874,5283,969,4491,14208,6979,386,-16402,-6895,-4169,18023,-3466
-5352,3525,-699,-10097,-9164,442,-232,-15592,-5265,-2111,12087,-3444
-3132,2643,-1933,-18658,-21842,-3320,-52,-14576,-5027,-3177,9300,-3106
644,1919,-1243,-16845,-20119,-2369,690,-16016,-4801,-3917,6220,-1820
998,1373,-13,-11662,-11114,-1174,658,-15302,-4381,-2366,3651,-752
-258,337,-803,-6732,-3126,-969,1628,-13516,-4177,-3064,4673,2822
198,1909,-1123,-4722,-416,-2402,2518,-15120,-4207,-3759,7609,4653
-312,2257,-1131,-4417,176,-3903,1594,-14936,-4671,-3294,9605,2281
-994,1159,-1507,-3892,-359,-5193,1052,-13982,-4185,-3734,7740,176
-850,565,-2117,-2468,-1783,-6127,1794,-14860,-3309,-4154,5905,-428
-1270,665,-2197,-2842,-4835,-6442,2340,-15478,-2993,-3762,6720,-414
-1100,1125,-2031,-4896,-10287,-6626,2538,-15652,-3493,-3610,11805,1159
-288,1049,-2013,-5832,-12597,-6556,1112,-14994,-4517,-1907,12880,1577
-22,1393,-1327,-5496,-12626,-6465,1056,-14826,-4557,-897,10433,872
536,1679,-1239,-5918,-12396,-6718,1626,-14902,-4837,-813,10229,433
608,2103,-991,-5948,-11147,-7086,1966,-15002,-5089,-1590,13208,1423
426,1005,-983,-5848,-9474,-6978,1374,-13970,-4789,-2280,13774,2695
-134,-57,-1817,-4525,-7758,-6112,1352,-13624,-4193,-2239,12169,3142
-294,423,-1697,-2580,-6918,-3298,2000,-14572,-3513,-1778,9439,1734
-1470,1055,-1155,-1923,-7097,-594,3300,-15036,-2259,-494,7192,-1908
-2350,2019,-975,-2745,-7424,-363,3382,-14688,-2655,223,12012,-2524
-2594,1991,-1433,-3708,-7807,-1269,1444,-14272,-3975,-604,14704,-860
-2544,2399,-1139,-5189,-9299,-2612,1106,-13932,-4807,-1109,12187,-1342
-2268,1823,-809,-5932,-8861,-3490,960,-13814,-4971,-1465,8794,-2345
-1982,1269,-385,-5606,-7487,-3952,1076,-14008,-4185,-2247,7308,-2763
-1280,1497,-221,-6028,-7286,-3910,1280,-15144,-3355,-3460,7760,-2024
-310,2571,97,-6340,-6878,-3276,1646,-16928,-3189,-3765,7781,-829
-864,2545,-933,-7860,-7919,-3958,1560,-15716,-4747,-1152,5268,172
-314,1391,-1613,-7473,-6877,-4839,1612,-14620,-4285,-930,7548,1922
-320,1115,-2317,-6183,-5712,-4981,1300,-14468,-4289,-1645,9769,2779
-94,1315,-2069,-4947,-4408,-4578,1176,-14364,-4913,-2603,12173,2454
-476,885,-2231,-2708,-2938,-4068,432,-14162,-5203,-2987,11866,1768
-794,667,-2287,-763,-3126,-4029,300,-14246,-5015,-2778,9023,934
-1388,635,-1969,-1048,-6490,-4497,408,-14284,-4379,-2264,6130,-449
-1266,1393,-633,-2153,-9598,-5394,506,-15548,-3247,-2494,5800,-662
-1152,1927,511,-2429,-7671,-6742,-136,-16910,-2665,-2705,8389,1492
86,1263,1931,-4916,-7027,-8546,-1266,-17326,-3161,103,7812,5310
-2974,4597,1199,-1931,-1127,-10830,-3612,-19552,-3649,3071,6343,9879
-4736,5113,1865,-2950,732,-13789,-3404,-20098,-2177,5929,4411,13780
-6094,4387,1043,-2472,831,-17762,-3354,-17454,-1743,7533,4229,18047
-7858,3669,363,-995,4924,-20753,-3566,-14042,-1669,9863,4224,20401
-9350,1939,-947,-548,6429,-22499,-4152,-11188,-1921,11925,1633,19273
-8732,-1131,-2233,-1615,2746,-22042,-4604,-9698,-1635,11770,-4396,16315
-7670,-3621,-1831,-3557,-1526,-19617,-3200,-7292,-2123,9639,-5686,13152
-6820,-6493,-3623,-310,-1373,-14526,-2240,-4390,-2521,5565,-3323,9188
-7814,-7301,-3565,3656,1133,-8756,-2612,-2866,-2651,2006,-257,6194
-7786,-8033,-3855,7660,1756,-3005,-2790,-3218,-2301,-2010,-1086,1231
-8504,-7399,-3247,10996,178,1255,-3044,-7370,-1783,-5403,-2333,-2300
-12712,-13367,-2503,321,1792,5640,-4606,-4518,1637,-1569,2381,-8169
-8026,-8937,-721,3100,-2360,8123,-2184,-6354,239,1223,-1082,-12780
-7346,-4815,517,2799,-11054,13152,-2290,-9086,1005,-534,-926,-17350
-11990,-467,1759,-1326,-14166,11156,-2680,-11554,-1351,-2670,5259,-22463
-7828,-3791,-223,5966,-17498,7323,-4148,-14832,-4693,-3242,7779,-20263
-5566,-73,1583,14071,-13230,5424,-4544,-17056,-3601,-2692,3141,-20934
-3806,737,3159,15746,-10632,6494,-1000,-17772,-3661,-1951,2748,-19693
-3808,4197,4953,12805,-4778,8125,-1126,-19038,-2473,-3682,6753,-14799
-3438,2341,2633,8289,-161,9655,-238,-18324,-3525,-2627,10274,-12919
-1842,1167,3979,9705,-1236,7038,262,-17666,-3857,-3887,13506,-8648
-7064,7409,3935,8761,15509,4923,-236,-16412,-5599,-3536,12756,-4632
-5796,4223,-2579,-10184,-12791,-1413,394,-15540,-5041,-2738,6671,-2667
-2798,3011,-2923,-12667,-18062,-2823,1070,-15358,-4775,-3111,3976,-2153
-1260,1439,-2897,-12493,-17769,-4237,1280,-15104,-4439,-2382,5219,-1225
-798,563,-1739,-8565,-12605,-4367,1580,-13998,-4445,-2842,8973,479
-80,1047,-969,-5839,-6780,-2602,1668,-15030,-4831,-4004,12008,2011
-840,2229,-1005,-3887,-4750,-1691,1472,-15414,-5339,-4029,11900,1540
-1368,3141,-1929,-6110,-7504,-2740,1080,-15136,-5023,-3802,9697,721
-948,1193,-2203,-5356,-9238,-4925,1550,-14476,-3895,-3773,8107,355
-588,565,-2005,-4834,-8578,-5851,2080,-14732,-4013,-3385,9519,-265
-786,99,-891,-5431,-10721,-5674,1372,-14786,-4757,-2581,11413,-621
-1000,869,-1259,-6333,-10565,-4523,1078,-14578,-4599,-1449,8689,-1360
-790,1259,-1477,-7291,-13017,-4921,1474,-14202,-4577,-1540,8568,-1078
54,1865,-2185,-8031,-13201,-5340,2138,-14962,-5253,-2737,11582,62
960,1867,-1563,-7183,-12232,-5079,2122,-15514,-5607,-3504,14804,748
100,837,-1403,-5740,-9917,-4155,1888,-14844,-5517,-4660,15118,1280
-584,405,-1321,-4975,-9200,-3312,1390,-13970,-4493,-5357,13430,1233
-906,529,-1323,-4641,-8430,-1909,1876,-14290,-3085,-5441,9990,-216
-620,1249,-809,-4201,-7193,-962,3100,-15492,-1631,-4849,11282,-1479
-552,1387,-989,-3393,-5868,-859,1402,-15208,-4823,-3741,14577,-340
-1196,1189,-1077,-2807,-4944,-1649,594,-15142,-4345,-704,5305,-1823
-1734,1361,-849,-3649,-5931,-2503,1582,-14054,-3489,-943,3573,-1520
-1616,1445,-683,-5976,-8393,-3001,1926,-13572,-3501,-2555,6189,286
-986,1831,-357,-7939,-8655,-2959,1668,-14098,-3477,-3503,7372,1291
-448,1751,-783,-8270,-8032,-2519,1740,-15278,-3121,-3247,6423,1614
264,2291,-369,-7516,-6869,-2665,3220,-16714,-2931,-2121,6485,2516
-458,1433,-901,-7557,-5950,-3655,3408,-14956,-3415,-73,6257,3682
-528,521,-1653,-8593,-7216,-4653,2960,-13530,-3839,630,7278,2954
176,1037,-1729,-9267,-8320,-4380,2378,-14046,-4399,-1263,11773,2520
512,1801,-665,-7346,-5468,-3144,842,-15086,-5545,-1450,13921,1041
-288,1151,-1539,-4613,-2054,-3199,72,-14604,-5215,-1272,9473,249
-556,957,-1941,-2438,-976,-4321,874,-14732,-4283,-2014,8269,1282
-1418,895,-1979,-1559,-1599,-5755,522,-14616,-3527,-2461,9130,1547
-1616,1995,-1459,-1416,-3742,-7528,422,-15544,-2939,-2974,11611,2475
-1670,2589,-1313,-678,-3183,-8909,-1736,-16156,-2889,-156,11463,2959
-2202,3805,-749,760,-2031,-11092,-2578,-17420,-2233,2695,7948,5709
-2816,4063,-551,3485,1004,-12418,-1916,-17328,-1563,3832,11794,10987
-5264,4613,-337,3833,844,-14022,-4860,-16212,-2197,4717,14302,15182
-6294,4493,-1013,2941,828,-17691,-6354,-14270,-2229,6560,6075,16424
-7960,2869,-1603,1663,2446,-18251,-5904,-12010,-2311,8548,-2295,15387
-9042,601,-1531,-677,-503,-18082,-4030,-9734,-1267,10834,-6515,12690
-8222,-3259,-2545,-2996,-3361,-15639,-3744,-7220,-1285,7832,3529,12858
-8108,-6411,-3025,-1107,-3323,-11314,-5348,-5794,-2245,3675,3024,9408
-8596,-7843,-2751,2205,-1265,-6407,-5252,-4290,-3549,1726,-387,4805
-9102,-8237,-2817,5034,-377,-1651,-4582,-3424,-3985,-2124,-3286,889
-9784,-7295,-3737,10381,-1205,1177,-4298,-4600,-3299,-7412,-1289,-2444
-8856,3257,10051,-1958,5342,1619,-2136,-4380,6881,973,7986,-10581
-10068,-5785,285,1005,249,7938,-5068,-7220,-211,2059,389,-10297
-9124,-6511,-1171,-158,-11246,9433,-5568,-8692,117,1903,-1466,-12408
-8100,-3741,-237,3402,-7715,12670,-3206,-10850,-851,1444,4440,-13627
-10168,-11,95,3541,-7515,13867,-6724,-13220,-3359,2014,12133,-11965
-7794,609,-421,4945,-9709,12896,-3188,-12766,-3407,3882,269,-17829
-5910,3275,1097,3332,-14556,9597,-1924,-15136,-3843,-329,-24,-16367
-2650,2317,1889,3329,-11950,7998,-620,-17598,-3479,-1955,3669,-17074
-1650,2743,1835,2225,-8780,7428,1142,-18682,-4315,-4228,7975,-13786
458,2547,5661,8455,5825,6162,226,-18618,-5107,-3476,9949,-8462
-5476,3587,205,-6093,-4109,-1162,438,-16276,-5147,-1075,6299,-4678
-118,813,-571,-14130,-16535,-5779,1440,-15076,-4927,-2551,7849,-296
534,1975,-1467,-8273,-7496,-3953,1076,-15586,-5379,-2533,10429,677
-910,1301,-1761,-6034,-5924,-3486,508,-14166,-5309,-2706,8782,226
-592,365,-1787,-4200,-4806,-3862,1254,-14388,-4755,-3269,6648,922
-1258,263,-1663,-3373,-5856,-4294,1562,-14448,-4595,-3829,7307,1210
-980,621,-1239,-3715,-8158,-4470,1760,-14566,-4271,-3845,7885,932
-786,1115,-937,-4598,-9810,-4915,1910,-15048,-3503,-3282,7195,97
-58,1931,-787,-6374,-11839,-5982,3104,-15712,-3469,-2926,9321,222
472,1451,-511,-7064,-11591,-6413,2172,-15064,-4817,-2330,13618,1139
-72,357,-989,-6305,-9361,-5647,1382,-14068,-4733,-1732,11786,946
-430,-7,-1447,-5211,-7525,-3559,1608,-13790,-4429,-2483,9609,122
-498,735,-1189,-3813,-7263,-1128,2298,-14746,-3967,-3267,8953,-904
-1142,1079,-969,-2184,-5797,541,4148,-14902,-2479,-3058,14357,-1747
-1856,1757,-1293,-2233,-5211,-193,1540,-14498,-4173,-2497,13243,-138
-2218,2477,-1047,-5123,-8597,-2814,1186,-14188,-4875,-1039,9715,-472
-1252,2063,-767,-7340,-10486,-4690,1314,-13862,-4433,-1884,8264,-897
-1180,1341,-467,-6479,-7800,-4730,1598,-13920,-3919,-3143,7409,-1004
-1232,1457,-605,-6624,-6583,-4801,1654,-14824,-3989,-3421,6938,-947
-214,2929,-923,-6454,-6647,-4310,2536,-15892,-3861,-4291,7224,12
-798,2269,-1329,-7475,-6276,-4288,2118,-15576,-2793,-3424,8094,-448
-530,2379,-1659,-7550,-7355,-5047,2114,-15044,-3315,-3826,8411,464
-386,1403,-1999,-7467,-6204,-5619,2026,-15080,-3247,-2073,7858,699
-1112,591,-2467,-5668,-5013,-5643,2048,-14306,-3537,-1827,7975,535
-602,1005,-2047,-4181,-4076,-5346,1708,-14616,-3809,-1880,9836,653
-416,1727,-1915,-2245,-2494,-4541,1136,-15404,-3995,-2053,10828,830
-872,1803,-1967,-1700,-3402,-4672,724,-15292,-4183,-2090,9613,1852
-878,1593,-1455,-2518,-6248,-6102,552,-15310,-3537,-2411,9966,4311
-898,1391,-597,-469,-4742,-8429,-254,-16050,-2779,-1661,11117,6361
-1704,2317,-139,3386,210,-10365,-1494,-16766,-2011,-435,8405,8468
-4402,4487,-135,4668,1819,-13103,-2320,-17384,-1903,1858,8261,12044
-6220,5355,241,2815,-3118,-15320,-2738,-18338,-1995,3709,11565,15865
-7134,4451,-87,2196,-2984,-15738,-5170,-16838,-3017,6285,10324,18064
-8058,2783,-569,2434,-2228,-17164,-5604,-14572,-2231,8691,4801,17645
-8290,851,-1201,1154,-2631,-18175,-4380,-11972,-1579,8133,-640,16881
-8480,-1355,-2479,438,-2566,-17482,-3824,-9716,-1469,8023,-3538,14135
-8180,-3407,-3123,-656,-2931,-14898,-3380,-7658,-1391,7889,-4421,10750
-8366,-4499,-3665,640,-1614,-11005,-3490,-6220,-2087,6289,-1044,8407
-9338,-5091,-5057,3928,296,-7906,-3944,-5182,-3497,3546,1081,5574
-9818,-5387,-5779,8512,168,-5075,-3824,-4340,-4327,-1902,2895,2812
-8718,-6017,-5309,11668,-3718,-2621,-4204,-5030,-3419,-6359,-2926,-2179
-4784,-3725,1293,-2144,3100,1431,-10680,-4054,1189,4818,4861,-8529
-8058,-4977,-357,6807,1651,8084,-4498,-8580,945,3449,2286,-11711
-11896,-3763,-359,5156,3641,8020,-5016,-9602,-249,4563,4749,-11343
-10364,-4229,-1169,-1368,-9967,9562,-3972,-10532,-1853,5197,4236,-12574
-9394,-2031,-777,3727,-10588,10071,-3456,-12396,-4051,5216,2814,-16119
-8352,-93,-759,3033,-8706,11448,-5100,-13818,-5145,3202,3549,-16226
-7536,1493,-287,1116,-15231,8828,-2284,-14242,-4161,2648,1777,-19120
-5608,1905,1103,-1568,-17944,5695,-564,-16448,-3923,-2066,4176,-16985
-3564,855,1769,-2400,-16200,3359,-388,-18008,-4811,-3507,6680,-15292
-532,1405,1835,1598,-12585,5037,1002,-19926,-4881,-5588,6631,-12735
230,2593,3821,4959,-5662,7296,42,-19662,-4067,-4679,3532,-10559
794,941,4741,9280,7079,7010,244,-15404,-4047,-2298,3520,-5867
-2574,1115,969,2438,7683,2826,2162,-15426,-4299,-3625,5137,726
-2462,2049,875,-4702,-5932,-2192,2140,-16748,-4617,-2419,7647,3390
-1166,2363,-201,-9145,-10156,-4321,806,-14540,-4399,-1818,9035,2969
-142,1011,-1351,-8881,-11207,-4919,824,-13708,-4201,-2898,8413,2870
-178,-189,-1379,-5387,-7365,-3522,1106,-14026,-4163,-2678,5179,1906
-888,-253,-1139,-3660,-4829,-2412,1560,-14142,-4365,-2405,3206,1194
-1078,399,-987,-3679,-6711,-2500,1906,-14452,-4017,-2411,3979,953
-692,503,-893,-3740,-6754,-2540,2306,-14608,-3007,-3438,5191,1433
-452,1049,-693,-3025,-6504,-2765,3298,-15704,-1747,-2388,3510,1287
66,2253,-593,-3343,-7119,-3555,4376,-15360,-3985,-1359,4450,788
-8,2019,-169,-5286,-8698,-4999,3080,-15188,-4813,-908,11483,1293
-168,921,-709,-7046,-10254,-6146,1878,-13576,-3685,-809,11989,1160
-268,-45,-1227,-7149,-9441,-5057,1228,-12908,-3745,-1989,10021,398
56,415,-607,-5924,-8509,-2561,2356,-14486,-4271,-2406,8785,293
-76,755,-375,-4356,-7189,-464,3194,-15872,-3637,-2067,9214,-96
-780,807,-419,-3786,-6252,257,4448,-14922,-1715,-2059,13988,102
-1016,1027,-651,-4801,-6552,114,2574,-14338,-3177,-2257,16642,1222
-1090,1365,-459,-6031,-7887,-785,1002,-14134,-4641,-986,13177,656
-510,1433,-245,-6495,-7736,-1681,1306,-13830,-4679,84,7850,-2484
-668,925,-359,-5430,-5406,-2177,1620,-13840,-4509,-739,7392,-3384
-1158,793,-311,-5127,-4781,-2968,1848,-13938,-4107,-2549,8422,-3185
-1208,1217,-347,-5977,-5717,-3777,1564,-14558,-4195,-4236,8833,-2760
-260,2183,-63,-7399,-7144,-4104,1784,-16234,-4195,-4371,8169,-2574
-336,1857,-105,-8531,-7264,-4806,1590,-15478,-4231,-3420,6987,-1994
502,2043,-761,-8508,-6076,-5778,1814,-15342,-3915,-3514,6953,75
-184,1399,-1685,-8019,-4001,-6425,1656,-14976,-3683,-2636,6358,868
-64,1363,-2523,-6905,-3583,-7135,1966,-14406,-4229,-2677,7024,1440
660,2033,-2853,-5117,-2477,-7181,1944,-15034,-4435,-2933,8125,1380
118,1721,-2285,-2965,-2217,-7281,1166,-14756,-4429,-2886,7848,449
-408,977,-2389,-1546,-3176,-7419,1192,-14440,-4349,-3283,6618,912
-842,309,-2401,-1201,-6474,-7427,1408,-14444,-4175,-2944,5957,1263
-592,71,-1983,-1573,-10109,-6489,1382,-14970,-4217,-2399,6115,1064
-512,115,-1581,-1769,-12778,-4646,1956,-15678,-3307,-1193,3094,800
-538,2315,2687,-1515,-12458,-3186,3552,-15684,-3569,358,5973,1401
508,701,2237,-3817,-10223,-2292,2870,-15570,-3801,-489,15279,4062
-1906,1877,-499,-2959,-4475,-3687,1044,-15540,-3603,-349,17744,6267
-4250,3541,-933,-957,-269,-6425,-796,-16072,-2939,1070,14733,8511
-6128,4765,-665,-1005,2556,-9959,-1898,-17362,-2245,3449,12689,12726
-7462,5405,-1089,1422,6514,-14977,-4850,-15924,-2209,4680,13113,17931
-9114,5361,-1949,1606,6142,-20685,-7756,-12974,-2803,7713,9756,18475
-8944,2111,-3129,2349,3156,-23011,-6304,-9670,-2949,8646,-2900,16096
-8286,-933,-3141,2174,-3410,-20833,-3782,-6640,-3093,9172,-6228,12388
-6102,-4489,-4357,2821,-6827,-14398,-3698,-5152,-3201,6624,-2514,8822
-7196,-4899,-4327,7699,-2096,-7819,-4354,-4830,-4371,-265,930,5797
-8350,-4829,-4585,12335,-161,-2287,-3654,-5338,-4211,-5623,-1526,894
-5552,3301,10519,-4624,8104,1288,-3606,-3976,4883,4077,4881,-7422
-9014,-5515,71,2266,-4,8844,-5116,-7486,37,897,2447,-11528
-9960,-4907,-83,1993,-5319,10835,-4158,-8708,-723,2892,3649,-11915
-10630,-2367,-665,1575,-3283,10898,-5060,-11428,-1243,2304,4859,-14842
-10036,-1943,-969,2229,-6835,12176,-3914,-12022,-3871,2788,5329,-16060
-7954,-369,-1057,2902,-7539,12105,-5046,-13974,-3659,1908,570,-17226
-7412,1869,65,-347,-11026,8968,-934,-14834,-2943,184,-1904,-18882
-5714,4219,1267,468,-11002,6653,1666,-19052,-4015,-5474,3968,-16507
-4464,3779,1981,157,-5993,5179,82,-21044,-4587,-5124,6504,-15146
-3966,921,1215,-869,-6284,1543,300,-16234,-4675,-751,-4117,-8427
-3900,993,535,-5277,-9490,-1068,3008,-15730,-4831,-1860,-298,-317
90,193,2499,-1101,-7861,895,2138,-15964,-4097,-1901,9131,3518
-3210,3025,699,4024,4368,2270,524,-13714,-4539,-3211,12808,3551
-3812,1857,-477,-2356,-3537,-1249,1086,-13984,-4947,-2762,7197,3281
-1150,-195,-1983,-5374,-9589,-2034,1766,-14640,-4913,-1995,5262,2997
-1374,657,-1493,-6141,-12891,-1757,2210,-14556,-3661,-2885,6668,3049
-680,1135,-933,-5580,-11846,-1754,4092,-15682,-2383,-1174,3202,2253
-182,1859,-909,-5195,-11511,-2857,4442,-14686,-4841,-521,7125,-544
146,1811,-317,-5681,-10877,-3940,2386,-14684,-5643,-880,16333,-1469
-698,709,-779,-5277,-8657,-3885,1364,-13426,-4635,-2181,17866,-922
-572,1031,-949,-5395,-7984,-3361,1174,-13652,-4683,-3574,12771,-2206
-436,1073,-1049,-4820,-7139,-2427,1296,-14904,-4595,-3012,6380,-4779
-892,735,-1173,-3407,-6112,-1790,2022,-14702,-4131,-3336,5566,-4198
-1178,1491,-835,-4019,-6333,-1855,2756,-15146,-2327,-5107,8989,-1187
-1362,1579,-971,-5683,-8140,-2336,1928,-14474,-3585,-4882,10781,278
-940,1337,-1075,-6339,-8301,-2829,1076,-14530,-3671,-2705,7409,187
-1224,561,-845,-6210,-8127,-3639,1718,-14020,-3101,-1764,5163,122
-472,1597,-659,-6848,-8836,-3775,2590,-15666,-3061,-2972,6985,1499
-224,1667,-339,-7869,-9171,-3649,2160,-15862,-4427,-771,5482,1498
1098,1227,-69,-8045,-6964,-3115,2792,-14622,-3927,-932,5422,3108
94,1369,-1435,-9870,-7426,-3222,2716,-13940,-3971,-1271,8387,2730
890,1309,-1997,-8904,-7075,-3463,2414,-14064,-5125,-3052,13274,2181
340,1083,-2433,-3734,-196,-2714,1164,-14632,-5157,-3222,12772,298
-1208,555,-2517,-1315,-511,-3957,892,-14264,-4715,-2962,7285,-1036
-1072,641,-2615,-1528,-2772,-4872,1322,-14406,-4047,-2868,5631,-1455
-1244,629,-2519,-2465,-6286,-5442,1638,-14972,-4107,-2714,7089,-1566
-640,921,-1885,-3135,-9623,-5638,1728,-15642,-4349,-2743,10040,-739
-204,1423,-1333,-2664,-10077,-5609,1156,-15772,-4539,-2281,11410,605
-604,2543,-905,-2666,-9083,-6154,890,-15572,-4547,-1834,12430,2692
-740,3719,-969,-5471,-12143,-8324,926,-16184,-4217,-1307,13696,5029
-168,2593,-213,-4013,-9828,-9666,408,-15920,-3777,-918,14494,7127
-2552,3561,-427,-1699,-3389,-11743,-40,-17136,-3609,224,16020,10224
-5142,3725,-785,-791,-231,-13364,-2192,-18028,-2735,1692,13509,13247
-6694,4127,-953,-1902,-777,-15279,-3698,-16890,-1897,4870,10499,14525
-7478,3711,-2335,-29,727,-16736,-5026,-15230,-981,6361,7263,15133
-10002,3669,-2443,927,3132,-18130,-5896,-13492,-1459,9670,4707,14876
-10324,1461,-3135,788,902,-19616,-4766,-11644,-2235,11457,-559,13814
-9066,-1531,-4131,2018,-3026,-19851,-3626,-9110,-1875,11756,-2412,12498
-7968,-2623,-3501,4052,-4450,-17110,-3594,-7258,-2089,11737,-140,9780
-8316,-3665,-4293,5753,-2880,-11959,-4104,-5728,-2575,7994,720,5706
-9156,-4103,-3769,9122,1008,-7176,-4364,-4648,-3333,2501,1518,2712
-9496,-4945,-3965,12491,795,-3614,-5220,-5094,-3293,-1827,20,-555
-4950,7547,28187,12615,12237,-2804,4496,-4116,17237,10301,16693,-1608
-9610,-7573,-845,4005,-4770,5009,-6582,-4988,-561,1391,-4675,-6715
-10166,-5605,-1419,7694,732,4602,-5002,-7264,-1001,2819,-679,-9099
-10554,-3891,-1011,4489,-3064,8274,-4556,-8438,-891,2749,-3168,-10019
-9146,-3431,-953,355,-5563,9982,-5060,-10556,-311,2356,16,-12658
-8478,-2185,219,-459,-12194,10805,-3576,-10628,-1691,1591,4284,-13943
-7272,-1225,581,2731,-10674,11006,-3880,-12918,-2543,-100,4915,-14481
-6814,739,1253,3573,-5410,13206,-3380,-13800,-4421,-48,3952,-15072
-5248,1775,-17,1975,-7957,12607,-3532,-15364,-4519,-523,3596,-15564
-3526,2549,1197,1865,-14146,10839,-1948,-15836,-4839,-644,5812,-16619
-1902,3053,2953,325,-14089,9441,-1190,-17458,-5719,-2419,8814,-14339
5160,-3677,2007,5382,-8043,9365,-252,-17240,-6263,-2640,9815,-12155
-11482,6825,5271,4913,13110,3288,72,-17152,-6149,-4171,9595,-9423
-4544,141,75,-2247,-10117,-1617,-10,-16912,-5867,-4319,8394,-7631
-1822,385,-1605,-8722,-13306,-376,366,-16580,-5605,-3300,5130,-4829
-1060,1659,-1769,-9099,-19427,-2088,1228,-16120,-5023,-2313,4285,-1288
258,1871,-1161,-8072,-15569,-2247,2470,-15716,-4435,-2704,9585,3260
-60,1077,-697,-7204,-13678,-2643,2556,-14516,-4373,-3495,13766,5635
-510,957,-495,-7235,-12642,-2670,1974,-13688,-4263,-3480,14463,5902
-698,921,-841,-6710,-9343,-1892,1782,-13526,-3919,-2618,12307,4425
-312,1979,-435,-6905,-7783,-1754,2484,-14490,-2047,-1997,6712,2624
-360,1835,-789,-6933,-6733,-1842,5108,-14608,-1255,-201,7744,-2542
-722,1351,-925,-6538,-5500,-2357,2912,-14462,-3937,-577,12701,-2739
-918,1241,-1143,-6440,-5217,-2763,1398,-14168,-4539,-868,13069,-1921
-1192,1493,-1315,-6895,-5782,-2880,1826,-14086,-4379,-1443,12599,-1979
-1070,1559,-1387,-7513,-6382,-3008,1368,-13988,-5219,-2662,10980,-1996
-708,1637,-1221,-7399,-6332,-3199,1386,-14750,-4835,-3490,9491,-2015
-606,1383,-1105,-6773,-5586,-3307,1276,-14956,-4179,-3227,7327,-2414
-830,1505,-1041,-6541,-5594,-3316,1612,-14978,-3623,-3606,5103,-1565
-370,2271,-865,-7079,-6444,-3581,2416,-16032,-3253,-3706,5010,-223
-580,1649,-1093,-7544,-6269,-4426,2430,-15334,-3509,-2476,6792,165
-498,1381,-1311,-7904,-6719,-5914,1972,-14184,-3829,-2003,8673,631
-74,1109,-2057,-7944,-5933,-7157,1708,-13844,-3927,-2380,10939,1090
686,1779,-1873,-6945,-5519,-7072,1674,-15084,-5007,-3418,13285,957
816,1773,-1187,-5251,-3727,-6640,490,-15178,-5485,-2867,12282,-284
38,939,-1767,-3092,-2496,-6475,326,-14682,-4817,-3047,7527,90
-292,635,-1959,-2599,-4194,-6812,784,-14960,-4159,-2856,4578,47
-552,139,-1913,-2143,-7042,-6658,1310,-14846,-3969,-2892,4440,172
-600,27,-1659,-1827,-9034,-5647,1870,-14826,-3211,-2704,5350,497
-958,75,-1497,-1932,-11259,-4755,2466,-14600,-3089,-2081,5946,637
-636,613,-989,-3694,-14768,-4571,2524,-14612,-3505,-1498,8648,386
2688,-429,3233,-5195,-14596,-3673,2734,-15816,-4553,-2008,13965,1596
916,1267,2121,-1717,-5543,-778,1884,-16098,-5223,-1575,17067,2875
-2036,1049,-235,-4952,-8618,-2428,1122,-14628,-4825,-1631,15444,3685
-1224,871,-1187,-5483,-9411,-3317,1038,-14106,-4107,-1191,14218,3037
-1184,935,-1113,-5017,-6941,-2616,74,-13622,-4327,-1716,12293,2456
-1384,1621,-605,-4454,-6216,-2119,-312,-14476,-4291,-413,9825,1357
-1536,1335,-881,-3148,-3861,-1945,-544,-14250,-4035,-181,7947,542
-2122,1993,-1153,-1211,-1775,-2659,-722,-15000,-2427,-928,6056,450
-3330,3001,-983,-940,-819,-5044,-880,-15696,-1287,1311,-160,108
-3100,4021,-717,-68,235,-8364,276,-15658,-471,2628,10289,1917
-4108,4127,-645,1115,3393,-11682,-2338,-16644,-1821,1324,13293,9314
-6040,3831,-1267,2585,3868,-14238,-5104,-16626,-2119,2657,9041,14219
-7182,4679,-1349,2493,1240,-16977,-6010,-16584,-1711,6088,2002,14647
-8816,5271,-1055,1752,427,-20495,-5224,-15378,-1595,8674,-1557,16220
-8256,3055,-961,1618,-1236,-23828,-4638,-12302,-1519,10131,-186,17940
-7804,-811,-891,-1428,-1577,-21905,-3998,-8232,-1563,10101,-1621,15260
-6716,-5067,-2065,-2199,-2618,-14665,-3340,-5104,-2323,8649,-2463,8795
-7250,-6927,-1775,1401,-927,-5450,-3682,-4172,-2259,4869,-1001,3801
-8740,-7425,-1457,3767,560,-1656,-4404,-3790,-2639,2602,893,1765
-9766,-8147,-2089,4821,-554,507,-5168,-3104,-3885,579,618,-386
-11142,-7243,-1903,7538,-55,1361,-6226,-2642,-4743,-3839,256,-2125
-11372,-6529,-1025,10746,1738,1505,-4746,-3742,-2037,-8613,-2826,-4326
-8678,-5129,3755,1469,6943,8175,-6228,-1348,3115,-1400,4820,-8548
-6120,-6971,-469,851,-7931,12138,-762,-7342,-769,1206,3836,-14828
-5644,-4037,-897,2869,-11322,17987,-4498,-10666,-2791,-1964,6311,-18506
-8592,1549,259,2056,-11608,16250,-2992,-13766,-5057,-454,2538,-22398
-5448,4777,-781,10406,-8133,16247,-2918,-17944,-5277,155,794,-19017
-4854,4979,1783,6309,-9178,11434,-1804,-19358,-4501,327,1580,-18253
-4096,4403,1921,2078,-13315,7702,1326,-18206,-2269,-3443,5151,-13681
-838,1455,5033,3010,-9777,2967,1528,-17650,-3717,-5436,14786,-8187
-5574,3849,1701,107,8622,4283,572,-16330,-6059,-2856,15327,-5244
-3570,3835,-1425,-13894,-18630,-2726,62,-15520,-5467,-319,9005,-5495
-50,891,-1609,-15677,-19242,-3273,618,-14988,-4365,-2527,7962,-3974
-258,-55,-1171,-9733,-11613,-1202,892,-14482,-4487,-4838,9210,-1077
-436,1143,-477,-4642,-4597,76,1084,-15490,-4139,-4976,6744,363
-488,2301,-697,-4056,-3717,-986,1470,-15770,-3489,-2988,3035,929
-896,1987,-1025,-5648,-4842,-2654,2648,-14616,-2925,-1936,3606,3408
-908,1103,-1917,-6353,-5334,-4253,3368,-14158,-3299,-1966,8185,4830
74,1937,-1817,-6524,-6552,-5782,2240,-14660,-4461,-1924,12062,2982
474,1481,-1467,-7046,-6351,-6004,1080,-14608,-4441,-1286,9811,-752
512,647,-1871,-7716,-7716,-6261,1494,-14472,-4379,-1350,6847,-1970
944,201,-1763,-5207,-5686,-5776,1750,-14846,-4197,-2130,7010,-1328
-242,563,-1821,-2158,-3480,-5375,1706,-14782,-4349,-2606,8839,-301
-880,707,-1889,-3185,-5985,-5157,1462,-14398,-4195,-2049,8904,98
-672,883,-1949,-4930,-10004,-5010,1844,-14400,-4387,-1820,9372,304
342,1789,-1019,-5698,-12247,-4093,2268,-15580,-4523,-2312,11914,441
-194,895,-737,-7040,-13053,-4012,1750,-14504,-4487,-2927,12438,1119
-98,-127,-959,-4666,-8528,-3150,1920,-13762,-2983,-3630,10221,1443
-594,599,-545,-4138,-7345,-2058,1714,-14400,-3637,-2937,10212,-587
-90,841,-555,-2826,-5271,-391,1816,-15590,-3245,-1843,7722,-2083
-1288,1423,-411,-1945,-3179,-712,2520,-14720,-2931,-1188,5261,-2294