-1237,-2529,777,2482,-5119,-1070,4238,-14288,568,998,2051,-1084
-273,-2851,209,3586,-7363,-2006,3582,-14338,-226,1519,6390,-1153
285,-33,-391,4036,-9347,-935,2502,-17426,-330,2402,6339,-1273
601,525,-157,2908,-8314,1076,2664,-15804,-744,1147,6818,-2167
-1023,1213,-993,2539,-8842,1992,2406,-15710,-50,-533,5941,-2148
587,699,-963,1558,-9056,1904,2402,-14566,1176,1248,7081,-2643
341,-375,-559,477,-6096,895,3456,-14710,3592,3075,11861,-925
-101,-3321,-655,1595,-7010,-150,3130,-14244,578,2754,12085,1238
29,-1703,-831,3581,-10731,-1422,2372,-16230,-2516,2090,10612,1298
239,2089,819,914,-7119,-333,2720,-16308,-1910,3244,5209,-296
-583,2063,-821,2172,-8312,-2470,1342,-18130,-2002,2018,9440,-772
657,1973,-1799,3504,-10474,-4612,2324,-17516,-2128,3483,13029,-1792
765,1235,-1723,4065,-10702,-3994,2188,-16858,-3354,3685,12794,-1720
771,573,-2073,4841,-12547,-2933,2272,-15506,-5078,3544,12946,-4128
1255,-221,-2115,4129,-12630,-2228,1046,-14442,-3234,1552,11983,-6726
1999,-1661,-2193,4229,-11022,-1955,1698,-14596,-2160,1459,15023,-7308
1325,119,-2325,5056,-11799,-1408,1962,-15966,-2004,1364,17535,-4323
1041,1079,-2631,4246,-12880,-830,1464,-16810,-2298,1778,16967,-1056
1045,3817,-3623,1935,-10535,-1232,1460,-18342,-1514,2762,14272,1005
779,1269,-2843,1299,-7209,-2951,2494,-16216,-790,2504,13285,2012
139,-81,-4265,2877,-9523,-4589,3116,-14878,-640,2670,15120,2724
49,-469,-3965,4568,-10201,-5401,2662,-14934,-1014,3275,15426,2957
-501,191,-4125,6485,-10815,-4791,1412,-16460,-642,2940,10216,3630
-361,175,-4171,8233,-12020,-4222,1774,-16284,-722,3993,13414,1201
-47,-521,-3733,9268,-12881,-3971,820,-15396,-656,5414,12107,869
93,-495,-3617,9391,-13382,-4014,1788,-15266,-970,5845,12578,1796
-621,1049,-3623,8759,-13896,-3430,654,-16582,-2174,7806,13596,766
-143,609,-3119,8091,-13621,-4395,24,-15182,-2540,7940,14626,-402
-479,1469,-2659,7180,-11600,-5818,-680,-14642,-2066,7091,13173,384
-1057,1031,-1679,6117,-7714,-6478,-240,-15698,-2368,7627,13227,2133
-2043,-429,-1347,6975,-5375,-6943,-1242,-16306,-2830,7929,12653,5130
-3925,-3039,-443,10692,-8147,-6382,-1558,-15982,-3090,9639,12770,6025
-4729,-2373,1011,13455,-14131,-6705,-1710,-14596,-1884,10532,13330,7683
-4581,-1813,-109,9927,-14279,-8768,-2456,-14016,-1438,11541,10983,10746
-4967,-1627,-837,4173,-8719,-10075,-3940,-13558,-2372,14318,5724,10676
-4681,-2429,-3405,-1341,851,-10272,-4276,-9542,-1412,14418,5450,8365
-5017,-1823,-7621,-3257,3460,-11148,-4070,-6296,-2346,11663,1464,7233
-3789,-4447,-6547,1968,3813,-14593,-3552,-6646,-3032,6222,-1421,8988
-419,-5607,-5889,5705,5243,-12802,-1096,-6238,-3452,3444,1065,7387
59,-6867,-4879,9340,7038,-7851,-712,-3206,-2120,-2177,3203,6629
-31,-7671,-3783,10325,3858,-4778,-368,-4900,-2382,-8219,47,4444
-2443,-8533,-717,10686,2898,-2166,-1766,-6718,-250,-10981,-1416,2031
-4441,-5723,2299,9967,-1046,-390,-4596,-8250,2464,-8437,5925,2006
-4781,-6021,745,12040,7175,1168,-4116,-8414,600,-2550,6987,2388
1453,-2473,21157,3577,-7091,-1398,-4784,-11450,5072,5869,6387,-1070
-701,-10729,921,154,3783,2495,-66,-4196,2,-1137,-6240,-2882
159,-10011,429,-251,419,6022,-512,-7042,466,-351,-6742,-7829
1335,-8159,189,-2297,-3648,10556,600,-8278,932,1190,-9470,-12771
-1201,-6601,-219,-2190,4929,14202,-1518,-10122,-444,573,-5850,-15974
-3011,-4673,-2441,-286,-381,15361,-2642,-13288,-994,-2848,-3983,-18125
-4861,-2353,-2743,7445,-7249,13687,-1262,-16388,-606,-5447,-4641,-18936
-4237,1055,979,10670,-9229,11745,-312,-19302,-2904,-8654,-1900,-19577
-4173,1495,-1,11615,-9198,10961,-2392,-22668,2198,-4948,-1472,-17926
1393,2727,3489,3802,-3182,6812,2606,-18494,1246,-4005,9944,-9760
-5335,-1223,3667,-1823,18512,5270,2870,-17192,-904,-2106,18296,-3519
-1763,-2473,-267,4560,-5584,-1406,2132,-16640,-3190,644,24644,-2789
689,363,-3085,8943,-14662,-721,1488,-16644,-3782,383,22077,-1264
2041,429,-3551,9289,-17205,1587,2578,-17074,-1918,883,20034,-938
-2049,1875,-2295,2873,-10977,3173,3340,-16300,-724,653,17625,93
-647,-1049,-2455,1717,-12874,1539,2240,-14996,-2056,1424,13929,-473
283,-1053,-2373,1392,-10753,868,3670,-15094,-310,3166,20164,-1149
-803,153,-2765,2748,-13786,949,2102,-16280,-1450,1239,14765,-476
105,89,-2273,2569,-13969,587,2550,-15306,-1548,604,11874,-1002
545,423,-2185,1937,-11659,-477,2288,-14930,-684,-101,10131,-1160
-573,1031,-1985,2610,-7921,-1723,3120,-16416,472,1893,12054,-386
89,-77,-1875,2621,-8314,-3578,2234,-16006,-1304,1681,12747,563
-413,1381,-2165,3719,-9493,-3739,1686,-16684,-2456,1517,9053,-489
989,447,-2521,3935,-9587,-3459,2036,-15418,-1376,1563,8630,-1846
1313,-143,-2397,4626,-9701,-3312,2430,-16006,-1666,1100,8604,-1816
1181,-51,-2615,5876,-10869,-3045,1584,-15732,-1064,1287,8951,-977
983,-37,-2605,6758,-12998,-2341,3362,-16138,-1968,670,10901,-962
939,-281,-2657,6819,-12411,-1858,1792,-16578,-2396,1590,5383,-1098
321,703,-2433,6820,-12933,-740,4372,-16290,-1222,2773,13372,-541
1859,315,-2057,6538,-11959,352,3126,-16022,-2850,3074,16568,-1313
2731,407,-2649,4198,-13923,117,1710,-14898,-2258,2217,16095,-1510
191,713,-2063,3132,-5073,10,942,-16254,10,1834,10733,-1085
-731,153,-2331,3012,-6028,-1637,3226,-15812,394,2155,7562,-427
-1109,-159,-3051,3356,-7642,-2800,4066,-15798,16,3113,10809,119
-825,177,-2915,2988,-7856,-3286,2604,-16052,-658,2980,11784,-582
-965,-543,-2699,3910,-7759,-3989,2166,-15672,-30,2205,11791,640
-1943,-257,-2385,5805,-8174,-4863,1792,-16670,-548,3714,15888,3632
-2903,1339,-689,5400,-6611,-6904,-2158,-18320,-1466,5094,17244,8604
-4351,-123,801,4520,-5575,-9443,-3192,-16568,-1304,6743,11629,13782
-4059,-1053,-295,1908,-6237,-11069,-4088,-13738,-488,9494,6355,13077
-5329,-737,-593,-714,-3808,-12810,-5794,-10816,-1604,9980,6786,12548
-4737,-3601,-2263,-2223,6093,-14666,-5268,-10978,-318,10528,3336,13863
-2403,-5321,-4997,2276,1131,-15839,-2826,-6662,-5080,6087,2078,13453
-1169,-5981,-5373,6413,-864,-14234,-840,-6052,-3496,-1095,-2856,10946
-1497,-6079,-3137,8673,3094,-10555,-2152,-5714,-2576,-3630,-3672,8552
-565,-7381,-3693,11228,7613,-6429,692,-6134,406,-5563,2809,6042
-1747,-7833,-1385,13132,6195,-2087,-758,-6080,996,-6253,4025,4132
-3507,-6963,571,13259,5088,471,-1436,-7022,1892,-4285,6955,2702
-4273,-53,17791,1190,3255,-954,-3872,-7134,4444,4980,1237,-3007
-2127,-9965,423,-2761,1261,2922,-718,-3488,-2430,3829,-5504,-6074
-291,-10769,135,-1697,-1276,6281,558,-5916,-360,-2296,-5856,-5947
719,-9909,-911,-292,-2062,10223,688,-7792,34,371,-5939,-13221
-499,-8447,-581,1336,-424,14210,-340,-10140,696,1184,-4071,-17194
-3233,-7163,-965,3388,-1882,15868,1098,-14510,-1172,-2881,-6238,-14988
-4761,-3565,-1429,6787,-1230,14790,-1994,-18044,486,-5622,-4907,-23706
-4171,279,-209,8834,-6231,11093,-3240,-23876,460,-7966,-6094,-20998
-3857,1153,871,4391,-1387,10736,-1330,-19546,3770,-1404,15746,-14675
-1269,-573,2689,-2947,7359,8472,-428,-15434,1046,4863,9346,-6045
-7595,-225,-1647,-2497,4369,6042,2150,-17900,228,3749,4749,1394
-1597,-1225,-1725,4247,-14633,909,2488,-14816,-492,4055,6052,-2302
-333,641,-619,3261,-5787,-1423,1940,-15926,-430,3366,6845,-1209
-1699,45,-3047,3935,-8421,-2621,-468,-15080,-1016,2060,4513,-1809
-515,47,-3073,5357,-11873,-1909,704,-14674,164,226,417,-2048
931,-541,-2905,5829,-11941,-1252,2098,-14594,806,-623,2788,-3324
203,-171,-3187,6675,-13551,-534,670,-15898,996,-40,6568,-5109
849,91,-3221,7057,-15452,-856,108,-17598,3128,-507,3820,-5003
1609,1413,-3293,6895,-15553,-1525,3116,-15924,2994,895,12250,-3902
1457,489,-2879,5329,-13089,-1538,708,-15216,1316,1687,12791,-2999
1739,2167,-3283,4225,-12632,-744,6360,-15436,594,-362,17233,-4452
911,2147,-2769,3853,-14227,-428,3658,-17050,1412,488,22565,-7225
1413,305,-2587,3257,-11833,-1438,5170,-17592,-176,1236,21447,-8641
1287,283,-2499,3489,-10591,-2228,3188,-17408,-774,2702,21223,-7877
1007,29,-2309,3228,-10394,-2045,1438,-16454,-682,2681,16615,-5744
525,335,-2497,2836,-9783,-1117,2288,-15878,214,1254,11040,-3764
27,375,-2329,3412,-10788,-262,2488,-16098,-108,1810,12292,-4471
153,321,-1941,3825,-12487,-933,3870,-16926,722,2675,14041,-2708
-185,1825,-1453,4032,-13624,-1981,3084,-16706,-220,3982,17351,-2255
1607,-1303,-1539,2442,-11618,-3741,2238,-12304,324,3105,13726,-2098
185,3097,-1197,2356,-8303,-4341,792,-16574,460,1089,7762,-3551
473,361,-951,3070,-6960,-4497,1882,-15074,1266,1843,11612,-5469
481,-389,-509,3934,-7171,-4584,666,-16208,-190,2138,12805,-5303
491,-427,-1251,4974,-8857,-4219,970,-16672,-158,2748,13161,-4267
325,-151,-1923,5519,-10628,-3351,876,-15434,-606,2712,13287,-3508
525,-361,-1995,5745,-11706,-2561,874,-14572,-94,1557,11333,-3790
179,67,-1725,6119,-11353,-2081,898,-15968,200,1443,11403,-4683
687,-351,-1243,5730,-10391,-2059,1820,-15252,378,1971,12561,-5361
-283,-197,-1771,5769,-10039,-2011,1476,-17298,574,1751,11300,-4432
729,645,-971,4583,-10853,-2966,1532,-15564,2050,2355,8333,-4931
861,71,-1473,3563,-9342,-4356,224,-15530,3746,2178,4840,-3436
-1833,2487,-1435,1343,-4648,-6485,1686,-15120,3084,3900,8435,-2794
-3079,1831,-1069,892,-2098,-10085,-1712,-16532,3446,8253,14855,645
-4239,1023,-431,796,1688,-12781,-3388,-16926,3404,10179,16905,6184
-5049,-611,-533,422,3120,-15233,-4008,-16000,4370,10992,20826,11197
-5991,-1719,-2373,1125,2463,-16116,-3366,-13002,2102,9286,22224,13428
-4831,-3041,-2367,1999,1156,-16109,-3788,-10378,64,4802,11949,12851
-2767,-3971,-3375,2611,1763,-15958,-2468,-8550,-292,743,7827,13657
-1039,-4287,-4853,5657,1596,-14517,-1954,-11312,-1120,-1436,6401,10208
-409,-4689,-4577,8311,2072,-10573,-1060,-8402,-1462,-3203,4626,13442
805,-6177,-2809,10236,1805,-4490,-3018,-6108,-1326,-8478,3031,8726
-1917,-7015,57,13101,4225,-1495,-1170,-7156,-632,-9031,669,5764
-4121,-8377,-6147,14966,-5119,-652,-6620,-20022,29716,-8620,6992,6446
-3217,-9993,1909,-4583,-179,-1039,288,-3282,262,4106,-499,-2368
1787,-10687,1001,435,-4323,3705,662,-6690,-218,792,-5149,-5347
3483,-9113,117,1253,-1059,7660,2726,-6902,-680,-302,-7565,-10926
2005,-7753,-573,907,-2139,12750,2120,-9388,616,-3380,-5189,-13545
497,-6143,63,1557,856,16125,488,-11892,1766,-3652,-676,-17111
-3491,-4781,-1005,2230,6497,17882,-3228,-12174,110,-2521,4820,-18595
-5209,-1981,-1955,3500,968,17234,-4578,-16522,-2356,-1655,2848,-21774
-4111,1361,1999,1529,6374,17373,-7452,-23158,-1558,-885,-6506,-23554
-7843,1641,-271,-1300,5404,14452,-62,-21514,1016,2358,6558,-20976
-5009,841,-421,-50,-3366,10844,-992,-18166,2384,668,5204,-13620
-5467,-483,627,-778,1785,5706,2312,-20408,-856,3652,19739,-14100
-3041,-1559,-1273,-23,3559,2451,2934,-16786,-3484,-1022,-3534,-5706
-2161,-1157,-1533,4143,-8429,793,972,-16318,-2822,-1484,6397,-5759
507,161,-1811,6514,-12804,2108,1722,-19860,-2518,-646,11654,-2555
4171,1189,229,5157,-12501,2102,2286,-16250,-2308,501,18775,-464
313,449,-3069,1878,-5745,3136,2958,-15196,-2744,-1239,21578,768
-1031,1021,-4027,1736,-13987,1883,2730,-16224,-1946,-1091,19670,1811
-661,197,-2601,1779,-11773,-194,5298,-15200,92,620,19732,-341
87,-9,-2637,2500,-11933,-1366,2202,-14600,-1426,3740,24905,-1495
401,-7,-3065,3304,-13702,-2493,968,-15314,-1008,1755,14567,303
1215,875,-2597,3024,-12641,-2457,1910,-16106,-1044,832,9646,-586
253,3619,-3269,2910,-11522,-1864,1910,-21570,-388,75,9653,-855
2419,-2117,-1591,2437,-12282,-2620,3974,-11828,92,1488,8925,-1372
1421,207,-2033,3403,-11351,-3397,2910,-16030,-656,-149,9626,953
611,1533,-1667,4114,-12066,-3555,1862,-16060,-2342,2040,8172,-863
1429,363,-1027,4846,-10556,-3790,2280,-15856,-2034,311,9863,138
941,9,-947,5533,-9881,-3987,1646,-16500,-2730,353,9196,448
613,145,-999,5958,-10959,-4108,2272,-16676,-2750,-299,8464,1027
555,-291,-1005,5678,-11911,-3795,3362,-15924,-2448,578,11296,1250
755,-653,-1331,5477,-12345,-2630,2354,-15902,-2546,122,11724,1422
-267,1003,-1607,5598,-13775,-1071,2188,-17500,-2586,577,9419,1361
871,77,-2747,4320,-14975,-434,3146,-14864,-1390,3865,16446,795
889,1477,-3405,2724,-15001,194,1034,-16506,-1812,3554,15911,1667
877,873,-3293,2644,-13688,-281,2652,-14818,-1160,3958,7089,-1014
1525,177,-2429,3870,-10443,-1830,3876,-15066,-1134,6751,18506,-1429
453,813,-1983,3395,-9078,-2593,1644,-15490,-3260,5821,19054,-902
527,757,-1637,2839,-6459,-2906,1378,-15906,-3044,2393,10925,-1316
473,681,-1493,3286,-7138,-3396,1288,-16752,-2198,507,9453,-362
171,33,-1359,3836,-8379,-3358,1716,-14768,-1406,1614,10975,782
425,877,-1583,3526,-9029,-3353,760,-15422,-1184,5567,10380,2510
1131,-455,-1591,3039,-6899,-4738,1504,-14016,-2818,3561,11241,3769
371,1503,-1327,3744,-4999,-5703,222,-16120,-2950,3351,12098,3572
-1271,1057,-1979,5202,-4516,-6678,346,-16702,-2122,3907,11930,4781
-2665,311,-429,9457,-11045,-9430,-2596,-16126,-2022,5391,14260,8821
-2431,1251,2759,7535,-10962,-12109,-5472,-15314,-3028,5078,11838,13211
-5785,-863,567,1897,-1221,-13857,-6106,-13940,-1518,5964,4272,16196
-6451,-2285,499,803,156,-16644,-5638,-11396,-1370,7540,-1156,16013
-5345,-3035,-3159,80,5157,-15110,-4564,-9592,-1614,8585,-3403,14037
-2421,-3195,-6593,2640,3861,-14483,-2324,-8994,-1530,8186,-1339,12173
-663,-3093,-6121,4834,1228,-11917,-1508,-7500,-2774,4016,-2221,10550
623,-4509,-5087,5719,-3307,-10204,-1804,-7926,-1754,-1419,-295,8319
-525,-7707,-4453,10893,2534,-5530,-620,-6660,-1322,-6363,2003,8594
-827,-7553,-1517,14160,508,-2707,-750,-6814,448,-6885,1553,6364
-1819,-7779,1965,14906,3496,-190,-1318,-5190,1376,-5321,2791,2853
-4927,1739,31826,3045,7255,-365,-4,-19644,1044,4287,2377,1431
-2579,-8945,1725,-774,1111,1109,-1132,-2750,-208,768,-2707,-4624
1549,-9541,-109,-237,734,6293,2040,-6044,426,-782,-4314,-8762
-443,-8199,505,463,-3040,11052,208,-7936,272,-1721,-2567,-13604
-1517,-6611,789,306,1553,13865,-2164,-10218,438,-1779,2639,-14066
-2779,-4809,229,-726,5094,16267,-2958,-13992,-1314,-4337,1794,-16385
-7219,-2681,-4249,1272,5610,15548,-2194,-15958,-122,-3701,-1713,-17884
-6637,-1019,1175,-914,-973,11639,-876,-16824,1622,-5550,-7800,-16985
-4815,-211,-1135,-2539,-303,9301,-806,-20488,2194,268,-702,-16605
-2703,-47,-1135,-1313,-3705,8389,-8672,-18814,4202,3563,20196,-5939
-2411,861,-485,440,-7570,7427,-1064,-15124,-1130,3042,6825,2405
-209,-2201,391,2529,-6127,4446,3120,-12676,-3034,2796,8758,-1698
-837,1593,1697,2005,-879,921,1972,-17340,-4720,2422,11607,-3110
-2589,101,743,2835,420,-1134,2978,-13918,-3254,453,14270,-1873
-1901,-1425,-5,5367,-6465,-2448,-2362,-15608,-1472,3264,14247,-1951
-1245,-1423,-2921,6849,-13620,-2759,1204,-15544,-3224,3553,11566,-2251
1145,-123,-2741,6796,-14802,-1218,2282,-16164,-2818,3296,10596,-3118
2061,-1037,-2937,5776,-12382,-697,3558,-14528,-2438,3175,12301,-3331
1073,2339,-3855,5340,-10163,467,3918,-18614,-2792,3837,16324,-4460
1277,815,-3811,4998,-12169,365,2902,-15540,-2292,2424,17564,-3379
705,2461,-2853,5155,-12883,136,1956,-17248,-2038,1762,11282,-2925
499,1033,-1869,3868,-12304,-326,2900,-16084,-1308,1447,9092,-1744
1287,-49,-1489,3163,-10598,-427,3944,-15588,-114,1752,16634,-628
555,-403,-1829,1933,-9402,-173,1630,-16056,-954,2659,13758,-150
837,63,-2197,2230,-9428,475,3106,-15988,-1304,885,8563,-1735
417,563,-2139,2909,-10538,663,2536,-16676,-1738,-192,10790,-1658
395,1803,-1779,3997,-11831,-442,2222,-20280,-846,1913,9046,-1131
1959,-1883,-2095,3318,-11568,-2669,3718,-12278,1842,942,7692,-32
849,2835,-1289,3955,-10050,-3806,1384,-17740,-2994,1226,10041,-363
491,529,-751,3807,-9532,-4073,2446,-14558,-2224,1483,8835,-1392
857,661,-933,5066,-9509,-4281,2326,-16882,-2674,1240,10033,-778
997,-95,-1079,5054,-9709,-3496,2914,-16216,-2000,1373,12141,-230
1805,-723,-1777,5200,-10429,-2345,3116,-15440,-1884,1311,11935,315
1421,1043,-2159,4963,-10010,-316,2724,-15684,-1742,996,11526,127
-227,905,-1823,4697,-11850,1506,2814,-15756,-1064,1433,14109,-208
-789,1477,-2861,3854,-12722,1873,1416,-15874,-156,1909,15301,137
631,369,-2641,2935,-11277,166,4076,-15458,192,2198,8607,-1580
1303,-357,-2331,1352,-8195,-1031,3768,-16512,-514,2820,16084,-2280
419,-263,-2663,1058,-5701,-243,2040,-16610,-1610,3146,15149,-691
-35,-723,-2769,2195,-8294,-104,2384,-14490,-1898,1111,8790,572
763,909,-2735,3381,-10161,-1337,2456,-16850,-38,1559,11685,524
1087,831,-2153,3743,-9551,-3296,1330,-14588,-210,2668,11808,784
1329,791,-1081,4811,-9354,-5490,1916,-15454,-1072,3340,10114,1148
4147,2691,3079,1456,-5857,-4452,448,-15568,-2620,3165,12340,1567
-711,-211,413,3375,-7496,-5082,192,-15482,-1836,2141,9983,2297
-275,953,2493,2414,-3732,-8438,-2118,-15828,-1742,2837,13302,6462
-5395,473,1259,-1213,-488,-11621,-5240,-16730,-122,3105,9808,13274
-3289,-2037,-195,-2378,436,-13100,-6062,-15404,712,3667,2748,17380
-4601,-2071,-3445,-319,-3750,-12094,-5170,-12542,-514,6482,-1196,15314
-5455,-223,-4215,769,1358,-14067,-2606,-9420,-462,4220,-1012,13525
-3255,-1375,-5679,2380,4896,-15887,-2186,-8090,-2772,2219,-1612,11534
-1223,-4149,-6501,7561,4673,-12225,-2436,-8002,-3902,-3272,5674,8928
-1333,-5261,-4567,13380,2598,-8066,-2816,-8930,-2656,-6983,5265,8824
-1873,-5563,-1593,17473,1059,-6213,-2102,-8992,-776,-8619,3501,6507
-875,-5865,1753,18361,123,-3659,-1100,-8082,1062,-8056,-402,6932
3781,-4107,19887,-2823,-5031,-4207,-4590,-9110,4066,7398,-3736,370
715,-9633,265,-2384,5130,3184,992,-5388,-508,801,-2736,-2924
1267,-9293,-407,-1174,-1711,5544,1520,-5022,-1154,-1119,-7463,-7661
2093,-8007,-807,-1080,-2057,10500,1124,-8100,-322,-4897,-6852,-11869
-149,-6411,251,-69,1514,14051,856,-10030,660,-4695,-2518,-16884
-4177,-6181,-995,-542,10048,15496,-2110,-12100,952,-7801,-2122,-17395
-2765,-4013,-2449,43,2726,15996,-1488,-16896,-1196,-7463,-3447,-24172
-4631,-951,-1747,1340,-3682,14057,-2744,-23462,2816,-5037,-6632,-25545
-4473,335,-1171,2055,-6443,12468,8754,-25342,3308,-1115,5594,-18684
-721,1913,2711,290,-3936,11583,-11442,-15634,992,3608,32767,2951
-4581,-1185,111,-5614,13699,5904,5050,-14492,-2284,3255,20794,-706
-4437,-1643,-2895,225,-5780,1741,4000,-14180,-3010,1618,8429,-3732
-361,-25,-1471,3405,-7409,-570,2948,-17670,-1584,872,9374,-2735
-377,43,-1037,2763,-5112,-1745,2402,-16174,-1124,1443,15819,235
-453,135,-655,3052,-4672,-1811,1176,-16436,-2968,717,7921,206
-613,225,-1799,3786,-8824,-739,1856,-15556,-2150,1573,6511,-368
-113,-565,-2023,5701,-11671,-656,2976,-15996,-1838,1223,11404,-444
65,-129,-1653,5755,-12914,-788,2168,-15882,-2244,1737,11732,-1807
-57,-549,-2027,6182,-12985,-102,2856,-15542,-1288,2133,11481,-1618
665,265,-1965,5956,-12672,-81,2548,-15606,-2442,2539,14797,-1465
3089,1803,773,4024,-11131,1821,2118,-16904,-2638,2790,15017,-880
483,1321,-3177,2991,-12442,1043,2172,-15598,-1046,2361,15228,-371
1169,241,-4247,3268,-12605,-1004,1284,-15506,-1262,2029,8547,-1040
1743,-137,-3379,3248,-10824,-2320,4370,-15078,996,2061,6133,-2376
1287,221,-3101,3550,-9975,-2554,3806,-15924,692,2298,12525,-2141
803,653,-2775,4160,-9883,-2594,2772,-15734,-948,1549,11889,-1547
701,749,-2231,4351,-9753,-2916,3540,-16978,-1394,912,6525,-1660
1047,953,-1923,4330,-9643,-2616,2674,-16168,-1052,222,6328,-1044
697,929,-2277,3989,-9490,-2377,2462,-16448,290,-625,9677,703
825,-59,-1325,4036,-10088,-2522,1896,-13434,1174,2006,5290,-398
2257,-211,-793,2867,-8357,-4178,2880,-16124,-2162,2454,12881,-894
421,1691,303,2601,-4417,-3365,1394,-16002,-2554,2122,9076,-1606
219,79,-733,3979,-4698,-3583,2240,-15760,-2020,-947,3907,-1309
725,-1135,-881,5308,-3800,-1592,2934,-15778,-2056,-438,5636,-642
293,-1635,-1681,6997,-9937,-328,4190,-15070,-1162,2344,12190,85
177,-651,-2041,9833,-12432,73,2540,-15706,-1726,1497,14598,1714
-387,945,141,6353,-11628,2066,1876,-16076,-2124,3509,13357,-97
-629,563,-2487,3470,-8540,1915,1934,-16582,-1494,2451,14346,-1567
-305,1179,-3479,679,-6950,1653,1484,-15432,-328,1918,9576,-1477
651,-887,-2477,37,-4832,154,1588,-15210,2872,2151,11745,-745
-203,-1231,-2401,1504,-6126,-695,682,-14834,680,3702,14612,-317
297,-1651,-1771,2567,-7357,-1644,2042,-14680,-2998,1722,7399,9
-663,2533,-2309,4987,-7019,-1737,1216,-19976,-3430,-9,6344,530
239,961,-221,5623,-7446,-3005,2346,-14996,-2570,2480,5652,-664
2541,805,2849,4277,-7387,-2832,1280,-15388,-434,2135,16506,1383
1461,-801,-85,3404,-6201,-1912,700,-14584,-1590,2664,10852,520
-1565,-1759,-2785,3772,-3980,-2229,538,-15092,-1676,3218,13155,2829
-4001,659,675,6215,-10614,-4837,-1792,-17312,-1708,4620,19628,9006
-4739,555,-293,2370,-2004,-9592,-6600,-14322,-1000,3922,14957,15798
-6053,551,-4041,2855,-4762,-14361,-5222,-13290,-646,3759,-2912,15951
-4601,-1145,-4277,2286,-4752,-17421,-4264,-11646,-794,3551,-1527,15084
-5005,-1487,-4821,566,-1227,-16871,-3704,-10164,-1094,2241,-1662,13739
-1323,-3659,-6471,2735,-471,-15697,-1760,-8264,-2922,459,-560,11294
-815,-6145,-5155,7357,-494,-11559,-2108,-7724,-2416,-6758,1025,7830
837,-6953,-1409,11775,1391,-8715,-960,-7314,-1146,-10612,3996,7349
-477,-7491,2285,12087,3015,-5219,-1226,-7674,1210,-9414,683,6162
-9357,-7979,21433,6542,3909,-2044,1500,-10820,3176,-2435,3436,3526
-653,-9125,419,-4215,5189,1188,1562,-3266,406,3172,389,-2315
645,-9849,-15,383,-75,4426,758,-6392,-20,769,-3350,-7660
-537,-9007,137,-857,-4149,9318,476,-8426,366,-1656,-5895,-11897
283,-7181,1535,-1775,-3315,14849,-1062,-10706,300,-1311,-3630,-15671
-1879,-5761,201,-341,1855,17207,-1798,-13936,-152,-2829,-2633,-19612
-2987,-2925,-1401,3684,-1735,17754,-3618,-17800,1720,-3791,-4687,-23054
-3727,1705,1077,5660,-5025,16652,5444,-24714,4176,-4863,-6879,-19740
-581,6267,4535,-1076,2402,14370,5652,-22348,8306,-2249,6188,-14819
-5535,-1527,-733,-3839,14282,6645,648,-16856,782,-121,10976,-7930
-965,-775,1797,-975,4184,1318,138,-14678,-2466,119,3740,-2200
-3591,-1143,-23,2593,492,37,3026,-15982,-998,-450,11114,-1799
-1031,-771,-1403,3663,-6274,-696,2550,-15838,-1918,-1394,11772,-1454
-75,-179,-2549,4926,-9204,-92,2208,-16386,-2264,-1254,12422,-914
567,169,-3717,6018,-12160,-76,2974,-17842,-1174,-1525,10672,-566
1841,-89,-981,2997,-14437,-379,4904,-16520,442,449,11213,-967
343,1099,-3335,1529,-10244,2108,3466,-15658,490,517,9797,251
-5,669,-4125,1215,-10307,-1116,6982,-16484,938,1673,7331,-2266
913,321,-3361,3037,-10223,-2960,4404,-16520,-122,3562,17331,-2299
673,-63,-4051,3663,-9907,-2533,2534,-15346,-1944,1380,12585,154
1217,-491,-3745,3908,-10313,-1674,2838,-14928,-2356,40,7219,1530
1259,227,-3467,3748,-11890,-1935,2696,-16244,-1686,-1094,4369,1743
1049,2973,-3073,4915,-12815,-2086,1266,-18890,-518,-1995,5720,3417
1963,-555,-129,3448,-10590,-2689,2940,-12992,2226,1404,-1494,-297
-415,2961,19,4700,-6709,-3390,3814,-17850,-1226,1641,16036,-1518
-289,-195,-561,5095,-8368,-3655,1332,-14918,-2164,1904,13224,-1735
1075,-1227,-1365,5878,-8180,-3329,1398,-15302,-1946,989,7925,-1040
759,-1541,-1799,5976,-8990,-2208,2282,-15576,-1878,974,6168,-713
181,-503,-1991,6571,-13528,-933,2468,-15968,-956,1335,6699,215
-109,889,-649,4540,-10503,61,2930,-16670,-852,2272,14734,806
267,1367,-1029,2123,-7089,1041,1370,-15570,-1226,2017,12457,1195
217,1565,-2873,4185,-10854,1233,1350,-16196,-588,1366,8235,605
-569,783,-2913,3350,-9014,122,3932,-16570,1122,2013,5159,-501
217,-409,-3079,4410,-9794,-1209,5782,-14976,1132,2846,9590,-2069
947,-699,-1815,4390,-6427,-1184,4830,-15402,-326,2674,16794,-1961
599,-49,-1305,3122,-4618,480,2722,-16384,-1538,2049,15622,-1836
-351,-291,-1907,2352,-4873,966,1990,-15834,-2144,1301,12069,-1884
95,-181,-2805,3515,-8523,-236,2254,-16070,-1480,566,10994,-1104
1029,533,-3063,4109,-9825,-652,1718,-15958,70,629,9219,-199
1095,1385,-3297,4811,-10259,-1339,868,-17818,640,1983,7526,-104
1435,971,-2043,5240,-9268,-2688,2550,-15102,-1578,2065,7920,358
1387,789,-587,4345,-6087,-3816,3034,-15162,-1810,2204,11612,-361
897,483,469,3144,-3322,-2172,1026,-15568,-2894,1863,11220,-1951
-429,-1275,-1297,3468,-2269,-1396,1186,-15278,-1632,1063,7472,-2096
-1905,-1225,-2199,5002,-5748,-1049,1660,-16436,-1716,941,5257,-1390
-581,-1497,-1673,5530,-7722,-202,2118,-16008,-700,1564,4793,-458
-1099,-947,-1627,5897,-9251,141,3714,-15818,-1070,2893,9786,243
-195,387,-1807,5289,-10666,437,2714,-16174,-1704,2692,14553,623
319,797,-2419,5169,-11136,946,2004,-15642,-762,3091,12006,521
1923,925,-3179,4038,-11876,957,1456,-15932,930,3094,16817,1737
-505,319,-3679,2974,-8751,533,1106,-16462,798,4930,13504,2723
-1909,-279,-2487,2906,-7217,-2531,1902,-15574,-100,4789,13465,3848
-2975,531,-1641,2909,-4818,-6344,-1050,-15620,-478,5826,19503,6614
-4375,593,-1373,2309,-2089,-10049,-4428,-14712,-1138,4166,13622,10114
-5611,-15,-2561,2227,-5,-13621,-6018,-14116,-1586,2952,6222,12334
-5987,-2155,-3469,3278,-971,-15723,-6070,-13750,20,2649,1556,14315
-3395,-2955,-3759,2718,-2801,-16555,-4666,-12482,64,4228,997,14008
-3031,-3507,-4063,1963,-5180,-15864,-1750,-10650,-770,2961,625,12790
-2007,-4245,-2559,-337,-2452,-13514,-2232,-9856,-1856,525,397,9692
-1023,-5639,-3503,2093,2950,-11089,-2114,-9694,-1690,-2558,291,7565
-977,-7091,-3003,8335,2945,-6795,-2656,-8794,-2384,-6093,462,6995
-273,-7931,-2849,11735,1238,-2509,-2156,-8668,-564,-7804,489,5637
-2583,-7423,-1899,16045,457,932,-2870,-6486,-662,-7940,3038,4991
-1279,-8505,-19665,19670,-8456,772,4680,-15864,22382,-14226,9102,3890
-2561,-9309,393,-5655,2423,1653,-734,-3972,718,3829,-1468,-3544
-563,-8649,365,-3220,-1983,5428,-778,-4898,-270,1749,-4581,-7760
-1149,-7987,147,-1482,-861,7520,110,-6744,-534,23,-4900,-11138
-557,-7199,637,-362,-754,10331,-856,-9362,156,-771,-1415,-13692
-985,-6081,869,1200,-251,13000,-288,-11776,314,175,2075,-17018
-1121,-4713,185,1511,-248,14623,238,-13558,-1962,-436,-518,-23079
-1847,-619,-957,4033,-3806,16110,-630,-20730,-1318,-6044,-9100,-24745
-5747,2009,3547,4264,-1370,15021,260,-30026,2250,-211,-16103,-22782
-2177,783,1197,-3310,6121,9911,4620,-15936,1784,-1240,-1457,-11366
-5255,277,1571,-7476,19674,8070,-1812,-18980,-6578,-3388,13971,-4469
-7717,-3083,-347,-6069,10861,1087,-824,-16084,-3052,-1433,6688,-2173
-1033,-2811,-243,-390,-1529,1560,1186,-16116,-2016,-1052,8359,-841
-2585,-1285,-2127,4345,-6464,1805,2730,-15586,-1648,-3910,5056,2914
855,-857,-1025,4092,-8071,736,5004,-16940,506,-1897,9122,3651
-1311,-227,-1859,4375,-9612,291,2540,-15728,-1638,1396,12468,2407
1219,1501,-1821,7408,-16155,-909,3420,-17998,-1252,3546,20437,3064
1621,399,-2201,5364,-15360,-194,2268,-14466,-3168,3553,23402,3324
1693,885,-2407,3458,-12489,-584,222,-14698,-2294,301,11723,1690
1145,1119,-2305,2078,-10512,-1319,738,-15550,1646,765,2293,-1257
1063,77,-1663,1568,-8284,-2255,5786,-16242,4750,384,2080,-925
529,-309,-1319,1606,-6222,-1807,3438,-15878,1008,1154,9211,756
327,-1013,-1361,1499,-6192,-808,3266,-15922,-1564,1525,6841,-18
11,-643,-853,1075,-6467,-517,2272,-16022,-2178,1058,4469,635
433,-373,-549,2551,-6818,-1065,1868,-15924,-1836,-1176,2598,1931
-971,3367,1279,3108,-7678,-1229,2506,-16170,-1074,2284,-3100,-1294
1319,-621,241,3521,-5367,-4540,3446,-15854,-1894,1369,11119,158
647,1565,491,3968,-4846,-3701,586,-15712,-3766,2373,12646,-618
1197,-781,-165,3115,-3268,-3382,1440,-14380,-2932,433,7240,-1254
199,-1023,-783,3945,-3944,-2584,1560,-15492,-2398,-883,4532,-959
-521,-1125,-711,4528,-6020,-1233,1974,-16182,-1792,364,7805,513
197,-371,-1437,5033,-17039,-3772,1754,-15754,-1448,2628,12139,2121
1413,57,-1245,4541,-7832,-433,2620,-14900,-2230,2270,8886,2102
157,889,-1375,3123,-6401,1729,2078,-17138,-3086,2675,10910,1572
919,-483,-1911,3435,-9163,2384,2248,-15182,-1056,1744,9736,691
315,1459,-2023,3053,-10126,882,2498,-16506,448,1937,6268,215
1269,457,-2085,2498,-8857,-1716,3654,-15520,126,3547,9459,-774
979,209,-1549,2368,-7327,-2874,3826,-16020,-874,2446,10271,-1166
743,-359,-1499,2729,-6747,-2680,2500,-16454,-1722,2211,12187,-932
347,407,-1585,3604,-7480,-1696,1860,-16674,-2410,1155,9957,-463
223,-627,-1225,4369,-8679,-1187,1730,-15050,-1754,634,7833,477
153,1309,-829,5367,-9793,-1656,1106,-17686,660,2314,6271,1786
909,-347,-347,4139,-9022,-2553,3694,-14718,-1652,2979,4252,420
1101,185,-969,3897,-7686,-3367,2332,-15634,-3068,3900,12697,89
-51,1005,151,3586,-6577,-2300,1400,-15396,-3320,2650,8923,-490
577,-481,-647,3965,-6275,-2169,1912,-15192,-2100,1296,7237,-1468
-115,-43,-549,3503,-7412,-1748,1968,-15842,-2262,517,6715,-1497
307,-965,-763,4937,-7881,-1220,2454,-16028,-1824,1089,8805,-724
315,-289,-1241,5436,-8345,-853,3004,-16640,-2460,2631,12368,-507
-325,973,-1773,5102,-8891,49,2194,-17358,-2306,2748,15159,2163
-683,155,-2225,4376,-8382,540,2350,-15502,-1514,4638,16504,2263
-147,799,-3011,3758,-9499,-518,874,-15166,-800,3810,14600,2769
441,709,-2499,3290,-8647,-2643,1488,-14910,-690,4399,9457,481
577,131,-1689,3246,-6912,-4432,1812,-14518,-146,4575,12724,-170
-347,75,-1513,3765,-6216,-4793,550,-15768,-902,4202,15199,853
-2197,1,-601,3700,-6205,-5022,-410,-15600,-690,3819,13537,3623
-3993,817,1145,3046,-4405,-9287,-4054,-15498,-16,3795,13079,9838
-5245,1107,659,-925,709,-13007,-8072,-16120,-1630,4330,8471,13983
-5925,-2301,-2463,443,2234,-15546,-7568,-15018,-2072,2474,1193,18220
-4779,-2727,-4059,1398,868,-16265,-6732,-12164,-3720,2972,2979,18071
-2163,-3803,-5601,4570,2288,-15505,-2640,-10688,-3186,1694,-1079,15740
-271,-4481,-3343,5655,2875,-13821,-482,-8418,-3120,-2018,-2134,11515
979,-6511,-3691,9129,2801,-9126,970,-8818,-2764,-4960,-1259,7267
-885,-6527,-5337,15068,1062,-4758,-358,-8114,-1442,-7657,-1172,7014
-4511,-4071,-593,19432,1464,-324,-1386,-8926,684,-6764,3814,4278
-3477,-4285,-931,18899,4077,-1470,-2488,-7944,254,-2319,3883,2593
-2551,-3577,13891,-417,6461,68,-1792,-8452,592,9127,920,-4859
-1287,-8923,889,-1862,1399,3902,-552,-6454,-930,969,-5532,-5356
79,-8787,-1125,-492,-2304,7334,1254,-7570,-860,438,-6348,-10521
-811,-7951,-353,-827,-138,11392,-1200,-9590,-176,690,-7104,-16225
-2111,-6471,-1485,-142,2265,14599,-238,-12744,510,-701,-5215,-18283
-3259,-4917,-2907,1875,-969,16097,898,-16688,382,-3587,-3406,-23244
-3491,-1061,-523,3389,-3408,17113,-4568,32188,3634,-2678,-15055,-27386
-1997,3617,511,-2479,-1941,17683,5386,-20382,6104,-4286,915,-17425
-2571,3587,-1343,-4783,4491,16709,4206,-16364,3144,901,17852,-9781
-1871,-223,1477,-5160,6290,10401,2098,-15246,-2796,-1363,635,-1313
-2681,2981,385,-1949,-591,4272,-288,-17042,-2180,-1691,-3861,-1603
-1533,-1281,-539,1378,-4781,277,1782,-15966,-116,-2327,-9855,-640
-811,533,-1275,2196,-5036,-2441,-12,-16204,362,-2114,-12716,2500
-131,591,-857,2667,-5543,-3829,6794,-18184,1426,-1112,-7595,3643
1699,583,975,3267,-8171,-4768,5896,-16232,512,201,17432,3023
1751,463,-921,3736,-12226,-4803,2866,-15328,-2462,1028,32767,2739
1259,333,-635,2098,-5969,-5021,7072,-16826,-562,3938,24276,-3319
-203,-13,-2135,3956,-8355,-2953,4336,-16416,-2740,3958,32767,-2825
83,429,-2625,5234,-13714,-2810,1328,-16494,-3582,3407,21764,-1028
1001,789,-2885,6057,-12891,-2232,1650,-15428,-3208,346,13245,-583
1269,325,-2205,4371,-10044,-1524,2274,-15576,-2220,-1182,10758,-125
1719,567,-3193,3352,-8020,-1688,2596,-16646,-706,-639,11653,-596
467,955,-2759,2886,-7330,-1167,2628,-17120,2892,730,5767,1401
1201,169,-2801,2988,-8329,-1038,4016,-15356,4828,4628,20775,-1027
1183,-129,-3023,4050,-10189,-990,2222,-15824,-680,4273,13353,-451
843,-151,-2849,4621,-10044,-751,2020,-15728,-2842,1274,5104,-734
805,-685,-1443,4976,-10623,-1140,2460,-15120,-1864,-841,6249,-42
-65,3989,-513,5803,-11579,-953,1362,-18658,-1460,-1175,6601,1785
1057,-997,1531,1341,-3808,-2815,3782,-13344,-664,191,1929,-463
-893,1601,441,3589,-6226,-4919,1352,-17450,-882,551,7179,-436
885,-19,-661,4091,-7583,-4489,1802,-14678,-736,1355,8714,-2126
1359,-1587,-1097,4726,-6877,-3106,1708,-15820,-1714,448,5502,-1732
1051,-1665,-1001,5145,-7594,-1040,2816,-16516,-594,866,7461,-980
143,-989,-1263,5971,-7816,1043,2958,-16554,-606,1536,8622,-30
315,27,-1707,5469,-8394,1981,2790,-16894,-1458,1763,12062,944
607,849,-1137,4163,-6498,2416,2178,-15346,-1678,778,8937,1189
513,695,-2401,1890,-5238,2693,2464,-15716,722,162,4982,435
43,1033,-2885,1919,-7388,1429,4630,-16504,2010,2282,6231,-1337
939,175,-2859,2886,-8935,-480,4310,-15616,1044,3284,13643,-2325
515,409,-2327,2978,-8999,-932,2520,-16126,-1076,3279,13864,-1486
1135,-207,-2489,3392,-9906,-995,3338,-15946,-1388,2767,12651,-755
999,-463,-2535,3895,-9846,-1017,2022,-15122,-1788,1905,11398,355
555,481,-2253,4419,-9918,-882,1640,-15908,-142,1275,8518,495
91,2471,-2037,4746,-10631,-1026,-164,-17644,2928,2255,8068,1002
1101,49,-917,3396,-8253,-2997,3812,-15066,16,3964,4637,517
359,-497,-263,1289,-4202,-4546,2472,-14248,-1988,2853,10984,88
-131,2071,-1151,2156,-5506,-2877,374,-16210,-2944,2537,8967,-856
-43,-455,-2167,2983,-4373,-2891,846,-15352,-716,993,6681,-1815
13,-2187,-2007,4931,-4447,-3371,644,-14986,292,1525,8389,-239
-2957,-1769,-1731,8302,-8655,-4088,592,-15326,-338,2129,8682,4112
-1723,1679,463,5865,-11591,-5919,-2294,-16380,-1076,4820,17347,8689
-6023,57,-2401,1174,2061,-11238,-6018,-15444,-550,2386,15408,14573
-6383,-1597,-3679,353,1222,-15077,-4110,-12848,-1432,2117,8347,13179
-2679,-2167,-4655,-58,-1198,-14283,-3176,-11234,-1732,1163,5681,8664
-647,-4079,-6325,1191,111,-11822,-2086,-12096,-1626,-726,729,5282
-2143,-5021,-3995,6265,-1521,-9327,-2322,-10786,-3510,-5545,-6997,10916
-121,-6175,-3947,11201,442,-6423,-2240,-7828,-3212,-6869,-5102,9151
-1817,-6443,-2691,16153,-74,-3555,-406,-7134,-916,-9507,-2770,8834
-1619,-7389,-651,17363,236,-2325,-850,-7034,-442,-6614,-3214,5806
-10349,-1917,24459,7331,6815,1024,1820,-9758,6858,905,-9801,-294
-221,-8099,193,-2553,-3283,3268,-1300,-5494,-1096,4850,1034,-5350
-71,-8317,143,-183,-2062,6323,-1514,-7044,-1046,466,-445,-6550
-2677,-6991,213,-1816,-132,10663,-1144,-9072,-400,268,-4095,-11486
-373,-5665,147,-791,1754,12957,-1586,-10796,356,-1640,-4245,-13059
-2773,-4235,-987,1933,-711,14858,-2512,-14410,710,-6578,-10507,-15705
-2399,-347,843,2445,1223,14663,378,-18784,5792,-9157,-4553,-14881
-3263,2199,1551,-1798,4594,14482,7216,-18066,4988,-2204,6585,-14646
1431,5273,2083,-6166,8183,9879,-568,-21244,4244,-3034,8930,-12937
-3389,-1373,229,-1801,4848,1588,-5326,-18032,-2466,370,4572,-8240
-865,-1411,-517,-110,920,803,1010,-16234,-1710,-604,-3993,-2971
-1287,-1021,-925,511,-761,-476,2690,-15826,-840,-1165,5857,-772
-1891,-675,-179,2064,-6801,-332,2674,-15878,-1742,-1788,16601,5754
-933,-107,-1619,4370,-8448,-1113,6,-16652,-2550,-523,14329,6088
1673,409,-1075,5697,-14459,-907,1530,-16520,-990,-268,-2738,593
2055,513,-2049,3630,-12124,1210,6144,-16540,1202,2691,4153,893
353,1071,-3811,2414,-12620,1166,2734,-15824,108,3949,7747,-110
1525,-119,-2501,3839,-13453,-1429,3518,-15518,-52,4770,13881,-2688
1367,999,-1159,2837,-8856,-1789,1548,-16982,-774,4398,14912,-1530
319,-427,-1779,2062,-6752,-844,2512,-14868,-1390,3484,15071,72
1775,-939,-2081,2641,-8591,-1534,3196,-14496,-2418,3182,15800,485
969,1967,949,2257,-7031,-1481,234,-15584,-2884,3643,9050,-2729
2829,1563,1055,1790,-6423,-3419,1842,-16602,-1528,2025,11568,-1527
1735,221,-531,1785,-4965,-2930,1158,-15324,-2476,1448,7232,-2206
1459,-893,-845,3626,-5752,-2424,1760,-15256,-2348,618,6706,-802
491,-1047,-963,4929,-8424,-473,2248,-15988,-1734,1671,7967,-375
161,229,177,4222,-10131,172,2472,-17050,-2176,3041,11905,804
-37,1515,-833,3851,-11783,2343,2408,-17438,-1860,3912,14275,1767
1265,-65,-3675,5378,-19434,1037,1956,-15086,-1360,3826,12562,573
2977,1489,-4017,3771,-11425,1150,2526,-15688,-390,2972,7605,-91
2099,899,-3099,1255,-8213,537,2364,-15698,-452,3145,7488,-1516
1795,513,-2845,875,-6455,-449,3014,-14974,72,2992,10726,-1560
1315,387,-3167,1544,-7989,-996,2160,-15820,58,3345,11653,-931
1499,343,-3015,2583,-9057,-996,2008,-17258,14,3930,10444,-1816
1697,873,-2347,3123,-9674,-1028,2344,-16498,-750,2205,10890,-1180
2151,1081,-2107,2995,-9369,-1565,1538,-15322,-1716,1378,7559,-1241
2817,1969,-1741,2608,-8853,-2138,868,-16686,-964,284,3047,-808
3581,667,-1003,1718,-7085,-2628,1310,-15098,674,161,1706,-553
3793,-977,-263,679,-3275,-2903,3500,-13918,-490,2321,6544,-2021
681,2175,487,2056,-3125,-2708,1802,-16838,-2074,726,8865,-429
-211,259,-1489,3180,-4833,-2293,1678,-15686,-2624,2623,8771,-1977
569,285,-1871,4978,-9469,-1923,2112,-15658,-1460,553,6192,-1725
1529,-335,-683,3614,-7701,-1120,2462,-15290,-2024,665,6006,-1515
2219,-729,-593,3624,-5657,-124,3134,-15242,-1500,484,8104,-720
4803,2919,2357,647,-8379,2385,2626,-18492,-1436,1415,11183,470
-211,935,-4409,1678,-8346,1068,2564,-15194,-328,1298,10901,1435
965,1093,-3509,2666,-10044,-195,1768,-16428,-772,727,5640,1001
-333,103,-1823,1391,-5996,-954,2944,-16186,48,2032,4824,-352
-111,-309,-2355,1555,-6999,-1771,3520,-15366,666,2681,11969,-574
513,425,-1709,1622,-8014,-1613,2396,-15382,242,2713,13132,22
1033,441,-2411,1636,-8762,-2056,1914,-15514,-500,2302,10678,-246
483,629,-2545,1888,-7039,-2815,1388,-16050,-352,2431,10617,-212
415,185,-1811,2428,-6992,-3735,1608,-15754,-160,2778,11848,614
103,-113,-641,3500,-6442,-5332,1144,-15532,304,3590,14384,2314
-1283,1893,1323,3955,-6453,-7136,-916,-16142,-82,4389,14047,4463
-1181,153,2563,2017,-4736,-10299,-1366,-14894,-1654,4084,14389,8002
-2605,539,1245,-494,-1624,-11030,-6242,-16074,-3324,3368,8158,10300
-4587,-783,-263,-2488,2124,-10966,-5212,-15404,-1798,2431,4531,12883
-5563,-2625,-2907,-1501,2880,-12482,-5406,-14274,-2192,2801,2636,15367
-3063,-2237,-5589,-448,3049,-14829,-4336,-12860,-1888,2118,-1824,16189
-4249,-5367,-5159,3075,6094,-15478,-2646,-11598,-2166,2924,-4509,15640
-2049,-5553,-3843,5267,6640,-14901,-2438,-9298,-2320,3432,-1761,12588
-1061,-7181,-4293,9722,3413,-8711,-1558,-8378,-2346,-959,2242,9962
-1521,-6925,-3159,13297,2367,-4254,-848,-7570,-960,-6501,1729,8801
-661,-6791,-1655,15254,1119,-2649,-430,-7162,-606,-7837,-2177,7120
-1033,-6365,-2481,16453,159,-396,-860,-5632,1134,-7339,176,6814
-2085,-5863,-219,16703,1689,1320,-1272,-6770,2250,-5243,7131,4692
-17865,-1897,22391,9168,-12458,-81,-2190,-5462,5990,3112,6860,1005
-715,-10253,-27,-3081,9414,1177,-1524,-2478,-3464,5561,1325,-5014
-257,-9841,293,-2694,1437,2897,-1796,-4398,-1168,-252,-7590,-4681
-1377,-9669,-1609,-2588,-1435,6258,-42,-5026,158,-1742,-7951,-6347
-1063,-8825,-79,-1481,-3519,7752,-2,-6932,962,-1907,-4863,-9199
-1027,-7653,703,-921,966,11186,-12,-8744,1044,439,-417,-13216
-1733,-6707,-827,-1519,-1452,12953,-484,-9514,-184,-372,864,-15027
-2591,-4875,-1071,-1038,-2398,14751,-654,-11814,1282,-2043,-2900,-14958
-3807,-3079,-2587,-1330,-3326,14651,98,-15166,584,-4434,-5552,-22263
-6941,-1377,-381,-1199,1555,15369,-6076,-25334,-116,-7042,-13955,-25080
-4103,593,-17,-1498,162,14002,1700,-16750,4048,-6895,-5930,-18580
-2251,1261,-49,-854,1655,12364,1450,-17674,3626,-5272,-1175,-11738
-2619,569,-1237,-3413,7054,8562,754,-15652,480,-5181,-10167,-4049
-2369,-281,-1021,-1929,2112,4918,2778,-16058,1876,-907,-4469,-2613
-1687,-309,-469,-459,2172,761,3758,-15632,732,-725,4889,2499
-1911,-195,-129,1275,-9,-2448,3858,-16136,778,2400,22231,3685
-435,577,-617,2989,-4728,-3579,3246,-16326,-2050,-929,22506,5766
773,411,-845,3466,-7176,-2339,5378,-17334,742,5009,20357,-3627
1175,-99,-1655,3830,-8145,-2006,944,-15874,32,1699,14389,-3184
1005,-499,-1045,4649,-9543,-1791,1998,-15624,-1362,794,9981,-2507
785,-29,-97,4219,-9764,-385,1764,-16164,-1850,-118,9725,-933
-179,-391,-851,4026,-8401,752,2594,-15770,-1740,1316,11889,-24
69,895,-1325,5189,-12268,666,94,-19250,-2228,2122,7271,1453
2897,555,-1375,4383,-10984,1400,2800,-14572,-642,1498,11053,-856
785,245,-2485,3465,-8684,1472,4230,-15948,1256,1392,9666,-1812
917,1083,-2761,2104,-9370,271,2380,-16012,464,3149,11792,-2410
861,129,-2211,1958,-9077,-1494,2742,-15254,-148,3113,10794,-810
967,309,-1949,2405,-8255,-2282,2700,-16196,426,2094,8771,-611
1011,-685,-2445,3163,-9003,-2384,1950,-14932,-768,1056,6662,-610
757,901,-2181,3633,-9223,-2529,2096,-16388,-824,226,5643,455
903,2287,-893,3115,-8798,-3256,2796,-16338,998,257,4131,275
1373,987,-381,3655,-7500,-4449,2820,-16480,-1008,1794,10053,-805
1693,1371,-529,3566,-7431,-3110,1540,-16046,-2296,1820,7511,-2006
1727,-507,-525,2802,-3791,-2185,2098,-15068,-1930,384,5693,-2015
-275,-1725,-255,3819,-4802,-1372,2848,-16164,-980,23,5942,-1105
801,-1125,1123,3509,-4513,-401,2680,-15202,-912,1630,12261,-235
-1447,793,-2275,3625,-6106,126,2680,-16960,-1532,874,9333,940
1673,-167,-1829,6033,-12271,1095,2882,-16152,-1438,2252,10308,-938
499,523,-2777,4763,-8793,2572,3124,-15886,1670,1139,11258,-411
853,-47,-3029,2497,-8032,1429,2300,-15162,-18,2935,10823,-1559
1097,775,-2643,1792,-6576,-734,2692,-16258,-468,2527,9539,-2473
1543,-391,-2203,1542,-4785,-758,3098,-15760,316,1832,8055,-1623
-1425,-469,-1635,2620,-5636,-373,2752,-16592,-396,985,7378,-925
451,93,-1471,3920,-8533,-1270,2690,-16286,572,474,6695,952
151,1479,-365,3620,-7690,-2182,3750,-16750,362,3525,4372,-116
755,-401,-857,3987,-5940,-3961,2700,-14892,-1812,1702,8832,858
527,1197,-1063,4513,-6880,-2219,1956,-15630,-2862,2607,9020,-1071
393,-147,-1967,5587,-7948,-1545,2034,-15300,-1810,782,6794,-1766
127,-715,-2057,5833,-8616,-1008,1952,-16054,-1012,447,5711,-1373
193,-1075,-1013,6396,-9095,-120,3748,-16532,318,2008,8623,-1133
-461,-327,-1781,6055,-10499,163,2988,-16148,-2126,3943,15278,-1778
-1153,701,-2333,5219,-9476,65,1814,-16682,-1512,4226,17314,-332
1789,-145,-1709,3697,-7718,138,8,-13638,-1024,2837,16499,1007
-671,957,-3211,1506,-4833,-72,-1176,-15228,0,1824,7448,1087
-529,-375,-2807,2549,-6792,-2118,1238,-14776,1974,2116,5729,657
-1537,-161,-1863,3800,-5761,-4682,46,-15754,1092,2987,11771,2751
-2705,-231,-1029,4121,-4368,-7413,-2290,-15186,-1124,1536,12195,7712
-3597,-967,1331,662,1287,-10661,-4972,-15126,-1570,2032,8784,11395
-6373,-1603,-2231,-2741,4855,-12197,-4022,-13590,-310,3147,4893,10342
-3105,-3411,-2143,-618,1493,-13659,-2672,-11368,-2016,869,6785,9774
-3247,-3609,-3933,1321,-2441,-13185,-3522,-11664,-3052,-2403,-1012,8924
-2647,-4897,-4855,2971,-1280,-12428,-3784,-11616,-3864,-3774,-3482,10083
-2087,-6765,-4109,4042,-984,-8816,-3040,-8488,-3686,-5364,-3699,8497
-521,-8831,-3457,7519,3551,-5628,-2970,-8748,-3118,-3278,1956,6407
-699,-9363,-3007,11308,1360,-2291,-832,-6478,-1904,-4468,-2009,3953
-859,-8375,-1931,14792,-327,163,-1702,-6972,-808,-10480,-4850,5282
-2385,-6589,523,17941,1538,1503,-3236,-6368,-126,-7530,742,2042
-9327,-9187,24423,11515,1486,3496,-1590,-4906,1404,-875,-7856,-34
-5427,-7585,2569,-3834,2675,1168,-750,-4218,532,-1036,-1227,-1325
-285,-9761,-649,-1078,-1712,2671,-2472,-5920,164,3285,-3628,-6330
-1917,-8855,455,-1015,-1240,4430,-630,-6024,-100,-1517,-5013,-5745
-811,-8093,-215,-1919,-1424,7035,-642,-7584,776,-3414,-4750,-8329
-1783,-7187,179,-616,1781,10055,40,-8692,846,-5238,-2779,-10524
-663,-5959,-81,-254,317,12386,1026,-10530,352,-6027,-6435,-15098
-2925,-4503,-807,-217,2315,14508,1538,-13948,602,-10384,-1984,-16972
-3881,-2263,-877,-737,4856,14564,1280,-19374,-856,-10025,-756,-19179
-4609,-407,-1025,-2858,3658,13754,-1354,-23942,-170,-7976,-7462,-19388
-3909,1147,-421,-4380,3200,12686,4576,-25132,5304,-5217,4742,-14667
-2803,-347,-511,-5522,5729,9000,-774,-16398,-3760,13000,32274,-6821
-4109,-377,-13,-4090,3787,5329,-1584,-13176,-6634,785,4275,2265
-2929,-861,-1171,-3245,-692,3307,2088,-14550,-2958,770,4094,3573
-1123,-827,-815,-911,-2340,1939,980,-16054,-1272,589,7835,-1012
-1577,65,-599,971,-3686,1283,1104,-16830,-994,-670,4082,-1568
-475,-997,181,1943,-5080,98,1794,-15004,-892,-2066,5230,-1449
-217,-935,-343,2786,-4952,-1157,2672,-15594,348,-1647,6169,-623
-271,-999,-759,3389,-5819,-1651,3700,-16076,-880,221,5097,-1147
-253,-17,-705,4327,-8394,-1966,2358,-16696,-1496,1874,8040,-1449
-19,287,-241,4655,-10398,-1613,2806,-16230,-1392,2631,9225,-1360
5433,873,2267,1612,-6453,1316,2956,-15138,-1382,618,12030,-1546
259,1197,-2169,448,-5958,2073,1456,-16120,-1356,189,9812,1102
909,309,-3293,1633,-7179,1277,2298,-15194,306,-895,7903,110
993,1151,-2693,2262,-7955,391,3586,-16784,2690,2006,4435,-1657
823,-233,-1411,2192,-7294,100,3602,-15742,1410,3180,10607,-1899
615,-35,-429,1480,-4673,-206,2248,-15336,504,2398,8908,-546
-221,-447,-151,917,-4854,-742,2588,-15224,-618,1748,8596,-298
-487,561,-1619,2132,-8062,-1399,2982,-15734,134,842,7691,-158
1719,-2065,-913,2317,-9896,-2241,2974,-12022,-1260,296,7131,175
697,6135,-1561,1738,-7600,-2443,1338,-22106,-1390,504,6668,562
1079,-551,-7,2896,-7458,-3130,2998,-15714,-2180,2839,6906,-1837
1791,2011,-587,2959,-6472,-3311,2330,-17044,-1776,1036,8571,331
2015,555,-171,3238,-8446,-2506,2334,-14910,-1936,469,6003,-2
2311,-351,-73,3374,-8658,-2052,2428,-15754,-772,326,4626,-1369
1237,35,-701,3341,-8691,-1969,2626,-16378,210,2135,10403,-1501
1887,-27,157,3577,-9601,-1622,1260,-15480,-1884,2674,12803,-479
1009,27,-705,3389,-9974,-1942,1928,-14780,-2050,2442,9789,319
1115,-113,-789,4645,-8360,-1438,2442,-16066,-2120,1452,7774,413
1361,1787,201,4575,-8379,-288,1414,-18316,-2122,1315,7190,-242
4521,1285,687,2227,-7071,2352,2320,-15050,-238,1419,5361,-903
1075,805,-2035,1346,-6116,3111,2786,-15252,1380,1032,7014,-803
999,847,-2575,1285,-8050,2010,1934,-16364,388,2507,7950,-1991
1607,393,-2271,1637,-8638,239,2742,-15536,314,2738,7746,-2243
903,339,-1405,1666,-8116,-1585,3192,-15486,56,3095,10110,-1524
497,241,-1573,1086,-6414,-1872,2092,-15856,-342,1957,9503,-569
149,-113,-1805,1767,-7216,-1946,2034,-15758,-622,1554,7227,-918
463,-581,-1885,2717,-9820,-2316,2700,-14880,-622,881,6031,-1133
1657,17,-2203,2774,-9492,-2758,1614,-15834,610,585,7021,-1341
351,2709,-1223,2993,-8751,-2995,932,-16494,490,3152,8950,-517
2749,583,-583,3357,-8953,-3926,3368,-15102,-1484,2527,8283,-150
2597,2291,587,2777,-7293,-3208,1736,-16578,-2476,1589,8527,-124
1497,717,-459,2561,-6382,-2314,1476,-15550,-2870,985,6705,-1366
989,-359,-1185,3274,-6668,-2190,1926,-15300,-1644,54,5833,-1541
453,-867,-1045,3837,-7965,-1558,1626,-15690,-550,23,4815,-991
375,-1117,-573,4285,-8380,-1017,3292,-16134,1706,1973,8125,-436
-63,-983,-547,4255,-8373,-432,3248,-15712,-1230,3125,11756,-437
-93,935,-1815,5522,-12817,-1077,1878,-16006,-2836,3282,13488,-327
1629,1113,-1035,5042,-10861,-515,1592,-16984,-1780,2339,7368,-935
3163,359,-1449,4475,-12836,704,1644,-14488,1096,2092,9788,-456
789,1725,-2823,2364,-9599,1126,2110,-16246,44,2361,7346,-1674
1141,431,-2617,1480,-7514,-333,2804,-15940,540,2936,9593,-1795
481,267,-2297,1988,-7003,-1487,2058,-15832,-506,2635,11312,-81
399,201,-2085,2284,-6826,-1616,1800,-14942,-1276,1861,7894,-592
1371,987,-1065,2286,-7291,-1842,938,-15332,312,1694,8224,-1654
1085,565,-963,2249,-6979,-2055,1032,-15500,1136,1898,8615,-1168
817,137,-407,2344,-7424,-3454,1008,-14948,708,1784,6998,-31
1275,247,861,2813,-6762,-7127,1194,-14296,294,989,9307,2583
-1559,3215,3173,-1093,1766,-9773,-2202,-16908,242,3911,12085,5163
-3121,653,2005,-2147,6537,-12189,-2866,-16914,-1160,3158,14540,10265
-6461,-1933,-17,-2455,3991,-12962,-6406,-15606,-1588,4038,11662,12450
-3215,-4797,-1545,-2421,4202,-13326,-4700,-14048,-896,3094,6759,12336
-3207,-4769,-8127,7035,1096,-10918,-2344,-12424,-3454,494,-1430,13718
-2639,-4229,-5755,6555,294,-8992,-4690,-11374,-4856,-2308,-6563,12732
-2363,-2785,-4045,3333,-2040,-9025,-306,-7590,-1600,-1886,-1891,6855
-1087,-4759,-5649,7494,1248,-8508,-2616,-9692,-3334,701,7311,3996
-751,-5375,-3517,9890,-3175,-6427,-3490,-8542,-2432,-8413,2631,7448
-1629,-6663,-2497,14229,1875,-4024,-2618,-9706,-944,-11111,1508,6876
-2663,-6407,171,18034,-792,-1718,-3850,-7984,-220,-10326,5017,6273
-11203,4011,31826,7239,9262,-3716,-3600,-16148,-10448,-189,-5398,7359
179,-9443,1021,224,-790,-430,-1534,-5200,-1536,4287,-2606,2647
-283,-9381,35,-65,-3587,3128,302,-3888,-596,2429,-10129,-5056
-1765,-7903,785,-1303,-3792,6829,-66,-6808,-126,-1139,-2166,-8264
-355,-7181,1215,-899,-120,10556,168,-9448,346,-3644,-5638,-11229
-1617,-6237,291,-602,1761,12996,-776,-10938,1220,-5108,-5654,-16200
-2683,-3901,-995,772,4504,14217,-1078,-14144,1168,-6391,-4791,-18459
-3439,-1485,63,214,3641,12925,2254,-18350,188,-9798,-8210,-19547
-4941,-363,1035,-2806,8014,12546,1242,-24616,-554,-11220,-7431,-19975
-4045,1665,-969,-7551,6582,12062,-804,-18154,1156,-4405,1912,-17194
-2749,545,-799,-8380,10169,8348,668,-18348,-1752,1056,32767,-1474
-3179,235,-1241,-6318,9641,4507,-2688,-13822,-4174,-4887,4346,-101
-3551,-425,-1821,-1199,2262,3081,2454,-15788,-2574,751,9924,-413
-2147,-2081,-1971,2443,-4844,2106,818,-15690,-1170,1360,16592,343
-1059,-1063,-2001,4244,-5336,144,1732,-15732,-602,281,10749,580
-243,-713,-1253,5143,-9618,-1547,2672,-16548,-86,304,3873,-641
1783,421,2451,3286,-9772,-1301,2346,-14398,-2110,-3342,162,1993
-99,-477,-599,4811,-8625,988,4996,-15878,-2088,2664,8818,-2181
1639,641,-77,3602,-9460,2909,4304,-15684,-2680,308,10279,-236
555,-279,-2603,2286,-7717,2291,3356,-15530,-2418,-1482,10354,1001
-85,889,-3731,1944,-9625,946,4860,-16470,-588,-1676,5650,83
389,1107,-2899,1819,-9733,-488,2900,-15950,1978,943,13112,1872
671,401,-1981,2083,-8586,-1972,2622,-15438,312,3003,15585,1306
477,115,-1929,2069,-7081,-2307,2036,-16102,-1824,1981,5650,-638
1389,-209,-1925,2736,-7395,-3390,3346,-15958,-852,-63,4809,18
919,343,-1871,3208,-7431,-3120,2236,-16072,-766,648,9142,880
967,1189,-583,3478,-7172,-2620,3056,-15974,-1040,1058,3439,13
1321,155,-637,3014,-4731,-4002,2950,-15902,-1578,1010,6609,-402
417,1045,-283,3717,-4500,-2757,2630,-16482,-2970,705,6580,-247
261,-697,-1187,4165,-5700,-2104,3020,-15376,-2660,505,6699,-758
575,-751,-1203,4861,-6617,-1661,2648,-15404,-2744,188,6992,-575
501,-763,-1083,4902,-6445,-654,2620,-15754,-2632,-664,6413,7
161,-681,-947,5042,-8424,-166,2734,-16344,-2124,-133,8292,535
-589,-43,-815,4114,-10006,1250,2926,-16008,-1094,1030,10947,730
367,-379,-1073,5052,-7048,1017,3338,-15270,-2452,1231,8605,-293
3023,599,-605,2852,-6448,3879,3216,-16386,-2732,956,11168,-42
107,409,-1617,474,-4496,5641,2978,-14850,-1408,712,10281,-642
867,1047,-2773,1054,-8390,2322,2212,-16724,56,470,9621,184
1125,1739,-2779,1241,-8382,-468,3056,-16216,-44,434,3445,65
1767,267,-2591,1447,-7031,-1714,4872,-15496,8,1643,7161,-696
1899,-81,-1655,1755,-6198,-1405,4538,-16084,-794,1853,9536,-1048
2323,463,-1247,1892,-6550,-487,2512,-16126,-1350,672,7291,-872
1557,635,-1935,2811,-6228,-1076,2490,-15678,-1928,-1146,2446,190
1075,2557,-1137,3362,-5714,-1115,2732,-18016,-484,-710,5420,1850
1997,759,1175,2130,-3206,-1683,4238,-15422,146,1090,1988,544
575,-723,317,1469,-741,-3208,3982,-15260,-1530,1944,7519,968
623,623,181,1728,-2247,-2243,2328,-15672,-3390,1327,6793,664
-5,-243,-1305,2426,-3869,-856,2610,-15374,-3002,358,6079,-77
-187,11,-1335,3322,-4868,-720,2524,-16030,-2470,-858,3654,-116
915,-529,-1479,4051,-8331,-915,3040,-16362,-2008,-786,4808,632
437,-555,-991,4961,-10504,-299,3932,-16998,-798,91,1039,499
2085,-281,-239,4813,-12225,1245,5358,-16688,-700,1441,8750,901
-265,833,-1863,1654,-6846,3712,3086,-15372,-2416,2144,14776,2166
593,187,-3609,1609,-8001,2668,2612,-15494,-646,942,7164,83
659,1033,-2965,1811,-7956,998,2350,-16388,192,1728,6996,194
787,433,-2103,1939,-6278,-702,3558,-15688,-360,2767,6667,-1083
223,187,-1689,1648,-5239,-963,3770,-16002,-454,2586,9016,-520
275,-65,-1931,2328,-7908,-1036,2804,-15796,-1194,1671,8021,49
473,707,-3017,3191,-9273,-1895,3158,-15994,-1128,1389,9065,1097
697,233,-3043,3846,-8648,-3158,2354,-15368,-368,1308,9624,1862
-575,1927,-2423,4326,-8321,-4062,1446,-18012,2060,2287,9074,835
721,-413,-1549,4567,-8013,-5725,2904,-13098,-828,2391,5641,600
307,1425,791,5521,-9858,-7398,1446,-16620,-1570,3258,10605,1424
727,951,2577,2528,-5947,-5909,840,-17050,-1690,3130,11383,3512
-1301,-273,4483,-2850,2553,-5037,-640,-15440,-2364,5313,16797,6914
-5567,-1041,-685,-6229,4471,-7827,-6056,-14604,-1510,5120,11478,11894
-3893,-3295,-107,-346,5690,-8996,-4880,-15462,1042,6804,7027,15434
-3889,-4643,-3375,-3415,1970,-11004,-3968,-13834,-1800,5422,4789,15871
-4557,-2309,-7803,539,-561,-9781,-3246,-12024,-1840,2363,-1278,13429
-3789,-143,-5249,2891,4146,-12091,-3366,-10816,-1880,3,-3635,11433
-2495,-2247,-5639,7525,4058,-11404,-2884,-9012,-1666,-1236,-1204,9862
-1465,-4467,-4409,12653,1345,-8706,-1984,-8518,-1604,-3226,2265,7584
-1565,-5707,-2585,16131,165,-6772,-1324,-7820,-1308,-7538,3756,6788
-1715,-6877,-1725,17038,2253,-4685,-3934,-8232,-1258,-9646,-9,5688
-2587,-6987,385,18102,2565,-2156,-3242,-8212,2120,-9136,389,6860
-19125,1315,31826,7999,-1979,-2269,9342,-13158,3064,-421,2016,5022
821,-9175,1677,-4735,3863,-159,814,-2566,-132,1736,-3933,-473
443,-9963,-1089,-4579,-3056,4043,1442,-4674,-96,1083,-8259,-5200
-211,-8801,-233,-2157,-2273,7825,-286,-6886,50,-5205,-6417,-8113
-555,-7915,77,-917,200,10909,-1532,-8904,8,-5428,-820,-10074
-1829,-7219,-941,760,196,12540,-1546,-9852,284,-4851,-882,-11462
-2813,-7753,-1321,1446,1305,14380,-2374,-10432,2458,-5993,-836,-12448
-3137,-6095,-899,2276,854,14929,-1906,-10050,3506,-9092,-7405,-12822
-5723,-2433,-905,3412,-1254,14872,1326,-15354,1380,-8323,-7361,-17963
-4129,-411,559,1121,-1989,13510,2916,-18750,1564,-10949,-6665,-19676
-2539,1751,-671,-1263,218,12497,3178,-27914,1748,-5790,4561,-20340
-3059,2653,49,-2622,401,11211,1148,-19466,7104,-1202,32767,-9012
-241,-781,721,-2768,2705,7101,-120,-13962,-3902,-1569,19389,-4253
-1629,713,-21,-1678,5868,1632,572,-18590,-4832,2202,15366,405
-2395,-287,-1387,1395,1476,-2109,1174,-15690,-4046,-60,11575,-1568
-1265,-137,653,2594,-3031,-2709,1352,-16166,-2350,-1549,9476,391
247,-483,-415,3078,-7534,-1026,1834,-15778,-1728,-2005,9749,-24
197,-491,-1271,3172,-10243,-1477,2712,-16064,464,-2079,8733,280
407,-783,-1455,4661,-11017,-2378,1260,-15402,-582,1594,8501,328
-43,631,-2087,6849,-15681,-2622,2526,-16898,-1510,1123,4541,1021
2685,1191,-999,7188,-16514,-979,2852,-16620,-2412,3573,11643,1161
1101,793,-1799,4547,-10464,459,2236,-15218,-2222,1430,11063,1940
1743,483,-3047,4541,-11632,-885,310,-14812,-1282,-1165,3023,1109
1047,1017,-2561,2857,-7530,-1216,2788,-15998,764,-1527,-4981,-1
1243,629,-2179,1925,-6248,-2259,5158,-16216,3046,1406,5074,-663
1119,-337,-1693,1989,-5315,-2436,4038,-16130,1528,1926,11091,-1059
833,-721,-573,1769,-4428,-1081,2424,-16024,-522,1957,9405,-401
315,-409,-1137,2175,-5441,598,2396,-15782,-1468,442,4251,781
75,507,-1295,2744,-7154,658,2882,-15944,-1214,311,3594,1016
265,1959,-125,3005,-7640,-433,2530,-16180,-1472,1178,4217,-295
1659,-783,-69,2303,-5668,-2513,3018,-14618,-664,930,6520,-1066
149,635,243,1550,-1081,-3640,1746,-16922,-1082,1403,8711,-791
-589,-623,-187,3481,-3257,-2639,1848,-16006,-2220,2365,8708,-1283
-87,-591,-745,4285,-5104,-1924,2166,-15346,-2142,1834,8944,-1478
375,-699,-1133,5025,-7286,-1392,1710,-15398,-2476,1244,8529,-1595
-673,1455,-1865,5371,-8247,-429,1944,-15490,-1882,470,8005,-950
1241,-215,-915,4978,-6187,85,2192,-16158,-2006,993,8371,-745
169,343,-1717,2493,-4010,1182,2730,-16562,-1820,607,8880,948
833,651,-229,3891,-8949,2137,2744,-16170,-1908,1194,10098,1091
499,205,-1725,2029,-7398,2478,2812,-14980,-708,572,9555,898
287,-79,-2553,2204,-8314,1358,2864,-15538,494,1557,9422,-112
1229,837,-2691,2392,-9704,89,3076,-16362,-60,2915,8536,-1412
787,695,-1875,2391,-8351,-309,3468,-16188,-272,3465,9779,-1753
687,163,-1831,2575,-7889,-735,2604,-15704,-788,2864,11470,-349
445,-265,-1889,2806,-7767,-1032,2644,-15728,-1256,1902,7039,-429
795,-221,-2091,2906,-8368,-1010,3114,-15940,-888,1308,8374,262
185,633,-1571,3441,-8251,-1213,2402,-16376,-1018,367,10046,1851
-99,2081,-971,3589,-9002,-1761,2574,-17088,1914,4142,7934,489
1585,-935,-1235,2860,-7011,-3637,3620,-14490,-1058,3829,13229,370
595,1349,145,2248,-4479,-3437,474,-15902,-3930,3072,15351,299
-31,-113,-905,2970,-5563,-3096,1138,-14558,-2840,1337,7447,-1407
407,-543,-1549,4366,-6185,-2706,1632,-15440,-1870,817,4750,-1338
363,-1017,-1481,5294,-6349,-1425,2326,-15982,-1890,525,7149,202
-31,-1093,-1883,5944,-8871,-1007,2096,-15350,-2154,804,10150,941
-541,649,-2333,6336,-9177,-1068,1454,-15664,-1514,1379,8389,-200
199,995,-1973,5833,-8575,-1436,964,-17200,-442,2197,9085,-163
-301,179,-2343,5315,-9346,-1581,1360,-14622,-506,2978,10226,805
1153,695,-1621,4031,-7474,-1749,1222,-14974,-564,1364,7539,2129
-1457,517,-1551,2558,-4174,-3433,1262,-16342,-288,2160,4172,1112
-1993,-365,-1455,2873,-2638,-6014,2640,-16364,2120,4302,8242,2967
-3117,-869,-1003,3248,-2713,-7679,2212,-17506,2036,6786,20027,8214
-4459,-281,-447,2992,-3622,-9404,-2176,-15914,-1478,8434,29157,13739
-5203,-1429,119,16,-2206,-11500,-6898,-13294,-6208,4260,18710,16549
-5957,-2171,-1563,-3263,-483,-12433,-7570,-12234,-6510,591,-3966,14253
-3631,-5539,-3209,-2129,27,-13796,-2780,-9938,-3372,-252,-5876,14513
-3023,-5789,-3705,-1080,-1524,-13258,-2230,-9206,-2274,2854,-9278,9800
-725,-7763,-4201,1602,385,-11008,-1116,-7858,-3090,-1471,-8924,10875
-845,-7835,-3687,3948,776,-7715,-1284,-7842,-2996,-2826,-1651,4481
-937,-7945,-3787,9248,4289,-2442,-2660,-7832,-1796,-9249,1991,9297
-1901,-7425,-2217,13163,4323,-654,-2424,-6470,-926,-8778,5642,7879
-3341,-7193,1067,14826,4857,150,-1496,-6556,696,-6691,8199,4879
-4821,-8041,-9,15748,3470,109,-4868,-7382,-504,-6564,5108,1968
-10499,-3529,18243,-4592,2445,-487,384,-12248,6182,5818,-6566,-327
-1393,-10225,-1155,-2787,-6692,1676,-688,-4910,-756,-822,-8000,-2665
725,-9983,1053,-648,-2468,3458,2122,-5272,436,-1510,-5784,-7925
1009,-8977,-829,-574,335,8538,1214,-6452,768,-1764,-2402,-13107
-759,-7805,-7,723,-987,12500,-640,-9702,904,-7803,-6428,-10325
891,-5395,119,2171,2382,15899,-792,-12144,2528,-4666,5892,-17160
-3353,-2053,259,2850,536,17125,-3632,-14692,-1802,-2489,-458,-21947
-3713,1151,1439,594,-39,14398,-108,-12426,-4122,-8733,-14264,-20614
-2873,3815,1607,-3714,4885,14538,-1556,-24744,1564,-11243,-3849,-19360
-3757,3223,725,-5455,10390,10897,-1916,-21264,-4064,-716,32767,-9341
-2809,-1171,195,-3421,7107,4812,-1884,-16466,-3708,9894,8009,-9476
-2417,-1563,-385,202,754,1812,1852,-14790,-2086,-814,1470,3184
-1517,-2117,-717,1101,-317,1229,1988,-15282,-968,-2091,11454,-363
-1745,-1257,-685,1267,-2143,1336,1524,-15050,-1426,-2301,11152,911
995,1213,-125,2118,-6727,2334,3398,-17916,-1608,785,12921,1512
743,301,-2013,1196,-9456,978,4454,-15356,1374,5036,13173,-699
2049,735,-2235,2153,-9512,-2120,2490,-14862,1644,2967,11115,-1799
1081,991,-2171,1011,-11125,-2713,1398,-15734,-2,-1933,5751,21
807,-185,-2101,2221,-7708,-3022,3630,-14468,294,-317,9037,-71
373,-395,-1671,1821,-6881,-1758,2434,-16394,-246,108,9736,-243
461,-749,-1285,2604,-6880,-785,2466,-15564,336,-983,5611,837
-55,97,-993,2280,-6504,-199,3936,-15954,2394,439,2147,-1016
375,317,-781,2349,-6966,-1495,2544,-15736,604,814,4961,116
767,2047,65,1900,-5694,-3242,1080,-17616,-1620,84,2127,947
127,817,773,1715,-3628,-4791,2380,-15674,-1066,972,4860,437
1873,775,227,3495,-5783,-3844,2198,-16158,-1930,644,6061,1517
1105,-797,185,3802,-4384,-2027,2532,-15540,-1432,723,5183,869
631,-1285,-541,4434,-4342,-1008,2714,-15140,-1436,692,6034,131
-199,-999,-761,2271,-4633,102,2780,-15652,-1492,650,6761,-230
-315,-455,-1053,4324,-7161,580,2506,-16158,-1460,1114,5902,-437
-1673,2045,-1129,5173,-9161,-462,2816,-16358,-678,962,7023,212
1769,1295,-415,5664,-10661,-286,2150,-16630,26,2170,10425,-436
2625,73,-1377,1631,-4619,1013,1550,-14470,208,1309,8919,-977
531,-101,-2841,548,-3871,789,2020,-16250,-748,1481,6638,-239
293,979,-2965,1272,-6163,122,2936,-16042,-174,1893,5594,-542
825,373,-2219,2563,-8074,-226,3786,-16146,650,2031,7423,-580
725,133,-2185,3225,-8779,-212,2880,-16096,-178,1988,9779,-645
429,-55,-1491,3633,-9109,-796,2568,-15864,-554,1966,8855,-829
1209,-123,-1551,3958,-9732,-1323,2918,-15664,-618,1734,8142,-857
1295,227,-1747,3912,-9225,-1427,2456,-15508,-584,1434,7283,-1065
829,1553,-1717,4417,-8692,-1638,642,-16672,-734,1195,6756,-949
1047,-165,-447,3588,-6639,-2523,2348,-15234,-734,2526,4562,-828
159,-31,-457,3550,-5836,-3554,2886,-15804,-678,1815,8542,-349
665,263,225,3068,-5354,-1592,1704,-15716,-1970,2275,9037,-1241
-9,-1367,-719,3410,-4357,-244,1574,-15060,-1284,1537,7973,-2105
-613,-601,-1355,3717,-6709,325,1152,-15572,-1498,1512,7749,-2266
641,-743,-747,4397,-6782,308,1690,-16082,-1142,1193,7555,-1211
-431,315,-795,4180,-8291,527,2252,-16288,-1398,1304,8577,-327
-539,-91,-1689,4161,-7915,340,2070,-15810,-1110,998,9305,360
1415,1303,103,4484,-11348,1256,1896,-16118,-1264,1421,7458,-19
775,31,-1443,2091,-9060,2457,2592,-15500,642,928,7230,-269
567,513,-2643,1664,-9602,871,2372,-16332,332,1898,7609,-239
959,951,-2465,1647,-8903,-324,3276,-15678,48,3183,10444,-950
971,7,-1953,1759,-7667,-1035,2892,-15232,-328,2583,9467,-707
665,183,-2253,2718,-8417,-1762,2364,-16070,-600,2227,9953,-833
711,479,-1851,3288,-9116,-2452,1760,-15912,-672,1919,8841,-543
861,75,-1391,3557,-8351,-3143,2068,-15898,0,1731,8159,-2
355,-401,-827,3231,-7626,-3967,2192,-15066,294,1947,8382,852
-203,31,-1137,3063,-6026,-5781,1268,-16666,22,1654,9942,2039
-2279,1521,97,2237,-3387,-6993,798,-16376,-294,4210,9093,2141
-2201,-509,667,2039,288,-9521,1096,-16020,360,5493,13555,3687
-3825,-137,-443,2484,1304,-9808,-1194,-16314,-142,6725,18441,6014
-3471,-2363,-689,2604,1272,-9784,-2366,-13826,-2424,8878,19403,7445
-3343,-2863,-1483,3390,767,-10412,-3864,-14214,-2162,7395,13126,10278
-4697,-7077,-3185,6769,-200,-8374,-6702,-14708,-4106,6544,11370,12551
-4101,-3391,-4195,5309,-4916,-9984,-5304,-12156,-2094,3499,5041,12396
-3431,-2757,-4465,3429,-1803,-8616,-2830,-10824,-2632,1850,-11616,11202
-4781,-3759,-3539,1340,1464,-12085,-2334,-9000,-366,-2233,-7452,12486
-2055,-5335,-5733,3073,1001,-11893,-482,-10660,2010,742,2297,8228
-477,-5841,-3789,8270,978,-9035,-2838,-6610,-2088,-7602,-1548,11463
-433,-6439,-3695,13782,2341,-6002,-2462,-5724,4,-7237,2162,6583
-649,-7397,-261,17429,5623,-2718,-2188,-7020,452,-8208,5175,7083
-3531,-7349,681,18534,6842,432,-2676,-7558,340,-7379,1976,4760
-3643,-1893,18249,-810,-3334,-1389,-1560,-13534,6644,907,-4606,588
-1757,-9841,-363,-2509,1239,3690,436,-3654,-450,1782,-5638,-5416
347,-9643,-1685,-3106,-643,7161,2186,-5894,-674,-3221,-7048,-9308
31,-7969,27,-1824,-3573,11504,1956,-8858,950,-6385,-3375,-13265
-1303,-6719,113,-1486,3524,15417,68,-12154,2046,-8347,-3057,-16507
-4391,-3857,-2303,378,5518,16355,384,-17312,1704,-7640,-1398,-24365
-4555,-1071,-207,844,857,14466,-1562,-23434,3146,-9474,-15224,-24067
-3933,1125,-669,-2493,-254,12454,3808,-25660,5096,-3065,6542,-16529
-2843,1009,-547,-4385,5498,9844,164,-16924,-1118,-1168,12876,-5269
-3055,-395,-1015,-3447,4137,6124,638,-16408,-3224,3232,11843,-535
-2659,-23,-1403,-1092,-1115,2240,22,-14702,-2060,177,12893,2693
-589,-463,-1159,1423,-2121,-857,832,-15284,-982,2130,15547,-708
-1233,927,-573,1404,-1197,-1215,1322,-17142,-1336,-1563,11389,2010
571,-881,-413,3441,-4068,-1530,1828,-15942,410,-2372,6786,1437
2023,-1217,709,4657,-8362,-319,3268,-14992,-456,3021,4414,-3777
831,-19,-83,3179,-7246,1266,864,-14894,-796,-1410,3855,412
-1165,347,-1415,3819,-9242,1816,3134,-17018,-1690,1439,8356,105
1039,491,-1953,3089,-9488,2220,2748,-15196,-1436,1147,10977,1343
455,37,-3001,1773,-8167,1106,1940,-14998,-794,-1113,6878,415
451,593,-3153,1771,-8610,-823,2752,-15512,192,-412,-2807,-1875
865,155,-2631,2308,-7140,-2518,4128,-15668,6388,2213,9863,-728
51,197,-2887,3281,-7678,-2765,3292,-16208,590,2046,10448,-830
805,-75,-2297,3637,-9024,-1206,2078,-15946,-1670,1525,7520,-1870
557,-177,-2059,3434,-9397,-404,2226,-15900,-826,502,7406,-1574
873,277,-2013,3936,-9375,-1229,1598,-16288,1840,909,8326,-788
769,267,-1513,4035,-9319,-2497,2756,-15394,-556,2310,5999,-175
739,1207,691,2545,-5861,-3655,2296,-16372,-1720,2678,9768,-881
373,1149,-359,2745,-5774,-2641,1544,-16416,-2482,1977,8908,-1287
773,-577,-955,3833,-6054,-2111,1970,-14800,-2218,673,5354,-1867
1363,-1761,-971,4680,-4610,-1238,2418,-15012,-1472,-98,5411,-1634
3515,-6237,21,9582,-8669,-706,2906,-15042,-492,732,8604,-841
1679,1413,727,6996,-13405,3480,2502,-17546,-1158,610,10228,358
-1525,911,-1797,574,-979,5039,1936,-15716,-1200,96,8207,99
197,1221,-3601,1315,-8526,2720,2330,-16548,748,-328,4489,145
1269,-205,-2341,-275,-6938,507,3762,-15046,1626,2929,11738,-904
937,-213,-2187,120,-5392,-734,2626,-16268,1188,2705,10254,-976
-31,-247,-2427,1179,-6112,-225,2578,-15980,-666,1894,6971,64
603,-333,-1807,2996,-8744,-970,3322,-16024,-1206,801,4704,-177
-21,1159,-1991,4475,-10434,-2003,2082,-17390,-1042,719,8015,210
1969,-141,-473,3937,-10455,-3188,3370,-13576,742,3345,5613,-1670
1925,1463,921,3208,-6316,-3059,2188,-17244,-1836,2952,12057,-727
469,685,-893,3281,-7225,-2538,1650,-15352,-2730,2901,9568,-1835
1051,495,-1099,3390,-6135,-2729,1558,-15828,-2270,1390,6087,-1548
799,-1057,-1321,3874,-6701,-2057,2516,-15226,-1440,816,7191,-759
1125,-343,-517,4228,-5759,39,2502,-16314,-1270,776,9495,805
1675,83,-327,4767,-9857,2145,2102,-16358,-1232,402,9017,678
795,1215,-1441,3096,-9934,3382,2400,-15520,-388,1214,6644,-1245
697,289,-2931,2505,-8156,1960,1728,-15758,696,1742,9608,-666
557,815,-2321,1255,-6248,-204,2484,-15924,140,2330,5762,-1213
1011,61,-1987,949,-4629,-1698,3316,-15706,1104,3272,9405,-1110
635,189,-1757,1570,-5788,-1754,1798,-15996,102,3042,11623,107
445,811,-605,1904,-6844,-2188,1538,-16312,140,2397,9061,1075
445,579,177,1944,-5835,-4448,2274,-15964,46,2417,8479,2294
-75,217,1361,1849,-5447,-5689,1832,-15314,1210,4219,12079,3276
-1493,899,2499,-374,-3958,-6243,-284,-17246,958,4541,16711,6703
-2135,-259,3313,-3900,-3917,-7724,-2838,-14816,672,8198,17254,9642
-2761,-295,1371,-6504,243,-8985,-6684,-15054,-1318,6131,14993,13799
-5343,-723,-473,-6940,2637,-9502,-4242,-13642,-2324,7320,7192,11419
-5723,-1725,-2947,-4802,3666,-12457,-4762,-12608,-3188,5285,6719,11521
-4321,-2033,-4695,-2142,3994,-15612,-3516,-11480,-4278,401,104,14142
-1935,-2689,-5293,2292,3860,-16127,-3260,-10832,-5386,-2690,-4714,11806
-3505,-3589,-4695,7427,1990,-15386,-1830,-13672,494,2918,-4533,8422
-1961,-4873,-3701,9126,4006,-13427,-1648,-9000,-3846,-3274,-3124,8716
-1431,-5565,-3251,11627,6745,-8829,-2038,-7698,-878,-9396,-7729,7640
-1795,-5271,-2167,15865,6818,-4790,-642,-6906,-10,-7915,293,4629
-1311,-5875,249,17464,5366,-3079,-1754,-6550,700,-10250,4260,5921
-927,-6129,1495,18988,1127,899,-2274,-6406,1264,-6368,4326,3221
-3497,-221,24243,14788,-7239,1931,-13464,-3044,2020,2929,-2392,796
-4851,-6149,4527,82,-267,3426,88,-4100,2312,-196,-7028,-3015
-365,-8933,1377,608,-5457,5018,926,-6878,752,2202,-5991,-8194
149,-8487,301,1419,81,7889,2128,-7258,78,-289,-9316,-13040
-469,-7505,2161,423,2844,11470,-1834,-7644,510,-5497,-9671,-13671
-2011,-6709,739,-1056,4078,14027,-102,-11136,982,-7376,717,-20494
-2239,-5537,-1269,2708,1378,14930,2454,-18158,1750,-6246,9768,-24848
-3069,-1001,631,4316,823,13987,-3994,-25146,972,1894,278,-28646
-4627,1325,1625,760,1055,13268,2234,-24508,-432,196,-6402,-21635
-3883,1033,443,-2036,3989,12721,4652,-18132,4884,-741,5143,-11693
-2863,-367,1079,-1937,2367,10364,406,-16124,-122,-4199,2014,-5666
-2315,-927,1251,-1417,1135,7693,368,-11958,-356,-2315,2678,-1766
-1899,-1435,15,-1530,-105,5620,1278,-15068,-178,-1384,3691,713
-2701,1399,-255,-252,-2145,3762,1510,-17848,170,-448,9181,1729
-247,-645,301,584,-3253,785,2340,-15800,-58,992,16487,-224
-65,205,-399,2048,-2644,-1736,1934,-16688,-1060,659,21218,1497
-887,1669,-131,3345,-3945,-4135,1334,-15862,-1524,323,17096,2664
369,-131,563,4693,-5683,-5431,1096,-15744,-946,-363,8936,1335
1597,-741,-163,4519,-10939,-4124,3690,-16464,1426,27,3288,-1562
927,-175,-1183,4209,-7525,-3229,4400,-13702,596,367,8117,-1742
743,-663,-2043,4627,-8730,-554,3082,-16598,-918,2437,12215,-739
-133,1043,-1943,4891,-10637,513,1948,-18152,-2500,2794,12929,910
1651,-47,-2711,4570,-12217,65,2798,-13368,-944,1386,9948,870
1885,1585,-2261,3562,-10691,-434,1716,-15894,-1736,765,5679,-738
1887,1543,-1973,1678,-7147,-1511,2374,-15824,-498,1331,3975,-1992
1511,635,-1649,1650,-4681,-2378,3550,-15384,2928,1861,6515,-1637
929,491,-1359,2665,-5296,-2415,2712,-16582,1520,2711,11563,-1602
723,137,-1359,3561,-7146,-1401,1912,-17014,-654,2382,9973,-1880
1113,-443,-1173,3668,-7986,-387,2446,-15784,-1758,1664,7694,-1311
557,-429,-1047,3363,-6877,77,2628,-15768,-1582,463,6651,-99
519,-51,-1191,3812,-7342,71,2386,-15586,-770,-208,5042,795
561,561,-829,3998,-8268,-524,2914,-15062,650,267,5166,-389
2085,425,-577,3033,-6666,-1526,2424,-15640,516,1666,5881,-1684
179,909,427,1675,-1462,-2487,1674,-17162,-1476,2567,8847,-2217
63,781,-287,2718,-3331,-1747,1776,-15926,-1648,2925,9623,-2304
257,-311,-503,3981,-6252,-1510,2418,-15450,-1702,2180,9274,-1016
657,-859,-647,4816,-7036,-1233,2302,-15680,-1988,1348,6671,-268
699,-1303,-1019,5664,-8452,-812,2910,-15606,-1812,1582,9001,-115
755,345,-367,4179,-8956,2,3002,-14422,-1468,1064,7402,-239
1011,1769,-1435,4061,-7775,823,1754,-19214,-1392,225,7367,-513
1819,1057,-627,2462,-9264,1967,2718,-16310,-1254,1008,6329,-980
1721,-69,-2187,1083,-6357,1495,1496,-14328,1220,473,6047,206
-3,1279,-2679,1306,-7692,1171,2696,-16678,1474,1973,4398,-314
889,-197,-2425,1467,-8089,800,4836,-15170,1482,2704,9641,-778
311,219,-2009,1986,-8882,426,3018,-16066,240,2560,12526,-391
257,653,-1679,1993,-9511,209,2944,-15824,-352,2351,10546,-441
875,-263,-1941,1860,-9376,-778,2962,-15372,-606,2124,8796,-986
747,-21,-2091,2162,-8864,-1869,2636,-16310,-316,1809,9733,-1138
707,153,-2119,2872,-9177,-2430,2406,-15590,-732,1332,9361,-217
203,2319,-1595,3723,-9292,-2562,1794,-16998,-626,1900,8401,-183
1343,-395,-1701,4201,-9176,-3540,2462,-14694,-242,2318,7461,-706
1301,681,-1475,4146,-8350,-4128,1618,-16398,-776,3095,10961,-1625
943,1387,-475,3249,-6511,-3087,1094,-15886,-2222,3082,10363,-1743
1385,201,-223,3164,-6224,-2047,1784,-15126,-1902,1968,8945,-2258
1083,-47,-429,2882,-5633,-1497,1614,-15650,-1902,1365,6963,-2519
753,-1167,-835,3164,-5482,-1272,1960,-15468,-1180,730,7360,-1462
283,23,-271,4142,-7327,-331,1724,-17018,-22,1531,11875,721
-251,-3,-823,3021,-8816,222,1556,-14876,-1574,1738,8437,694
-617,1037,-129,2603,-6846,-124,1440,-16648,-674,2165,9333,330
-605,201,1265,167,-4597,-2888,2944,-15724,2032,3371,14104,3098
-1691,1595,1733,-3392,-803,-7659,-416,-15770,1082,6286,15898,6491
-2131,-533,-229,-5989,4080,-9138,-2092,-13994,1278,5849,12951,7680
-3461,-2035,-2783,-3503,163,-9119,-1730,-13668,-420,5393,9457,6974
-2751,-1293,-3347,-1840,-1657,-9452,-5134,-14468,-2562,3947,7556,7835
-4181,-773,-3199,-865,1408,-11086,-5822,-14840,-3708,830,6535,10247
-4139,-565,-2755,69,5112,-13477,-6058,-15100,-5068,-3362,3767,12439
-5197,-2325,-7395,4455,5829,-14592,-3766,-11672,-6094,-7920,-4171,11314
-2927,-2709,-7327,11805,5602,-13035,-1406,-9404,-5644,-10839,-4481,10310
-1283,-4499,-4609,17438,3310,-10394,-1464,-9412,-2954,-14629,-8795,13484
-1625,-4745,-2579,20936,2412,-7138,-2658,-9176,-1668,-12021,-4637,9824
-3089,-4911,1375,22198,3349,-5554,-2236,-9448,1224,-11198,-1453,9879
-2873,-6069,1899,19269,1387,-4138,-2230,-9460,3246,-7597,-325,7551
845,-2039,16181,-2768,10964,-4958,-5448,-11404,546,6862,-5418,-1144
1059,-8915,-1021,-3756,11942,128,1402,-6844,-390,-368,-9888,-1931
1557,-9939,-3291,-3715,1123,4251,1658,-5028,-1698,2224,-6639,-9118
2229,-9243,-1879,-2690,-11420,9360,-2354,-8282,-642,-4851,-11324,-9816
-355,-7201,-561,-1770,-6544,13829,-896,-7372,-28,-7991,-3972,-11641
-2923,-5183,-273,-1380,827,15025,-2554,-10038,1590,-7440,-978,-16760
-5393,-1863,-1533,1097,-3098,14875,308,-14292,-1302,-8430,-3756,-21505
-4931,121,343,1380,41,14021,340,-19306,-842,-17007,-8107,-20915
-4261,755,353,-1422,2455,13544,-2794,-26830,894,-6683,4461,-23148
-3895,831,23,-2676,1665,11831,772,-19162,3760,-293,7522,-12510
-4071,-519,1039,-4834,8919,7893,2062,-17240,-2784,3005,21605,-7203
-3637,-1949,1125,-4835,12624,3548,656,-15600,-1704,-2673,5545,552
-3469,-1867,-2995,2154,-4479,1819,2278,-16544,-1184,860,9917,2990
1309,455,-2569,6271,-11217,1856,3218,-17382,-3094,951,13644,400
849,87,-2951,5255,-10389,1784,2498,-15844,-990,3448,18112,-17
995,821,-2771,3179,-8963,256,2984,-15246,-136,-1772,15286,2520
81,687,-2181,1210,-7737,-1343,1046,-16358,-406,-420,8775,500
719,-587,-1985,1035,-6330,-1392,2314,-14952,1084,-390,-3611,-2531
-233,-533,-2063,1010,-6953,-552,3748,-16286,4048,1188,12813,-761
-169,-1207,-2229,1272,-8118,239,-640,-14526,678,1691,15473,422
625,-519,-2873,3577,-13251,114,2608,-15106,-1380,700,3610,-1403
1319,763,-809,4495,-12327,-1160,1550,-15956,-1906,767,-1335,-529
1507,1847,739,3161,-6017,-3475,3402,-18666,-2088,89,5538,1009
679,1459,2933,1932,-1514,-3128,2222,-15766,-1774,1445,9627,370
1053,-953,1505,1993,-3233,-1863,2736,-14880,-1972,174,6875,79
297,-1325,303,3662,-5401,-1248,2290,-15548,-1784,108,5500,-1171
3,-807,-965,4993,-6317,-836,2666,-15546,-1548,1227,9478,-1234
-461,-267,-1269,5113,-8958,-347,2298,-15832,-2544,1990,11251,-1126
839,-813,-2045,4738,-10191,-588,2234,-15322,-2198,1797,9912,-847
-39,557,-2001,5313,-8350,440,2754,-17088,-2506,1625,10836,277
377,-779,-731,5862,-16236,242,3202,-16250,-2662,3821,14488,-396
2453,219,-1003,3671,-8181,2509,2368,-14484,-2348,2641,12752,-514
1197,681,-3119,1701,-7552,1019,1052,-15490,-1864,1920,9681,-2352
1883,947,-3323,1343,-5063,-245,968,-16130,228,1323,6931,-2065
833,1061,-2723,1511,-5316,-1246,3162,-16822,482,1824,3543,-2122
737,121,-2977,2481,-6598,-1324,4398,-16188,390,3055,11579,-279
795,227,-2169,3097,-8210,-1046,2462,-15328,-1436,2189,10090,445
1255,1,-1499,2963,-8827,-749,2834,-15524,-1436,524,4386,572
1423,-815,-2549,3545,-9777,-1380,3536,-15038,352,436,5616,1025
821,1447,-2661,4317,-9796,-1639,2250,-18010,416,836,7396,1462
841,-397,-695,3797,-7801,-2238,3914,-14466,-1628,4321,6014,-1462
1011,1873,-427,3274,-5921,-3199,2346,-16348,-840,3205,14628,-224
303,1033,-65,2317,-4750,-2087,112,-15600,-2426,3990,13806,-1258
969,-747,-981,3022,-6193,-1772,1266,-13714,-1624,1417,8155,-2179
1297,-907,-1347,3855,-6936,-1106,1034,-15606,-1988,60,5424,-1923
647,-1021,-171,3491,-5504,-68,1876,-16192,-1204,75,5878,-414
-979,-41,-777,3670,-7533,1298,2444,-16724,-1764,1632,10798,726
537,411,-745,3752,-9522,1356,2190,-15560,-1738,1235,10762,1025
1593,357,-1295,4055,-12949,1487,1802,-15592,-1360,1519,10029,-356
1107,105,-2845,2544,-10593,1388,2464,-14760,-440,1561,9874,-1619
841,965,-2751,2064,-9125,33,1102,-16586,-796,683,7590,-1047
1183,309,-2505,1648,-6730,-1425,1646,-16146,172,2403,9110,-2202
827,317,-1969,2235,-5973,-2102,1822,-15912,990,2131,8119,-620
625,49,-1579,2632,-6313,-1815,2638,-15952,540,2175,8698,-255
1095,641,-1253,2063,-5685,-2098,2016,-16014,-100,2236,9036,249
835,359,-947,3063,-5323,-3610,2282,-15624,-862,1969,7681,1027
-25,-457,-629,3012,-4998,-3715,1970,-15426,-146,1872,6535,1844
-557,-543,1035,2414,-4007,-5016,1712,-17178,336,2580,12597,3170
-2229,-363,3283,-14,-1082,-6632,-2338,-16284,-990,4701,16193,9193
-5477,-185,593,-2785,1998,-9249,-6666,-15954,-2800,3565,10601,14707
-5489,-2625,-1181,-3818,8853,-12006,-5232,-14800,-1530,3745,5288,17108
-5823,-4461,-4549,-1057,6245,-12563,-4870,-12698,-3192,3519,-689,17138
-3579,-3845,-7429,4283,-1490,-14942,-3772,-10814,-3288,2519,-1331,16120
-1925,-2927,-6331,7744,4516,-11536,-2888,-9918,-2852,962,-284,14343
-2539,-2647,-6583,8648,828,-10767,-1650,-8120,-2770,-1132,-1677,10846
-1075,-4541,-6015,12091,-986,-6187,-118,-7058,-1958,-3213,-1240,8460
-179,-4889,-4295,15174,-2408,-6289,-1134,-6206,-1446,-6774,-1429,6547
-1015,-5329,-1523,18798,-1593,-3496,-72,-6184,-306,-9425,2111,6215
-1595,-6069,5,19164,617,-1381,-732,-6518,180,-7349,1429,2666
487,4081,31826,9079,4041,1814,4204,-5942,-2926,5349,379,-1093
-2337,-6935,1743,-4314,4829,4357,-234,-3756,-936,3910,-292,-7408
93,-9671,-731,-3954,-1083,7876,1972,-7554,584,817,-7206,-12634
-689,-7899,-2369,-3621,3478,11435,260,-8992,-668,-2130,-5645,-17583
-2017,-6351,-1937,-1764,-1603,14851,-32,-14096,668,-5768,-6373,-20796
-3311,-2481,-1743,1269,313,15759,212,-18974,1180,-8523,-9591,-25034
-2817,-5,769,1982,-3996,14633,-7670,-29378,888,-6768,-20929,-27895
-4231,2229,1953,-601,-750,13145,-2114,-19256,-1226,-7052,-11515,-20658
-2187,855,-275,-2794,-842,9637,3250,-15266,1302,-4809,10641,-3206
-1735,771,1387,-2107,4284,5739,-1266,-19898,-324,1066,6494,345
-2907,357,1161,216,-179,2989,580,-16468,-2108,1383,11868,562
-2215,-1395,1081,1655,-3435,1421,1618,-16408,-1310,597,18418,1298
-515,-1345,-77,2717,-5988,337,2462,-15236,-1450,1056,22224,1090
669,-1031,-985,2378,-4090,440,2572,-16028,-1036,-529,15059,2022
249,-403,-2001,3411,-4378,81,3818,-16712,-490,1724,4268,-1272
899,2187,-387,6169,-9721,-313,3740,-18364,-956,853,12372,413
1919,543,-713,3663,-12996,-939,2168,-14592,-908,-402,12121,874
1237,2031,-2479,2337,-8314,-1172,996,-15956,-434,-1763,5260,-296
219,245,-2333,2493,-6510,-928,2284,-16100,1666,1839,8914,-810
573,-581,-2081,2144,-7804,-1154,2794,-13962,1922,3808,15317,-1602
841,-557,-1821,1631,-7263,-967,3180,-16442,520,1468,6708,-324
561,39,-1645,1963,-6999,-866,2524,-16742,-1482,1326,5186,-383
1023,-1165,-2099,3113,-7301,-1259,4656,-15062,602,1033,6875,-701
385,1479,-1153,3769,-7912,-1029,2456,-17494,1002,586,8214,743
1381,-179,-511,1846,-7006,-1597,3616,-14036,-2058,2954,7996,-780
-67,3075,1009,4225,-4929,-2285,2060,-16958,-3024,1776,9444,-2069
131,855,-399,3075,-8118,-2079,1792,-15026,-2160,270,5321,-3087
1671,-1407,-319,4040,-6518,-2756,1516,-14824,-1448,-733,3736,-3353
1177,-1287,-1157,3335,-7249,-2398,2468,-15728,-796,-1023,4815,-1796
1087,-463,-933,2553,-6828,-1749,3002,-15908,-286,872,9840,-310
-465,15,-1817,2711,-6197,-190,3138,-15816,-1274,2463,14329,765
-395,815,-1507,4594,-7756,689,2724,-16770,-2396,2162,14826,1824
-297,1527,-1839,4836,-10814,878,2578,-16830,-1022,1025,8616,-260
83,1743,-2707,1078,-7716,2166,2828,-15956,990,697,6095,-1348
1347,-151,-2567,-293,-5335,743,5362,-15780,2320,1561,6993,-1742
635,-415,-2701,984,-6787,-142,3164,-15892,1182,2907,16338,-288
583,-301,-2679,1987,-8751,-888,2662,-16210,44,2183,8706,552
1051,99,-2305,3701,-9497,-2116,3012,-15858,-1174,2495,9174,-41
915,961,-1755,4836,-9665,-3482,2514,-16586,-2126,1548,8418,868
1137,1931,-1225,4238,-8519,-5084,2462,-15950,-1624,2187,6035,-789
1511,273,-1615,4443,-6059,-4932,3794,-13004,154,759,8306,161
-643,451,-911,4274,-4872,-2859,1290,-16526,-2790,2617,9217,-1808
-27,-457,-1963,5545,-6789,-2403,2014,-15614,-1792,2079,11289,-1960
129,-1983,-1693,5481,-5690,-1840,2118,-15418,-960,1560,9855,-652
-985,-1503,-2251,7161,-8747,-365,2056,-15602,-1644,2544,10665,310
-429,-527,-1757,6530,-12532,1035,2562,-15510,-1660,3403,13817,732
-1639,217,-2679,6166,-11033,775,1642,-17904,-2074,3931,15209,1149
121,2209,-3761,5372,-13166,-38,2230,-14834,-692,2628,13367,1143
-1035,1133,-3099,3984,-9179,-1871,1260,-15452,316,2286,10503,1418
-125,529,-2845,3085,-5190,-4870,1502,-16614,1534,4528,10793,298
-1687,369,-2187,2494,-2706,-6799,1956,-15688,1676,6111,17570,1461
-2151,-949,-2125,2194,-1345,-8263,-166,-15928,-512,6212,22501,5791
-4161,-1565,-979,1724,69,-9624,-4436,-14900,-2936,4144,16614,11338
-4721,-3065,-1945,1792,-2083,-10382,-4786,-13572,-2504,5327,8922,10869
-4177,-5171,-3981,3440,-5339,-9941,-5060,-13984,-3754,3133,5982,9994
-1849,-4373,-3357,4899,-7182,-10783,-4354,-13776,-5204,731,-288,10072
23,-6417,-7049,7006,-2895,-9178,-3254,-12374,-6162,-4712,-12033,12649
-4097,-5521,-5217,12280,531,-7308,-1526,-8530,-4508,-8763,-8326,11461
-4227,-3561,-3421,14102,4423,-7822,-1820,-7828,-1900,-6825,-3884,11337
-4949,-3123,-3603,20393,3261,-5791,-1552,-7460,-454,-3514,6157,7068
-3497,-4135,-2921,20717,4308,-4227,-2956,-8734,1096,-2407,6133,4021