3236,871,77,-7397,11895,3621,434,-10334,1914,9181,-13815,20709
2074,-217,-817,-6582,10994,5167,-1398,-8620,4180,17080,-8636,13530
1678,-595,-993,-5399,6825,5210,-156,-3308,3108,16205,-6241,12560
902,-553,-789,-3772,5261,4915,4644,-1312,-956,10889,341,8783
930,-187,-597,-3372,5313,3700,1672,-4378,-8140,16069,10074,5016
1590,-1711,-643,-4564,9402,1939,7862,-4696,-5674,9292,10806,2491
-352,1515,-1779,-3968,8793,-523,7800,-2984,-7920,616,14653,-244
-262,3071,-1473,-1270,5163,-2632,7252,-1802,-6216,-5624,13066,-2774
1536,3381,-211,75,4750,-3981,4414,-1980,-3216,-8906,10116,-4119
2332,2407,-623,126,5385,-2749,2470,-2738,-256,-9907,10087,-3118
2494,727,-663,-1759,7600,170,-340,-4560,1970,-10433,10273,71
1996,-473,-259,-3068,8071,2429,-696,-5100,5738,-9392,12651,3479
2288,-2045,235,-3684,9117,3374,-3314,-5262,9186,-7885,7924,8106
2028,29,1253,-3792,4837,2103,-184,-2906,16582,1100,6101,10740
-2068,4897,2141,-2156,5307,3009,-1434,-1204,8454,2129,-3526,13039
1782,487,1461,-3134,4986,797,10740,-486,7608,5243,-2678,11406
1032,607,-609,-4377,9860,-609,10176,-2548,900,8826,5423,7395
2552,-5075,-1233,-4624,12790,1165,9838,-1764,-1938,10848,3151,3418
1740,-5241,-865,-1730,7586,710,10346,-2414,-3062,11592,3978,-1338
1676,-3793,-421,-759,3987,-785,9538,-1244,-4278,9634,6387,-3370
-278,4513,113,-2153,4165,-917,8704,1010,-5920,6153,10408,-4637
-38,6723,-637,-3530,6240,-1611,7040,356,-7292,4178,8851,-7063
-728,2983,181,-3249,11243,-3000,4228,2038,-7338,-2117,9962,-6838
668,-965,-1347,-4176,9612,-3040,1694,-368,-5208,-6770,6588,-5504
2732,-1521,-2039,-1146,9653,-2597,636,-3424,-3176,-11724,7903,-3465
1816,291,-2559,-7079,7779,-767,-3338,-6342,1632,-14908,11967,99
1580,-157,-1441,-8501,6952,501,-5100,-6540,6736,-12660,16493,2971
740,897,-1505,-8513,5662,1697,-3196,-5996,13778,-6125,10565,9066
-274,2479,-1935,-7518,5838,3675,-3592,-5682,8788,-1586,1761,15051
-506,1721,-875,-5840,6751,4564,3966,-1320,11336,2928,2285,10045
1386,-1705,-609,-5067,8672,3449,5446,-804,8354,4514,6191,7846
2350,-4317,-1207,-5567,9068,1721,6338,-550,3092,6015,5279,6352
2852,-6037,-1687,-4310,8349,690,6644,-2328,246,7830,1937,3704
722,-1971,-1267,-3060,5056,292,8030,-392,-1770,9166,5424,2189
-1946,6973,-1129,-2714,3930,1388,8936,2584,-4370,6961,6576,1859
-890,4229,-565,-3702,6711,1136,7172,3322,-2282,6359,5169,-2302
-540,645,-1439,-3874,4712,1309,6476,-606,-1074,3651,5550,-3653
2018,-2071,-1971,-3469,5055,-372,4620,358,-6476,-2707,6637,-5585
418,-3043,-7593,-8136,5941,-7070,2654,-2202,-5062,-7113,5724,-3932
-1136,-5555,-595,-10106,2688,-4078,-1226,-5474,-4618,-8695,2716,-3780
-200,3855,383,-1332,5270,-543,-3176,-3710,-2872,-14247,10231,-1929
-1628,4559,1965,-366,3693,1133,-7672,-2010,4778,-15444,9599,1921
344,1569,2793,-4963,8664,-1351,-7708,-112,11800,-10882,9525,5538
1978,-1803,733,-6583,10805,-2957,-7884,-2544,11590,-3570,4151,13138
1934,-697,-685,-7049,8000,-105,610,-7004,7246,-1392,-4410,18298
1296,-1467,-1255,-7990,9131,2230,9172,-4280,6232,7356,-1634,14675
1702,-3469,-1297,-7166,9920,2770,9804,-3982,2832,8916,1260,7907
1920,-3963,-1239,-5433,7115,1028,9998,-4264,1472,11941,5223,1243
-1442,2555,-1371,-5794,7238,-571,9046,-906,-2632,9634,11008,188
-2010,5863,-1907,-6742,10887,301,9162,2838,-3786,9275,10284,-1072
-2928,2875,-2369,-6384,8158,1333,7872,1540,-3442,7767,8038,-1302
348,-1257,-1905,-4303,5373,776,6422,1186,-7494,3348,8978,-6934
4106,-3611,-1835,-777,7462,-533,4056,-1262,-7372,-4497,13565,-8049
1942,-1241,-2573,-5166,7299,-398,-554,-5116,-5154,-7515,9193,-6471
1350,-329,-2859,-5868,6353,-1021,-1574,-5684,-1134,-10522,10832,-4158
1212,-659,-1805,-4323,3707,-714,-1578,-5174,800,-12817,10899,-1265
284,815,-1083,-2103,2562,457,-4678,-4010,1116,-15647,10305,704
-386,2909,457,-689,1816,3408,-6722,584,10618,-10851,12117,1427
-1610,1791,3161,-3321,4249,2597,-8390,1050,12200,-6537,7136,5544
-2,-365,1203,-5449,11670,1168,-3724,632,10144,-982,654,10156
1364,-525,409,-6309,7252,1002,802,-4820,4738,77,-5623,12612
2846,-615,-1353,-7268,9326,1422,5920,-5818,4270,8173,-5975,10739
2182,-2601,-1577,-6848,9305,867,8054,-3216,1316,9131,-1897,5824
2616,-4789,-1697,-4175,6686,-327,7606,-3330,-604,9238,5713,1486
-1322,1225,-917,-2566,4390,-328,8366,-270,-2994,7673,8694,-123
-1402,5861,-567,-5242,10147,-413,8796,1710,-3954,7867,7123,-1536
-3132,5161,-2795,-3480,8307,1339,8058,3316,-5706,5947,8331,-3732
178,-1369,-2711,-1696,2858,741,5262,2006,-7468,210,9099,-6724
720,-7043,-6741,-6056,3201,-8142,984,-1818,-6058,-5563,7261,-6105
-2508,-5017,-6161,-11255,2186,-2520,-2518,-5202,-4816,-9310,6148,-1939
2500,-1453,1025,-3693,2446,-1929,-2768,-7044,-1758,-10461,12669,1504
-2296,1193,1095,-2370,7626,-1845,-1802,-4438,772,-15697,14035,254
-2828,2373,2101,-1807,2192,-1406,-3140,688,9556,-16780,18986,191
-360,1727,1641,-3827,6166,-1444,-10346,-1256,15332,-8461,13571,3551
1760,-677,225,-7370,6933,-1147,-6116,-4544,3178,-4648,132,12410
3052,-2509,-1225,-8362,7728,-111,2378,-5478,8782,1859,-3360,12940
-210,-1429,-39,-8814,8658,1570,7700,-4834,5306,6634,-719,13268
-1682,-1633,-1021,-5556,6887,1252,8754,-4022,3416,10419,1988,9087
4,2207,-1641,-4692,4803,643,11020,-1998,816,9480,3091,4426
-682,2509,-2913,-4434,6388,473,10614,574,-1052,8647,1595,700
-1120,825,-2949,-5144,5701,1585,9986,2404,-3438,6650,1584,-736
368,-1089,-2117,-3695,5406,2058,7954,-1528,-3090,4373,7916,-3452
796,-1413,-1637,-4010,6435,1627,7270,-374,-7770,1639,6667,-5351
-904,-173,-2041,-4996,6653,1100,4950,-1136,-5864,-1183,5420,-6468
412,57,-2333,-4453,3703,-449,1862,-1762,-4858,-3243,7868,-6834
1446,-1309,-2065,-5127,4877,-2080,-1860,-3162,-3054,-6537,9085,-4967
1660,-1409,-1439,-5416,4202,-2785,-4384,-4442,226,-10961,9084,-1839
602,261,-1717,-3845,4169,-617,-5176,-168,4626,-13307,7151,583
-5380,463,3175,-4447,6066,659,-514,304,9490,-12276,4898,5796
-266,-1629,741,-4111,5094,1033,-4876,-1886,8332,-4843,-304,11197
920,-633,939,-4844,6146,1042,3574,-1728,8772,1499,-1311,10812
1786,-123,-815,-5950,8085,1517,6192,-2470,4608,6862,2634,8557
1170,-515,-1479,-4585,6190,985,7764,-1934,1520,8333,2086,5107
1808,-2351,-955,-3788,5816,242,7400,-2834,-206,8948,4815,1395
778,-617,47,-4721,6098,-26,8284,-2234,-1502,6882,9161,710
-504,1143,-1827,-4529,5513,-222,8374,366,-2500,7233,6704,-226
-1168,2615,-2501,-4262,5286,357,7798,2232,-3520,5991,3610,-3151
-992,725,-1939,-3397,4089,1544,6444,2616,-5682,-222,7028,-5873
1006,-1235,-987,-3796,3775,1582,3824,-1000,-5566,-4215,5917,-5893
758,-771,-1355,-4727,5181,1039,1578,-4124,-4012,-7270,6278,-4635
292,-89,-2141,-4709,6184,1007,670,-4652,-1236,-9419,8469,-1792
-612,437,-1343,-4569,4249,2409,-66,-3136,1626,-9929,7047,1245
-286,491,-823,-4884,3558,2914,624,-2038,4924,-10100,7479,4226
860,-73,-1005,-5459,4602,2067,1538,-926,5992,-10407,9716,7292
572,1163,-1089,-5031,5804,851,-604,-2634,6446,-9383,13744,6374
412,-539,491,-2811,6152,193,-1316,-1554,10290,-4321,11929,6657
-354,1289,1689,-2866,5538,768,-2014,1568,10004,202,7571,7385
1400,-175,915,-3809,7938,-176,-264,926,6558,2239,-1664,8897
1154,-567,83,-3856,8278,-616,4274,-2074,3618,5641,-11867,8500
812,-1373,-599,-4035,8340,80,8072,-1874,2474,8455,-4597,3169
1362,-3285,-183,-2968,8115,626,8162,-1878,-102,6443,308,149
1644,-2871,-829,-1052,5259,169,7664,-2736,-1840,5030,6779,-1601
646,3641,147,-1819,1786,822,6880,-598,-3500,5036,7833,-2675
-1322,3675,-947,-3838,6986,1193,6324,1394,-4134,3278,8496,-4278
-780,1873,-1375,-3659,3871,877,4368,2018,-6832,-36,7708,-5806
1320,-1857,-1619,-2234,1445,570,2256,-3072,-6000,-5257,7300,-6814
1604,-2097,-1457,-2945,1466,-563,-3042,-6524,-1580,-11448,10824,-550
-3152,-6987,2643,-12160,1155,2693,-2292,-6216,3268,-9409,9505,4320
2018,181,543,-3165,4675,-2266,-1224,-3506,2626,-10823,8546,6764
-562,2641,2037,-2001,2808,-369,-3000,-192,8904,-8405,9431,6660
-682,4541,3043,-5028,5358,881,-982,3546,10452,-2256,12041,3924
812,305,1099,-6685,9111,1077,-1318,3254,7986,-1629,6061,7084
2156,-1423,477,-6746,7733,136,1494,554,5432,-1529,2991,9809
2464,-3025,-1547,-6648,6520,-371,3650,-3280,4338,2145,-1134,8552
1452,-1821,-1193,-6111,7603,52,5538,-4420,2476,4715,-909,7112
530,-1107,-1437,-4522,8021,1068,6466,-4194,1348,7330,-2836,5381
-58,-375,-389,-2549,5926,2243,9248,-1960,94,8318,1260,3237
-1040,719,-165,-2140,5653,2474,9696,-1340,-1562,7433,4952,2155
-1350,1919,-509,-3556,6540,2738,10570,1234,-4456,7090,3457,-1048
-256,-769,-1639,-3251,4586,2801,8590,234,-4758,3969,4760,-2181
1108,-1647,-1699,-2468,3028,1407,6964,-1582,-6144,754,5804,-5095
2040,-1463,-1613,-2927,3219,-359,5288,-1590,-6714,-4616,7761,-5833
1254,-955,-281,-2998,4069,-2402,1240,-3290,-3952,-7724,6451,-6113
-150,1627,647,-1797,3657,-3278,-2972,-2824,924,-10932,9387,-3827
-1300,2537,1023,-1158,2234,-995,-1706,1400,4320,-10539,5560,-663
-246,2633,2143,-3450,3362,725,-2988,2744,6414,-8712,3163,1344
370,1329,1459,-5644,8231,487,-206,2224,11012,-5992,10636,1494
1210,157,223,-6010,7943,171,-5414,-5218,9376,-356,432,8156
1222,-1469,-1377,-6147,8272,-346,550,-5748,5574,6195,-3596,11427
1724,-2529,-1485,-4944,7457,-1215,10810,-1644,3616,5579,1683,12053
1502,-2221,-905,-3098,5524,-1128,12282,-1462,1302,5118,8040,7360
408,-1037,-1387,-3716,5967,792,11192,-804,-1492,6199,7234,3549
-356,1157,-1125,-4039,5940,2218,11066,6,-3204,6754,5020,-1295
-838,787,-1533,-3464,4881,2571,9006,1464,-4388,4764,5994,-3280
374,153,-1607,-3526,3749,2249,7334,-514,-3972,2984,5907,-4273
728,-511,-1959,-3747,3104,1238,5368,-1464,-5048,-21,6358,-6443
1042,-279,-2107,-4372,3357,550,1626,-3842,-4352,-6222,11914,-6569
1364,-1097,-1819,-4158,3427,-269,-44,-5244,-1914,-7357,9488,-3896
788,393,-1395,-3020,2957,-755,-814,-2782,24,-10073,6246,-2162
228,241,405,-833,2181,-172,-5046,1608,6738,-14177,10097,-791
-1338,1223,1185,-1109,914,1045,-6988,576,10572,-11303,10543,2469
226,671,2265,-4543,6617,948,-5740,-970,14236,-4240,2459,7923
902,-713,1175,-6012,9688,73,-1718,-3066,3712,-2540,-3319,13669
958,-887,-173,-5263,7766,-237,5682,-5008,8584,4386,-5350,12373
1148,-1787,-835,-4379,6650,486,9534,-2850,2692,6612,419,8239
1818,-3491,-819,-3792,6970,195,8528,-3776,674,8467,-1800,3173
-316,469,-849,-2916,5021,269,10482,-3052,-1388,7564,4799,-14
200,2049,-1751,-3581,5220,214,8904,-404,-2692,7355,3787,-1692
-1338,2197,-1207,-3530,6788,-58,8464,158,-1740,6033,3652,-4401
52,-831,-1875,-3068,3913,463,6096,462,-6546,1447,5322,-7608
1288,-1555,-1657,-3251,3719,-322,3726,-1726,-5948,-3612,5016,-7722
1418,-1427,-1643,-4260,4349,-3,-494,-3744,-4578,-6486,5057,-5218
1126,-915,-1455,-4845,4886,-483,-2606,-4136,-1910,-9641,6753,-699
712,-233,-579,-4137,4055,-830,-2500,-1424,-62,-11012,10793,439
-1276,1207,211,-2703,2495,114,-5638,-696,10670,-11013,9995,2427
-602,1435,1605,-3832,3372,120,-1244,2862,13194,-8556,16028,2368
-416,771,1263,-4561,6102,-671,-7234,-3348,5636,-5264,-1323,10891
904,-865,1275,-4669,5946,-926,4856,328,5212,1302,8096,10520
1744,-1767,-197,-6433,6769,-688,6550,-3536,2662,1462,4560,9877
786,-1775,-2071,-6313,7870,10,4748,-1982,1466,4990,6202,7460
-494,-1073,-1901,-4293,4567,1050,5342,-1448,706,7401,2402,5962
-302,-1041,-961,-3308,4300,1290,7922,998,-1494,6566,3069,4580
-574,637,-913,-4059,5087,305,8394,326,-3140,4050,2425,3042
-1180,523,-1897,-2923,4870,529,8994,1286,-2266,3974,-1723,-319
-96,-1303,-1483,-2225,4429,731,8644,1444,-3698,1546,3869,-3154
-82,-1277,-1389,-2329,3654,870,6850,70,-4690,-1849,7334,-4560
-278,233,-1267,-3616,4427,1084,5716,-810,-5132,-2835,6845,-5854
322,-595,-1519,-4527,4849,364,3158,-2762,-4334,-5725,6752,-6614
258,-1163,-1161,-4239,4468,-769,-304,-3088,-3272,-10164,3052,-4519
-2090,2981,-875,-3176,3277,-264,-5194,-5554,2400,-14213,5621,-1746
-1726,73,283,-2278,4497,178,-7076,-3388,10238,-11687,11311,214
-1910,-427,981,-3317,2534,-815,-8082,-1030,15850,-4241,8175,3255
1438,-1689,463,-4437,4888,-2509,-8748,-2268,2090,-5432,682,13179
2016,-1383,37,-4877,5769,-2194,3012,-4708,10034,-27,-6526,13453
718,-1191,-1001,-4432,4735,-1277,10428,-2076,4850,2873,8015,10646
516,-1375,-655,-4027,3629,-677,7210,-3250,406,5276,2027,8164
-894,305,-313,-4215,2568,210,11398,-4882,768,6259,2512,6315
-1444,1271,-1027,-5258,6499,-513,10174,-912,450,7387,5191,1036
-2024,-13,-1693,-4852,4986,2214,9716,1690,-178,9270,2802,-2678
-984,-1081,-1609,-4708,5417,3672,6962,436,-1096,7460,4769,-5091
200,-1731,-1837,-4193,3771,3447,6090,-600,-4684,3268,5513,-7590
34,-1705,-2331,-3442,1831,3376,4482,-1038,-6084,-3325,5981,-8393
846,-1343,-2009,-3461,1508,2740,1218,-2636,-4568,-7443,4737,-8217
1134,-1763,-2007,-3479,1784,1693,-2252,-5540,-1696,-11225,4728,-4376
1400,-331,17,-2866,2766,-136,-2618,-3770,138,-15204,5395,2143
122,2223,1251,-923,3379,-166,-5744,-2522,5954,-15268,5861,4321
-1216,2053,2993,-3699,7936,-1013,-5984,-240,10102,-10182,5898,6274
-124,733,2255,-3455,6530,-877,-2750,244,12182,-5588,2507,11430
2094,-431,1777,-5230,7832,800,1756,-6712,4692,-280,-4602,16291
2516,-1477,767,-7455,11526,990,6484,-4240,7044,284,-5862,12103
1366,-1853,-1029,-6818,7586,181,8186,-4630,5926,1951,-2817,8998
1624,83,-1263,-5377,7398,799,8076,-4158,5046,5546,-336,5641
338,-59,-1719,-4419,6074,703,8796,-3644,3380,9750,245,3590
-74,-1509,-1297,-3371,5887,-569,9496,-3326,164,9754,2995,2007
-648,753,-897,-3536,6029,-1191,9398,-1852,-1684,9378,6930,-521
0,2197,-723,-3871,5814,-529,9584,1800,-3640,7617,5360,-1915
94,-77,-1715,-3498,3375,-517,8052,-304,-2038,5504,4223,-3940
1164,-1387,-1607,-2451,3895,-500,6558,-1168,-5452,2362,4635,-8073
1472,-1561,-1705,-2357,2904,-436,5804,-502,-6304,-4047,5681,-9001
1248,-1247,-1819,-3846,3334,635,170,-4608,-2988,-7417,1509,-7516
710,-539,-1257,-4116,3260,1227,-2192,-4576,834,-12108,8634,-2223
-462,2361,-143,-4201,2590,1790,-6898,-2062,3910,-11806,4837,4606
-1064,2919,367,-3857,3140,1982,-5092,660,10604,-11207,11091,6496
-122,385,765,-3200,3500,1632,-4794,-1642,15210,-6924,7222,9208
528,-571,773,-2726,3247,542,-618,-3140,12856,-4794,-1411,13768
1196,-1531,543,-2683,3421,-262,5950,-5900,8020,1565,-4345,15405
1348,-1507,445,-3900,5411,-505,8484,-4662,5936,3729,-3176,10487
1112,-1445,-409,-4459,7450,-426,9124,-3920,2552,7449,-3846,6858
1182,-2067,-973,-3427,7218,-676,10210,-2974,442,9279,-1695,4289
-302,1455,-817,-3066,6141,369,11754,-2652,-1780,9664,1967,3102
376,1565,-1629,-3629,6839,448,11974,-792,-4640,8621,4642,1288
70,65,-1281,-2351,6004,378,10936,-1206,-4002,8781,6252,-1663
836,-683,-1781,-1581,4231,948,11336,-2108,-4734,7356,6289,-4522
490,357,-1651,-3277,4477,1714,9654,-676,-8776,1887,7628,-9638
240,359,-1867,-3717,3623,1371,5944,-2040,-5394,-3920,8019,-12174
474,257,-1727,-4144,3885,863,-60,-3968,-2768,-8245,5773,-10717
92,-183,-1837,-4260,3068,467,-2022,-4432,242,-12227,11584,-4836
1142,-1195,-1339,-4291,2580,5,-4218,-4418,4416,-10843,6133,3134
610,-375,-415,-3933,2946,-404,-252,-1386,8324,-9346,9643,3988
-1104,2217,283,-2992,2733,1822,-546,360,15134,-4490,8228,5594
124,729,1121,-3262,5266,1377,-2446,-142,7480,-1742,3439,7894
500,189,999,-2964,6194,-642,2970,-162,8950,2896,1851,8344
832,-739,785,-2465,4662,-1735,3828,-1280,4372,4839,282,6912
1396,-1953,-79,-2959,5534,-1793,6022,-2726,2042,5774,-2010,4959
1460,-2875,-565,-2804,6158,-1276,7116,-2156,-2124,5145,-346,2217
1256,-4137,-529,-1129,2889,-992,6846,-2580,-1116,4429,1338,1236
-1664,2041,-319,-2316,1335,-293,9104,-1350,-3128,4462,6425,641
-2038,5097,-1397,-4281,4007,47,9536,2578,-4740,3485,5824,-1052
-2590,3035,-1487,-3512,4911,-342,7586,2448,-4210,489,4035,-4210
1076,-2073,-787,-1479,3124,-1434,4956,1492,-4866,-3532,3371,-7026
1936,-2707,-4563,-7424,5152,-6136,1900,-1604,-3734,-7380,5441,-5730
-3696,-5805,-1861,-12928,4192,-4095,-1042,-5052,-1710,-8932,6265,-1647
-3664,-6611,-1121,-15872,2560,2081,-2510,-6294,-694,-10623,11065,3219
1440,-853,-137,-5467,2805,-973,-550,-2618,2352,-15453,20764,5413
-794,2497,-593,-4988,2129,930,-6552,-3182,5288,-14088,19249,4423
-1004,1391,875,-3137,1692,5317,-6556,-4618,11600,-7724,9000,6844
-482,969,1025,-5979,6019,5043,-4526,-3360,14650,-1669,3932,6795
-194,-1399,-181,-5393,8186,3533,-792,-1276,8716,1823,-4256,11860
10,-1349,-193,-5054,5828,2397,3398,-2924,4340,780,-3855,9895
370,-253,-939,-5789,7385,1793,5888,-2398,4170,4219,-161,7710
534,-2145,-899,-4737,7004,1313,4748,-2264,2406,4812,7365,7645
22,-71,-587,-3129,6137,1231,7192,-2792,1936,7934,2368,7987
-136,1451,-711,-3421,5730,767,12744,2250,714,10107,3185,8520
-310,1203,-899,-3401,6873,234,11190,1392,-1882,8679,3449,2787
976,-1657,-1149,-3098,6161,-395,10202,-1644,-1850,5656,3496,-468
784,-1259,-1237,-2775,5090,-649,9444,-2328,-5604,2641,2465,-5676
1120,-291,-1345,-3376,5568,-631,7716,-2256,-5922,-3082,3556,-8685
1630,-1661,-1387,-3792,6432,-666,4194,-3498,-2840,-6529,2611,-9534
1174,-1167,-879,-3613,4828,-1342,-118,-4804,-1178,-9908,4471,-7535
-450,1305,-223,-2321,2661,-840,-2052,-3590,2458,-14801,8585,-3056
-1164,2471,639,-1076,-921,1806,-4328,-1748,5112,-15329,11150,-3201
-922,2405,1483,-2013,768,4113,-9134,-3342,11778,-7255,8095,-1767
-408,1285,1399,-3600,4451,3285,-9790,-974,11328,-2915,6740,4498
240,-513,619,-4011,5862,1097,-5676,-1550,6192,-364,-3695,10153
890,-1829,787,-3424,3485,482,50,-3088,3104,952,-9784,11841
2556,-2211,391,-3899,4804,635,5538,-3148,3088,5846,-4267,11469
780,-1049,-337,-5498,7629,1317,7298,-3990,1720,7021,-4808,9642
1186,-1875,-847,-4215,7872,531,8746,-2872,-776,8029,18,5727
78,-367,-677,-2682,5800,-476,9960,-1640,-1826,8281,3469,2892
-218,1797,-1381,-2182,4641,-698,9662,-436,-3700,6656,4257,1144
-74,1235,-721,-1958,5185,-754,8600,-666,-3950,4731,4383,-3032
976,-867,-1261,-2344,4313,-671,7482,602,-6430,-1916,8369,-6449
1222,-685,-1439,-3687,4785,-1038,4516,-1358,-3570,-6753,11953,-7290
414,-5051,-2565,-8061,64,-5820,274,-3606,-2092,-7567,10183,-5363
-2848,-6971,-1613,-14304,129,-2032,-2046,-4464,-522,-10318,9856,-1912
-178,1249,-237,-2786,2509,-1971,-1706,-2982,1554,-13512,10493,633
-1148,2025,753,-1863,1596,776,-2408,-1590,9022,-13239,18709,842
-3420,1963,1553,-3902,3484,1613,-12174,-1458,8526,-5654,10176,1660
-862,-823,519,-5056,7548,1756,-7044,970,7808,-2159,-1472,7742
652,-2941,-489,-3571,4430,551,-1620,-2786,5200,7,-6806,10083
1108,-1523,-107,-2653,1954,496,3388,-4808,3988,4225,-8243,10452
1162,-937,-121,-4171,5639,922,6652,-5018,1736,5566,-4908,8015
148,139,-1103,-5999,7115,1247,9364,-2798,144,3852,-2956,6422
20,697,-1767,-4627,7557,898,9118,-1046,-2592,7096,1183,1583
344,-201,-1131,-3369,5845,-171,8922,778,-3452,5385,5255,-868
1074,-397,-1439,-2955,5080,-409,7226,-1634,-2596,3046,8442,-2582
506,263,-1669,-3311,4740,-177,5918,-2022,-3484,1334,9504,-4881
602,-161,-1119,-3632,4441,921,4512,-1298,-4402,-2344,12058,-5617
228,515,-1193,-4794,4504,1784,1954,-922,-1710,-4676,10760,-6287
748,-485,-1163,-5258,4496,1192,-1206,-722,-102,-7451,9086,-5152
1176,-1353,-1453,-4664,3266,-267,-3370,-2456,1396,-9548,8600,-1676
-628,1845,-1559,-3561,2500,658,-4596,-1390,4356,-11104,8451,-1011
-760,901,-181,-2384,1148,3161,-5558,-936,7686,-9468,8509,1917
186,101,279,-2728,3801,3427,-5944,-1038,8040,-4183,-442,6182
952,-1335,331,-3096,5605,489,-260,-2422,7918,-96,-7124,10002
556,-527,-307,-2878,5803,-1765,4504,-2214,5102,4667,-6017,9846
772,-1277,-517,-2374,5034,-1737,6728,-2996,1596,7301,-4821,7356
-720,1145,-23,-3357,4913,0,9624,-2314,10,5117,-827,5037
-146,1997,-345,-3490,7268,-174,9156,-308,-2530,5164,1992,522
388,-293,-863,-3037,5906,-1233,8378,68,-2902,3361,5892,-2003
1244,-1171,-1273,-3354,4347,-1339,7114,-1220,-3260,1393,8287,-4606
936,-385,-1941,-4254,4843,-620,5414,-1354,-3882,-2078,9032,-5826
738,-575,-2171,-3567,3546,889,2702,-2364,-2320,-6130,7915,-5595
804,-929,-2135,-3578,1025,2103,-1058,-3588,-374,-8323,7850,-3535
-3680,-4799,663,-12256,178,634,-2486,-3698,1032,-10001,6674,1062
998,-1,55,-2840,2017,1947,-2426,-2746,3490,-10293,6559,3923
-258,1617,1449,-1446,3974,2034,-4212,-958,9250,-10410,11619,3703
90,1685,2167,-2270,4641,1595,-7392,-12,11416,-4726,10396,5032
1008,1,2191,-3972,6787,-202,-3940,836,9548,-2038,3202,9904
1168,-963,991,-4407,6481,-1134,-88,-2446,3570,-2949,578,11203
830,-1081,187,-5060,7203,-797,2962,-4134,4496,2265,-215,11750
1442,-1245,-331,-5143,8467,196,4698,-4384,1726,4766,-6108,10634
874,-2069,-983,-3917,8675,661,9978,-5222,1998,10771,-10532,8498
184,-129,-1087,-3188,5918,883,10596,-1340,-22,6990,2298,4882
-1086,2549,-1641,-3929,4765,993,10650,-1300,-1754,7237,1215,1893
-136,153,-1125,-2480,4361,116,10860,-1446,-2910,5560,2820,-845
712,-629,-1373,-2193,5008,-150,9326,-1132,-5288,1596,4732,-5583
952,-309,-1217,-3337,5109,-1100,7308,-1002,-5712,-3112,8072,-8008
906,-301,-1293,-4099,5910,-1497,4248,-2298,-3574,-5634,9069,-8392
558,389,-1329,-5321,5054,-982,-1068,-3732,-2984,-8697,13016,-6283
40,901,-1471,-5509,3843,198,-4312,-2428,1586,-10702,9547,-1556
550,-707,-521,-3238,2677,1212,-4412,-2126,6222,-13065,10551,1176
174,-389,325,-1908,1480,2232,-4662,-1610,11866,-11477,12343,4707
-406,943,661,-2283,2985,2979,-8714,-3412,12890,-4461,1747,10078
-50,577,737,-4018,5719,2612,1926,-1748,8050,-735,-5934,11742
-334,337,293,-4133,6231,911,7930,-2828,6658,4682,-2871,10780
394,-875,-621,-3173,4769,-342,8600,-2880,1286,5473,-1012,5743
1810,-4527,-921,-1161,4182,-759,6794,-4814,1692,5649,-4984,2567
1102,-1787,-37,-807,2460,-611,8606,-5064,1118,6709,-1953,897
-382,2687,-945,-2937,2550,-357,9442,-390,-1694,5724,3075,306
4536,1053,-2645,4369,5121,-2048,8534,1656,-2256,4933,5326,-2001
-880,1361,-1359,-2764,5184,-2406,7598,1278,-1716,3678,6131,-2490
836,-485,-1835,-3225,3824,-2106,7048,-268,-3798,1241,5718,-3548
1178,-681,-1657,-3703,3307,-1782,5836,-1244,-4774,-2656,6386,-4550
782,-1199,-1927,-3927,3518,-722,3810,-3200,-2960,-6442,8428,-5286
1520,-1599,-1517,-3464,3686,326,1280,-4858,-572,-10861,13359,-3773
976,-909,-953,-3820,2667,1512,-1494,-5438,-300,-12119,9168,-89
-2,1131,-489,-3441,2390,2970,-3258,-4764,4124,-11964,7923,1538
-840,1713,999,-1811,1365,4807,-4212,-498,9802,-10505,10539,932
-1542,3089,1231,-2395,841,6429,-6034,-26,14502,-7645,8694,2496
-1444,375,1683,-6807,11281,4109,-5074,-96,16508,-3018,6035,4618
-238,-1483,151,-4578,5924,1300,-3948,-500,8974,-435,-1723,8837
1484,-2397,175,-2553,2086,-300,582,-3100,5198,-644,-3451,9929
3250,-1533,403,-3030,2375,-813,2794,-3504,5216,2670,1556,9797
1986,-1379,-135,-4705,7103,-333,2778,-4866,2328,6904,-639,10105
704,2275,-201,-1782,5625,665,6976,-3980,1490,7993,-7529,7928
1046,-997,759,-3010,6236,1389,10602,-3674,1076,9380,-479,7662
1374,353,-331,-2592,5860,1964,11106,-986,-1594,6788,3932,3551
72,369,-2477,-3412,4030,1946,10630,-96,-2042,6049,1830,81
404,195,-1421,-1539,3677,1376,9890,-546,-3292,4264,5546,-3123
556,-981,-1691,-1065,1516,510,8930,-1018,-3648,1277,5447,-4728
1072,-585,-1415,-1675,2720,-161,7178,-1736,-4836,-676,3577,-7097
1098,-1039,-1305,-1557,3012,-1106,4254,-3178,-3584,-4009,4096,-7360
1450,-1847,-519,-546,908,-2170,862,-3752,-2356,-8324,6187,-5710
870,-583,53,-247,-63,-3816,-1728,-5738,54,-13716,7966,-1801
-196,2693,725,993,-532,-2489,-2142,-4662,3072,-17534,9135,60
-9822,-6495,43,224,5120,578,-4386,-1842,11508,-15722,7600,979
-8702,-6871,1579,-10204,7337,256,-4384,-504,14516,-9610,7606,2668
-3688,-931,427,-7776,834,4128,-3476,-206,13424,-3269,4901,6093
2506,-269,2385,-4391,4952,-2789,-1102,-2002,10420,142,2034,8610
3148,-903,1111,-5278,5011,-2154,1506,-3524,7998,2415,1370,9288
2018,-621,1013,-4920,4897,-1892,2822,-3666,4876,6351,-1150,7985
2430,-1357,-63,-5428,5840,121,4238,-3566,1730,8432,-6917,6464
1784,-1941,-759,-4387,5879,1913,7252,-2630,1956,8312,-9336,3323
1618,-2575,-607,-5107,7566,2768,10300,-1338,16,8175,4426,564
80,89,-1287,-4141,5724,2271,8184,-2678,-2910,5565,10098,1064
-844,1825,-1817,-4657,4651,3461,6780,526,-3652,4764,8389,799
-2200,2199,337,-4121,5951,1794,7450,940,-2488,4245,3383,-2401
120,-773,-1167,-3262,4228,754,5768,1040,-4356,-468,4136,-5362
2172,-1863,-1531,-943,2713,22,3334,-386,-3210,-5406,9373,-7531
1384,-1229,-1971,-3134,2688,108,1022,-2394,-2252,-6025,5328,-6986
1104,-843,-1671,-3666,2083,-126,-1116,-4738,-1242,-9361,9102,-3889
526,411,-867,-2729,1768,445,-4488,-7058,410,-10953,6972,-827
418,43,163,-3238,2551,273,-2868,-3522,1966,-12800,6988,2703
342,1895,19,-3631,4515,265,-5244,-2954,7144,-12249,6881,5671
-1482,815,821,-2166,4296,1958,-4376,-1796,10702,-9756,8299,5702
-260,-659,2645,-2975,3924,2217,-5026,-2580,12112,-6656,4521,7441
42,-541,1833,-3352,4261,1490,-1162,-1936,12160,-2678,664,9250
1690,-659,1907,-2702,2791,429,524,-1644,5862,1224,-3526,9289
1292,-825,1049,-2735,2843,44,3412,-3294,3044,1149,-4694,8452
1706,-459,261,-4343,4688,-701,3832,-4048,3296,5917,-2919,5996
1410,-1743,-331,-4723,5796,-770,7312,-2272,1756,8501,-3944,4719
1764,-1279,-863,-2013,4278,-355,9444,-1738,856,7583,2028,2572
418,1309,-641,-2816,4312,2654,7616,-286,-1662,7497,3412,1087
-574,1573,-1251,-4031,7520,3672,9130,508,-1754,8050,1522,-707
-830,-51,-897,-3765,5708,3053,7572,-650,-2190,7388,1279,-3370
830,-1033,-961,-2642,4069,1298,6432,1238,-6754,424,9184,-6558
738,-431,-1639,-2798,5359,923,4664,-280,-6428,-2504,8942,-7335
1230,-1405,-1701,-3266,4787,380,2984,-1896,-6248,-5533,7178,-6737
1836,-625,-543,-3375,4269,-2083,488,-5070,-4678,-7503,-208,-5572
854,879,-809,-3687,6362,-4101,-3194,-5586,1684,-14198,8153,-4246
-2176,3117,343,-3445,4670,-1201,-8656,-5576,4428,-15033,6537,335
-1190,145,1621,-2810,5532,1427,-5820,334,7102,-14214,8910,3638
-1508,-69,3203,-3825,3728,743,-5674,-2756,13850,-8214,4870,8612
762,-773,2471,-4479,4698,-1105,-2116,-580,10992,-2903,7319,11700
1740,-465,1797,-4688,3090,-1506,422,-3022,1538,-4218,3794,14468
1196,-155,299,-5288,3216,-945,4016,-4390,4282,-1601,3881,12341
1504,-403,-57,-6156,4599,95,5602,-4396,4184,905,-245,11673
860,-713,-465,-4698,5389,1342,9244,-2934,4884,7035,-449,9503
776,-1823,-493,-4691,7109,2632,9724,-1792,2922,8850,1051,3626
-144,-955,-1401,-1655,532,2004,10600,-1218,-240,7881,4477,-1354
-1258,1927,-411,-2120,1181,2816,8648,2046,-3088,6055,2441,-3067
-218,533,1095,-3691,6072,3489,6736,1240,-2756,3503,3835,-5341
96,-1705,-413,-4668,7592,3554,5912,-1248,-1238,999,4981,-5713
908,-1321,-1087,-3376,5218,2619,3864,-1096,-4592,-2293,6215,-6595
760,47,-1409,-4148,6204,1821,2484,-1970,-4176,-6014,7385,-6284
794,-241,-1083,-4512,7367,1285,-500,-3314,-3216,-8104,5864,-3017
392,75,-931,-4523,6673,707,-3430,-2998,-2222,-10974,5396,-1312
74,3839,-1293,-4191,6614,-570,-4568,-2580,2558,-15000,6783,2480
164,347,41,-1688,4909,81,-6650,-3772,12728,-12588,10272,4576
142,251,1371,-4949,8773,560,-2872,-2762,16586,-4355,8342,6458
402,-1071,1241,-5058,7814,690,-2490,-3248,1624,-4777,2205,9116
948,-1661,743,-4511,5590,1239,1134,-3536,7394,4579,-3494,6587
724,-1313,-439,-5625,7109,1408,4154,-3660,3988,5320,1001,5560
408,-603,-1323,-2888,4075,1753,4446,-3628,2804,5562,1000,3938
-804,755,-239,-4361,7645,1998,6268,-2154,858,5650,1763,2940
-134,2267,-677,-2210,4496,1023,5862,-1884,-1426,7049,3252,1623
652,-79,-1489,-1912,6062,-367,6406,-312,-2274,5343,5362,755
540,-893,-1219,-1972,3387,-795,6712,488,-5464,3667,8149,-775
956,-885,-1127,-2439,3090,-179,5906,0,-7564,401,9866,-3899
656,-2875,-7557,-7616,64,-6100,3826,-1088,-7142,-7688,10209,-5880
428,-1877,-753,-4563,5155,-1789,-2654,-4672,-2598,-10503,7894,-5211
1196,-1433,-313,-3548,3124,-3429,-2962,-5410,894,-11709,8903,-1961
-356,991,-111,-709,1435,-1452,-5588,-2960,6704,-12346,5073,1223
-1484,2731,1977,-469,-2379,2798,-5802,1030,8642,-8028,5551,1852
-574,2229,1941,-3550,4819,2993,-4868,630,10284,-5119,3952,5717
1244,497,2317,-5649,7074,462,-2704,422,7336,-708,1789,9013
1962,-713,437,-4863,4715,-162,-1044,-3092,2986,-2044,-1977,11223
2648,-1517,-513,-6180,6798,208,3638,-4828,2984,1574,-6922,11073
1712,-2197,-1695,-6183,8801,326,7070,-5302,3158,5510,-3433,8890
-106,-1191,-1673,-5488,7163,1873,9152,-2508,-636,6853,4034,7803
842,-207,-915,-3636,6991,1411,10918,-1536,-2082,7421,4300,4677
324,271,-1079,-3502,6572,369,10252,-202,-2370,6822,3460,1257
-8,87,-1429,-2631,5793,-50,9106,-1038,-1548,6200,3433,-1204
268,51,-1463,-2840,4405,533,8414,-560,-3854,3479,7581,-5780
506,-347,-1483,-3477,4553,1148,5738,494,-5220,-1527,11068,-6866
1244,-1329,-1877,-3699,3895,821,1766,-2678,-3140,-3875,10606,-5685
-2416,-7035,-2309,-8152,1130,-2873,-232,-4780,-1480,-6863,9519,-2721
148,807,7,-2970,3386,-1141,-216,-2292,470,-9982,12885,-1604
-1240,3255,499,-1749,2193,1437,-1108,1156,5336,-13189,17286,-3809
-1932,1053,963,-4860,8540,2414,-8650,510,10266,-7739,9827,-3239
758,-2695,125,-3219,2779,658,-8040,-1056,7452,-4143,3133,4931
4334,841,1319,-5613,4575,-235,-1278,-2002,6130,-2571,863,9493
-258,1745,-1665,-5508,7502,320,2728,-2794,5434,954,-1681,11653
644,-183,-1293,-3980,6217,1345,6088,-3534,3672,4356,-4353,10167
428,-397,-1071,-2895,4534,1482,9332,-1178,1852,3619,-5692,5462
1126,-1429,-1135,-2450,4628,723,8694,-1398,598,4938,1509,1528
974,-447,-1089,-2940,4916,165,8212,-1436,-1042,4216,4033,433
698,-147,-1151,-3675,5168,-162,8166,-692,-1842,4144,4387,-1331
580,-87,-1029,-3741,4352,-164,7138,-1312,-2058,3498,5330,-3129
1114,-873,-979,-4002,3719,-235,5846,-1780,-3652,681,6686,-5359
1210,-563,-1153,-4071,3584,-563,4078,-2980,-4760,-4928,8812,-6285
722,-31,-1097,-2014,2808,-412,858,-6012,-3108,-10886,4858,-6162
-1566,1885,-427,1174,-876,2669,-4926,-4370,3130,-14451,7893,-7396
-904,1773,1939,-96,-780,4030,-9520,-438,5680,-10648,8670,-6398
1602,-183,1815,-1969,3027,1587,-9456,-994,8186,-9663,4401,598
-532,63,2305,-3252,6006,-445,-8792,-380,9958,-6880,2965,6293
700,-175,1693,-3656,3470,-883,-6892,-3058,5356,-5033,-3222,12518
1118,-473,1331,-3986,4419,-785,-80,-3978,7506,-1705,-2838,12955
876,-735,1205,-4396,4843,-94,2256,-4244,6778,2059,136,12062
1554,-1037,653,-4353,5373,444,4076,-4158,4970,2805,-771,10751
1802,-1093,221,-4255,6626,1286,5914,-3942,3510,3774,-4301,8101
772,-143,11,-4652,7611,1188,9772,-3498,2900,8279,-140,6815
1188,-973,-803,-4464,8723,-315,9806,-1444,382,8051,3318,2942
572,-423,-1451,-2977,6076,-967,8608,-270,-1648,5931,4548,2085
-210,801,-1941,-2942,3898,114,8760,-240,-2524,3794,4114,1156
-300,1177,-1409,-2216,2467,254,8184,-146,-2416,3130,2111,-685
762,783,-295,-2127,4221,909,7640,-1344,-2094,2312,4741,-1619
1090,-185,-935,-3082,3871,-779,6936,-1962,-3764,580,8399,-4074
1716,-1343,-1211,-3390,4045,-1712,5438,-2482,-5834,-4321,9551,-5576
2028,-2787,-1841,-3616,2748,-1507,2198,-5376,-4076,-7930,7295,-6391
748,-1073,-1479,-1929,1480,823,-2708,-4786,-544,-10428,5135,-7193
6,1611,-193,-2253,106,2284,-6534,-450,3952,-11808,10406,-6234
-2206,2613,1553,-882,2550,1611,-9768,-68,4404,-11398,8075,-2881
-1478,1427,2185,-2277,4597,-27,-9886,-1078,10270,-8755,5177,1304
-416,-767,3659,-2122,746,-1558,-6662,120,9354,-6690,2521,4715
78,-229,2881,-3574,4516,-913,-6316,-3474,6028,-4810,-5394,11152
558,-821,1487,-4657,6919,-858,672,-3190,6616,-2244,-1275,9619
1216,-1383,773,-5339,6906,-1294,2390,-5014,5344,-1775,-685,10875
1512,-1593,811,-5900,5585,-1181,3734,-4162,6022,1867,1404,8860
1490,-1287,11,-5538,6120,-891,4544,-3588,4184,3854,810,7543
308,-767,-1167,-4718,4516,150,5608,-3222,3552,5212,-630,5095
-432,47,-1339,-3096,2937,1921,7568,-1828,2732,5577,2700,4308
-194,-1305,-621,-1887,1688,3065,6936,-1370,632,4961,2752,2024
1048,-2221,-9,-557,1362,2774,8100,-1914,-500,3824,2313,898
-712,829,-637,-1020,194,3800,7744,-446,-1740,3314,5319,-192
162,1061,-1139,-2329,2638,3969,6946,1460,-2552,2407,5548,-2139
726,-505,-1401,-3343,4576,3221,4992,-640,-1634,691,5011,-3074
1364,-1199,-1279,-3546,4989,1724,3782,-1470,-3400,-3099,5451,-4495
1426,-5917,-541,-13182,545,-4603,2164,-3840,-3276,-8591,9749,-4526
344,1913,-793,-3405,7418,-1636,-1472,-5046,-3608,-10910,8214,-5021
-38,2153,161,-2061,5757,-1897,-8438,-4958,5444,-13939,10440,-3576
-162,2537,715,-2694,4907,-860,-10466,-2372,9788,-12086,12048,-2363
-11568,-7011,237,-12223,4104,1680,-10676,-3688,12880,-8909,4460,2092
614,979,213,-2784,5605,-31,-10596,-3916,8506,-6609,248,6588
596,609,735,-3029,4808,92,-5682,-5474,5186,-5840,-3325,12920
1258,-581,769,-2885,5251,-299,266,-5396,7942,-1142,-2195,12776
904,-927,773,-4322,4667,-1065,3664,-4414,6052,2050,309,11180
1392,-1643,-327,-6077,6350,-1551,4856,-3658,5932,3185,1011,10397
5218,-3019,3577,152,1032,8196,7628,-2618,3528,3548,1817,7971
864,-1031,-2013,-7012,7005,-1376,7704,-5430,2848,7641,960,8256
224,-545,-2339,-5410,6022,-143,8912,-1798,412,7471,4293,4279
42,-263,-1711,-4258,6201,1809,8190,-626,-2478,2683,5210,2538
72,-127,-1153,-3987,6058,2191,6240,-168,-1038,1518,1807,-20
306,-63,-1573,-4000,5622,2331,6490,-562,1260,777,298,-635
458,-63,-2013,-4049,4659,1896,5146,-1898,-438,1299,637,-1667
212,-73,-1895,-3732,2834,1344,5840,-1142,-3212,-1067,4798,-2913
536,-199,-1389,-3471,2597,1004,3672,-2096,-2976,-4593,8590,-3714
-3690,-4737,-1875,-11759,2177,33,-364,-4326,-1744,-9221,11044,-2564
382,277,181,-2904,3211,-776,-3482,-3082,658,-12860,16980,-2465
-1060,2907,-469,-1789,2028,-151,-8640,-2136,8778,-12972,17385,-1993
-704,971,793,-1397,145,1730,-10514,-3244,7382,-10824,15423,-1420
1056,-875,1695,-2770,3317,1340,-7588,-2732,9186,-8477,2679,3099
746,-601,745,-3849,3695,550,-7974,-4000,7988,-4955,-5486,9307
924,-923,755,-4572,5054,376,-1758,-3588,4830,-3956,-1803,12835
1328,-1809,-135,-5750,6787,98,2544,-4524,5554,-232,-3151,11506
18,59,-853,-5109,7729,633,4960,-4582,5218,2109,-1619,11131
-992,1745,-1151,-4350,6774,1899,6058,-3658,3650,3181,-3902,8452
776,-1483,-51,-2049,7074,997,8162,-3920,3864,4200,-6432,5851
-218,-435,-649,-671,2594,-111,9306,-3740,1992,6807,-4255,3055
888,325,-771,-786,2386,-961,10180,-1068,-592,6945,-109,755
838,-479,-809,-2169,3583,-1250,9648,-262,-1774,6389,-820,136
662,-157,-1021,-3638,4189,-1044,10188,542,-3276,4759,2971,-1656
452,851,-1187,-4452,4935,-546,7858,-2202,-3356,4179,3079,-3946
844,-651,-1293,-4054,4173,-549,7634,-584,-4658,-2028,8502,-8435
876,-865,-1693,-3357,1795,-63,5294,-2008,-2656,-5703,13781,-10407
172,-207,-1493,-2378,66,1998,1654,-3034,-2150,-8073,9324,-11132
-90,587,-413,-1542,-2028,3824,-3100,-4806,2028,-10026,7521,-10537
-20,239,339,-378,-2160,5175,-7874,-5108,3910,-9634,5599,-8376
836,381,1523,-1404,514,3645,-7488,-3170,6504,-7801,2916,-1117
670,1203,1007,-2651,2838,1466,-6190,-296,4718,-7419,6741,4072
990,-571,1167,-3100,4515,-414,-6164,-2178,4052,-6495,4177,7156
956,-1155,1101,-3302,4100,-1048,-3622,-3802,5598,-2224,-153,11257
696,-967,667,-3290,4391,-335,574,-3430,3760,158,-6083,12338
10,873,209,-2947,5194,1106,6680,-2076,4928,3544,-6919,11005
92,-143,349,-2668,5394,2008,7860,-934,2938,4043,-5287,7203
966,-2221,-377,-1807,4831,182,9432,-1982,2004,4685,-1935,3494
-236,1341,-689,-951,2593,-1484,9716,-304,-392,4014,736,26
714,909,-179,-1206,4150,-2591,7922,658,-1496,2894,2462,-2238
438,-337,-519,-1512,4063,-3415,7002,192,-1130,2665,1473,-3490
1554,-81,-269,-2392,4157,-2088,5310,-1728,-2006,463,3787,-3994
1302,-1093,-737,-4061,3251,-2130,4396,-1770,-3980,-3563,5244,-4419
850,-703,-415,-3578,2824,-1308,1520,-2996,-3246,-7568,5939,-2938
-528,2479,-599,-2652,1098,1371,-994,-3176,-1416,-10827,5368,-2362
-246,657,1271,-2011,955,4240,-3950,-2864,4360,-12335,8994,-1321
570,1207,1687,-2864,3094,4057,-6500,-1398,7364,-9667,11145,-530
802,503,1331,-3337,4716,2727,-7626,-2992,12102,-6786,9947,3515
744,-389,1097,-4022,4520,1757,-7298,-2524,9144,-2538,4683,6996
802,-879,829,-4261,4442,1416,-4812,-3884,5514,-2049,-366,11226
910,-1483,399,-4023,4485,1796,-82,-3544,5956,-321,-2515,11690
896,-831,151,-4351,4869,2182,2546,-3454,5542,1625,38,11402
-194,1347,-365,-4716,6266,3293,4366,-2480,4452,3220,-509,10454
1058,-1569,-887,-3878,6722,3116,6322,-3482,2966,3778,-941,8156
-98,-575,-789,-1983,4251,2490,8874,-3942,1494,5636,-161,6235
474,1203,-1127,-1980,3314,1368,10300,-1874,-1184,4857,2150,3768
480,849,-929,-1683,5258,-134,10506,468,-2454,5330,927,-1
660,-209,-1145,-1370,4073,-1200,8758,360,-1854,4454,1482,-1056
868,67,-1193,-1547,4327,-1785,7172,-2044,-2336,3661,3472,-3624
1042,107,-1197,-1838,4815,-2267,7138,54,-5934,-2218,7641,-6528
1204,-23,-995,-2129,4967,-2273,4300,-1854,-3346,-5870,7949,-7404
-3568,-5079,-573,-10840,2120,-6102,-1332,-4400,-208,-8870,7896,-5733
1028,-25,775,-1580,804,-1048,-2738,-4476,1942,-12077,9945,-1978
478,1263,969,-2847,1585,-114,-6698,-3678,2206,-13519,9531,-647
-1528,1673,1887,-3149,3286,1056,-7090,-3254,11436,-10905,12922,559
-1240,629,1789,-4974,5987,823,-7698,-614,8802,-6361,12871,277
-22,21,1067,-4885,5361,194,-8898,-2146,2802,-7051,-1789,10292
750,-401,417,-4315,3372,-111,-1312,-3424,6934,-3623,-3172,10764
1748,-1227,317,-4984,4472,-279,1688,-2988,4866,-157,512,12573
1162,-1219,-497,-5052,5561,-167,4638,-2004,4112,809,4185,11421
836,-1295,-947,-4775,5568,482,5420,-2210,3654,2650,-1523,8976
584,-2075,-999,-3501,4254,1448,8048,-2698,4048,4144,-3020,6221
-650,115,-1037,-3210,3359,2922,8092,-2346,1858,7194,44,3406
-38,507,-1357,-3472,4563,3399,8252,-1204,1258,6195,2550,1387
248,-49,-1019,-3274,5196,2700,8420,-310,-1652,5863,2048,-887
222,-437,-1375,-2478,4173,1771,7252,-1042,-2794,3175,2598,-2210
784,-653,-1233,-2177,3946,1306,6942,-1376,-2064,1769,4676,-3745
460,61,-1079,-2753,4746,1467,4904,-1214,-3062,-423,5844,-4633
840,33,-515,-3784,5604,1046,3866,-1376,-3754,-5867,7918,-5328
926,433,-31,-4040,6335,-1098,106,-4678,-1408,-9149,5192,-5089
308,761,-273,-3107,5937,-1479,-2992,-3510,3318,-12472,8915,-2507
-434,1097,1061,-1255,3660,-14,-8254,-2386,4836,-11520,6806,-2483
486,-403,1311,-1803,1885,980,-5592,-712,12576,-7276,8192,1770
590,-793,1459,-3057,3860,2115,-9410,890,6554,-4990,4804,7921
914,-777,1205,-5188,5273,2742,-3134,-2650,6498,-6758,-1788,11580
710,-493,283,-6090,7335,2712,1736,-2026,8428,-1918,4831,13935
-250,759,-163,-5692,7585,1987,3966,-3528,5700,709,6174,13610
152,-347,-497,-4180,6002,918,4718,-3886,3920,2502,-822,11640
274,-1425,-321,-1889,3810,81,10324,-5314,3432,6528,-6168,9162
862,-379,-639,-1394,2288,-377,10406,-2076,2248,6285,292,3248
842,811,-635,-1975,3661,-669,9590,-1020,-592,5452,3167,80
708,203,-679,-2039,4311,-788,8474,-346,-1628,4469,3391,-1610
1254,-197,-693,-1853,3283,-897,7890,-184,-1850,3861,3347,-3378
1244,-153,-1069,-2917,2806,-788,6416,-1834,-2076,1989,5607,-3944
1218,-597,-1135,-2828,2928,-656,4528,-2066,-3544,948,5357,-5762
876,-235,-407,-2845,2727,-444,2812,-1414,-3316,-3887,9189,-6072
1196,-43,-247,-3589,2990,-1291,-840,-2742,-1800,-6554,6971,-6489
1018,-47,281,-2739,3834,-1682,-3356,-3658,954,-11321,6693,-5236
-992,737,1349,-1207,1844,49,-5282,-1894,2396,-12479,7609,-3376
-176,1851,1785,-2182,2065,3147,-8444,-816,8598,-9856,6015,-693
-894,1225,2565,-4063,4230,4191,-9960,2316,4318,-8514,564,3191
344,-623,1673,-6583,8621,3189,-2572,406,9364,-4640,-4441,6282
1090,-2885,261,-5638,6695,1384,-1910,-4094,6614,-1527,1614,8987
538,-1639,-151,-4364,5045,363,1690,-5698,4418,1741,3942,11011
-324,665,-499,-3626,2226,811,2492,-5962,3410,3591,1329,11783
-204,-251,-93,-2530,3483,1680,5988,-4518,3678,6707,-5542,9349
242,-375,-75,-2111,3080,1001,8766,-4004,1810,7258,1662,7529
938,107,-667,-2418,5035,-119,9972,-1310,-70,5828,5058,5178
554,-509,-451,-2281,5584,-1246,9694,-432,-1016,6697,2153,1822
764,-557,-937,-2299,4467,-986,10008,-178,-2572,6124,1977,-1439
370,261,-1127,-2899,4506,-288,8182,-1422,-3346,3342,4409,-3756
650,543,-923,-3340,5134,447,6914,-1454,-5180,-1029,4860,-6820
630,59,-1081,-3428,4702,680,4238,-1942,-4298,-6118,5271,-8648
434,129,-753,-3271,3469,879,1498,-2096,-1842,-9833,5448,-8659
322,461,-229,-3028,2432,1001,-1402,-3168,1668,-13451,7758,-5732
1244,-601,263,-2625,2764,1360,-6170,-4166,7852,-13692,9619,-1796
16,-575,929,-1802,1658,2156,-4308,-2068,6258,-12308,13511,-1036
54,551,1073,-1846,-29,3328,-7324,-1224,11088,-5668,4475,4527
788,221,1229,-3367,2734,3315,-5148,210,6908,-2305,930,8497
878,-91,685,-5089,5957,2924,-908,-6726,3564,222,-6591,13280
72,-387,209,-3535,6802,2632,4798,-2234,6220,3037,-2754,10657
-588,-941,1467,-1313,4344,3278,5448,-2912,4784,4308,-4373,6551
-82,-105,977,-1211,2792,3572,7072,-1904,3568,6113,-1127,3349
920,-911,679,-1402,2021,2508,7074,-1588,300,4831,4,1172
2068,521,-513,-1710,1118,-424,7800,-490,-808,4665,415,-391
2390,1175,-89,-1471,3719,-2990,7564,766,-3518,4073,2081,-1411
2230,645,-349,-2065,5044,-3608,6642,884,-3334,3124,3937,-2279
2094,493,-525,-2390,4125,-2156,5378,-1302,-3428,3272,4440,-2802
2094,591,-1141,-3131,3758,-544,4694,-560,-6806,-1611,5621,-4679
2444,-53,-313,-3458,5350,1240,2106,-2622,-4732,-6812,8736,-5275
2808,1,135,-4547,5262,2088,-1198,-5296,-636,-11124,6902,-3357
1258,905,2503,-3143,5113,2961,-3556,-3876,4082,-12911,9140,-3468
340,2597,2819,-3005,2088,3857,-5194,-1202,5362,-11847,11487,-4082
2298,2231,2267,-3653,3708,3982,-6100,-4412,878,-18123,13127,-1888
1088,1075,2203,-4142,3249,3163,-9072,-6418,10672,-10090,5257,2625
1824,-151,2055,-3342,2904,1691,-5090,-2886,8126,-5240,8091,7373
2152,-347,1399,-3437,2731,967,-3692,-892,1196,-6537,8431,12339
2102,-489,889,-3363,3826,929,-618,-2248,3946,-2349,405,11501
2086,-121,1451,-2302,3525,723,2824,-2460,3576,1388,-2377,10731
2562,-229,1999,-3030,7815,-109,5914,-2166,3694,3407,-2800,7679
1122,53,1255,-2770,8152,-1195,4708,-2060,2816,4962,-1565,4600
592,569,353,-2048,6657,-994,4810,-434,1924,5190,-1202,1598
1002,-1423,-51,-1566,4904,429,5318,-332,1936,3022,-839,886
934,-79,-173,-1788,3203,1269,5342,-698,-256,2280,2032,622
1010,61,-421,-1260,3159,1168,5810,-476,-906,1274,2166,-365
788,15,-345,-681,2156,1170,6798,976,-2258,692,1713,-2193
1554,41,-215,-1197,3040,1224,6332,-98,-574,872,641,-3478
1254,-77,-365,-2054,4646,1028,5936,-1038,-1330,2676,-4000,-5515
1580,-453,-447,-1851,4511,734,3092,-2440,-3766,-3854,-2288,-7147
2652,-1515,259,-1923,3595,224,-2622,-4896,336,-12730,2217,-3038
1158,1587,817,-489,2428,572,-3008,-4464,-1452,-17787,3850,-677
104,2751,1687,573,103,2633,-4944,-5318,9288,-13381,11933,1651
-7792,-7075,587,-11648,514,3010,-6222,-1332,5434,-10505,12394,3269
-7760,-1305,-341,-8048,522,0,-5176,-986,11662,-7865,9212,5382
-7756,-4507,227,-9016,198,64,-5590,-3674,4682,-9171,5044,8521
-2672,-6627,693,-5504,773,322,-1488,-6134,5692,-3958,-3372,11139
1040,-4835,-517,-2032,192,4,3302,-4570,6048,-127,1264,10331
530,-5069,-85,1600,1103,0,2978,-4478,4098,2158,1003,9826
1510,857,789,-3027,6971,-818,4856,-3148,3192,4849,-3237,8288
1906,897,939,-3228,7858,-447,7398,-1138,3376,3974,-1259,5116
1944,-1615,295,-2647,5066,204,6592,-2126,1122,4634,295,3864
5648,-2243,-447,4120,545,1,8076,-1032,354,4520,625,2086
5012,-6575,-2001,4482,1154,148,8112,1310,-896,4507,3381,144
1504,719,-1611,-3254,5728,-137,7196,1728,-1766,4749,4037,-1034
2084,-41,-1335,-3043,5702,-62,6316,-452,-2690,2662,6257,-3150
4498,-2959,-4429,2,4188,8,5078,-2642,-3770,991,3938,-5786
2456,-2849,-5561,-7712,4098,4,3118,-2686,-5228,-6064,5790,-6855
-1488,-411,-85,-12732,4169,9,-1222,-6816,-2500,-12778,4678,-2883
1926,2109,687,-3783,6098,874,-4090,-6704,220,-14543,7458,-2036
190,2759,1039,-1903,3547,2387,-7400,-2198,8074,-12899,12115,-2484
1136,2443,1533,-2208,2690,2991,-10718,-1890,10354,-11868,11617,-1605
794,1171,1193,-2223,4288,2974,-10900,-4050,12786,-9302,3235,4566
1398,-423,1329,-2309,4431,2410,-6992,-3330,2564,-6866,-1438,11978
1884,-1397,735,-2734,5121,1172,-892,-5164,7498,-4219,-2746,13730
1732,-1283,471,-2692,5721,265,3792,-4218,6086,619,4326,13973
1298,283,-31,-3574,6344,-33,5638,-3950,4686,348,5182,12361
928,-471,-67,-2880,5974,-17,4622,-5260,2902,2093,-401,9778
998,479,-389,-2654,4921,-129,9094,-4352,4550,4126,-3754,7508
1622,403,-341,-2106,5542,-1441,9696,-2370,3260,7016,4146,3963
1160,481,-703,-1763,4116,-309,8850,-1364,1072,5543,2475,1069
1690,215,-257,-2101,3880,683,9024,228,130,4718,1439,-1177
1618,429,-581,-2485,4386,1107,7898,176,-860,3264,2416,-1921
1684,341,-593,-2605,4646,1134,6826,-730,-1080,2365,1747,-3602
1708,575,-867,-2999,4085,967,6036,-1804,-578,457,3109,-5179
1328,869,-559,-2821,2700,1132,4794,-1088,-2694,-2741,3307,-7002
1616,1623,-713,-2055,1130,1337,2376,-2238,-1282,-6750,945,-7130
1280,609,501,-463,286,2023,-1944,-2770,1780,-9690,2595,-8893
1900,1623,1483,-916,286,1048,-4930,-2816,4956,-9340,1831,-6597
2778,553,1269,-2158,4989,495,-6876,-4068,5224,-8147,-2843,951
2100,235,1531,-2651,4992,1263,-5510,-2334,5070,-6187,-1448,7798
1976,-111,1857,-3080,4905,1785,-728,-3884,8294,-7288,2411,9122
1848,-207,1777,-3957,6130,1178,2646,-3708,8656,-1379,9004,10397
1480,-527,1205,-4341,7038,522,1902,-3792,7756,1397,10915,9973
922,487,733,-4258,7344,135,2786,-3446,5258,2806,6171,9619
782,259,297,-3675,7675,400,3720,-1230,3800,5075,5028,7046
1152,-2605,-255,-2500,5215,1397,4316,-1764,1396,5766,2248,5138
570,-585,-53,-729,406,1394,7126,-594,-116,6189,-958,2135
1518,1655,-245,-1057,901,-209,7252,2066,-2790,1052,5751,-1469
1374,1283,25,-1232,2883,-691,6384,-702,-530,1228,2935,-3681
2464,-365,-381,-1107,1536,-194,4942,-2524,-1514,-706,736,-5141
2968,-3043,-431,-7680,48,176,2316,-2618,-3268,-7148,310,-6067
-2670,-6369,347,-7360,768,-7166,-2376,-4252,-1074,-7542,867,-6810
1518,4791,687,-1576,3583,-1246,-8146,-6318,944,-9763,3944,-2238
-368,1803,1713,1366,-326,605,-7798,-3236,2550,-11932,4711,101
2220,2007,2335,885,-2865,1761,-8144,-1634,5664,-13577,5286,2703
2080,59,2511,-1346,1857,2690,-5476,-3502,7060,-17158,2593,6554
1354,-185,2811,-2962,4846,1938,-6492,-4974,13664,-13004,5841,9093
2202,-739,2693,-4102,6526,891,3174,-3794,6362,-7210,10781,12159
2590,-513,1553,-5070,7940,14,-704,-5656,3106,-4290,6558,12143
1770,-593,839,-4602,7555,-113,774,-3326,7294,516,-869,11444
1284,595,161,-3966,6446,558,1588,-3368,5578,4571,-3735,9848
1276,937,-429,-4290,5705,769,5714,-1696,3176,6617,-4680,7490
1726,-1211,-431,-2797,6528,394,4448,-1218,2382,5313,-1405,4188
1264,383,-1007,-2295,3866,545,6564,-874,1206,4666,587,1745
1046,495,-951,-2295,5823,1258,6812,-472,430,3131,1949,1355
990,-7,-1267,-2214,6236,1931,7324,484,-1354,1764,725,86
740,743,-1089,-2328,5692,2539,7392,-546,-974,1191,209,-1772
846,515,-1209,-2988,5964,2380,6346,-1222,-1648,1189,3119,-3990
1280,-7,-1181,-3295,6249,1763,5452,-1886,-2920,-1884,3939,-4591
1442,-57,-943,-3260,4910,989,2120,-3716,-3628,-4985,5224,-5746
1780,331,-697,-3462,3535,1081,-1246,-5050,-924,-9844,6434,-2685
552,3607,121,-2669,3417,2398,-5142,-3760,2070,-11207,5981,-2179
-208,3305,1173,-1598,2485,3016,-9296,-1930,6512,-11786,6413,-487
1890,1061,1197,-1568,4904,2033,-5750,-836,11494,-9542,8827,2856
1570,-347,1621,-1519,4724,1139,-8618,-5092,10880,-8197,1576,10544
2022,-423,1545,-2449,5343,727,-902,-5194,5914,-3591,4579,13004
1860,-719,1215,-2850,5826,189,1930,-4960,7388,339,630,13587
1582,-125,691,-2749,4993,199,5360,-3832,4704,1937,1247,12353
2248,-1159,283,-2665,4901,-270,6462,-3876,4006,4072,1161,9918
1596,809,135,-2434,4681,-498,9686,-2634,426,7724,-1347,7478
1334,1969,-469,-3160,4973,-774,9836,-380,810,7237,-358,4512
1634,731,-413,-2746,5992,-617,9806,-538,-1664,6422,1077,-716
1682,1163,-1575,-1397,6167,-473,8164,-508,-3464,2228,3041,-4520
2644,1017,-713,-2769,7361,189,6100,-1888,-2770,-1484,2768,-6482
2586,553,-979,-4010,6373,407,3402,-1902,-2898,-5875,4219,-7083
-1390,-4675,-595,-8167,4112,12,216,-3606,-1536,-8165,4531,-5015
2828,-379,-387,-4289,5124,1133,-3758,-5900,1136,-9323,5515,-1054
1972,1833,-583,-3279,4579,1611,-2108,-3342,248,-10984,10316,329
404,1113,-613,-677,1585,3652,-4142,-3616,5350,-11855,7878,798
566,2085,343,-477,-441,4019,-5236,-2766,8594,-11982,10762,238
662,747,1823,184,2804,3415,-7088,-3618,12212,-10780,6402,3144
90,293,1965,-749,874,2889,-4992,-3338,11298,-7574,2157,7612
1770,-567,1845,-3157,5671,1915,-4612,-5804,6458,-3748,-608,12989
1292,183,1261,-4012,7733,36,714,-4388,7136,3170,-1886,16242
1734,873,507,-3428,7957,-1517,5940,-1484,5714,3234,3137,14917
1420,2243,195,-2575,7668,-1687,7078,-1722,6148,2473,4265,10332
3568,-2465,-423,-2081,7095,-1173,6322,-3554,5774,5754,-4407,6284
2040,-109,937,479,2658,-188,8040,-3160,4666,6102,-4844,3486
2596,929,-543,-3050,6301,132,8210,-2742,1320,6075,-408,2245
780,663,-1403,-3937,10714,626,9608,-1818,-1466,7239,2701,-360
266,669,-1593,-2438,4452,1695,9482,-604,-3934,4470,4872,-2391
1808,387,-967,-2463,4316,1150,8060,-1178,-3246,2054,4531,-4237
1802,97,-1249,-2820,5474,871,6218,-994,-4544,-1300,6233,-5820
1730,-193,-1309,-2900,4386,825,4748,-1958,-3774,-5844,8770,-6355
2294,551,-1213,-3436,3896,667,2596,-4764,-2588,-8573,5426,-4995
2494,535,-435,-3972,5356,546,-642,-5528,-238,-11370,7483,-1573
1960,1219,-359,-3046,4462,391,-2134,-5398,592,-11173,7590,150
2282,4215,-157,-958,3001,1343,-4724,-4556,4468,-10635,12346,-493
1436,1203,2909,632,-79,2692,-10380,-4020,11522,-9151,14776,-351
-940,-929,1611,-5924,13350,2894,-10368,-2846,14562,-5978,5424,4514
-912,-271,1387,-275,-2440,1267,-6814,-1974,13952,-2161,-1156,8523
2950,9,1365,-1605,-543,444,-2074,-2170,5152,2029,-3695,11605
3350,-1481,-351,-4090,5020,-929,1704,-4746,2222,2541,-7128,9983
3244,-2729,-891,-4043,8038,-2092,5450,-4986,1732,5358,-5690,8678
2750,-2333,-1105,-2517,7335,-1993,8326,-3326,-958,7156,-5212,5968
-880,3769,29,-913,3332,-117,8506,-1350,-3352,7954,5692,1957
1034,4051,751,-1872,6311,-2,9234,996,-2236,4673,4294,-628
962,499,-589,-2870,7428,976,8136,1048,-2640,1466,3967,-3511
1212,-301,-1215,-2701,5393,1698,5934,-454,-3328,-2989,4918,-6173
2036,403,-1247,-3982,5934,1064,3706,-1874,-3200,-6764,4761,-6825
2028,215,-1629,-4374,6268,1319,292,-5046,-1688,-11116,3944,-3245
2482,-315,-1381,-3815,3296,624,-3090,-7900,2092,-11735,7810,2066
2418,-1025,-223,-3921,2792,692,-1764,-5648,2946,-10663,9497,4254
278,4185,287,-2094,1656,1492,-3896,-3268,12288,-7162,10277,5957
-1566,2997,1523,-20,-1066,3087,-4504,-186,15908,-6347,11265,6317
1710,2723,2749,-1380,2885,2173,-5674,220,10498,-4569,6586,7746
696,643,1425,-1800,4750,1681,-1008,-1794,8788,-4845,-871,10766
2280,-363,1067,-2372,5704,1212,2286,-2560,5226,-793,-165,11957
1930,-1391,1019,-2269,6048,505,5340,-3338,3966,2687,-445,9370
1962,-647,779,-1624,5250,-161,6284,-3520,2130,5922,-5657,6987
2064,-291,347,-1240,4930,-780,7360,-2942,2060,6156,-6072,3953
972,-693,1451,-230,2177,213,9022,-2078,1044,6627,-776,407
2774,1909,253,-1679,1518,463,8320,-2638,824,3906,4714,941
290,3033,-611,-3931,9847,-1240,9234,-296,-1076,4512,1559,-2287
1312,-579,-1587,-2297,4676,78,8882,1676,-2036,2179,117,-4365
2068,-1283,-1009,-1761,2808,1330,6688,-932,-2036,-295,2057,-6659
1942,455,-1153,-2898,4758,811,4744,-1286,-3124,-2901,3736,-7211
1442,205,-1073,-2827,5311,1311,2400,-2502,-2546,-6206,5828,-6053
1580,651,-1325,-2030,2718,1660,462,-3782,-726,-10761,4821,-2883
1608,73,-831,-1737,454,2267,-2406,-5280,3038,-12893,1735,1383
-3052,-6867,8907,-11731,6496,163,-2608,-5328,9380,-11628,6805,5705
1102,347,645,-64,-948,3145,-4274,-5420,14952,-7376,6946,10271
1986,3313,1391,-579,866,1738,-6550,-2336,12264,-2427,6427,13054
944,-6737,-13,-1016,1603,564,1844,-2444,12636,-790,-6481,16049
6800,-7121,43,4096,610,13445,8390,-4774,8660,5454,-1986,14792
10640,-2401,1835,8834,1312,8352,11296,-1920,2064,9177,-4526,8854
3880,249,1945,-995,4890,-1080,9564,-2334,-820,8200,-2730,2639
4574,279,1827,-2915,6986,-376,7046,-2054,-778,8618,-498,-1855
2984,425,431,-3354,7408,-117,7128,-1300,-1454,7273,2524,-3925
1676,-393,381,-3017,7558,294,6096,-412,-2334,5324,5854,-5538
1322,-199,353,-2705,6649,458,4684,-164,-2498,3216,6233,-6592
1116,-561,73,-2494,6092,658,4324,-114,-2336,1030,7771,-6435
2010,-391,-119,-2026,3157,460,4058,-1132,-4170,-972,6636,-5408
1060,-7051,-565,-7680,4125,-5088,3076,-1750,-4110,-4607,6696,-5122
1616,2431,-461,-2947,5507,-793,1076,-1854,-2744,-9162,5198,-4489
2066,561,-1403,-2454,5117,-570,-1000,-2656,370,-12118,5078,-4365
-3440,-6083,3723,-16381,5128,2,-3218,-5086,3890,-14394,7699,-1007
2472,-507,-1803,-3071,5964,1355,-4548,-7056,5554,-14212,6906,4118
1434,375,-1081,-2424,4238,2404,-5334,-5392,6934,-12268,4420,10145
1032,253,-69,-2608,3212,2147,-1474,-4846,13926,-7799,3055,14681
1328,585,35,-3117,3154,1912,3102,-4002,12726,-2642,2017,14509
852,379,723,-1775,4893,2199,4716,-3732,10886,212,-387,9920
14,987,1067,-811,1482,1806,4260,-5088,7922,2069,-2570,6774
2114,735,1113,-824,3255,652,5052,-3756,5610,3141,-2833,5625
1952,371,1605,-1222,4539,-866,5886,-3180,2584,6669,-6300,4001
2806,-705,1061,-626,4749,-1484,7604,-1952,2144,7481,-5066,910
3052,-423,355,-273,-279,-89,7634,-1742,738,8535,-1469,256
9232,-5825,187,4619,151,1280,9360,-708,-1728,6754,1268,1156
8592,-755,-453,4616,1,-2044,9890,-44,-2896,6730,1632,-1166
1562,1239,-991,-3464,6624,-1271,8946,294,-3120,5729,5130,-2617
1686,159,-1389,-3812,5842,-596,7718,174,-4336,4113,7344,-5472
1752,-85,-1379,-4255,7904,196,5466,-142,-5392,-185,9518,-7741
1472,-157,-1947,-3300,6240,438,3288,-638,-4050,-5213,8354,-7071
808,75,-1809,-2196,3534,1402,1836,-1470,-3132,-6503,5580,-7548
932,-29,-865,-2428,2423,2297,80,-2560,-1310,-10050,6687,-6884
304,895,-893,-4224,5343,1427,-1740,-3928,-414,-15604,10556,-3198
668,-231,-793,-4499,5901,-49,-7104,-5896,1798,-17005,13233,2539
1566,829,-57,-2329,3744,1066,-6836,-4934,5368,-13513,5168,5247
1386,947,233,-67,-2940,3151,-4822,-4862,11750,-9972,4688,7721
324,649,2667,-5413,12257,1660,-2698,-3246,11768,-6549,108,8980
-1282,-241,1461,-2278,3617,641,370,-2440,10606,-2038,-3617,9283
1216,9,1551,-312,-885,786,2280,-2570,8050,1078,-5401,8826
1804,119,1919,-775,-608,208,3704,-3276,5852,5194,-8282,7469
2646,-603,1809,-1960,2283,-1157,4978,-3652,4432,7974,-10111,6048
2104,-89,1231,-2965,4821,-1854,6930,-3058,1702,7794,-6290,3846
1434,221,859,-2940,5756,-1727,8146,-3322,-368,10385,1245,1929
1606,-1519,475,-2415,5530,-1360,8672,-2892,-2946,9834,4901,553
1452,-1527,43,-1741,3872,-958,8540,-2762,-3830,8373,8469,-922
548,1961,-995,-2883,4691,-595,9024,554,-4774,5391,8372,-1960
624,1555,-843,-3078,5597,-267,8804,2006,-5624,801,5070,-5333
1432,-147,-1173,-2978,4632,165,6574,980,-5174,-6098,5508,-8093
2474,-467,-1239,-3669,4867,434,2662,-2044,-3292,-9588,3355,-8118
1568,557,-795,-4379,5455,1524,-2936,-5486,-1244,-12786,3969,-1280
1148,1995,-93,-5162,5307,1647,-4062,-3174,4650,-11422,6550,6816
1508,1879,-777,-5495,5718,1562,-392,-1302,9466,-9130,11015,8752
1542,533,-535,-4657,5368,2794,1914,-2582,16744,-5455,17426,7125
870,1089,261,-3685,4356,4594,-2252,-2106,5088,-6918,17669,5182
1218,745,219,-2789,3292,4893,-2934,-4468,12560,-6764,11172,4691
1526,243,651,-2893,4732,3682,-4812,-4638,5888,-2454,6760,8154
848,-525,613,-2966,4720,1893,-186,-2852,4732,550,2866,10355
1050,-975,615,-3061,5652,953,3844,-3248,1832,3011,-5945,11114
886,-1191,-7,-2902,5348,328,8250,-2740,1622,6154,-14615,9530
-160,1033,-311,-1531,4016,536,10510,-2702,-72,9757,-15041,5718
1214,-1707,575,-89,2718,593,9920,-1732,368,5061,-5814,542
826,1949,-75,2,1271,-1051,9868,-288,-626,3225,-207,-2351
1316,4425,417,-854,5990,-3107,9938,2492,-1996,1747,2052,-3501
1826,765,-867,-1600,6354,-2144,7876,702,-2144,1398,1874,-5797
5562,-985,-4687,-2671,4608,-8160,6028,-508,-3996,-2870,6702,-8179
3216,-4063,-3653,-8160,6,-9606,3218,-3322,-2766,-4709,5134,-8510
914,-5043,-2517,-13696,6912,-4888,936,-4326,-2254,-10025,7278,-4227
2552,163,-863,-5159,6266,-632,-1950,-6284,496,-11047,9761,-373
1190,1957,-1505,-5869,5430,415,-848,-4352,-284,-11413,12167,-235
-220,2657,-1231,-4495,2753,3444,-4414,-4628,7174,-12148,12803,909
-92,-229,297,-2579,778,5813,-7310,-2768,7820,-10382,12153,386
-170,-265,737,-1907,-1816,6445,-7676,-3496,14258,-5979,7120,4305
110,803,1427,-1509,-678,5453,-6742,-1384,11798,-1401,8860,5604
212,1339,1449,-2326,2847,3670,-2058,6,1056,-2481,1175,8462
654,-99,1493,-1627,3830,610,-924,-3108,1582,-4263,-5685,8067
2348,-2883,897,-1629,4264,-1463,3622,-3606,1344,-955,-8480,11187
2208,-1693,47,-1921,4221,-1827,5446,-4384,4796,2646,-7430,10265
2142,-495,667,-2026,4990,-1390,6972,-4000,2508,5203,-5581,7164
838,3487,737,-1435,2942,-1713,8540,-1482,2602,3831,-732,3256
1864,1119,577,-321,2942,-2719,9184,-1640,624,4378,2562,1407
2512,1053,-49,-1849,4717,-2522,8636,-92,-238,4220,1427,-1729
2432,-585,-43,-2457,5866,-936,8144,968,-1130,4050,1742,-3648
2270,-273,-1457,-4109,-937,-2986,6344,804,-2584,1882,3114,-4442
2234,847,-407,-2417,7068,855,4882,-1156,-2120,83,3416,-4725
1718,-55,-1295,-4636,5696,655,2830,-1838,-3978,-2971,722,-4759
1416,-361,-1377,-3359,3903,716,956,-3552,-3298,-9754,4634,-2678
1188,1269,-589,-2260,1985,1030,-1224,-5192,-1342,-15272,6214,1639
1226,1687,99,-1147,2539,1721,-1980,-4964,5762,-15128,12325,2124
456,455,1463,310,870,3505,-6182,-3716,11734,-8475,15123,416
-10816,-7119,-597,-6098,1024,2594,-8164,-1968,13172,-5632,15267,2881
640,677,1411,-2156,5841,1986,-6968,-1348,6814,-5156,5542,5465
194,-433,715,-2135,4481,1345,-4662,-3498,5276,-3561,-3849,10045
1448,-649,1047,-2292,4114,1149,-190,-4270,5056,-1338,-5122,11916
968,-879,769,-3557,7114,1054,2938,-4304,5482,2093,-1682,10151
414,-653,1287,-4390,9870,991,4428,-4126,5044,4790,-4159,9645
478,-813,-681,-676,1468,131,6642,-4368,4352,7322,-6619,7570
1510,2683,-85,-1406,2270,-1272,8338,-2970,1232,9126,2542,4559
1544,1111,-803,-2619,4274,-2437,9178,-1316,-2116,7337,5213,4273
1530,-381,-1165,-3075,4930,-2252,9680,412,-3462,5065,542,1920
1328,-945,-1607,-1969,3188,-990,9792,-1446,-1986,3208,186,966
1328,377,-1469,-1739,1264,-600,9400,-2624,-2958,2772,1784,-2312
1952,9,-657,-2060,4749,455,9178,-550,-5854,-2259,5627,-5713
1540,611,-953,-3066,3862,199,5962,-1632,-3190,-5501,6276,-7727
1458,-4803,-427,-3194,3702,-962,1732,-3686,-2006,-7747,6397,-7630
-762,3165,595,-2604,4960,-1284,-4408,-5726,1352,-9930,8879,-7813
-1560,3277,1367,-627,2736,1055,-7802,-1330,4044,-11086,10627,-3482
-70,195,1595,-1668,3557,2265,-5432,1468,8288,-9618,6831,462
1212,-881,2907,-5869,10134,1383,-7532,-2884,8250,-8912,5848,5807
-756,-1771,611,-5008,6898,998,-2448,-3668,6908,-5496,142,10777
172,-273,589,-3496,3497,805,480,-4342,7892,-755,777,12262
128,-383,11,-3212,3065,378,3228,-3054,7090,1956,1163,10880
936,-605,-355,-2333,2930,-335,5352,-3344,5728,2185,-3924,7371
1228,-947,-683,-2715,3700,-572,8902,-2950,4038,5811,-5881,4425
1274,-1031,-921,-1847,2841,-853,9290,-2402,2220,4062,791,2594
668,1159,-855,-2035,1731,-540,8888,-2380,-348,4037,1683,1380
1556,189,-1195,-2126,3586,-722,9504,-1730,-1644,5019,1534,853
982,325,-793,-2381,5900,183,9832,-222,-2994,5056,4212,-501
1096,291,-1505,-3317,3913,252,7814,-912,-3136,3522,5737,-2097
1522,-321,-891,-3848,3836,500,6412,-2682,-2780,1292,7986,-4716
898,149,-775,-4116,3544,758,4958,-1668,-4560,-4265,9251,-6732
362,1299,-161,-4818,3087,1650,878,-3506,-1534,-10603,8735,-7548
1564,535,89,-3963,5347,1867,-4930,-5076,2656,-14054,9520,-7230
996,-313,1075,-3004,3161,1243,-9122,-5348,3698,-12942,9051,-5554
576,171,763,-1296,1146,1421,-7584,-3300,9262,-9882,6200,1008
814,-743,1565,-3267,3879,1640,-7880,-2614,5392,-12497,7340,5401
970,-557,1765,-4006,5323,1628,-3782,-2734,3676,-10904,6440,6539
1270,-737,1555,-4080,5063,1095,-4184,-6804,7706,-7135,-2449,12639
1338,-441,1013,-4162,6614,-69,-122,-4416,7938,1368,-2732,13004
1160,-487,59,-4072,6814,-556,3660,-4110,7556,6156,-9303,10292
-102,729,-547,-3185,5635,209,7282,-3640,5160,6687,-10409,4632
-184,-245,-487,-1456,3561,1714,6832,-3458,3536,6512,-6054,-4
492,-1463,-149,197,214,1836,6782,-2842,1506,4864,-434,-1804
316,1073,-377,-499,410,1131,6966,-1512,-380,4669,1783,-3159
1214,929,-565,-1822,3740,-165,7782,2750,-1712,3665,7171,-2306
1000,283,-1435,-3070,4925,-902,5462,2576,-2854,1874,7633,-3085
1530,-843,-1799,-3636,5136,-725,3520,542,-2572,493,5792,-2375
1590,-565,-1537,-4011,6216,-47,3326,-496,-4580,-3803,8423,-3622
1468,-709,-1079,-4334,5489,477,732,-2670,-3688,-8719,7407,-1710
560,1495,-537,-4229,5621,786,-1188,-3530,-2228,-15449,7678,-1486
756,1665,-1003,-2287,6168,1905,-4330,-6666,4548,-17021,10165,-3258
-380,1449,827,-338,2002,3614,-9680,-10772,9598,-13749,5065,3210
3660,1621,1369,-2074,3704,3221,-6548,-6638,13478,-6023,4172,7365
-626,-739,1623,-4878,8739,1686,-2600,-4068,8296,-4073,3981,8495
368,-295,1045,-2922,3129,1254,-1374,-4246,6288,-809,-4611,11432
1660,-1203,75,-2751,568,925,1188,-3986,6882,2551,-2517,10216
1630,-1011,-801,-3879,3737,658,3508,-4164,4946,4586,-5670,9090
518,1125,-941,-3721,5533,431,7028,-2990,3976,3154,-3328,7738
158,335,239,-970,4424,-512,7104,-3818,4324,4589,-1758,6060
646,945,-359,-809,4171,-808,9560,-2764,2276,5908,724,4027
1220,983,-67,-1053,4480,-1229,10094,-1262,1066,5982,3596,1987
804,-55,-439,-1656,4946,-579,9652,-238,-1584,6444,4861,389
1118,95,-515,-2497,4729,-282,7706,676,-2658,4639,2617,-961
1108,-325,-929,-3229,4685,-515,7664,-280,-454,3945,2350,-2461
1176,-205,-1297,-3804,4167,-992,5778,-934,-2650,2287,1852,-4646
894,381,-1377,-3311,3134,-875,4804,80,-3480,-4861,7838,-5957
548,-2529,-853,-7599,0,-4224,1738,-2156,-260,-7647,4692,-4166
1934,-1729,29,-3399,1663,24,-326,-2254,2946,-6783,4327,-4609
1606,881,1003,-4934,6290,118,-2228,-1300,3030,-8377,5911,-4749
-1032,1275,1427,-3584,7880,1036,-5906,-2176,5672,-7199,7905,-1012
-270,23,625,-1716,4688,1220,-5282,-740,4396,-7512,7970,2110
932,-253,639,-1104,1507,883,-2892,-768,8992,-6852,10249,5452
1364,-1187,307,-3285,3788,1040,-3120,-1752,5950,-5182,7017,8577
1080,-1549,895,-4572,5847,1721,-1682,-5630,-138,-6420,665,10721
-400,127,727,-5254,7179,2384,3566,-3980,5672,-1099,110,9297
-860,2113,647,-3668,6432,623,3178,-2634,4260,2191,3574,9288
400,-719,243,-2440,4839,-1114,5944,-1362,3770,3493,966,8209
1038,-731,-693,-2492,5131,-2356,7436,-1938,2452,2902,484,5732
1270,-199,-1075,-3007,4925,-3364,7932,-1356,1098,4557,1675,4300
726,397,-1275,-3451,5978,-3010,9110,884,-190,3768,3357,2207
818,-39,-1445,-4219,6003,-1806,8040,306,-972,1725,4329,199
818,-281,-1629,-4712,3983,-973,7104,-322,-1638,1394,2392,-1788
868,147,-1443,-4576,4264,-81,6142,-808,-1160,505,3073,-3285
946,-185,-1335,-4714,3910,920,5128,-1528,-742,-1110,4966,-4810
644,19,-1725,-4907,3595,2178,3332,-1312,-1526,-3758,5916,-5353
14,43,-2287,-4539,1871,3679,500,-1750,260,-7045,4951,-4162
96,265,-1347,-3763,954,4678,-1232,-1840,1268,-8548,4163,-2436
-318,1643,-439,-3712,2434,4519,-2774,-4006,2664,-8605,4686,-1053
170,-675,559,-2016,2183,3086,-672,-2948,5744,-9362,7430,297
-298,287,1529,-1494,698,1755,-6224,-3802,8176,-7808,3002,2348
-112,-155,1937,-1172,284,1217,-3592,-3666,11182,-7496,1245,3364
-60,-271,2039,-1668,249,2069,-3702,-3284,8430,-3386,1391,6660
832,-515,2237,-2580,1833,1956,-232,-1512,7612,-1066,4828,8147
1084,-157,1689,-2907,3509,477,988,-1108,4080,1500,3448,9572
1604,-207,1613,-3080,6069,-1670,2470,-1536,2646,3575,-1804,9743
1564,-411,1185,-2732,7362,-2764,6390,-2436,1874,5280,-6599,7662
1228,165,707,-2470,7580,-2241,6592,-3066,504,6738,249,3747
204,755,213,-2155,6967,-1130,8428,-1360,-306,6479,1798,2490
1024,-1281,-223,-2169,4541,-225,8260,-1052,-752,4587,2168,379
612,-695,7,-3057,2574,-215,8772,-1136,-1132,3512,5947,-2368
926,1129,-297,-3441,3018,-915,7136,636,-2506,1380,6075,-4928
910,171,-811,-3849,5558,-785,5412,952,-3070,-950,6297,-6838
978,-171,-1347,-4098,4150,229,3340,-1104,-2220,-4019,6897,-7511
1116,-197,-1317,-4542,3736,1016,1818,-2342,-1842,-7221,3427,-5842
756,-429,-1263,-4489,3370,1915,-1288,-4114,-800,-8749,3294,-4379
422,-181,-981,-4425,2407,2925,-3548,-5984,2826,-8251,5722,-630
80,1563,-627,-4469,3162,3071,-3482,-4976,2032,-10028,5180,2633
186,1357,815,-3206,3985,2382,-4764,-3926,5990,-12885,6101,3908
-288,-447,1263,-2086,1895,2670,-7230,-4222,9886,-10556,7717,5059
1450,-615,1465,-2269,1045,2465,-6432,-4238,10360,-8162,4445,9731
1104,-327,1511,-3410,3412,1643,-3224,-3930,7594,-6615,3260,11928
550,-851,2029,-2673,3347,1135,-70,-3994,6712,-3430,-362,12685
1108,-359,2111,-2167,3048,291,4002,-2898,5568,-514,-856,11490
1420,-163,2183,-2646,5407,70,4174,-2614,4692,1583,-430,9603
1404,-453,2057,-2753,6653,-153,3930,-3316,4400,4743,-4508,8035
1290,-317,1219,-2504,6301,-227,6136,-3108,2208,8055,-10269,6739
816,489,531,-2155,5588,151,8706,-2672,1266,10862,-7460,3427
606,-103,183,-1868,4516,812,9046,-1904,-2154,8121,907,56
1310,-1795,-491,-1367,2457,684,8384,-1630,-2836,6496,4009,-1201
704,1383,-759,-2038,2171,361,10926,-380,-4000,4896,5568,-4396
1194,1313,-645,-2640,4412,421,8214,-324,-4770,213,4544,-8459
1202,77,-1311,-2168,5649,457,4768,-322,-3088,-6906,7751,-12086
1748,-807,-1057,-2266,4829,645,-1532,-2806,1208,-8038,5584,-9058
1934,-1365,-933,-2689,4820,549,-1536,-4348,30,-9577,7992,-2100
648,1233,-1021,-3303,4362,138,-1266,-3088,1966,-8299,5259,1029
-372,2223,-1775,-4099,3579,1126,-154,-246,4112,-9072,8236,2714
132,287,-1133,-3252,1528,2790,-886,-2762,6342,-11782,6728,5788
138,1173,-5,-1840,1356,2386,-3196,-4328,7846,-10778,9008,6025
38,829,869,-408,1656,1755,-2920,-3192,11394,-6297,4352,6452
746,211,1445,-505,1399,765,-1952,-1974,11762,-2096,5573,7502
1238,-245,1851,-1235,3929,177,640,-798,6048,-819,1475,8349
656,-397,1715,-2018,4310,-82,1664,-1866,4036,-327,-2134,8043
1104,147,1211,-2401,4371,-333,3502,-3204,4148,4061,-8278,8755
540,455,721,-3010,4638,-328,6020,-3532,3240,10318,-11230,8351
2068,-2259,209,-3058,4036,-92,10436,-3260,1088,10340,-2259,5974
1068,81,-337,-2739,3014,-661,10434,-2536,-1146,9155,1710,2166
1352,1479,-591,-2732,4078,-1243,11038,-718,-2104,7887,1772,-1029
1266,385,-633,-2236,5083,-1635,9092,-800,-2342,3624,2278,-3197
1438,-181,-933,-2100,3460,-703,7006,-1554,-3074,753,856,-6277
2236,-235,-791,-2749,4091,115,6504,-72,-4782,-5131,4824,-7787
1430,-337,-1349,-3465,3270,490,3266,-2160,-2866,-7153,6852,-7230
888,767,-947,-3321,3538,1174,1196,-3092,-864,-7545,7220,-5743
784,557,-971,-3786,3723,1619,916,-3088,-624,-10013,8670,-3764
422,769,-849,-2441,3088,1590,-642,-4280,3346,-15092,17759,-943
-100,-941,1521,495,997,2710,-5392,-3830,3022,-13594,16717,-4217
16,2029,2147,-265,-1344,3332,-10668,-4142,6456,-5946,14985,-1247
766,-137,2933,-2983,3925,1459,-13136,-3538,1666,-5320,-2428,9040
246,-411,2095,-3996,5284,534,-5554,-2544,4922,-3345,-5581,11513
1228,-147,1303,-4439,4299,-261,-968,-4258,5182,2490,-9080,16027
1278,275,711,-4682,5115,-31,3478,-3140,4630,4257,-7944,14611
924,373,923,-4834,6777,-793,6032,-3152,3898,3764,-6398,12311
1036,-1649,375,-3287,5819,-1537,7132,-3766,2410,5040,-2480,8273
1528,-951,-103,-2716,4063,-1384,9186,-3842,1138,5477,-1279,5451
1208,877,-645,-2358,5801,-803,9906,-816,-1052,3940,4357,2701
752,487,-287,-2355,3727,-594,9656,-472,-1146,3423,2001,520
1128,-219,-641,-2403,3524,319,8782,-868,-1048,2507,3288,-1649
1780,-897,-795,-2839,3195,830,8060,-960,-1088,938,5126,-3451
1516,-561,-775,-2929,3096,1084,7012,-698,-2896,-208,7988,-5203
1412,-281,-493,-3339,3428,1154,5728,-1550,-3584,-1773,7038,-5345
1474,-295,-759,-3807,3688,995,4356,-3150,-3856,-3439,3453,-6757
1230,-815,-53,-2223,3648,846,1556,-4300,-2764,-9330,5309,-9095
-186,373,981,-211,2654,1686,-4394,-4320,2062,-14531,6851,-8472
-246,2151,2529,-612,301,2977,-9826,-4228,5652,-14019,9152,-6330
-254,257,2629,-2280,5214,2558,-7040,-1142,6822,-11006,8159,-2356
82,-1463,1731,-2725,2598,2282,-8438,-3534,8894,-6962,239,5945
498,-1251,1489,-3113,1468,1459,-3424,-3964,7052,-3502,1334,10811
872,-585,1523,-3219,2476,1029,-2102,-3570,2394,-3027,180,12605
1366,-1081,1291,-4071,4565,506,-756,-3882,3262,-2294,-3365,13166
1616,-1359,329,-4637,7035,-290,2340,-3244,4044,-220,-6778,12278
1258,-647,497,-4440,9022,-974,4522,-3768,3156,609,-8333,11085
520,1531,421,-3930,9405,-1404,6434,-4416,3906,3545,-9469,10112
-116,2731,-265,-2970,8587,-1076,9948,-3382,3616,6322,-3831,8858
572,629,-453,-1848,6101,432,11498,-2730,3012,5641,1829,5643
1550,21,-1131,-2658,5455,1254,11016,-2094,1154,6731,3930,1466
2646,-1945,-637,-1687,7219,998,9580,-2788,22,7181,4852,-1563
1746,-87,-1135,-3094,3852,1389,8476,-2706,-1380,4762,8006,-5411
1402,607,-1555,-2911,2239,1360,6882,-2854,-1334,988,8834,-7859
922,1017,-1105,-2729,2210,1763,4404,-2018,-1770,-4699,7577,-9787
1000,667,-1393,-2799,1669,1877,542,-3190,1386,-9739,5226,-8921
1148,-279,-1325,-3239,1786,2634,-1538,-3800,2618,-12148,6379,-5050
-7536,-5571,6703,-12282,2371,472,-3894,-5114,7456,-9087,3006,2246
742,1319,-145,-3312,3185,1579,-2364,-3442,4084,-9822,8822,5004
932,531,623,-2147,2356,1786,-3010,-2984,8508,-7061,5811,6805
1100,-385,1873,-436,1141,1765,-3092,-2212,7686,-6358,7315,5795
844,2023,2033,-494,2831,1636,-3434,-1640,8696,-4870,6769,6491
1104,-1237,3793,-590,2089,997,-4506,-2476,5120,-3505,1576,7141
1280,-725,3497,-2233,3995,40,-1310,-1922,7426,-928,-1625,6960
1928,-1801,2005,-2410,3314,-751,894,-2100,5418,1069,-2291,7104
2022,-549,545,-3460,4900,-1206,1850,-3270,4340,3373,-5459,7664
1442,-155,33,-3395,4741,-1246,4818,-3322,3894,5261,-6350,7054
1394,633,-13,-2127,3118,-1684,5980,-3882,2846,6749,-8381,6150
1016,5371,87,-2482,5392,-2641,10298,-1438,2466,5990,-1480,4463
2050,1461,-409,-2012,7606,-2826,9684,1384,-714,3818,6376,2382
1860,-473,-1037,-2681,4382,-1757,7838,546,-1658,3133,3868,-138
2810,-1757,-1065,-4688,7790,-86,5632,-3664,524,2222,3165,-600
2146,-1151,-1207,-5242,6957,653,5174,-3774,-2042,333,7596,-2768
1880,-1053,-1065,-4946,5780,916,3938,-4378,-3122,-2962,8303,-3335
1482,-539,39,-4509,5018,558,1748,-5932,-1882,-6465,7992,-2997
-508,3675,-493,-5337,4566,1109,-376,-4752,-388,-11731,10575,-2734
-982,2139,191,-2753,3889,2946,-4668,-4890,7728,-13046,10984,-2989
-714,449,1427,-2418,990,4738,-10114,-4346,9834,-11498,14268,-5374
-28,477,977,-3871,3460,4397,-7986,-2764,7072,-10001,6528,-679
402,-211,799,-4385,4910,3051,-10270,-4068,12236,-7455,-180,7612
822,-731,1629,-3789,3063,2225,-6354,-3968,3416,-5712,-1655,14224
2016,-1277,1785,-4155,4606,1292,1086,-4060,6222,-1406,-2608,14154
1894,-1349,905,-4813,7827,-25,3572,-3774,3898,-834,-778,13148
1002,1429,523,-4977,10104,-1179,4414,-4350,4450,1580,-3793,11281
1174,-211,77,-4185,9605,-1126,6632,-3464,3362,3981,-5426,7961
570,-1581,-89,-2621,5003,115,7862,-2878,4380,6932,-4817,6203
1596,455,-617,-2810,3860,360,9820,-1970,2402,7389,-921,2958
722,801,-381,-3067,5879,-92,8138,-478,1860,5105,6343,322
-198,1729,-857,-3816,5580,365,7296,-2,1078,4601,3509,-278
1152,-603,-733,-3441,1821,761,7050,-752,786,3907,3477,-1685
1240,-237,-849,-4003,4880,1605,5840,-1326,-336,1251,6339,-2975
1124,-109,-771,-4247,5425,1457,4144,-1658,-964,-1623,7453,-3648
808,863,-829,-4288,4591,947,2444,-1414,-2000,-5018,7024,-3398
1046,-99,-677,-4156,4821,993,320,-2640,-238,-7546,7050,-1980
398,271,-547,-3071,3874,1214,-906,-4390,174,-9305,8516,-17
-632,361,-113,-342,2938,2525,-2864,-3748,2522,-11722,10915,-693
-1338,2225,1535,-659,1540,4022,-5486,-2438,7990,-11719,13780,-1802
730,-315,2241,-2039,4848,3009,-7942,-1492,5542,-12402,6990,1495
226,-683,1085,-3980,6686,1761,-4672,-3064,11294,-9473,3100,6351
412,-633,783,-4098,7959,891,-4064,-4374,5142,-4758,823,10995
-38,213,437,-3371,7241,533,148,-5320,6208,-1945,266,11948
526,-507,137,-2262,5023,892,716,-5292,5562,779,-639,11712
1134,-767,169,-1946,4121,453,4010,-5328,5264,2721,-6819,10481
1650,135,-687,-2759,4395,-553,8374,-3426,4464,4608,-7144,7743
1254,695,-331,-3117,5252,-1536,9756,-2340,3896,5257,-756,4142
1420,-45,-1125,-2303,3721,-787,8846,-1880,1704,5801,2130,2854
1658,-85,-857,-2266,2579,-258,8424,-1236,350,4954,1569,1255
1302,169,-1013,-4065,2434,-363,8222,-210,84,3044,719,-326
1272,313,-1209,-3380,4465,-325,7840,-536,174,2406,-10,-1521
1380,-389,-1179,-2848,2937,-486,7494,-1682,-248,2723,1953,-3386
690,921,-931,-2789,1009,-337,5830,-1918,-1534,-424,6142,-4951
1682,-119,-219,-1631,1497,1190,2722,-2922,-1560,-4744,2677,-6005
-106,2901,803,-1016,-74,3190,-1430,-3500,420,-10470,5399,-8473
924,435,2093,-59,1708,3174,-4870,-1944,4620,-12378,10995,-7202
864,1557,1721,-999,1574,1856,-9682,-2834,5718,-11278,10522,-3236
1000,161,2413,-2274,4621,1504,-3854,918,8054,-7237,13355,-314
902,-393,1969,-3524,5420,1271,-16504,-7206,-2918,-12951,3616,10203
1150,-981,1129,-4350,7141,654,-2052,-3768,8778,-2871,669,11192
970,-835,607,-4225,8251,-122,540,-2696,5924,-11,5920,11097
922,-793,-75,-3548,7691,-301,1290,-3314,2132,215,690,10777
1506,-3309,-95,-2400,6328,-311,4116,-3736,2402,2983,-6023,8590
932,1131,-673,-3230,4515,-539,7496,-1844,1702,5227,-5558,8062
264,2603,-521,-3388,6844,-933,8790,16,706,4595,-1038,5273
-138,1545,-1181,-2753,4949,-289,7748,1372,410,3732,2125,1956
930,-527,-1231,-1695,1994,130,6950,718,-48,3104,-66,800
2246,-505,-753,-1969,3722,953,5748,-688,280,879,2857,-453
2016,-405,-1107,-3789,3912,248,5464,-1254,-1534,-1115,5481,-2351
1978,-219,-931,-3504,4337,-101,4534,-1784,-2160,-4107,6624,-3070
2186,-807,-793,-3815,2847,105,3142,-2852,-1282,-6852,6431,-2967
1802,-141,-363,-3614,2758,815,1756,-4526,-416,-10269,8168,-3955
998,1033,-37,-1929,1721,2190,-698,-4852,1718,-12222,9005,-5131
-1302,4605,1059,-173,519,4119,-8308,-6194,8516,-12504,14155,-5568
-676,1855,2249,-861,2713,3866,-12974,-3266,6830,-8401,9117,-3246
878,-431,1481,-2689,4252,2764,-9704,-3644,10260,-5180,-2498,8458
1014,-905,1211,-4072,5670,1231,-3652,-4492,5264,-1901,-1754,13407
774,255,561,-4053,6177,-602,922,-5534,4410,2196,431,14336
650,-173,-171,-3027,5952,-1069,3492,-4532,3708,4727,-2971,12667
1942,-2385,67,-1721,4167,-658,4036,-4324,786,2989,-8873,11317
1374,631,-271,-2412,4541,-1222,13024,6,3182,7960,-988,8756
938,1145,-81,-3316,7947,-2089,9648,-262,-370,3806,9824,3946
1120,-317,-889,-3151,6517,-1521,8424,-884,-632,4204,3965,1087
1046,939,-1045,-3191,6557,-627,8400,-596,-886,1903,5538,-1632
1560,-61,-883,-4299,6568,-66,6860,-1038,-2046,-1484,9017,-4597
1114,47,-1099,-4970,5217,39,5514,-1772,-2182,-7085,17836,-6553
852,401,-1047,-5577,5170,25,3020,-3344,-1814,-6538,18286,-8100
698,-163,-1421,-4060,3894,500,-2044,-4344,-3278,-6609,7555,-9462
70,897,-801,-2478,1971,2497,-7898,-5756,778,-10309,5721,-8358
-514,1023,763,-880,938,4445,-11934,-4108,4732,-9996,5681,-3721
-740,429,1319,-1120,1267,5303,-6892,-5024,690,-10691,7630,-70
-384,-357,1129,-1917,144,3423,-9100,-5858,1390,-7000,-940,8523
-1184,-1771,2105,-4276,6988,666,-4912,-5596,3702,-5679,-892,10962
118,-1629,1965,-1902,-929,-2003,-1926,-4914,2334,-4071,-3116,12945
1752,-1019,1031,-2963,2484,-3525,274,-5328,2314,-1181,-8075,12621
-372,2135,1089,-3979,6703,-3295,6742,-3426,4306,3837,-12453,11087
622,-993,941,-3107,7482,-3059,8562,-2430,3244,4737,4496,6362
840,-2157,121,-2616,5517,-2023,9056,-2132,1614,6421,-1935,3717
-256,571,-633,-1493,5012,132,9624,-296,576,4536,3816,171
538,-245,-293,-2845,4105,2975,7610,762,-410,2340,3958,-5193
872,-815,-717,-4542,3065,2483,5162,-508,1066,-1187,6100,-5029
1064,339,-981,-5345,3712,1956,3332,-1136,-1476,-2928,4442,-5588
896,53,-1617,-6160,5234,1487,296,-3332,-1684,-7952,7221,-3870
-310,1559,-1773,-4445,3197,2641,-1198,-4896,-290,-11795,8855,226
472,-2307,115,-299,-385,4173,-932,-3150,4986,-12426,11944,-1047
94,1085,1247,45,-703,4207,-8898,-3662,7230,-9961,10364,-1577
2284,595,1585,-1607,3620,3217,-11772,-3720,9778,-5733,5056,4419
1064,379,2341,-3254,6592,2479,-7776,-3706,3150,-5766,-1218,11259
976,-5,2269,-2988,6827,1566,-1494,-3922,5284,-642,-8285,16619
1560,-833,1423,-3754,6831,733,5808,-3388,5130,2328,-5753,14817
1486,-537,657,-4021,7695,-465,8198,-4722,2394,2069,-5147,10719
1998,-2859,-515,-3650,7352,-533,9206,-4036,1268,5061,-3121,5004
1156,-415,-885,-2557,5566,-117,10444,-4752,1356,5576,-2765,3091
80,2417,-1003,-3625,4578,-192,11584,-1840,-446,5125,4453,-664
522,1949,-1173,-1669,4914,-905,10208,-1020,174,4448,6787,-2728
496,1807,-451,-1617,4795,-960,7642,412,-698,4613,3859,-5053
1278,307,-1425,-2592,3680,-1320,6288,128,-438,1799,5242,-6200
1588,-97,-939,-2901,6678,147,4902,-798,-1390,-258,6368,-7407
1226,-91,-1233,-3952,6351,669,3520,-1932,-1812,-3236,3363,-5401
988,-499,-1277,-3928,5404,1164,-402,-3938,-460,-4513,-1099,-6868
724,-67,-915,-4491,4709,2074,-2494,-3794,1276,-9404,803,-3851
922,-157,-1425,-4805,4522,2967,988,-2034,1508,-15302,8875,27
238,1047,-1131,-4160,4213,3566,-3972,-5430,7932,-15209,8199,4027
818,317,-415,-3231,4295,3892,1836,-1822,12860,-9482,18796,1769
390,779,843,-1831,2494,3744,-10292,-6582,954,-9500,15041,6971
866,1581,1083,-1767,4242,2556,-7530,-4534,11688,-3904,4314,7110
1090,965,1673,-2298,5298,1342,-6312,-3586,6866,-1761,1363,11578
918,-93,1605,-2741,5205,1301,-2926,-4354,5068,3111,-5796,15089
548,-45,1497,-2646,5034,1076,6884,-1580,3064,3513,-8993,10788
1032,-933,835,-2311,4251,94,6522,-3030,1578,3603,-1343,6344
1548,-1237,395,-2112,4298,-793,6124,-2888,872,4059,-4341,3191
1772,-515,69,-1641,3202,-1669,7784,-2172,46,4542,-1392,1639
1732,1849,-395,-2284,4281,-2035,8694,-584,-480,3578,921,962
1306,1921,-263,-2705,4886,-2595,8270,-2,-746,3206,2694,2
1190,1087,-601,-2295,5130,-2188,7596,552,-1054,2964,3568,-771
2472,-1443,-381,-706,5683,-1663,7238,710,-1580,1908,5189,-1530
1832,-331,-775,-3287,3855,-1609,6772,-280,-1820,796,4751,-2686
1114,449,-1259,-3571,5061,-1089,6028,-1054,-2332,-784,4523,-4294